{"type":"FeatureCollection","crs":{"type":"name","properties":{"name":"EPSG:4674"}},"features":[{"type":"Feature","id":1,"geometry":{"type":"Polygon","coordinates":[[[-73.7905,-42.4558],[-73.7916,-42.4552],[-73.7921,-42.4545],[-73.7958,-42.4561],[-73.7954,-42.4568],[-73.7955,-42.457],[-73.7949,-42.4579],[-73.7942,-42.4576],[-73.7949,-42.4579],[-73.7946,-42.4583],[-73.7944,-42.4588],[-73.7946,-42.459],[-73.7941,-42.4605],[-73.7938,-42.4607],[-73.7916,-42.4594],[-73.7927,-42.4586],[-73.793,-42.4586],[-73.791,-42.4583],[-73.7905,-42.4572],[-73.7897,-42.4569],[-73.7887,-42.458],[-73.7882,-42.4577],[-73.7895,-42.4563],[-73.7894,-42.4561],[-73.7877,-42.4557],[-73.7874,-42.456],[-73.7873,-42.4573],[-73.785,-42.4563],[-73.7854,-42.4558],[-73.7857,-42.4559],[-73.7861,-42.4558],[-73.7868,-42.4555],[-73.7874,-42.455],[-73.7887,-42.4551],[-73.7897,-42.4559],[-73.7902,-42.456],[-73.7905,-42.4558]]]},"properties":{"OID":1,"MANZENT":10201011001000,"n_per":350,"n_hombres":156,"n_mujeres":194,"n_edad_0_5":31,"n_edad_6_1":71,"n_edad_14_":21,"n_edad_18_":27,"n_edad_25_":148,"n_edad_45_":33,"n_edad_60_":19,"n_transpor":48,"n_transp_1":70,"n_transp_2":10,"n_transp_3":0,"n_transp_4":0,"n_transp_5":1,"n_transp_6":13,"dim_acc":0,"dim_soc":0}},{"type":"Feature","id":2,"geometry":{"type":"Polygon","coordinates":[[[-73.7875,-42.456],[-73.7877,-42.4557],[-73.7882,-42.4559],[-73.7876,-42.4566],[-73.7874,-42.4566],[-73.7875,-42.456]]]},"properties":{"OID":2,"MANZENT":10201011001000,"n_per":21,"n_hombres":9,"n_mujeres":12,"n_edad_0_5":1,"n_edad_6_1":2,"n_edad_14_":1,"n_edad_18_":4,"n_edad_25_":6,"n_edad_45_":6,"n_edad_60_":1,"n_transpor":0,"n_transp_1":3,"n_transp_2":0,"n_transp_3":0,"n_transp_4":0,"n_transp_5":0,"n_transp_6":5,"dim_acc":0,"dim_soc":0}},{"type":"Feature","id":3,"geometry":{"type":"Polygon","coordinates":[[[-73.788,-42.4562],[-73.7883,-42.4559],[-73.7887,-42.456],[-73.7886,-42.4561],[-73.7893,-42.4565],[-73.7891,-42.4567],[-73.788,-42.4562]]]},"properties":{"OID":3,"MANZENT":10201011001000,"n_per":59,"n_hombres":20,"n_mujeres":39,"n_edad_0_5":7,"n_edad_6_1":12,"n_edad_14_":6,"n_edad_18_":4,"n_edad_25_":22,"n_edad_45_":5,"n_edad_60_":3,"n_transpor":7,"n_transp_1":9,"n_transp_2":0,"n_transp_3":0,"n_transp_4":0,"n_transp_5":0,"n_transp_6":2,"dim_acc":0,"dim_soc":0}},{"type":"Feature","id":4,"geometry":{"type":"Polygon","coordinates":[[[-73.795,-42.4578],[-73.7955,-42.457],[-73.7955,-42.4568],[-73.7959,-42.4561],[-73.7984,-42.457],[-73.7986,-42.457],[-73.8006,-42.4582],[-73.8016,-42.4568],[-73.8018,-42.4565],[-73.8028,-42.4579],[-73.8015,-42.4598],[-73.7996,-42.4617],[-73.799,-42.462],[-73.7982,-42.4619],[-73.7974,-42.4619],[-73.7974,-42.4618],[-73.7977,-42.4616],[-73.7976,-42.4616],[-73.7975,-42.4615],[-73.7968,-42.4614],[-73.7967,-42.4613],[-73.7967,-42.461],[-73.7977,-42.4583],[-73.7977,-42.458],[-73.7975,-42.4578],[-73.7977,-42.458],[-73.7977,-42.4583],[-73.7967,-42.461],[-73.7967,-42.4614],[-73.7965,-42.4614],[-73.7965,-42.4616],[-73.7963,-42.4616],[-73.7963,-42.4612],[-73.7972,-42.4588],[-73.7971,-42.4588],[-73.797,-42.459],[-73.7955,-42.4587],[-73.7954,-42.4586],[-73.7953,-42.459],[-73.7949,-42.4589],[-73.7951,-42.4584],[-73.795,-42.4584],[-73.7949,-42.4589],[-73.7944,-42.4588],[-73.7946,-42.4583],[-73.795,-42.4578]]]},"properties":{"OID":4,"MANZENT":10201011001000,"n_per":216,"n_hombres":96,"n_mujeres":120,"n_edad_0_5":15,"n_edad_6_1":30,"n_edad_14_":17,"n_edad_18_":19,"n_edad_25_":73,"n_edad_45_":42,"n_edad_60_":20,"n_transpor":29,"n_transp_1":33,"n_transp_2":13,"n_transp_3":0,"n_transp_4":0,"n_transp_5":0,"n_transp_6":17,"dim_acc":0,"dim_soc":0}},{"type":"Feature","id":5,"geometry":{"type":"Polygon","coordinates":[[[-73.7878,-42.4564],[-73.788,-42.4562],[-73.7891,-42.4567],[-73.7889,-42.4569],[-73.7878,-42.4564]]]},"properties":{"OID":5,"MANZENT":10201011001000,"n_per":57,"n_hombres":24,"n_mujeres":33,"n_edad_0_5":4,"n_edad_6_1":8,"n_edad_14_":6,"n_edad_18_":4,"n_edad_25_":26,"n_edad_45_":6,"n_edad_60_":3,"n_transpor":6,"n_transp_1":9,"n_transp_2":2,"n_transp_3":0,"n_transp_4":0,"n_transp_5":0,"n_transp_6":6,"dim_acc":0,"dim_soc":0}},{"type":"Feature","id":6,"geometry":{"type":"Polygon","coordinates":[[[-73.7862,-42.4575],[-73.7858,-42.4573],[-73.7848,-42.4571],[-73.785,-42.4563],[-73.7885,-42.4579],[-73.7886,-42.458],[-73.7884,-42.4585],[-73.7886,-42.4594],[-73.7898,-42.4609],[-73.7901,-42.4612],[-73.7898,-42.4614],[-73.7894,-42.4611],[-73.7893,-42.4611],[-73.7897,-42.4614],[-73.7895,-42.4616],[-73.7892,-42.4614],[-73.7892,-42.4614],[-73.7894,-42.4617],[-73.789,-42.462],[-73.7888,-42.4618],[-73.7887,-42.4619],[-73.7893,-42.4623],[-73.789,-42.4625],[-73.7889,-42.4625],[-73.7885,-42.4622],[-73.7884,-42.4622],[-73.79,-42.4635],[-73.7899,-42.4636],[-73.7899,-42.4637],[-73.7901,-42.4636],[-73.7902,-42.4636],[-73.7887,-42.4647],[-73.7887,-42.4648],[-73.7902,-42.4637],[-73.7914,-42.4646],[-73.79,-42.4655],[-73.7892,-42.4658],[-73.7889,-42.4652],[-73.7893,-42.4648],[-73.7889,-42.4651],[-73.7892,-42.4658],[-73.7885,-42.466],[-73.7876,-42.4667],[-73.7866,-42.4678],[-73.7865,-42.4679],[-73.7863,-42.4677],[-73.7865,-42.4679],[-73.7856,-42.4683],[-73.7846,-42.4657],[-73.7855,-42.4655],[-73.7856,-42.4654],[-73.7855,-42.4655],[-73.7846,-42.4657],[-73.7841,-42.4644],[-73.7858,-42.4639],[-73.7859,-42.4639],[-73.7863,-42.4648],[-73.7864,-42.4649],[-73.7868,-42.4647],[-73.7864,-42.4648],[-73.7862,-42.4645],[-73.7867,-42.4643],[-73.7862,-42.4644],[-73.786,-42.4639],[-73.7858,-42.4638],[-73.7853,-42.4631],[-73.7858,-42.4638],[-73.7841,-42.4643],[-73.7837,-42.4632],[-73.7854,-42.4625],[-73.7855,-42.4627],[-73.7871,-42.4621],[-73.7856,-42.4627],[-73.7854,-42.4625],[-73.7868,-42.4619],[-73.7866,-42.4617],[-73.7853,-42.4622],[-73.7851,-42.4621],[-73.7854,-42.4625],[-73.7837,-42.4632],[-73.7835,-42.4627],[-73.7842,-42.4627],[-73.7835,-42.4627],[-73.7835,-42.4626],[-73.7835,-42.4623],[-73.7843,-42.4624],[-73.7835,-42.4623],[-73.784,-42.4604],[-73.7851,-42.4605],[-73.7851,-42.4607],[-73.7849,-42.4608],[-73.7849,-42.4611],[-73.785,-42.4608],[-73.7852,-42.4607],[-73.7852,-42.4605],[-73.7859,-42.4605],[-73.7848,-42.4605],[-73.784,-42.4604],[-73.7841,-42.4597],[-73.785,-42.4597],[-73.785,-42.4601],[-73.785,-42.4597],[-73.7855,-42.4597],[-73.786,-42.4599],[-73.7865,-42.4598],[-73.7865,-42.4598],[-73.7864,-42.459],[-73.7871,-42.459],[-73.7873,-42.4589],[-73.7872,-42.4584],[-73.7874,-42.4575],[-73.7872,-42.4584],[-73.7872,-42.4589],[-73.7864,-42.459],[-73.7865,-42.4598],[-73.786,-42.4598],[-73.7855,-42.4596],[-73.7841,-42.4597],[-73.7842,-42.4594],[-73.7855,-42.4595],[-73.7842,-42.4594],[-73.7844,-42.4585],[-73.785,-42.4586],[-73.7852,-42.4587],[-73.785,-42.4586],[-73.7844,-42.4585],[-73.7847,-42.4574],[-73.7857,-42.4576],[-73.7858,-42.4575],[-73.7847,-42.4573],[-73.7847,-42.4572],[-73.7858,-42.4573],[-73.7866,-42.4578],[-73.7867,-42.458],[-73.7865,-42.4586],[-73.7866,-42.4586],[-73.7867,-42.4579],[-73.7866,-42.4577],[-73.7862,-42.4575]]]},"properties":{"OID":6,"MANZENT":10201011001000,"n_per":692,"n_hombres":337,"n_mujeres":355,"n_edad_0_5":40,"n_edad_6_1":76,"n_edad_14_":37,"n_edad_18_":79,"n_edad_25_":235,"n_edad_45_":136,"n_edad_60_":89,"n_transpor":59,"n_transp_1":98,"n_transp_2":15,"n_transp_3":0,"n_transp_4":0,"n_transp_5":1,"n_transp_6":20,"dim_acc":0,"dim_soc":0}},{"type":"Feature","id":7,"geometry":{"type":"Polygon","coordinates":[[[-73.7876,-42.4567],[-73.7876,-42.4566],[-73.7878,-42.4564],[-73.7888,-42.457],[-73.7887,-42.4572],[-73.7876,-42.4567]]]},"properties":{"OID":7,"MANZENT":10201011001000,"n_per":69,"n_hombres":32,"n_mujeres":37,"n_edad_0_5":4,"n_edad_6_1":12,"n_edad_14_":8,"n_edad_18_":5,"n_edad_25_":27,"n_edad_45_":7,"n_edad_60_":6,"n_transpor":16,"n_transp_1":12,"n_transp_2":1,"n_transp_3":0,"n_transp_4":0,"n_transp_5":0,"n_transp_6":0,"dim_acc":0,"dim_soc":0}},{"type":"Feature","id":8,"geometry":{"type":"Polygon","coordinates":[[[-73.7874,-42.4569],[-73.7874,-42.4567],[-73.7875,-42.4567],[-73.7886,-42.4572],[-73.7884,-42.4574],[-73.7874,-42.4569]]]},"properties":{"OID":8,"MANZENT":10201011001000,"n_per":63,"n_hombres":32,"n_mujeres":31,"n_edad_0_5":6,"n_edad_6_1":14,"n_edad_14_":6,"n_edad_18_":4,"n_edad_25_":23,"n_edad_45_":9,"n_edad_60_":1,"n_transpor":11,"n_transp_1":8,"n_transp_2":1,"n_transp_3":0,"n_transp_4":0,"n_transp_5":0,"n_transp_6":2,"dim_acc":0,"dim_soc":0}},{"type":"Feature","id":9,"geometry":{"type":"Polygon","coordinates":[[[-73.7904,-42.4573],[-73.7905,-42.4575],[-73.7904,-42.4576],[-73.7895,-42.4571],[-73.7897,-42.457],[-73.7904,-42.4573]]]},"properties":{"OID":9,"MANZENT":10201011001000,"n_per":42,"n_hombres":17,"n_mujeres":25,"n_edad_0_5":11,"n_edad_6_1":3,"n_edad_14_":2,"n_edad_18_":0,"n_edad_25_":23,"n_edad_45_":2,"n_edad_60_":1,"n_transpor":7,"n_transp_1":9,"n_transp_2":0,"n_transp_3":0,"n_transp_4":0,"n_transp_5":0,"n_transp_6":5,"dim_acc":0,"dim_soc":0}},{"type":"Feature","id":10,"geometry":{"type":"Polygon","coordinates":[[[-73.7874,-42.4573],[-73.7874,-42.457],[-73.7884,-42.4575],[-73.7882,-42.4577],[-73.7874,-42.4573]]]},"properties":{"OID":10,"MANZENT":10201011001000,"n_per":39,"n_hombres":17,"n_mujeres":22,"n_edad_0_5":3,"n_edad_6_1":7,"n_edad_14_":2,"n_edad_18_":6,"n_edad_25_":14,"n_edad_45_":3,"n_edad_60_":4,"n_transpor":4,"n_transp_1":7,"n_transp_2":0,"n_transp_3":0,"n_transp_4":0,"n_transp_5":0,"n_transp_6":1,"dim_acc":0,"dim_soc":0}},{"type":"Feature","id":11,"geometry":{"type":"Polygon","coordinates":[[[-73.7904,-42.4576],[-73.7904,-42.4577],[-73.7902,-42.4579],[-73.7893,-42.4574],[-73.7895,-42.4572],[-73.7904,-42.4576]]]},"properties":{"OID":11,"MANZENT":10201011001000,"n_per":62,"n_hombres":28,"n_mujeres":34,"n_edad_0_5":3,"n_edad_6_1":10,"n_edad_14_":7,"n_edad_18_":3,"n_edad_25_":26,"n_edad_45_":12,"n_edad_60_":1,"n_transpor":10,"n_transp_1":12,"n_transp_2":0,"n_transp_3":0,"n_transp_4":0,"n_transp_5":0,"n_transp_6":6,"dim_acc":0,"dim_soc":0}},{"type":"Feature","id":12,"geometry":{"type":"Polygon","coordinates":[[[-73.7902,-42.4579],[-73.79,-42.4581],[-73.7891,-42.4577],[-73.7893,-42.4575],[-73.7902,-42.4579]]]},"properties":{"OID":12,"MANZENT":10201011001000,"n_per":51,"n_hombres":20,"n_mujeres":31,"n_edad_0_5":5,"n_edad_6_1":8,"n_edad_14_":5,"n_edad_18_":5,"n_edad_25_":19,"n_edad_45_":8,"n_edad_60_":1,"n_transpor":7,"n_transp_1":10,"n_transp_2":0,"n_transp_3":0,"n_transp_4":0,"n_transp_5":0,"n_transp_6":3,"dim_acc":0,"dim_soc":0}},{"type":"Feature","id":13,"geometry":{"type":"Polygon","coordinates":[[[-73.7907,-42.4579],[-73.7901,-42.4586],[-73.7898,-42.4585],[-73.7905,-42.4577],[-73.7907,-42.4579]]]},"properties":{"OID":13,"MANZENT":10201011001000,"n_per":36,"n_hombres":18,"n_mujeres":18,"n_edad_0_5":2,"n_edad_6_1":8,"n_edad_14_":1,"n_edad_18_":3,"n_edad_25_":18,"n_edad_45_":4,"n_edad_60_":0,"n_transpor":2,"n_transp_1":8,"n_transp_2":1,"n_transp_3":0,"n_transp_4":1,"n_transp_5":0,"n_transp_6":0,"dim_acc":0,"dim_soc":0}},{"type":"Feature","id":14,"geometry":{"type":"Polygon","coordinates":[[[-73.7897,-42.4584],[-73.7896,-42.4584],[-73.7888,-42.458],[-73.789,-42.4577],[-73.7899,-42.4582],[-73.7897,-42.4584]]]},"properties":{"OID":14,"MANZENT":10201011001000,"n_per":35,"n_hombres":16,"n_mujeres":19,"n_edad_0_5":3,"n_edad_6_1":5,"n_edad_14_":3,"n_edad_18_":1,"n_edad_25_":17,"n_edad_45_":4,"n_edad_60_":2,"n_transpor":7,"n_transp_1":4,"n_transp_2":3,"n_transp_3":0,"n_transp_4":0,"n_transp_5":0,"n_transp_6":6,"dim_acc":0,"dim_soc":0}},{"type":"Feature","id":15,"geometry":{"type":"Polygon","coordinates":[[[-73.7909,-42.4582],[-73.7905,-42.4588],[-73.7902,-42.4587],[-73.7907,-42.458],[-73.7909,-42.4582]]]},"properties":{"OID":15,"MANZENT":10201011001000,"n_per":30,"n_hombres":10,"n_mujeres":20,"n_edad_0_5":2,"n_edad_6_1":7,"n_edad_14_":1,"n_edad_18_":2,"n_edad_25_":13,"n_edad_45_":3,"n_edad_60_":2,"n_transpor":9,"n_transp_1":5,"n_transp_2":0,"n_transp_3":0,"n_transp_4":0,"n_transp_5":0,"n_transp_6":2,"dim_acc":0,"dim_soc":0}},{"type":"Feature","id":16,"geometry":{"type":"Polygon","coordinates":[[[-73.7893,-42.4583],[-73.7896,-42.4585],[-73.7893,-42.4587],[-73.7885,-42.4583],[-73.7887,-42.4581],[-73.7893,-42.4583]]]},"properties":{"OID":16,"MANZENT":10201011001000,"n_per":42,"n_hombres":21,"n_mujeres":21,"n_edad_0_5":7,"n_edad_6_1":4,"n_edad_14_":5,"n_edad_18_":1,"n_edad_25_":22,"n_edad_45_":3,"n_edad_60_":0,"n_transpor":11,"n_transp_1":6,"n_transp_2":1,"n_transp_3":0,"n_transp_4":0,"n_transp_5":0,"n_transp_6":2,"dim_acc":0,"dim_soc":0}},{"type":"Feature","id":17,"geometry":{"type":"Polygon","coordinates":[[[-73.7916,-42.4585],[-73.7908,-42.459],[-73.7905,-42.4588],[-73.7907,-42.4586],[-73.7908,-42.4586],[-73.7912,-42.4584],[-73.7916,-42.4585]]]},"properties":{"OID":17,"MANZENT":10201011001000,"n_per":36,"n_hombres":18,"n_mujeres":18,"n_edad_0_5":2,"n_edad_6_1":5,"n_edad_14_":1,"n_edad_18_":4,"n_edad_25_":20,"n_edad_45_":4,"n_edad_60_":0,"n_transpor":12,"n_transp_1":4,"n_transp_2":0,"n_transp_3":0,"n_transp_4":0,"n_transp_5":0,"n_transp_6":4,"dim_acc":0,"dim_soc":0}},{"type":"Feature","id":18,"geometry":{"type":"Polygon","coordinates":[[[-73.792,-42.4585],[-73.792,-42.4586],[-73.7912,-42.4591],[-73.7909,-42.459],[-73.7917,-42.4585],[-73.792,-42.4585]]]},"properties":{"OID":18,"MANZENT":10201011001000,"n_per":58,"n_hombres":26,"n_mujeres":32,"n_edad_0_5":4,"n_edad_6_1":5,"n_edad_14_":9,"n_edad_18_":9,"n_edad_25_":20,"n_edad_45_":9,"n_edad_60_":2,"n_transpor":10,"n_transp_1":5,"n_transp_2":0,"n_transp_3":0,"n_transp_4":0,"n_transp_5":0,"n_transp_6":1,"dim_acc":0,"dim_soc":0}},{"type":"Feature","id":19,"geometry":{"type":"Polygon","coordinates":[[[-73.7903,-42.4589],[-73.7901,-42.459],[-73.7897,-42.4589],[-73.7894,-42.4591],[-73.7891,-42.4589],[-73.7897,-42.4585],[-73.7903,-42.4589]]]},"properties":{"OID":19,"MANZENT":10201011001000,"n_per":54,"n_hombres":21,"n_mujeres":33,"n_edad_0_5":3,"n_edad_6_1":13,"n_edad_14_":5,"n_edad_18_":2,"n_edad_25_":25,"n_edad_45_":5,"n_edad_60_":1,"n_transpor":13,"n_transp_1":12,"n_transp_2":1,"n_transp_3":0,"n_transp_4":0,"n_transp_5":0,"n_transp_6":0,"dim_acc":0,"dim_soc":0}},{"type":"Feature","id":20,"geometry":{"type":"Polygon","coordinates":[[[-73.7886,-42.4589],[-73.7889,-42.4586],[-73.7892,-42.4587],[-73.7886,-42.4592],[-73.7886,-42.4589]]]},"properties":{"OID":20,"MANZENT":10201011001000,"n_per":28,"n_hombres":13,"n_mujeres":15,"n_edad_0_5":5,"n_edad_6_1":6,"n_edad_14_":1,"n_edad_18_":5,"n_edad_25_":10,"n_edad_45_":0,"n_edad_60_":1,"n_transpor":3,"n_transp_1":4,"n_transp_2":1,"n_transp_3":0,"n_transp_4":0,"n_transp_5":0,"n_transp_6":1,"dim_acc":0,"dim_soc":0}},{"type":"Feature","id":21,"geometry":{"type":"Polygon","coordinates":[[[-73.792,-42.4586],[-73.7922,-42.4589],[-73.7915,-42.4593],[-73.7913,-42.4592],[-73.792,-42.4586]]]},"properties":{"OID":21,"MANZENT":10201011001000,"n_per":46,"n_hombres":19,"n_mujeres":27,"n_edad_0_5":5,"n_edad_6_1":7,"n_edad_14_":4,"n_edad_18_":6,"n_edad_25_":15,"n_edad_45_":5,"n_edad_60_":4,"n_transpor":4,"n_transp_1":8,"n_transp_2":1,"n_transp_3":0,"n_transp_4":0,"n_transp_5":0,"n_transp_6":2,"dim_acc":0,"dim_soc":0}},{"type":"Feature","id":22,"geometry":{"type":"Polygon","coordinates":[[[-73.7955,-42.4587],[-73.7966,-42.4589],[-73.7965,-42.4593],[-73.7954,-42.459],[-73.7955,-42.4587]]]},"properties":{"OID":22,"MANZENT":10201011001000,"n_per":56,"n_hombres":28,"n_mujeres":28,"n_edad_0_5":2,"n_edad_6_1":6,"n_edad_14_":5,"n_edad_18_":5,"n_edad_25_":17,"n_edad_45_":15,"n_edad_60_":6,"n_transpor":5,"n_transp_1":18,"n_transp_2":1,"n_transp_3":0,"n_transp_4":0,"n_transp_5":0,"n_transp_6":2,"dim_acc":0,"dim_soc":0}},{"type":"Feature","id":23,"geometry":{"type":"Polygon","coordinates":[[[-73.7907,-42.459],[-73.7901,-42.4595],[-73.7899,-42.4593],[-73.7904,-42.4589],[-73.7907,-42.459]]]},"properties":{"OID":23,"MANZENT":10201011001000,"n_per":48,"n_hombres":17,"n_mujeres":31,"n_edad_0_5":8,"n_edad_6_1":6,"n_edad_14_":7,"n_edad_18_":2,"n_edad_25_":23,"n_edad_45_":2,"n_edad_60_":0,"n_transpor":7,"n_transp_1":8,"n_transp_2":2,"n_transp_3":0,"n_transp_4":0,"n_transp_5":0,"n_transp_6":1,"dim_acc":0,"dim_soc":0}},{"type":"Feature","id":24,"geometry":{"type":"Polygon","coordinates":[[[-73.7887,-42.4592],[-73.7891,-42.4589],[-73.7893,-42.4591],[-73.7888,-42.4595],[-73.7886,-42.4593],[-73.7887,-42.4592]]]},"properties":{"OID":24,"MANZENT":10201011001000,"n_per":42,"n_hombres":14,"n_mujeres":28,"n_edad_0_5":3,"n_edad_6_1":7,"n_edad_14_":4,"n_edad_18_":2,"n_edad_25_":18,"n_edad_45_":5,"n_edad_60_":3,"n_transpor":5,"n_transp_1":11,"n_transp_2":0,"n_transp_3":0,"n_transp_4":0,"n_transp_5":0,"n_transp_6":2,"dim_acc":0,"dim_soc":0}},{"type":"Feature","id":25,"geometry":{"type":"Polygon","coordinates":[[[-73.7958,-42.4592],[-73.7957,-42.4595],[-73.7949,-42.4593],[-73.795,-42.4594],[-73.7949,-42.4597],[-73.7945,-42.4597],[-73.7948,-42.459],[-73.7958,-42.4592]]]},"properties":{"OID":25,"MANZENT":10201011001000,"n_per":80,"n_hombres":27,"n_mujeres":53,"n_edad_0_5":4,"n_edad_6_1":16,"n_edad_14_":4,"n_edad_18_":10,"n_edad_25_":28,"n_edad_45_":11,"n_edad_60_":7,"n_transpor":10,"n_transp_1":11,"n_transp_2":4,"n_transp_3":0,"n_transp_4":0,"n_transp_5":1,"n_transp_6":3,"dim_acc":0,"dim_soc":0}},{"type":"Feature","id":26,"geometry":{"type":"Polygon","coordinates":[[[-73.7911,-42.4592],[-73.7904,-42.4597],[-73.7901,-42.4596],[-73.7908,-42.4591],[-73.7911,-42.4592]]]},"properties":{"OID":26,"MANZENT":10201011001000,"n_per":36,"n_hombres":18,"n_mujeres":18,"n_edad_0_5":1,"n_edad_6_1":8,"n_edad_14_":4,"n_edad_18_":3,"n_edad_25_":17,"n_edad_45_":3,"n_edad_60_":0,"n_transpor":9,"n_transp_1":3,"n_transp_2":1,"n_transp_3":0,"n_transp_4":0,"n_transp_5":0,"n_transp_6":0,"dim_acc":0,"dim_soc":0}},{"type":"Feature","id":27,"geometry":{"type":"Polygon","coordinates":[[[-73.7893,-42.4592],[-73.7894,-42.4592],[-73.7896,-42.4594],[-73.789,-42.4598],[-73.7888,-42.4596],[-73.7893,-42.4592]]]},"properties":{"OID":27,"MANZENT":10201011001000,"n_per":43,"n_hombres":18,"n_mujeres":25,"n_edad_0_5":6,"n_edad_6_1":7,"n_edad_14_":3,"n_edad_18_":2,"n_edad_25_":21,"n_edad_45_":1,"n_edad_60_":3,"n_transpor":5,"n_transp_1":10,"n_transp_2":0,"n_transp_3":0,"n_transp_4":1,"n_transp_5":0,"n_transp_6":1,"dim_acc":0,"dim_soc":0}},{"type":"Feature","id":28,"geometry":{"type":"Polygon","coordinates":[[[-73.796,-42.4592],[-73.7969,-42.4594],[-73.7966,-42.4601],[-73.7962,-42.46],[-73.7964,-42.4597],[-73.7965,-42.4597],[-73.7958,-42.4595],[-73.7959,-42.4592],[-73.796,-42.4592]]]},"properties":{"OID":28,"MANZENT":10201011001000,"n_per":81,"n_hombres":37,"n_mujeres":44,"n_edad_0_5":2,"n_edad_6_1":7,"n_edad_14_":6,"n_edad_18_":7,"n_edad_25_":25,"n_edad_45_":20,"n_edad_60_":14,"n_transpor":8,"n_transp_1":20,"n_transp_2":2,"n_transp_3":0,"n_transp_4":0,"n_transp_5":0,"n_transp_6":8,"dim_acc":0,"dim_soc":0}},{"type":"Feature","id":29,"geometry":{"type":"Polygon","coordinates":[[[-73.7906,-42.4599],[-73.7904,-42.4597],[-73.7912,-42.4592],[-73.7914,-42.4594],[-73.7906,-42.4599]]]},"properties":{"OID":29,"MANZENT":10201011001000,"n_per":47,"n_hombres":18,"n_mujeres":29,"n_edad_0_5":3,"n_edad_6_1":11,"n_edad_14_":2,"n_edad_18_":4,"n_edad_25_":16,"n_edad_45_":8,"n_edad_60_":3,"n_transpor":6,"n_transp_1":10,"n_transp_2":3,"n_transp_3":0,"n_transp_4":0,"n_transp_5":0,"n_transp_6":0,"dim_acc":0,"dim_soc":0}},{"type":"Feature","id":30,"geometry":{"type":"Polygon","coordinates":[[[-73.7896,-42.4599],[-73.7892,-42.4601],[-73.7891,-42.4599],[-73.7898,-42.4594],[-73.79,-42.4596],[-73.7896,-42.4599]]]},"properties":{"OID":30,"MANZENT":10201011001000,"n_per":42,"n_hombres":21,"n_mujeres":21,"n_edad_0_5":2,"n_edad_6_1":5,"n_edad_14_":4,"n_edad_18_":3,"n_edad_25_":18,"n_edad_45_":9,"n_edad_60_":1,"n_transpor":6,"n_transp_1":12,"n_transp_2":1,"n_transp_3":0,"n_transp_4":0,"n_transp_5":0,"n_transp_6":2,"dim_acc":0,"dim_soc":0}},{"type":"Feature","id":31,"geometry":{"type":"Polygon","coordinates":[[[-73.7915,-42.4594],[-73.7925,-42.46],[-73.7922,-42.4602],[-73.7914,-42.4598],[-73.7913,-42.4598],[-73.7921,-42.4603],[-73.7918,-42.4605],[-73.791,-42.46],[-73.7909,-42.46],[-73.7913,-42.4603],[-73.791,-42.4605],[-73.7906,-42.4603],[-73.7906,-42.4603],[-73.791,-42.4606],[-73.7906,-42.4609],[-73.7902,-42.4606],[-73.7901,-42.4606],[-73.7904,-42.4609],[-73.7901,-42.4611],[-73.7897,-42.4607],[-73.7915,-42.4594]]]},"properties":{"OID":31,"MANZENT":10201011001000,"n_per":214,"n_hombres":102,"n_mujeres":112,"n_edad_0_5":12,"n_edad_6_1":35,"n_edad_14_":21,"n_edad_18_":23,"n_edad_25_":62,"n_edad_45_":42,"n_edad_60_":19,"n_transpor":42,"n_transp_1":24,"n_transp_2":5,"n_transp_3":1,"n_transp_4":0,"n_transp_5":2,"n_transp_6":9,"dim_acc":0,"dim_soc":0}},{"type":"Feature","id":32,"geometry":{"type":"Polygon","coordinates":[[[-73.7903,-42.4597],[-73.7894,-42.4603],[-73.7893,-42.4601],[-73.79,-42.4596],[-73.7903,-42.4597]]]},"properties":{"OID":32,"MANZENT":10201011001000,"n_per":41,"n_hombres":25,"n_mujeres":16,"n_edad_0_5":5,"n_edad_6_1":7,"n_edad_14_":1,"n_edad_18_":2,"n_edad_25_":21,"n_edad_45_":5,"n_edad_60_":0,"n_transpor":3,"n_transp_1":3,"n_transp_2":0,"n_transp_3":0,"n_transp_4":0,"n_transp_5":0,"n_transp_6":1,"dim_acc":0,"dim_soc":0}},{"type":"Feature","id":33,"geometry":{"type":"Polygon","coordinates":[[[-73.7955,-42.46],[-73.7953,-42.4604],[-73.7946,-42.4607],[-73.7948,-42.4602],[-73.795,-42.4602],[-73.795,-42.4602],[-73.7946,-42.4601],[-73.7947,-42.4602],[-73.7945,-42.4607],[-73.7943,-42.4608],[-73.7941,-42.4605],[-73.7945,-42.4598],[-73.7955,-42.46]]]},"properties":{"OID":33,"MANZENT":10201011001000,"n_per":156,"n_hombres":66,"n_mujeres":90,"n_edad_0_5":12,"n_edad_6_1":27,"n_edad_14_":14,"n_edad_18_":22,"n_edad_25_":48,"n_edad_45_":28,"n_edad_60_":5,"n_transpor":10,"n_transp_1":27,"n_transp_2":4,"n_transp_3":0,"n_transp_4":0,"n_transp_5":0,"n_transp_6":13,"dim_acc":0,"dim_soc":0}},{"type":"Feature","id":34,"geometry":{"type":"Polygon","coordinates":[[[-73.7905,-42.4599],[-73.7906,-42.46],[-73.7897,-42.4606],[-73.7895,-42.4604],[-73.7903,-42.4598],[-73.7905,-42.4599]]]},"properties":{"OID":34,"MANZENT":10201011001000,"n_per":88,"n_hombres":44,"n_mujeres":44,"n_edad_0_5":14,"n_edad_6_1":11,"n_edad_14_":9,"n_edad_18_":13,"n_edad_25_":29,"n_edad_45_":7,"n_edad_60_":5,"n_transpor":6,"n_transp_1":4,"n_transp_2":1,"n_transp_3":0,"n_transp_4":0,"n_transp_5":2,"n_transp_6":1,"dim_acc":0,"dim_soc":0}},{"type":"Feature","id":35,"geometry":{"type":"Polygon","coordinates":[[[-73.7956,-42.46],[-73.7966,-42.4602],[-73.7965,-42.4605],[-73.7955,-42.4603],[-73.7956,-42.46]]]},"properties":{"OID":35,"MANZENT":10201011001000,"n_per":57,"n_hombres":31,"n_mujeres":26,"n_edad_0_5":1,"n_edad_6_1":7,"n_edad_14_":6,"n_edad_18_":6,"n_edad_25_":19,"n_edad_45_":12,"n_edad_60_":6,"n_transpor":4,"n_transp_1":12,"n_transp_2":2,"n_transp_3":0,"n_transp_4":0,"n_transp_5":0,"n_transp_6":5,"dim_acc":0,"dim_soc":0}},{"type":"Feature","id":36,"geometry":{"type":"Polygon","coordinates":[[[-73.7957,-42.4604],[-73.7962,-42.461],[-73.7959,-42.4612],[-73.7955,-42.4606],[-73.7955,-42.4608],[-73.795,-42.461],[-73.7948,-42.4607],[-73.7955,-42.4603],[-73.7957,-42.4604]]]},"properties":{"OID":36,"MANZENT":10201011001000,"n_per":105,"n_hombres":46,"n_mujeres":59,"n_edad_0_5":4,"n_edad_6_1":16,"n_edad_14_":4,"n_edad_18_":17,"n_edad_25_":30,"n_edad_45_":28,"n_edad_60_":6,"n_transpor":16,"n_transp_1":29,"n_transp_2":3,"n_transp_3":1,"n_transp_4":0,"n_transp_5":0,"n_transp_6":6,"dim_acc":0,"dim_soc":0}},{"type":"Feature","id":37,"geometry":{"type":"Polygon","coordinates":[[[-73.7912,-42.4605],[-73.7914,-42.4604],[-73.7917,-42.4606],[-73.7906,-42.4614],[-73.7903,-42.4611],[-73.7912,-42.4605]]]},"properties":{"OID":37,"MANZENT":10201011001000,"n_per":71,"n_hombres":25,"n_mujeres":46,"n_edad_0_5":2,"n_edad_6_1":10,"n_edad_14_":8,"n_edad_18_":8,"n_edad_25_":21,"n_edad_45_":16,"n_edad_60_":6,"n_transpor":13,"n_transp_1":21,"n_transp_2":1,"n_transp_3":0,"n_transp_4":0,"n_transp_5":0,"n_transp_6":2,"dim_acc":0,"dim_soc":0}},{"type":"Feature","id":38,"geometry":{"type":"Polygon","coordinates":[[[-73.7918,-42.4607],[-73.7921,-42.4609],[-73.7913,-42.4615],[-73.7917,-42.4619],[-73.7915,-42.4621],[-73.7907,-42.4615],[-73.7918,-42.4607]]]},"properties":{"OID":38,"MANZENT":10201011001000,"n_per":119,"n_hombres":55,"n_mujeres":64,"n_edad_0_5":10,"n_edad_6_1":14,"n_edad_14_":8,"n_edad_18_":17,"n_edad_25_":34,"n_edad_45_":31,"n_edad_60_":5,"n_transpor":8,"n_transp_1":31,"n_transp_2":4,"n_transp_3":0,"n_transp_4":0,"n_transp_5":0,"n_transp_6":7,"dim_acc":0,"dim_soc":0}},{"type":"Feature","id":39,"geometry":{"type":"Polygon","coordinates":[[[-73.7948,-42.4607],[-73.7953,-42.4614],[-73.7953,-42.4615],[-73.7962,-42.4612],[-73.7962,-42.4616],[-73.7953,-42.462],[-73.7944,-42.4609],[-73.7948,-42.4607]]]},"properties":{"OID":39,"MANZENT":10201011001100,"n_per":130,"n_hombres":58,"n_mujeres":72,"n_edad_0_5":9,"n_edad_6_1":13,"n_edad_14_":13,"n_edad_18_":15,"n_edad_25_":31,"n_edad_45_":34,"n_edad_60_":15,"n_transpor":12,"n_transp_1":19,"n_transp_2":7,"n_transp_3":0,"n_transp_4":0,"n_transp_5":0,"n_transp_6":18,"dim_acc":0,"dim_soc":0}},{"type":"Feature","id":40,"geometry":{"type":"Polygon","coordinates":[[[-73.7902,-42.4612],[-73.7905,-42.4615],[-73.7893,-42.4623],[-73.7891,-42.462],[-73.7901,-42.4612],[-73.7902,-42.4612]]]},"properties":{"OID":40,"MANZENT":10201011001100,"n_per":100,"n_hombres":47,"n_mujeres":53,"n_edad_0_5":9,"n_edad_6_1":15,"n_edad_14_":4,"n_edad_18_":13,"n_edad_25_":32,"n_edad_45_":21,"n_edad_60_":6,"n_transpor":11,"n_transp_1":23,"n_transp_2":0,"n_transp_3":0,"n_transp_4":0,"n_transp_5":0,"n_transp_6":13,"dim_acc":0,"dim_soc":0}},{"type":"Feature","id":41,"geometry":{"type":"Polygon","coordinates":[[[-73.792,-42.4613],[-73.7923,-42.4615],[-73.7917,-42.4618],[-73.7916,-42.4617],[-73.792,-42.4613]]]},"properties":{"OID":41,"MANZENT":10201011001100,"n_per":41,"n_hombres":19,"n_mujeres":22,"n_edad_0_5":2,"n_edad_6_1":4,"n_edad_14_":6,"n_edad_18_":6,"n_edad_25_":13,"n_edad_45_":9,"n_edad_60_":1,"n_transpor":1,"n_transp_1":14,"n_transp_2":0,"n_transp_3":0,"n_transp_4":0,"n_transp_5":0,"n_transp_6":1,"dim_acc":0,"dim_soc":0}},{"type":"Feature","id":42,"geometry":{"type":"Polygon","coordinates":[[[-73.7906,-42.4615],[-73.7913,-42.4621],[-73.791,-42.4623],[-73.7907,-42.462],[-73.7907,-42.4619],[-73.7901,-42.4623],[-73.7898,-42.4621],[-73.7906,-42.4615]]]},"properties":{"OID":42,"MANZENT":10201011001100,"n_per":100,"n_hombres":49,"n_mujeres":51,"n_edad_0_5":3,"n_edad_6_1":16,"n_edad_14_":4,"n_edad_18_":16,"n_edad_25_":31,"n_edad_45_":24,"n_edad_60_":6,"n_transpor":21,"n_transp_1":15,"n_transp_2":2,"n_transp_3":0,"n_transp_4":0,"n_transp_5":0,"n_transp_6":2,"dim_acc":0,"dim_soc":0}},{"type":"Feature","id":43,"geometry":{"type":"Polygon","coordinates":[[[-73.792,-42.4624],[-73.793,-42.4617],[-73.7931,-42.4616],[-73.7933,-42.4618],[-73.7924,-42.4625],[-73.7929,-42.4628],[-73.7927,-42.463],[-73.7926,-42.463],[-73.792,-42.4625],[-73.792,-42.4624]]]},"properties":{"OID":43,"MANZENT":10201011001100,"n_per":114,"n_hombres":49,"n_mujeres":65,"n_edad_0_5":3,"n_edad_6_1":14,"n_edad_14_":13,"n_edad_18_":21,"n_edad_25_":38,"n_edad_45_":19,"n_edad_60_":6,"n_transpor":13,"n_transp_1":18,"n_transp_2":5,"n_transp_3":0,"n_transp_4":0,"n_transp_5":0,"n_transp_6":7,"dim_acc":0,"dim_soc":0}},{"type":"Feature","id":44,"geometry":{"type":"Polygon","coordinates":[[[-73.7854,-42.4625],[-73.7853,-42.4622],[-73.7866,-42.4617],[-73.7867,-42.4619],[-73.7854,-42.4625]]]},"properties":{"OID":44,"MANZENT":10201011001100,"n_per":17,"n_hombres":8,"n_mujeres":9,"n_edad_0_5":0,"n_edad_6_1":0,"n_edad_14_":1,"n_edad_18_":1,"n_edad_25_":6,"n_edad_45_":4,"n_edad_60_":5,"n_transpor":1,"n_transp_1":2,"n_transp_2":0,"n_transp_3":0,"n_transp_4":0,"n_transp_5":0,"n_transp_6":0,"dim_acc":0,"dim_soc":0}},{"type":"Feature","id":45,"geometry":{"type":"Polygon","coordinates":[[[-73.7935,-42.4624],[-73.7931,-42.462],[-73.7934,-42.4618],[-73.7942,-42.4625],[-73.7936,-42.4628],[-73.7931,-42.4633],[-73.7928,-42.4631],[-73.7935,-42.4624]]]},"properties":{"OID":45,"MANZENT":10201011001100,"n_per":78,"n_hombres":35,"n_mujeres":43,"n_edad_0_5":8,"n_edad_6_1":10,"n_edad_14_":6,"n_edad_18_":4,"n_edad_25_":28,"n_edad_45_":15,"n_edad_60_":7,"n_transpor":5,"n_transp_1":18,"n_transp_2":1,"n_transp_3":0,"n_transp_4":0,"n_transp_5":0,"n_transp_6":7,"dim_acc":0,"dim_soc":0}},{"type":"Feature","id":46,"geometry":{"type":"Polygon","coordinates":[[[-73.7898,-42.4621],[-73.7905,-42.4626],[-73.7902,-42.4629],[-73.7895,-42.4624],[-73.7898,-42.4621]]]},"properties":{"OID":46,"MANZENT":10201011001100,"n_per":56,"n_hombres":26,"n_mujeres":30,"n_edad_0_5":2,"n_edad_6_1":5,"n_edad_14_":7,"n_edad_18_":9,"n_edad_25_":17,"n_edad_45_":11,"n_edad_60_":5,"n_transpor":13,"n_transp_1":4,"n_transp_2":2,"n_transp_3":0,"n_transp_4":1,"n_transp_5":0,"n_transp_6":1,"dim_acc":0,"dim_soc":0}},{"type":"Feature","id":47,"geometry":{"type":"Polygon","coordinates":[[[-73.7914,-42.4621],[-73.7917,-42.4624],[-73.7905,-42.4631],[-73.7903,-42.4629],[-73.7914,-42.4621]]]},"properties":{"OID":47,"MANZENT":10201011001100,"n_per":93,"n_hombres":44,"n_mujeres":49,"n_edad_0_5":4,"n_edad_6_1":10,"n_edad_14_":6,"n_edad_18_":21,"n_edad_25_":30,"n_edad_45_":16,"n_edad_60_":6,"n_transpor":4,"n_transp_1":14,"n_transp_2":2,"n_transp_3":0,"n_transp_4":0,"n_transp_5":0,"n_transp_6":4,"dim_acc":0,"dim_soc":0}},{"type":"Feature","id":48,"geometry":{"type":"Polygon","coordinates":[[[-73.7901,-42.4634],[-73.789,-42.4627],[-73.7893,-42.4624],[-73.7904,-42.4632],[-73.7901,-42.4634]]]},"properties":{"OID":48,"MANZENT":10201011001100,"n_per":98,"n_hombres":45,"n_mujeres":53,"n_edad_0_5":3,"n_edad_6_1":18,"n_edad_14_":9,"n_edad_18_":14,"n_edad_25_":27,"n_edad_45_":21,"n_edad_60_":6,"n_transpor":12,"n_transp_1":19,"n_transp_2":2,"n_transp_3":1,"n_transp_4":0,"n_transp_5":0,"n_transp_6":3,"dim_acc":0,"dim_soc":0}},{"type":"Feature","id":49,"geometry":{"type":"Polygon","coordinates":[[[-73.7919,-42.4625],[-73.7926,-42.463],[-73.7923,-42.4632],[-73.7916,-42.4627],[-73.7919,-42.4625]]]},"properties":{"OID":49,"MANZENT":10201011001100,"n_per":40,"n_hombres":18,"n_mujeres":22,"n_edad_0_5":1,"n_edad_6_1":4,"n_edad_14_":4,"n_edad_18_":6,"n_edad_25_":11,"n_edad_45_":14,"n_edad_60_":0,"n_transpor":5,"n_transp_1":12,"n_transp_2":1,"n_transp_3":0,"n_transp_4":0,"n_transp_5":0,"n_transp_6":1,"dim_acc":0,"dim_soc":0}},{"type":"Feature","id":50,"geometry":{"type":"Polygon","coordinates":[[[-73.7909,-42.4632],[-73.7915,-42.4627],[-73.7918,-42.4629],[-73.7914,-42.4632],[-73.7913,-42.4632],[-73.7918,-42.4636],[-73.7915,-42.4638],[-73.7907,-42.4633],[-73.7909,-42.4632]]]},"properties":{"OID":50,"MANZENT":10201011001100,"n_per":64,"n_hombres":30,"n_mujeres":34,"n_edad_0_5":3,"n_edad_6_1":6,"n_edad_14_":5,"n_edad_18_":11,"n_edad_25_":19,"n_edad_45_":15,"n_edad_60_":5,"n_transpor":4,"n_transp_1":17,"n_transp_2":2,"n_transp_3":0,"n_transp_4":0,"n_transp_5":0,"n_transp_6":6,"dim_acc":0,"dim_soc":0}},{"type":"Feature","id":51,"geometry":{"type":"Polygon","coordinates":[[[-73.793,-42.4634],[-73.7927,-42.4637],[-73.792,-42.4642],[-73.7919,-42.4642],[-73.7916,-42.4639],[-73.7926,-42.4631],[-73.793,-42.4634]]]},"properties":{"OID":51,"MANZENT":10201011001100,"n_per":71,"n_hombres":31,"n_mujeres":40,"n_edad_0_5":2,"n_edad_6_1":11,"n_edad_14_":3,"n_edad_18_":13,"n_edad_25_":22,"n_edad_45_":17,"n_edad_60_":3,"n_transpor":5,"n_transp_1":16,"n_transp_2":2,"n_transp_3":0,"n_transp_4":0,"n_transp_5":0,"n_transp_6":3,"dim_acc":0,"dim_soc":0}},{"type":"Feature","id":52,"geometry":{"type":"Polygon","coordinates":[[[-73.7906,-42.4634],[-73.7918,-42.4642],[-73.7915,-42.4645],[-73.7903,-42.4636],[-73.7903,-42.4636],[-73.7906,-42.4634]]]},"properties":{"OID":52,"MANZENT":10201011001100,"n_per":78,"n_hombres":30,"n_mujeres":48,"n_edad_0_5":2,"n_edad_6_1":13,"n_edad_14_":5,"n_edad_18_":10,"n_edad_25_":21,"n_edad_45_":14,"n_edad_60_":13,"n_transpor":7,"n_transp_1":14,"n_transp_2":3,"n_transp_3":0,"n_transp_4":0,"n_transp_5":0,"n_transp_6":2,"dim_acc":0,"dim_soc":0}},{"type":"Feature","id":53,"geometry":{"type":"Polygon","coordinates":[[[-73.7848,-42.4664],[-73.7828,-42.4668],[-73.7827,-42.4664],[-73.783,-42.4663],[-73.7827,-42.4663],[-73.7826,-42.466],[-73.783,-42.4659],[-73.7826,-42.466],[-73.7824,-42.4655],[-73.7833,-42.4646],[-73.784,-42.4644],[-73.7845,-42.4656],[-73.7836,-42.4658],[-73.7836,-42.466],[-73.7836,-42.4658],[-73.7845,-42.4657],[-73.7847,-42.4661],[-73.7837,-42.4663],[-73.7847,-42.4662],[-73.7848,-42.4664]]]},"properties":{"OID":53,"MANZENT":10201011001100,"n_per":141,"n_hombres":70,"n_mujeres":71,"n_edad_0_5":9,"n_edad_6_1":19,"n_edad_14_":9,"n_edad_18_":8,"n_edad_25_":58,"n_edad_45_":24,"n_edad_60_":14,"n_transpor":23,"n_transp_1":22,"n_transp_2":6,"n_transp_3":1,"n_transp_4":0,"n_transp_5":0,"n_transp_6":7,"dim_acc":0,"dim_soc":0}},{"type":"Feature","id":54,"geometry":{"type":"Polygon","coordinates":[[[-73.7781,-42.4656],[-73.778,-42.4657],[-73.7777,-42.4655],[-73.7781,-42.4652],[-73.7789,-42.4653],[-73.7788,-42.4656],[-73.7783,-42.4655],[-73.7781,-42.4656]]]},"properties":{"OID":54,"MANZENT":10201011001100,"n_per":35,"n_hombres":15,"n_mujeres":20,"n_edad_0_5":0,"n_edad_6_1":5,"n_edad_14_":5,"n_edad_18_":2,"n_edad_25_":5,"n_edad_45_":13,"n_edad_60_":5,"n_transpor":1,"n_transp_1":1,"n_transp_2":0,"n_transp_3":0,"n_transp_4":0,"n_transp_5":0,"n_transp_6":0,"dim_acc":0,"dim_soc":0}},{"type":"Feature","id":55,"geometry":{"type":"Polygon","coordinates":[[[-73.7799,-42.4659],[-73.7789,-42.4656],[-73.779,-42.4653],[-73.7805,-42.4654],[-73.7804,-42.4656],[-73.7799,-42.4659]]]},"properties":{"OID":55,"MANZENT":10201011001100,"n_per":48,"n_hombres":19,"n_mujeres":29,"n_edad_0_5":5,"n_edad_6_1":5,"n_edad_14_":2,"n_edad_18_":3,"n_edad_25_":15,"n_edad_45_":13,"n_edad_60_":5,"n_transpor":8,"n_transp_1":4,"n_transp_2":2,"n_transp_3":0,"n_transp_4":0,"n_transp_5":0,"n_transp_6":0,"dim_acc":0,"dim_soc":0}},{"type":"Feature","id":56,"geometry":{"type":"Polygon","coordinates":[[[-73.7798,-42.4663],[-73.7794,-42.4661],[-73.7788,-42.466],[-73.7789,-42.4657],[-73.7799,-42.4659],[-73.7804,-42.4656],[-73.7805,-42.4654],[-73.7809,-42.4655],[-73.7808,-42.4658],[-73.7798,-42.4663]]]},"properties":{"OID":56,"MANZENT":10201011001100,"n_per":99,"n_hombres":38,"n_mujeres":61,"n_edad_0_5":7,"n_edad_6_1":13,"n_edad_14_":17,"n_edad_18_":6,"n_edad_25_":22,"n_edad_45_":25,"n_edad_60_":9,"n_transpor":23,"n_transp_1":8,"n_transp_2":3,"n_transp_3":1,"n_transp_4":0,"n_transp_5":0,"n_transp_6":2,"dim_acc":0,"dim_soc":0}},{"type":"Feature","id":57,"geometry":{"type":"Polygon","coordinates":[[[-73.7828,-42.4672],[-73.7826,-42.4682],[-73.7829,-42.4699],[-73.7827,-42.4699],[-73.7819,-42.4685],[-73.7818,-42.4685],[-73.7826,-42.4699],[-73.7824,-42.47],[-73.7815,-42.4685],[-73.781,-42.468],[-73.7803,-42.4674],[-73.7799,-42.467],[-73.7789,-42.4664],[-73.7789,-42.4663],[-73.7787,-42.466],[-73.7793,-42.4661],[-73.7799,-42.4664],[-73.7803,-42.4668],[-73.78,-42.4665],[-73.78,-42.4663],[-73.7809,-42.4659],[-73.781,-42.4655],[-73.7814,-42.4655],[-73.7815,-42.4658],[-73.7815,-42.4655],[-73.7823,-42.4656],[-73.7827,-42.4666],[-73.7822,-42.4669],[-73.7817,-42.4668],[-73.7814,-42.4669],[-73.7817,-42.4668],[-73.7822,-42.4669],[-73.7827,-42.4666],[-73.7828,-42.4672]]]},"properties":{"OID":57,"MANZENT":10201011001100,"n_per":245,"n_hombres":116,"n_mujeres":129,"n_edad_0_5":23,"n_edad_6_1":42,"n_edad_14_":11,"n_edad_18_":17,"n_edad_25_":99,"n_edad_45_":31,"n_edad_60_":22,"n_transpor":24,"n_transp_1":16,"n_transp_2":10,"n_transp_3":1,"n_transp_4":0,"n_transp_5":0,"n_transp_6":12,"dim_acc":0,"dim_soc":0}},{"type":"Feature","id":58,"geometry":{"type":"Polygon","coordinates":[[[-73.7782,-42.4656],[-73.7784,-42.4656],[-73.7788,-42.4656],[-73.7787,-42.4659],[-73.7784,-42.4659],[-73.7787,-42.466],[-73.7786,-42.4661],[-73.7789,-42.4662],[-73.7789,-42.4663],[-73.7783,-42.466],[-73.778,-42.4657],[-73.7782,-42.4656]]]},"properties":{"OID":58,"MANZENT":10201011001100,"n_per":21,"n_hombres":11,"n_mujeres":10,"n_edad_0_5":0,"n_edad_6_1":2,"n_edad_14_":1,"n_edad_18_":1,"n_edad_25_":4,"n_edad_45_":12,"n_edad_60_":1,"n_transpor":5,"n_transp_1":2,"n_transp_2":2,"n_transp_3":0,"n_transp_4":0,"n_transp_5":0,"n_transp_6":2,"dim_acc":0,"dim_soc":0}},{"type":"Feature","id":59,"geometry":{"type":"Polygon","coordinates":[[[-73.7852,-42.4688],[-73.7841,-42.4676],[-73.7839,-42.4672],[-73.7838,-42.4666],[-73.7848,-42.4664],[-73.785,-42.467],[-73.7844,-42.4671],[-73.785,-42.467],[-73.7855,-42.4684],[-73.7852,-42.4688]]]},"properties":{"OID":59,"MANZENT":10201011001100,"n_per":138,"n_hombres":74,"n_mujeres":64,"n_edad_0_5":16,"n_edad_6_1":21,"n_edad_14_":7,"n_edad_18_":4,"n_edad_25_":64,"n_edad_45_":17,"n_edad_60_":9,"n_transpor":16,"n_transp_1":9,"n_transp_2":1,"n_transp_3":0,"n_transp_4":0,"n_transp_5":0,"n_transp_6":3,"dim_acc":0,"dim_soc":0}},{"type":"Feature","id":60,"geometry":{"type":"Polygon","coordinates":[[[-73.7828,-42.4672],[-73.7828,-42.4669],[-73.7838,-42.4666],[-73.7838,-42.467],[-73.7828,-42.4672]]]},"properties":{"OID":60,"MANZENT":10201011001100,"n_per":53,"n_hombres":24,"n_mujeres":29,"n_edad_0_5":8,"n_edad_6_1":8,"n_edad_14_":2,"n_edad_18_":3,"n_edad_25_":25,"n_edad_45_":4,"n_edad_60_":3,"n_transpor":8,"n_transp_1":10,"n_transp_2":3,"n_transp_3":0,"n_transp_4":0,"n_transp_5":2,"n_transp_6":1,"dim_acc":0,"dim_soc":0}},{"type":"Feature","id":61,"geometry":{"type":"Polygon","coordinates":[[[-73.784,-42.4676],[-73.7836,-42.4678],[-73.7831,-42.4672],[-73.7838,-42.467],[-73.784,-42.4676]]]},"properties":{"OID":61,"MANZENT":10201011001100,"n_per":16,"n_hombres":9,"n_mujeres":7,"n_edad_0_5":2,"n_edad_6_1":0,"n_edad_14_":1,"n_edad_18_":1,"n_edad_25_":9,"n_edad_45_":2,"n_edad_60_":1,"n_transpor":5,"n_transp_1":1,"n_transp_2":1,"n_transp_3":0,"n_transp_4":0,"n_transp_5":0,"n_transp_6":1,"dim_acc":0,"dim_soc":0}},{"type":"Feature","id":62,"geometry":{"type":"Polygon","coordinates":[[[-73.7834,-42.4684],[-73.7827,-42.4678],[-73.7828,-42.4672],[-73.7831,-42.4672],[-73.7836,-42.4678],[-73.7843,-42.4685],[-73.7844,-42.4685],[-73.7847,-42.4683],[-73.7852,-42.4688],[-73.7845,-42.4692],[-73.7834,-42.4684]]]},"properties":{"OID":62,"MANZENT":10201011001100,"n_per":166,"n_hombres":79,"n_mujeres":87,"n_edad_0_5":12,"n_edad_6_1":16,"n_edad_14_":7,"n_edad_18_":22,"n_edad_25_":55,"n_edad_45_":33,"n_edad_60_":21,"n_transpor":11,"n_transp_1":28,"n_transp_2":5,"n_transp_3":0,"n_transp_4":0,"n_transp_5":0,"n_transp_6":8,"dim_acc":0,"dim_soc":0}},{"type":"Feature","id":63,"geometry":{"type":"Polygon","coordinates":[[[-73.7844,-42.4684],[-73.7837,-42.4678],[-73.784,-42.4676],[-73.7844,-42.4679],[-73.7846,-42.4683],[-73.7844,-42.4684]]]},"properties":{"OID":63,"MANZENT":10201011001100,"n_per":50,"n_hombres":21,"n_mujeres":29,"n_edad_0_5":6,"n_edad_6_1":8,"n_edad_14_":4,"n_edad_18_":1,"n_edad_25_":26,"n_edad_45_":4,"n_edad_60_":1,"n_transpor":6,"n_transp_1":13,"n_transp_2":1,"n_transp_3":0,"n_transp_4":1,"n_transp_5":0,"n_transp_6":0,"dim_acc":0,"dim_soc":0}},{"type":"Feature","id":64,"geometry":{"type":"Polygon","coordinates":[[[-73.7828,-42.4679],[-73.7834,-42.4684],[-73.783,-42.4687],[-73.783,-42.4689],[-73.7837,-42.4697],[-73.783,-42.4699],[-73.7827,-42.4683],[-73.7828,-42.4679]]]},"properties":{"OID":64,"MANZENT":10201011001100,"n_per":45,"n_hombres":21,"n_mujeres":24,"n_edad_0_5":2,"n_edad_6_1":0,"n_edad_14_":4,"n_edad_18_":2,"n_edad_25_":11,"n_edad_45_":12,"n_edad_60_":14,"n_transpor":3,"n_transp_1":3,"n_transp_2":1,"n_transp_3":0,"n_transp_4":0,"n_transp_5":0,"n_transp_6":1,"dim_acc":0,"dim_soc":0}},{"type":"Feature","id":65,"geometry":{"type":"Polygon","coordinates":[[[-73.7845,-42.4693],[-73.7842,-42.4695],[-73.7838,-42.4696],[-73.7832,-42.4691],[-73.783,-42.4688],[-73.7834,-42.4684],[-73.7845,-42.4693]]]},"properties":{"OID":65,"MANZENT":10201011001100,"n_per":47,"n_hombres":22,"n_mujeres":25,"n_edad_0_5":0,"n_edad_6_1":7,"n_edad_14_":5,"n_edad_18_":3,"n_edad_25_":9,"n_edad_45_":12,"n_edad_60_":11,"n_transpor":4,"n_transp_1":2,"n_transp_2":0,"n_transp_3":0,"n_transp_4":0,"n_transp_5":0,"n_transp_6":0,"dim_acc":0,"dim_soc":0}},{"type":"Feature","id":66,"geometry":{"type":"MultiPolygon","coordinates":[[[[-73.7924,-42.4615],[-73.792,-42.4611],[-73.7922,-42.461],[-73.7929,-42.4615],[-73.7917,-42.4623],[-73.7915,-42.4621],[-73.7924,-42.4615]]],[[[-73.7928,-42.4613],[-73.7919,-42.4606],[-73.7926,-42.46],[-73.7938,-42.4607],[-73.7928,-42.4613]]]]},"properties":{"OID":66,"MANZENT":10201011001000,"n_per":126,"n_hombres":61,"n_mujeres":65,"n_edad_0_5":8,"n_edad_6_1":20,"n_edad_14_":14,"n_edad_18_":10,"n_edad_25_":40,"n_edad_45_":25,"n_edad_60_":9,"n_transpor":17,"n_transp_1":23,"n_transp_2":5,"n_transp_3":0,"n_transp_4":0,"n_transp_5":0,"n_transp_6":3,"dim_acc":0,"dim_soc":0}},{"type":"Feature","id":67,"geometry":{"type":"Polygon","coordinates":[[[-73.7727,-42.4639],[-73.7735,-42.4639],[-73.7737,-42.4649],[-73.7736,-42.4651],[-73.7725,-42.4652],[-73.7724,-42.4653],[-73.7711,-42.4653],[-73.771,-42.4654],[-73.7712,-42.4664],[-73.7704,-42.4664],[-73.7697,-42.4666],[-73.7692,-42.4668],[-73.7691,-42.4661],[-73.769,-42.4661],[-73.7692,-42.4669],[-73.769,-42.467],[-73.7684,-42.467],[-73.7677,-42.4672],[-73.7671,-42.4671],[-73.7676,-42.4657],[-73.7678,-42.4659],[-73.7681,-42.4659],[-73.7679,-42.4659],[-73.7677,-42.4658],[-73.7677,-42.4655],[-73.7687,-42.4658],[-73.7677,-42.4655],[-73.7677,-42.4651],[-73.7676,-42.4647],[-73.768,-42.4648],[-73.7691,-42.4647],[-73.7702,-42.4643],[-73.7705,-42.4645],[-73.771,-42.4644],[-73.7723,-42.4645],[-73.7734,-42.4643],[-73.7723,-42.4644],[-73.771,-42.4644],[-73.7705,-42.4644],[-73.7702,-42.4643],[-73.7692,-42.4646],[-73.7701,-42.4642],[-73.7706,-42.4641],[-73.771,-42.464],[-73.7723,-42.4641],[-73.7727,-42.4639]]]},"properties":{"OID":67,"MANZENT":10201011002000,"n_per":218,"n_hombres":118,"n_mujeres":100,"n_edad_0_5":19,"n_edad_6_1":23,"n_edad_14_":12,"n_edad_18_":15,"n_edad_25_":91,"n_edad_45_":39,"n_edad_60_":19,"n_transpor":25,"n_transp_1":37,"n_transp_2":16,"n_transp_3":0,"n_transp_4":0,"n_transp_5":0,"n_transp_6":8,"dim_acc":0,"dim_soc":0}},{"type":"Feature","id":68,"geometry":{"type":"Polygon","coordinates":[[[-73.7675,-42.4649],[-73.7677,-42.4654],[-73.7671,-42.4668],[-73.7667,-42.4666],[-73.7675,-42.4649],[-73.7675,-42.4649]]]},"properties":{"OID":68,"MANZENT":10201011002000,"n_per":53,"n_hombres":26,"n_mujeres":27,"n_edad_0_5":4,"n_edad_6_1":3,"n_edad_14_":2,"n_edad_18_":4,"n_edad_25_":11,"n_edad_45_":14,"n_edad_60_":15,"n_transpor":6,"n_transp_1":9,"n_transp_2":4,"n_transp_3":0,"n_transp_4":0,"n_transp_5":0,"n_transp_6":0,"dim_acc":0,"dim_soc":0}},{"type":"Feature","id":69,"geometry":{"type":"Polygon","coordinates":[[[-73.7725,-42.4656],[-73.7725,-42.4653],[-73.7737,-42.4652],[-73.7737,-42.4655],[-73.7725,-42.4656]]]},"properties":{"OID":69,"MANZENT":10201011002000,"n_per":64,"n_hombres":36,"n_mujeres":28,"n_edad_0_5":9,"n_edad_6_1":5,"n_edad_14_":5,"n_edad_18_":8,"n_edad_25_":27,"n_edad_45_":9,"n_edad_60_":1,"n_transpor":9,"n_transp_1":4,"n_transp_2":2,"n_transp_3":0,"n_transp_4":0,"n_transp_5":0,"n_transp_6":1,"dim_acc":0,"dim_soc":0}},{"type":"Feature","id":70,"geometry":{"type":"Polygon","coordinates":[[[-73.7711,-42.4656],[-73.7711,-42.4653],[-73.7724,-42.4654],[-73.7724,-42.4656],[-73.7711,-42.4656]]]},"properties":{"OID":70,"MANZENT":10201011002000,"n_per":51,"n_hombres":27,"n_mujeres":24,"n_edad_0_5":4,"n_edad_6_1":10,"n_edad_14_":2,"n_edad_18_":4,"n_edad_25_":27,"n_edad_45_":3,"n_edad_60_":1,"n_transpor":5,"n_transp_1":9,"n_transp_2":0,"n_transp_3":0,"n_transp_4":0,"n_transp_5":0,"n_transp_6":0,"dim_acc":0,"dim_soc":0}},{"type":"Feature","id":71,"geometry":{"type":"Polygon","coordinates":[[[-73.7726,-42.4659],[-73.7726,-42.4657],[-73.7737,-42.4655],[-73.7738,-42.4658],[-73.7726,-42.4659]]]},"properties":{"OID":71,"MANZENT":10201011002000,"n_per":54,"n_hombres":27,"n_mujeres":27,"n_edad_0_5":1,"n_edad_6_1":7,"n_edad_14_":7,"n_edad_18_":10,"n_edad_25_":19,"n_edad_45_":7,"n_edad_60_":3,"n_transpor":9,"n_transp_1":9,"n_transp_2":1,"n_transp_3":0,"n_transp_4":0,"n_transp_5":0,"n_transp_6":5,"dim_acc":0,"dim_soc":0}},{"type":"Feature","id":72,"geometry":{"type":"Polygon","coordinates":[[[-73.7712,-42.4659],[-73.7711,-42.4657],[-73.7725,-42.4657],[-73.7724,-42.4659],[-73.7712,-42.4659]]]},"properties":{"OID":72,"MANZENT":10201011002000,"n_per":67,"n_hombres":26,"n_mujeres":41,"n_edad_0_5":5,"n_edad_6_1":10,"n_edad_14_":10,"n_edad_18_":4,"n_edad_25_":24,"n_edad_45_":6,"n_edad_60_":8,"n_transpor":9,"n_transp_1":8,"n_transp_2":5,"n_transp_3":1,"n_transp_4":0,"n_transp_5":0,"n_transp_6":2,"dim_acc":0,"dim_soc":0}},{"type":"Feature","id":73,"geometry":{"type":"Polygon","coordinates":[[[-73.7726,-42.4663],[-73.7726,-42.466],[-73.7738,-42.4659],[-73.7741,-42.4664],[-73.7734,-42.4663],[-73.7726,-42.4663]]]},"properties":{"OID":73,"MANZENT":10201011002000,"n_per":47,"n_hombres":21,"n_mujeres":26,"n_edad_0_5":5,"n_edad_6_1":8,"n_edad_14_":4,"n_edad_18_":2,"n_edad_25_":27,"n_edad_45_":1,"n_edad_60_":0,"n_transpor":10,"n_transp_1":4,"n_transp_2":3,"n_transp_3":1,"n_transp_4":0,"n_transp_5":0,"n_transp_6":0,"dim_acc":0,"dim_soc":0}},{"type":"Feature","id":74,"geometry":{"type":"Polygon","coordinates":[[[-73.7723,-42.4663],[-73.7712,-42.4663],[-73.7712,-42.466],[-73.7725,-42.466],[-73.7725,-42.4663],[-73.7723,-42.4663]]]},"properties":{"OID":74,"MANZENT":10201011002000,"n_per":57,"n_hombres":26,"n_mujeres":31,"n_edad_0_5":4,"n_edad_6_1":7,"n_edad_14_":7,"n_edad_18_":2,"n_edad_25_":31,"n_edad_45_":6,"n_edad_60_":0,"n_transpor":12,"n_transp_1":8,"n_transp_2":2,"n_transp_3":0,"n_transp_4":0,"n_transp_5":0,"n_transp_6":2,"dim_acc":0,"dim_soc":0}},{"type":"Feature","id":75,"geometry":{"type":"Polygon","coordinates":[[[-73.7694,-42.4667],[-73.77,-42.4665],[-73.7699,-42.4668],[-73.7702,-42.4673],[-73.7707,-42.4674],[-73.7712,-42.4672],[-73.7715,-42.4671],[-73.7716,-42.4671],[-73.7718,-42.4675],[-73.7717,-42.4672],[-73.7716,-42.4671],[-73.7715,-42.4671],[-73.7712,-42.4672],[-73.7707,-42.4674],[-73.7702,-42.4673],[-73.7699,-42.4668],[-73.77,-42.4666],[-73.7705,-42.4664],[-73.7734,-42.4664],[-73.7734,-42.4668],[-73.7732,-42.4668],[-73.7742,-42.467],[-73.7744,-42.4673],[-73.7733,-42.4671],[-73.7744,-42.4674],[-73.7743,-42.4677],[-73.7733,-42.4676],[-73.7743,-42.4677],[-73.7743,-42.4679],[-73.7738,-42.468],[-73.7722,-42.4682],[-73.7713,-42.4686],[-73.7706,-42.4687],[-73.7704,-42.4688],[-73.7689,-42.4686],[-73.7677,-42.4689],[-73.7671,-42.4687],[-73.7664,-42.4687],[-73.7667,-42.4679],[-73.7676,-42.4679],[-73.7667,-42.4679],[-73.767,-42.4672],[-73.7677,-42.4672],[-73.7687,-42.4671],[-73.7683,-42.4672],[-73.7684,-42.4677],[-73.7681,-42.4678],[-73.7684,-42.4678],[-73.7684,-42.4678],[-73.768,-42.468],[-73.7684,-42.4678],[-73.7683,-42.4672],[-73.769,-42.4671],[-73.7694,-42.4667],[-73.7698,-42.4678],[-73.7694,-42.4667]]]},"properties":{"OID":75,"MANZENT":10201011002000,"n_per":242,"n_hombres":127,"n_mujeres":115,"n_edad_0_5":16,"n_edad_6_1":29,"n_edad_14_":18,"n_edad_18_":22,"n_edad_25_":86,"n_edad_45_":51,"n_edad_60_":20,"n_transpor":29,"n_transp_1":34,"n_transp_2":11,"n_transp_3":0,"n_transp_4":0,"n_transp_5":1,"n_transp_6":13,"dim_acc":0,"dim_soc":0}},{"type":"Feature","id":76,"geometry":{"type":"Polygon","coordinates":[[[-73.7749,-42.4665],[-73.7752,-42.4672],[-73.7749,-42.4672],[-73.7746,-42.4668],[-73.7748,-42.4672],[-73.7745,-42.4673],[-73.7742,-42.4669],[-73.7742,-42.467],[-73.7734,-42.4668],[-73.7734,-42.4665],[-73.7742,-42.4666],[-73.7749,-42.4665]]]},"properties":{"OID":76,"MANZENT":10201011002000,"n_per":115,"n_hombres":56,"n_mujeres":59,"n_edad_0_5":1,"n_edad_6_1":14,"n_edad_14_":8,"n_edad_18_":11,"n_edad_25_":38,"n_edad_45_":38,"n_edad_60_":5,"n_transpor":7,"n_transp_1":7,"n_transp_2":0,"n_transp_3":0,"n_transp_4":0,"n_transp_5":0,"n_transp_6":0,"dim_acc":0,"dim_soc":0}},{"type":"Feature","id":77,"geometry":{"type":"Polygon","coordinates":[[[-73.7659,-42.4686],[-73.7667,-42.4667],[-73.7671,-42.4668],[-73.7664,-42.4687],[-73.7659,-42.4686]]]},"properties":{"OID":77,"MANZENT":10201011002000,"n_per":62,"n_hombres":25,"n_mujeres":37,"n_edad_0_5":3,"n_edad_6_1":9,"n_edad_14_":2,"n_edad_18_":10,"n_edad_25_":12,"n_edad_45_":12,"n_edad_60_":14,"n_transpor":10,"n_transp_1":7,"n_transp_2":5,"n_transp_3":0,"n_transp_4":0,"n_transp_5":0,"n_transp_6":3,"dim_acc":0,"dim_soc":0}},{"type":"Feature","id":78,"geometry":{"type":"Polygon","coordinates":[[[-73.7728,-42.4682],[-73.7743,-42.4679],[-73.7745,-42.4673],[-73.7753,-42.4673],[-73.7753,-42.4676],[-73.7749,-42.4683],[-73.7742,-42.4686],[-73.7742,-42.4688],[-73.7737,-42.4689],[-73.7739,-42.4694],[-73.7737,-42.4689],[-73.7742,-42.4688],[-73.7742,-42.469],[-73.7739,-42.47],[-73.7733,-42.4699],[-73.7731,-42.469],[-73.7733,-42.4699],[-73.7727,-42.4699],[-73.7726,-42.4692],[-73.7727,-42.4699],[-73.7723,-42.4699],[-73.772,-42.4691],[-73.7721,-42.4695],[-73.7715,-42.4694],[-73.7715,-42.4691],[-73.7715,-42.4691],[-73.7714,-42.4694],[-73.7707,-42.4694],[-73.7714,-42.4695],[-73.7713,-42.4698],[-73.7703,-42.4697],[-73.7703,-42.4693],[-73.7701,-42.4697],[-73.7696,-42.4695],[-73.7697,-42.4691],[-73.7694,-42.469],[-73.7697,-42.4691],[-73.7695,-42.4695],[-73.7689,-42.4694],[-73.7691,-42.469],[-73.7688,-42.4694],[-73.7683,-42.4693],[-73.7683,-42.4689],[-73.7682,-42.4692],[-73.7675,-42.4692],[-73.7673,-42.4692],[-73.7677,-42.4692],[-73.7701,-42.4697],[-73.77,-42.4702],[-73.7688,-42.4704],[-73.7685,-42.4697],[-73.7687,-42.4704],[-73.7681,-42.4705],[-73.7679,-42.4698],[-73.767,-42.4698],[-73.7669,-42.4697],[-73.7672,-42.4695],[-73.7669,-42.4697],[-73.7669,-42.4698],[-73.7679,-42.4698],[-73.7682,-42.4708],[-73.7682,-42.4708],[-73.7682,-42.4705],[-73.7687,-42.4704],[-73.7688,-42.4709],[-73.7689,-42.4709],[-73.7688,-42.4704],[-73.77,-42.4703],[-73.7699,-42.4706],[-73.7693,-42.4706],[-73.7699,-42.4706],[-73.7698,-42.471],[-73.769,-42.4713],[-73.7686,-42.4713],[-73.7679,-42.4715],[-73.7676,-42.472],[-73.7665,-42.4717],[-73.7667,-42.4715],[-73.7675,-42.4716],[-73.7676,-42.4715],[-73.7679,-42.4712],[-73.7677,-42.4713],[-73.7671,-42.4711],[-73.7672,-42.471],[-73.7676,-42.4709],[-73.7675,-42.4706],[-73.7676,-42.4709],[-73.7672,-42.471],[-73.7671,-42.4705],[-73.7671,-42.471],[-73.767,-42.4711],[-73.7669,-42.4711],[-73.7667,-42.4712],[-73.7663,-42.4713],[-73.7667,-42.4713],[-73.7665,-42.4717],[-73.7661,-42.4717],[-73.7646,-42.4718],[-73.7647,-42.4718],[-73.7654,-42.4716],[-73.7657,-42.4715],[-73.7665,-42.4703],[-73.7674,-42.4703],[-73.7665,-42.4703],[-73.7665,-42.4702],[-73.7667,-42.4702],[-73.7669,-42.47],[-73.7674,-42.47],[-73.7669,-42.47],[-73.7666,-42.4702],[-73.7665,-42.4701],[-73.7665,-42.4698],[-73.7662,-42.4692],[-73.7664,-42.4687],[-73.7671,-42.4687],[-73.7677,-42.4689],[-73.7689,-42.4686],[-73.7704,-42.4688],[-73.7706,-42.4687],[-73.7713,-42.4686],[-73.7722,-42.4682],[-73.7728,-42.4682]]]},"properties":{"OID":78,"MANZENT":10201011002000,"n_per":867,"n_hombres":407,"n_mujeres":460,"n_edad_0_5":50,"n_edad_6_1":85,"n_edad_14_":56,"n_edad_18_":99,"n_edad_25_":251,"n_edad_45_":177,"n_edad_60_":149,"n_transpor":107,"n_transp_1":125,"n_transp_2":74,"n_transp_3":1,"n_transp_4":0,"n_transp_5":0,"n_transp_6":34,"dim_acc":0,"dim_soc":0}},{"type":"Feature","id":79,"geometry":{"type":"Polygon","coordinates":[[[-73.7659,-42.4686],[-73.7659,-42.4686],[-73.7664,-42.4687],[-73.7662,-42.4692],[-73.7665,-42.4699],[-73.7664,-42.4704],[-73.7657,-42.4714],[-73.7654,-42.4715],[-73.7646,-42.4717],[-73.7646,-42.4716],[-73.7659,-42.4686]]]},"properties":{"OID":79,"MANZENT":10201011002000,"n_per":102,"n_hombres":56,"n_mujeres":46,"n_edad_0_5":4,"n_edad_6_1":7,"n_edad_14_":5,"n_edad_18_":12,"n_edad_25_":23,"n_edad_45_":22,"n_edad_60_":29,"n_transpor":3,"n_transp_1":16,"n_transp_2":4,"n_transp_3":0,"n_transp_4":0,"n_transp_5":0,"n_transp_6":9,"dim_acc":0,"dim_soc":0}},{"type":"Feature","id":80,"geometry":{"type":"Polygon","coordinates":[[[-73.7722,-42.4699],[-73.7714,-42.4698],[-73.7715,-42.4695],[-73.7721,-42.4695],[-73.7722,-42.4699]]]},"properties":{"OID":80,"MANZENT":10201011002000,"n_per":22,"n_hombres":11,"n_mujeres":11,"n_edad_0_5":1,"n_edad_6_1":0,"n_edad_14_":4,"n_edad_18_":2,"n_edad_25_":6,"n_edad_45_":6,"n_edad_60_":3,"n_transpor":2,"n_transp_1":2,"n_transp_2":0,"n_transp_3":0,"n_transp_4":0,"n_transp_5":0,"n_transp_6":0,"dim_acc":0,"dim_soc":0}},{"type":"Feature","id":81,"geometry":{"type":"Polygon","coordinates":[[[-73.7692,-42.4721],[-73.7689,-42.4721],[-73.7689,-42.472],[-73.7693,-42.4712],[-73.7697,-42.4711],[-73.7692,-42.4721]]]},"properties":{"OID":81,"MANZENT":10201011002000,"n_per":72,"n_hombres":36,"n_mujeres":36,"n_edad_0_5":2,"n_edad_6_1":5,"n_edad_14_":4,"n_edad_18_":2,"n_edad_25_":20,"n_edad_45_":16,"n_edad_60_":23,"n_transpor":6,"n_transp_1":7,"n_transp_2":1,"n_transp_3":0,"n_transp_4":0,"n_transp_5":0,"n_transp_6":4,"dim_acc":0,"dim_soc":0}},{"type":"Feature","id":82,"geometry":{"type":"Polygon","coordinates":[[[-73.7674,-42.4716],[-73.7667,-42.4714],[-73.7669,-42.4712],[-73.7677,-42.4713],[-73.7674,-42.4716]]]},"properties":{"OID":82,"MANZENT":10201011002000,"n_per":14,"n_hombres":7,"n_mujeres":7,"n_edad_0_5":1,"n_edad_6_1":0,"n_edad_14_":0,"n_edad_18_":1,"n_edad_25_":5,"n_edad_45_":1,"n_edad_60_":6,"n_transpor":0,"n_transp_1":2,"n_transp_2":2,"n_transp_3":0,"n_transp_4":0,"n_transp_5":0,"n_transp_6":1,"dim_acc":0,"dim_soc":0}},{"type":"Feature","id":83,"geometry":{"type":"Polygon","coordinates":[[[-73.7688,-42.472],[-73.7685,-42.4719],[-73.7688,-42.4714],[-73.7692,-42.4713],[-73.7688,-42.472]]]},"properties":{"OID":83,"MANZENT":10201011002000,"n_per":30,"n_hombres":14,"n_mujeres":16,"n_edad_0_5":0,"n_edad_6_1":2,"n_edad_14_":2,"n_edad_18_":2,"n_edad_25_":3,"n_edad_45_":10,"n_edad_60_":11,"n_transpor":4,"n_transp_1":3,"n_transp_2":2,"n_transp_3":0,"n_transp_4":0,"n_transp_5":0,"n_transp_6":0,"dim_acc":0,"dim_soc":0}},{"type":"Feature","id":84,"geometry":{"type":"Polygon","coordinates":[[[-73.7681,-42.4721],[-73.7684,-42.4714],[-73.7687,-42.4713],[-73.7685,-42.4719],[-73.7681,-42.4721]]]},"properties":{"OID":84,"MANZENT":10201011002000,"n_per":38,"n_hombres":16,"n_mujeres":22,"n_edad_0_5":0,"n_edad_6_1":3,"n_edad_14_":0,"n_edad_18_":3,"n_edad_25_":7,"n_edad_45_":8,"n_edad_60_":17,"n_transpor":5,"n_transp_1":1,"n_transp_2":2,"n_transp_3":0,"n_transp_4":0,"n_transp_5":0,"n_transp_6":0,"dim_acc":0,"dim_soc":0}},{"type":"Feature","id":85,"geometry":{"type":"Polygon","coordinates":[[[-73.768,-42.4721],[-73.7677,-42.472],[-73.7679,-42.4716],[-73.7682,-42.4715],[-73.7683,-42.4715],[-73.768,-42.4721]]]},"properties":{"OID":85,"MANZENT":10201011002000,"n_per":41,"n_hombres":26,"n_mujeres":15,"n_edad_0_5":1,"n_edad_6_1":1,"n_edad_14_":1,"n_edad_18_":5,"n_edad_25_":16,"n_edad_45_":9,"n_edad_60_":8,"n_transpor":3,"n_transp_1":4,"n_transp_2":10,"n_transp_3":0,"n_transp_4":0,"n_transp_5":0,"n_transp_6":1,"dim_acc":0,"dim_soc":0}},{"type":"Feature","id":86,"geometry":{"type":"Polygon","coordinates":[[[-73.7642,-42.4715],[-73.7645,-42.4716],[-73.7644,-42.4717],[-73.7639,-42.4721],[-73.7625,-42.4734],[-73.7613,-42.4765],[-73.7603,-42.4769],[-73.7601,-42.4771],[-73.7601,-42.4776],[-73.7607,-42.4788],[-73.7607,-42.4794],[-73.7601,-42.4806],[-73.7599,-42.4806],[-73.7598,-42.4807],[-73.76,-42.4809],[-73.7597,-42.4812],[-73.7593,-42.4823],[-73.7591,-42.4823],[-73.7591,-42.4821],[-73.7593,-42.482],[-73.7597,-42.4813],[-73.7583,-42.4809],[-73.7586,-42.4804],[-73.7589,-42.48],[-73.7588,-42.48],[-73.7592,-42.4799],[-73.7603,-42.4797],[-73.7604,-42.4797],[-73.7605,-42.4789],[-73.7601,-42.4782],[-73.7599,-42.477],[-73.7601,-42.4768],[-73.7601,-42.4767],[-73.7603,-42.4768],[-73.7603,-42.4766],[-73.7605,-42.4766],[-73.7608,-42.4765],[-73.761,-42.4765],[-73.761,-42.4763],[-73.7612,-42.4762],[-73.7612,-42.476],[-73.7614,-42.4757],[-73.7614,-42.4756],[-73.7615,-42.4755],[-73.7615,-42.4754],[-73.7616,-42.4751],[-73.7617,-42.4748],[-73.762,-42.4742],[-73.762,-42.474],[-73.7621,-42.474],[-73.7619,-42.4739],[-73.7619,-42.4737],[-73.7621,-42.4736],[-73.7622,-42.4736],[-73.7624,-42.4733],[-73.7627,-42.473],[-73.7629,-42.4727],[-73.7631,-42.4726],[-73.7633,-42.4724],[-73.7636,-42.4722],[-73.7637,-42.4719],[-73.7639,-42.4718],[-73.7641,-42.4718],[-73.7641,-42.4716],[-73.7642,-42.4717],[-73.7641,-42.4716],[-73.7642,-42.4715]]]},"properties":{"OID":86,"MANZENT":10201011003000,"n_per":158,"n_hombres":69,"n_mujeres":89,"n_edad_0_5":5,"n_edad_6_1":11,"n_edad_14_":7,"n_edad_18_":9,"n_edad_25_":45,"n_edad_45_":39,"n_edad_60_":42,"n_transpor":8,"n_transp_1":3,"n_transp_2":5,"n_transp_3":0,"n_transp_4":0,"n_transp_5":0,"n_transp_6":1,"dim_acc":0,"dim_soc":0}},{"type":"Feature","id":87,"geometry":{"type":"Polygon","coordinates":[[[-73.7638,-42.4734],[-73.7634,-42.4734],[-73.7632,-42.4736],[-73.7635,-42.4735],[-73.7638,-42.4735],[-73.7638,-42.4748],[-73.7632,-42.4743],[-73.7626,-42.4736],[-73.7628,-42.4733],[-73.7643,-42.4719],[-73.7641,-42.4727],[-73.764,-42.4733],[-73.7638,-42.4734]]]},"properties":{"OID":87,"MANZENT":10201011003000,"n_per":122,"n_hombres":57,"n_mujeres":65,"n_edad_0_5":9,"n_edad_6_1":7,"n_edad_14_":6,"n_edad_18_":6,"n_edad_25_":42,"n_edad_45_":27,"n_edad_60_":25,"n_transpor":9,"n_transp_1":13,"n_transp_2":20,"n_transp_3":0,"n_transp_4":0,"n_transp_5":0,"n_transp_6":6,"dim_acc":0,"dim_soc":0}},{"type":"Feature","id":88,"geometry":{"type":"Polygon","coordinates":[[[-73.7617,-42.4765],[-73.7615,-42.4764],[-73.7619,-42.4758],[-73.7615,-42.4764],[-73.7614,-42.4763],[-73.7624,-42.4738],[-73.7626,-42.4738],[-73.7637,-42.4749],[-73.7639,-42.4752],[-73.7639,-42.4765],[-73.7631,-42.4765],[-73.7629,-42.4756],[-73.7626,-42.4755],[-73.7624,-42.4755],[-73.7617,-42.4765]]]},"properties":{"OID":88,"MANZENT":10201011003000,"n_per":188,"n_hombres":83,"n_mujeres":105,"n_edad_0_5":6,"n_edad_6_1":13,"n_edad_14_":11,"n_edad_18_":20,"n_edad_25_":58,"n_edad_45_":36,"n_edad_60_":44,"n_transpor":6,"n_transp_1":15,"n_transp_2":31,"n_transp_3":1,"n_transp_4":0,"n_transp_5":0,"n_transp_6":3,"dim_acc":0,"dim_soc":0}},{"type":"Feature","id":89,"geometry":{"type":"Polygon","coordinates":[[[-73.763,-42.4781],[-73.7631,-42.4778],[-73.7638,-42.4777],[-73.7638,-42.4783],[-73.7634,-42.4783],[-73.7638,-42.4783],[-73.7637,-42.4793],[-73.7628,-42.4793],[-73.7625,-42.4794],[-73.7625,-42.4783],[-73.7625,-42.4794],[-73.7623,-42.4796],[-73.7623,-42.4794],[-73.7621,-42.4791],[-73.7622,-42.4784],[-73.7621,-42.4784],[-73.7621,-42.4784],[-73.7621,-42.4793],[-73.7608,-42.4793],[-73.7607,-42.4786],[-73.7602,-42.4776],[-73.7602,-42.4771],[-73.7604,-42.477],[-73.7612,-42.4767],[-73.7614,-42.4765],[-73.7618,-42.4765],[-73.7621,-42.4766],[-73.7618,-42.4765],[-73.7624,-42.4756],[-73.7625,-42.4755],[-73.7628,-42.4756],[-73.763,-42.4766],[-73.7639,-42.4766],[-73.7638,-42.4777],[-73.7631,-42.4777],[-73.763,-42.4781],[-73.7617,-42.478],[-73.763,-42.4781],[-73.763,-42.4787],[-73.763,-42.4781]]]},"properties":{"OID":89,"MANZENT":10201011003000,"n_per":472,"n_hombres":316,"n_mujeres":156,"n_edad_0_5":8,"n_edad_6_1":20,"n_edad_14_":11,"n_edad_18_":34,"n_edad_25_":185,"n_edad_45_":106,"n_edad_60_":108,"n_transpor":10,"n_transp_1":32,"n_transp_2":40,"n_transp_3":0,"n_transp_4":0,"n_transp_5":0,"n_transp_6":0,"dim_acc":0,"dim_soc":0}},{"type":"Feature","id":90,"geometry":{"type":"Polygon","coordinates":[[[-73.7705,-42.4776],[-73.7713,-42.4789],[-73.7709,-42.4792],[-73.771,-42.4794],[-73.7709,-42.4802],[-73.771,-42.4803],[-73.7709,-42.4806],[-73.7712,-42.481],[-73.7705,-42.4812],[-73.7698,-42.4808],[-73.7696,-42.4805],[-73.7686,-42.4804],[-73.7685,-42.4802],[-73.7686,-42.4798],[-73.7686,-42.4778],[-73.7705,-42.4776]]]},"properties":{"OID":90,"MANZENT":10201011003000,"n_per":20,"n_hombres":8,"n_mujeres":12,"n_edad_0_5":1,"n_edad_6_1":2,"n_edad_14_":2,"n_edad_18_":1,"n_edad_25_":9,"n_edad_45_":2,"n_edad_60_":3,"n_transpor":3,"n_transp_1":1,"n_transp_2":0,"n_transp_3":0,"n_transp_4":0,"n_transp_5":0,"n_transp_6":1,"dim_acc":0,"dim_soc":0}},{"type":"Feature","id":91,"geometry":{"type":"Polygon","coordinates":[[[-73.767,-42.4793],[-73.767,-42.4781],[-73.7684,-42.4781],[-73.7684,-42.4792],[-73.767,-42.4793]]]},"properties":{"OID":91,"MANZENT":10201011003000,"n_per":75,"n_hombres":38,"n_mujeres":37,"n_edad_0_5":4,"n_edad_6_1":2,"n_edad_14_":1,"n_edad_18_":3,"n_edad_25_":27,"n_edad_45_":10,"n_edad_60_":28,"n_transpor":5,"n_transp_1":2,"n_transp_2":20,"n_transp_3":0,"n_transp_4":0,"n_transp_5":0,"n_transp_6":1,"dim_acc":0,"dim_soc":0}},{"type":"Feature","id":92,"geometry":{"type":"Polygon","coordinates":[[[-73.7656,-42.4793],[-73.7655,-42.4792],[-73.7655,-42.4781],[-73.7668,-42.4781],[-73.7669,-42.4792],[-73.7656,-42.4793]]]},"properties":{"OID":92,"MANZENT":10201011003000,"n_per":73,"n_hombres":33,"n_mujeres":40,"n_edad_0_5":4,"n_edad_6_1":9,"n_edad_14_":4,"n_edad_18_":4,"n_edad_25_":17,"n_edad_45_":12,"n_edad_60_":23,"n_transpor":1,"n_transp_1":3,"n_transp_2":7,"n_transp_3":0,"n_transp_4":0,"n_transp_5":0,"n_transp_6":0,"dim_acc":0,"dim_soc":0}},{"type":"Feature","id":93,"geometry":{"type":"Polygon","coordinates":[[[-73.7644,-42.4793],[-73.7644,-42.4789],[-73.7645,-42.4789],[-73.7645,-42.4788],[-73.7647,-42.4788],[-73.7647,-42.4785],[-73.7647,-42.4786],[-73.7645,-42.4785],[-73.7645,-42.4786],[-73.7647,-42.4786],[-73.7647,-42.4788],[-73.7643,-42.4788],[-73.7643,-42.4793],[-73.7639,-42.4793],[-73.7639,-42.4781],[-73.7648,-42.4781],[-73.7648,-42.4783],[-73.7648,-42.4781],[-73.7654,-42.4781],[-73.7654,-42.4792],[-73.7644,-42.4793]]]},"properties":{"OID":93,"MANZENT":10201011003000,"n_per":63,"n_hombres":33,"n_mujeres":30,"n_edad_0_5":1,"n_edad_6_1":4,"n_edad_14_":4,"n_edad_18_":2,"n_edad_25_":16,"n_edad_45_":11,"n_edad_60_":25,"n_transpor":7,"n_transp_1":0,"n_transp_2":7,"n_transp_3":0,"n_transp_4":0,"n_transp_5":0,"n_transp_6":1,"dim_acc":0,"dim_soc":0}},{"type":"Feature","id":94,"geometry":{"type":"Polygon","coordinates":[[[-73.767,-42.4805],[-73.767,-42.4793],[-73.7678,-42.4793],[-73.7678,-42.4797],[-73.7678,-42.4793],[-73.7684,-42.4793],[-73.7684,-42.4804],[-73.767,-42.4805]]]},"properties":{"OID":94,"MANZENT":10201011003000,"n_per":44,"n_hombres":17,"n_mujeres":27,"n_edad_0_5":0,"n_edad_6_1":1,"n_edad_14_":2,"n_edad_18_":0,"n_edad_25_":13,"n_edad_45_":4,"n_edad_60_":24,"n_transpor":7,"n_transp_1":2,"n_transp_2":13,"n_transp_3":0,"n_transp_4":0,"n_transp_5":0,"n_transp_6":0,"dim_acc":0,"dim_soc":0}},{"type":"Feature","id":95,"geometry":{"type":"Polygon","coordinates":[[[-73.7655,-42.4805],[-73.7655,-42.4793],[-73.7668,-42.4793],[-73.7668,-42.4805],[-73.7655,-42.4805]]]},"properties":{"OID":95,"MANZENT":10201011003000,"n_per":114,"n_hombres":47,"n_mujeres":67,"n_edad_0_5":5,"n_edad_6_1":8,"n_edad_14_":4,"n_edad_18_":7,"n_edad_25_":28,"n_edad_45_":23,"n_edad_60_":39,"n_transpor":2,"n_transp_1":5,"n_transp_2":15,"n_transp_3":0,"n_transp_4":0,"n_transp_5":0,"n_transp_6":1,"dim_acc":0,"dim_soc":0}},{"type":"Feature","id":96,"geometry":{"type":"Polygon","coordinates":[[[-73.7614,-42.4794],[-73.7622,-42.4793],[-73.7622,-42.4794],[-73.7621,-42.4805],[-73.7617,-42.4805],[-73.7615,-42.4802],[-73.7604,-42.4801],[-73.7608,-42.4794],[-73.7611,-42.4794],[-73.7611,-42.4797],[-73.7612,-42.4794],[-73.7614,-42.4794]]]},"properties":{"OID":96,"MANZENT":10201011003000,"n_per":75,"n_hombres":42,"n_mujeres":33,"n_edad_0_5":4,"n_edad_6_1":5,"n_edad_14_":3,"n_edad_18_":4,"n_edad_25_":20,"n_edad_45_":16,"n_edad_60_":23,"n_transpor":9,"n_transp_1":7,"n_transp_2":9,"n_transp_3":0,"n_transp_4":1,"n_transp_5":0,"n_transp_6":4,"dim_acc":0,"dim_soc":0}},{"type":"Feature","id":97,"geometry":{"type":"Polygon","coordinates":[[[-73.7623,-42.4805],[-73.7622,-42.4804],[-73.7623,-42.4797],[-73.7623,-42.4796],[-73.7628,-42.4794],[-73.7637,-42.4794],[-73.7637,-42.4805],[-73.7623,-42.4805]]]},"properties":{"OID":97,"MANZENT":10201011003000,"n_per":54,"n_hombres":32,"n_mujeres":22,"n_edad_0_5":1,"n_edad_6_1":2,"n_edad_14_":2,"n_edad_18_":12,"n_edad_25_":12,"n_edad_45_":12,"n_edad_60_":13,"n_transpor":2,"n_transp_1":3,"n_transp_2":1,"n_transp_3":1,"n_transp_4":0,"n_transp_5":0,"n_transp_6":1,"dim_acc":0,"dim_soc":0}},{"type":"Feature","id":98,"geometry":{"type":"Polygon","coordinates":[[[-73.76,-42.4821],[-73.7596,-42.4818],[-73.76,-42.481],[-73.7601,-42.481],[-73.7603,-42.4807],[-73.7602,-42.4806],[-73.7604,-42.4801],[-73.7608,-42.4802],[-73.7609,-42.4803],[-73.7605,-42.4815],[-73.7611,-42.4821],[-73.761,-42.4825],[-73.7609,-42.4826],[-73.76,-42.4821]]]},"properties":{"OID":98,"MANZENT":10201011003000,"n_per":75,"n_hombres":40,"n_mujeres":35,"n_edad_0_5":4,"n_edad_6_1":8,"n_edad_14_":3,"n_edad_18_":9,"n_edad_25_":27,"n_edad_45_":13,"n_edad_60_":11,"n_transpor":7,"n_transp_1":8,"n_transp_2":21,"n_transp_3":1,"n_transp_4":0,"n_transp_5":0,"n_transp_6":1,"dim_acc":0,"dim_soc":0}},{"type":"Feature","id":99,"geometry":{"type":"Polygon","coordinates":[[[-73.7609,-42.4804],[-73.7609,-42.4802],[-73.7615,-42.4803],[-73.7617,-42.4806],[-73.7621,-42.4806],[-73.7621,-42.4813],[-73.7611,-42.4811],[-73.7621,-42.4813],[-73.7621,-42.4817],[-73.7611,-42.4818],[-73.761,-42.482],[-73.7606,-42.4814],[-73.7609,-42.4804]]]},"properties":{"OID":99,"MANZENT":10201011003000,"n_per":98,"n_hombres":45,"n_mujeres":53,"n_edad_0_5":6,"n_edad_6_1":6,"n_edad_14_":6,"n_edad_18_":6,"n_edad_25_":29,"n_edad_45_":13,"n_edad_60_":32,"n_transpor":5,"n_transp_1":3,"n_transp_2":7,"n_transp_3":0,"n_transp_4":0,"n_transp_5":0,"n_transp_6":3,"dim_acc":0,"dim_soc":0}},{"type":"Feature","id":100,"geometry":{"type":"Polygon","coordinates":[[[-73.7693,-42.4805],[-73.7696,-42.4805],[-73.7698,-42.4808],[-73.7705,-42.4812],[-73.7702,-42.4813],[-73.7686,-42.4822],[-73.7685,-42.4817],[-73.769,-42.4817],[-73.7692,-42.4816],[-73.7693,-42.4805]]]},"properties":{"OID":100,"MANZENT":10201011003000,"n_per":15,"n_hombres":10,"n_mujeres":5,"n_edad_0_5":1,"n_edad_6_1":0,"n_edad_14_":0,"n_edad_18_":1,"n_edad_25_":4,"n_edad_45_":4,"n_edad_60_":5,"n_transpor":2,"n_transp_1":3,"n_transp_2":2,"n_transp_3":0,"n_transp_4":0,"n_transp_5":0,"n_transp_6":0,"dim_acc":0,"dim_soc":0}},{"type":"Feature","id":101,"geometry":{"type":"Polygon","coordinates":[[[-73.7692,-42.4805],[-73.7692,-42.4816],[-73.7686,-42.4816],[-73.7685,-42.4805],[-73.7692,-42.4805]]]},"properties":{"OID":101,"MANZENT":10201011003000,"n_per":40,"n_hombres":19,"n_mujeres":21,"n_edad_0_5":0,"n_edad_6_1":3,"n_edad_14_":0,"n_edad_18_":2,"n_edad_25_":14,"n_edad_45_":8,"n_edad_60_":13,"n_transpor":1,"n_transp_1":1,"n_transp_2":7,"n_transp_3":0,"n_transp_4":0,"n_transp_5":0,"n_transp_6":0,"dim_acc":0,"dim_soc":0}},{"type":"Feature","id":102,"geometry":{"type":"Polygon","coordinates":[[[-73.7684,-42.4806],[-73.7684,-42.4816],[-73.7673,-42.4817],[-73.7672,-42.4814],[-73.7672,-42.4817],[-73.767,-42.4817],[-73.767,-42.4805],[-73.7684,-42.4805],[-73.7684,-42.4806]]]},"properties":{"OID":102,"MANZENT":10201011003000,"n_per":44,"n_hombres":23,"n_mujeres":21,"n_edad_0_5":0,"n_edad_6_1":2,"n_edad_14_":0,"n_edad_18_":5,"n_edad_25_":13,"n_edad_45_":7,"n_edad_60_":17,"n_transpor":4,"n_transp_1":0,"n_transp_2":7,"n_transp_3":0,"n_transp_4":0,"n_transp_5":0,"n_transp_6":0,"dim_acc":0,"dim_soc":0}},{"type":"Feature","id":103,"geometry":{"type":"Polygon","coordinates":[[[-73.7655,-42.4817],[-73.7654,-42.4817],[-73.7655,-42.4806],[-73.7668,-42.4805],[-73.7668,-42.4817],[-73.7655,-42.4817]]]},"properties":{"OID":103,"MANZENT":10201011003000,"n_per":86,"n_hombres":36,"n_mujeres":50,"n_edad_0_5":2,"n_edad_6_1":4,"n_edad_14_":2,"n_edad_18_":1,"n_edad_25_":26,"n_edad_45_":13,"n_edad_60_":38,"n_transpor":3,"n_transp_1":8,"n_transp_2":6,"n_transp_3":0,"n_transp_4":0,"n_transp_5":0,"n_transp_6":1,"dim_acc":0,"dim_soc":0}},{"type":"Feature","id":104,"geometry":{"type":"Polygon","coordinates":[[[-73.7636,-42.4817],[-73.7622,-42.4817],[-73.7623,-42.4806],[-73.7637,-42.4806],[-73.7636,-42.4817]]]},"properties":{"OID":104,"MANZENT":10201011003000,"n_per":48,"n_hombres":27,"n_mujeres":21,"n_edad_0_5":2,"n_edad_6_1":0,"n_edad_14_":1,"n_edad_18_":4,"n_edad_25_":12,"n_edad_45_":10,"n_edad_60_":19,"n_transpor":3,"n_transp_1":5,"n_transp_2":13,"n_transp_3":0,"n_transp_4":0,"n_transp_5":0,"n_transp_6":0,"dim_acc":0,"dim_soc":0}},{"type":"Feature","id":105,"geometry":{"type":"Polygon","coordinates":[[[-73.7638,-42.4817],[-73.7638,-42.4817],[-73.7638,-42.4806],[-73.7653,-42.4806],[-73.7653,-42.4817],[-73.7638,-42.4817]]]},"properties":{"OID":105,"MANZENT":10201011003000,"n_per":41,"n_hombres":21,"n_mujeres":20,"n_edad_0_5":0,"n_edad_6_1":1,"n_edad_14_":3,"n_edad_18_":1,"n_edad_25_":15,"n_edad_45_":10,"n_edad_60_":11,"n_transpor":4,"n_transp_1":2,"n_transp_2":12,"n_transp_3":0,"n_transp_4":0,"n_transp_5":0,"n_transp_6":1,"dim_acc":0,"dim_soc":0}},{"type":"Feature","id":106,"geometry":{"type":"Polygon","coordinates":[[[-73.7699,-42.4824],[-73.7702,-42.4818],[-73.7704,-42.4815],[-73.7714,-42.4811],[-73.7714,-42.4812],[-73.7708,-42.4816],[-73.7697,-42.4825],[-73.7687,-42.4832],[-73.7672,-42.4839],[-73.7659,-42.485],[-73.7651,-42.4854],[-73.7647,-42.4855],[-73.7641,-42.4856],[-73.7619,-42.4851],[-73.7621,-42.4841],[-73.7621,-42.4841],[-73.7636,-42.4841],[-73.7636,-42.4847],[-73.7629,-42.485],[-73.7633,-42.485],[-73.7636,-42.4848],[-73.7637,-42.485],[-73.7641,-42.4851],[-73.7653,-42.4849],[-73.7658,-42.4846],[-73.7674,-42.4835],[-73.7686,-42.483],[-73.7692,-42.4826],[-73.7701,-42.4819],[-73.7698,-42.4824],[-73.7699,-42.4824]]]},"properties":{"OID":106,"MANZENT":10201011003000,"n_per":59,"n_hombres":30,"n_mujeres":29,"n_edad_0_5":0,"n_edad_6_1":3,"n_edad_14_":4,"n_edad_18_":3,"n_edad_25_":16,"n_edad_45_":10,"n_edad_60_":23,"n_transpor":1,"n_transp_1":1,"n_transp_2":6,"n_transp_3":0,"n_transp_4":0,"n_transp_5":0,"n_transp_6":1,"dim_acc":0,"dim_soc":0}},{"type":"Feature","id":107,"geometry":{"type":"Polygon","coordinates":[[[-73.7667,-42.4829],[-73.7673,-42.4829],[-73.7675,-42.4828],[-73.7702,-42.4814],[-73.7705,-42.4813],[-73.7694,-42.4824],[-73.7684,-42.483],[-73.7673,-42.4834],[-73.7655,-42.4847],[-73.765,-42.4849],[-73.7645,-42.485],[-73.7641,-42.485],[-73.7638,-42.4849],[-73.7637,-42.4846],[-73.7637,-42.4841],[-73.766,-42.4841],[-73.7666,-42.4835],[-73.7667,-42.4829]]]},"properties":{"OID":107,"MANZENT":10201011003000,"n_per":26,"n_hombres":14,"n_mujeres":12,"n_edad_0_5":0,"n_edad_6_1":1,"n_edad_14_":0,"n_edad_18_":1,"n_edad_25_":2,"n_edad_45_":6,"n_edad_60_":16,"n_transpor":5,"n_transp_1":1,"n_transp_2":6,"n_transp_3":0,"n_transp_4":0,"n_transp_5":0,"n_transp_6":1,"dim_acc":0,"dim_soc":0}},{"type":"Feature","id":108,"geometry":{"type":"Polygon","coordinates":[[[-73.7679,-42.4825],[-73.7678,-42.4826],[-73.7676,-42.4825],[-73.7678,-42.4826],[-73.7673,-42.4828],[-73.7669,-42.4828],[-73.767,-42.4818],[-73.7684,-42.4817],[-73.7684,-42.4821],[-73.7681,-42.4821],[-73.7681,-42.482],[-73.768,-42.482],[-73.7681,-42.482],[-73.7681,-42.4821],[-73.7684,-42.4821],[-73.7684,-42.4823],[-73.7679,-42.4825]]]},"properties":{"OID":108,"MANZENT":10201011003000,"n_per":49,"n_hombres":29,"n_mujeres":20,"n_edad_0_5":2,"n_edad_6_1":2,"n_edad_14_":1,"n_edad_18_":5,"n_edad_25_":9,"n_edad_45_":14,"n_edad_60_":16,"n_transpor":2,"n_transp_1":1,"n_transp_2":6,"n_transp_3":0,"n_transp_4":0,"n_transp_5":0,"n_transp_6":1,"dim_acc":0,"dim_soc":0}},{"type":"Feature","id":109,"geometry":{"type":"Polygon","coordinates":[[[-73.7654,-42.4827],[-73.7654,-42.4818],[-73.7669,-42.4817],[-73.7669,-42.4828],[-73.7654,-42.4828],[-73.7654,-42.4827]]]},"properties":{"OID":109,"MANZENT":10201011003000,"n_per":33,"n_hombres":20,"n_mujeres":13,"n_edad_0_5":3,"n_edad_6_1":3,"n_edad_14_":1,"n_edad_18_":6,"n_edad_25_":13,"n_edad_45_":2,"n_edad_60_":5,"n_transpor":1,"n_transp_1":2,"n_transp_2":10,"n_transp_3":0,"n_transp_4":0,"n_transp_5":0,"n_transp_6":0,"dim_acc":0,"dim_soc":0}},{"type":"Feature","id":110,"geometry":{"type":"Polygon","coordinates":[[[-73.7622,-42.4828],[-73.7621,-42.4828],[-73.7622,-42.4818],[-73.7636,-42.4818],[-73.7636,-42.4828],[-73.7622,-42.4828]]]},"properties":{"OID":110,"MANZENT":10201011003000,"n_per":28,"n_hombres":13,"n_mujeres":15,"n_edad_0_5":1,"n_edad_6_1":1,"n_edad_14_":0,"n_edad_18_":2,"n_edad_25_":8,"n_edad_45_":4,"n_edad_60_":12,"n_transpor":1,"n_transp_1":3,"n_transp_2":2,"n_transp_3":0,"n_transp_4":0,"n_transp_5":0,"n_transp_6":0,"dim_acc":0,"dim_soc":0}},{"type":"Feature","id":111,"geometry":{"type":"Polygon","coordinates":[[[-73.762,-42.4818],[-73.7621,-42.4819],[-73.762,-42.4828],[-73.7615,-42.4828],[-73.761,-42.4826],[-73.7611,-42.4823],[-73.7611,-42.4818],[-73.762,-42.4818]]]},"properties":{"OID":111,"MANZENT":10201011003000,"n_per":61,"n_hombres":31,"n_mujeres":30,"n_edad_0_5":3,"n_edad_6_1":9,"n_edad_14_":3,"n_edad_18_":6,"n_edad_25_":23,"n_edad_45_":7,"n_edad_60_":10,"n_transpor":0,"n_transp_1":3,"n_transp_2":7,"n_transp_3":0,"n_transp_4":0,"n_transp_5":0,"n_transp_6":4,"dim_acc":0,"dim_soc":0}},{"type":"Feature","id":112,"geometry":{"type":"Polygon","coordinates":[[[-73.7594,-42.4823],[-73.76,-42.4821],[-73.7611,-42.4827],[-73.762,-42.4829],[-73.762,-42.4838],[-73.7615,-42.4838],[-73.762,-42.4838],[-73.7618,-42.4851],[-73.7616,-42.485],[-73.7603,-42.4836],[-73.7594,-42.4823]]]},"properties":{"OID":112,"MANZENT":10201011003000,"n_per":142,"n_hombres":69,"n_mujeres":73,"n_edad_0_5":1,"n_edad_6_1":7,"n_edad_14_":6,"n_edad_18_":4,"n_edad_25_":44,"n_edad_45_":31,"n_edad_60_":49,"n_transpor":8,"n_transp_1":10,"n_transp_2":21,"n_transp_3":0,"n_transp_4":0,"n_transp_5":0,"n_transp_6":1,"dim_acc":0,"dim_soc":0}},{"type":"Feature","id":113,"geometry":{"type":"Polygon","coordinates":[[[-73.764,-42.4856],[-73.7628,-42.4856],[-73.7625,-42.4855],[-73.7614,-42.4853],[-73.7611,-42.4852],[-73.7608,-42.4849],[-73.7605,-42.4849],[-73.7599,-42.484],[-73.7598,-42.484],[-73.7595,-42.4836],[-73.7596,-42.4835],[-73.7595,-42.4834],[-73.7594,-42.4834],[-73.759,-42.4825],[-73.7591,-42.4823],[-73.7593,-42.4823],[-73.7598,-42.4831],[-73.761,-42.4844],[-73.7609,-42.4846],[-73.7609,-42.4849],[-73.7612,-42.4852],[-73.7613,-42.4853],[-73.7609,-42.4849],[-73.761,-42.4845],[-73.7615,-42.4851],[-73.764,-42.4856]]]},"properties":{"OID":113,"MANZENT":10201011003000,"n_per":85,"n_hombres":45,"n_mujeres":40,"n_edad_0_5":2,"n_edad_6_1":5,"n_edad_14_":4,"n_edad_18_":8,"n_edad_25_":28,"n_edad_45_":23,"n_edad_60_":15,"n_transpor":0,"n_transp_1":5,"n_transp_2":1,"n_transp_3":0,"n_transp_4":0,"n_transp_5":0,"n_transp_6":1,"dim_acc":0,"dim_soc":0}},{"type":"Feature","id":114,"geometry":{"type":"Polygon","coordinates":[[[-73.7654,-42.4829],[-73.7665,-42.4829],[-73.7665,-42.4834],[-73.7654,-42.4834],[-73.7654,-42.4829]]]},"properties":{"OID":114,"MANZENT":10201011003000,"n_per":13,"n_hombres":5,"n_mujeres":8,"n_edad_0_5":1,"n_edad_6_1":1,"n_edad_14_":0,"n_edad_18_":0,"n_edad_25_":2,"n_edad_45_":1,"n_edad_60_":8,"n_transpor":0,"n_transp_1":1,"n_transp_2":2,"n_transp_3":0,"n_transp_4":0,"n_transp_5":0,"n_transp_6":0,"dim_acc":0,"dim_soc":0}},{"type":"Feature","id":115,"geometry":{"type":"Polygon","coordinates":[[[-73.7638,-42.4829],[-73.7653,-42.4829],[-73.7652,-42.484],[-73.7637,-42.484],[-73.7637,-42.4829],[-73.7638,-42.4829]]]},"properties":{"OID":115,"MANZENT":10201011003000,"n_per":17,"n_hombres":9,"n_mujeres":8,"n_edad_0_5":1,"n_edad_6_1":0,"n_edad_14_":0,"n_edad_18_":1,"n_edad_25_":8,"n_edad_45_":2,"n_edad_60_":5,"n_transpor":1,"n_transp_1":0,"n_transp_2":1,"n_transp_3":0,"n_transp_4":0,"n_transp_5":0,"n_transp_6":1,"dim_acc":0,"dim_soc":0}},{"type":"Feature","id":116,"geometry":{"type":"Polygon","coordinates":[[[-73.7635,-42.484],[-73.7629,-42.484],[-73.7629,-42.4838],[-73.7629,-42.484],[-73.7621,-42.484],[-73.7622,-42.4829],[-73.7636,-42.4829],[-73.7635,-42.484]]]},"properties":{"OID":116,"MANZENT":10201011003000,"n_per":49,"n_hombres":25,"n_mujeres":24,"n_edad_0_5":2,"n_edad_6_1":2,"n_edad_14_":0,"n_edad_18_":3,"n_edad_25_":15,"n_edad_45_":15,"n_edad_60_":12,"n_transpor":3,"n_transp_1":2,"n_transp_2":3,"n_transp_3":0,"n_transp_4":0,"n_transp_5":0,"n_transp_6":0,"dim_acc":0,"dim_soc":0}},{"type":"Feature","id":117,"geometry":{"type":"Polygon","coordinates":[[[-73.7654,-42.484],[-73.7654,-42.4835],[-73.7665,-42.4835],[-73.766,-42.484],[-73.7654,-42.484],[-73.7654,-42.484]]]},"properties":{"OID":117,"MANZENT":10201011003000,"n_per":10,"n_hombres":6,"n_mujeres":4,"n_edad_0_5":0,"n_edad_6_1":2,"n_edad_14_":0,"n_edad_18_":0,"n_edad_25_":2,"n_edad_45_":4,"n_edad_60_":2,"n_transpor":4,"n_transp_1":0,"n_transp_2":2,"n_transp_3":0,"n_transp_4":0,"n_transp_5":0,"n_transp_6":0,"dim_acc":0,"dim_soc":0}},{"type":"Feature","id":118,"geometry":{"type":"Polygon","coordinates":[[[-73.7828,-42.4707],[-73.7823,-42.4701],[-73.7831,-42.4699],[-73.7836,-42.4707],[-73.7834,-42.4708],[-73.7836,-42.4711],[-73.7835,-42.4711],[-73.7839,-42.471],[-73.7843,-42.4714],[-73.7842,-42.4717],[-73.7844,-42.4719],[-73.7838,-42.4724],[-73.7825,-42.473],[-73.7816,-42.4723],[-73.7818,-42.4721],[-73.7825,-42.4725],[-73.7825,-42.4725],[-73.7819,-42.472],[-73.7821,-42.4719],[-73.7824,-42.472],[-73.7821,-42.4718],[-73.7826,-42.4715],[-73.7829,-42.4718],[-73.7828,-42.4716],[-73.7826,-42.4715],[-73.7832,-42.4712],[-73.7827,-42.4714],[-73.7823,-42.4714],[-73.7826,-42.4715],[-73.7822,-42.4717],[-73.782,-42.4715],[-73.7822,-42.4717],[-73.7818,-42.472],[-73.7815,-42.4718],[-73.7813,-42.4714],[-73.7816,-42.4711],[-73.7819,-42.471],[-73.7818,-42.4709],[-73.7813,-42.4713],[-73.781,-42.4712],[-73.7804,-42.4716],[-73.7799,-42.471],[-73.7807,-42.4706],[-73.7812,-42.4707],[-73.782,-42.4704],[-73.7823,-42.4709],[-73.782,-42.4704],[-73.7824,-42.4703],[-73.7828,-42.4707]]]},"properties":{"OID":118,"MANZENT":10201011004000,"n_per":354,"n_hombres":176,"n_mujeres":178,"n_edad_0_5":16,"n_edad_6_1":36,"n_edad_14_":18,"n_edad_18_":30,"n_edad_25_":110,"n_edad_45_":64,"n_edad_60_":80,"n_transpor":30,"n_transp_1":36,"n_transp_2":36,"n_transp_3":0,"n_transp_4":0,"n_transp_5":0,"n_transp_6":27,"dim_acc":0,"dim_soc":0}},{"type":"Feature","id":119,"geometry":{"type":"Polygon","coordinates":[[[-73.7808,-42.4706],[-73.7815,-42.4702],[-73.782,-42.4701],[-73.7822,-42.4701],[-73.7823,-42.4703],[-73.7812,-42.4707],[-73.7808,-42.4706]]]},"properties":{"OID":119,"MANZENT":10201011004000,"n_per":39,"n_hombres":16,"n_mujeres":23,"n_edad_0_5":1,"n_edad_6_1":5,"n_edad_14_":2,"n_edad_18_":0,"n_edad_25_":15,"n_edad_45_":4,"n_edad_60_":12,"n_transpor":4,"n_transp_1":8,"n_transp_2":2,"n_transp_3":0,"n_transp_4":0,"n_transp_5":0,"n_transp_6":1,"dim_acc":0,"dim_soc":0}},{"type":"Feature","id":120,"geometry":{"type":"Polygon","coordinates":[[[-73.7838,-42.4709],[-73.7836,-42.471],[-73.7834,-42.4708],[-73.7836,-42.4707],[-73.7838,-42.4709]]]},"properties":{"OID":120,"MANZENT":10201011004000,"n_per":12,"n_hombres":9,"n_mujeres":3,"n_edad_0_5":0,"n_edad_6_1":0,"n_edad_14_":1,"n_edad_18_":0,"n_edad_25_":8,"n_edad_45_":1,"n_edad_60_":2,"n_transpor":7,"n_transp_1":0,"n_transp_2":1,"n_transp_3":0,"n_transp_4":0,"n_transp_5":0,"n_transp_6":0,"dim_acc":0,"dim_soc":0}},{"type":"Feature","id":121,"geometry":{"type":"Polygon","coordinates":[[[-73.7791,-42.4721],[-73.7787,-42.4717],[-73.7798,-42.4711],[-73.7802,-42.4714],[-73.7791,-42.4721]]]},"properties":{"OID":121,"MANZENT":10201011004000,"n_per":45,"n_hombres":26,"n_mujeres":19,"n_edad_0_5":1,"n_edad_6_1":2,"n_edad_14_":2,"n_edad_18_":6,"n_edad_25_":8,"n_edad_45_":16,"n_edad_60_":10,"n_transpor":3,"n_transp_1":10,"n_transp_2":10,"n_transp_3":0,"n_transp_4":0,"n_transp_5":0,"n_transp_6":3,"dim_acc":0,"dim_soc":0}},{"type":"Feature","id":122,"geometry":{"type":"Polygon","coordinates":[[[-73.781,-42.4712],[-73.7813,-42.4713],[-73.7812,-42.4714],[-73.7813,-42.4716],[-73.7818,-42.4721],[-73.7815,-42.4723],[-73.7814,-42.4722],[-73.7815,-42.4724],[-73.781,-42.4726],[-73.7804,-42.4716],[-73.781,-42.4712]]]},"properties":{"OID":122,"MANZENT":10201011004000,"n_per":97,"n_hombres":48,"n_mujeres":49,"n_edad_0_5":5,"n_edad_6_1":5,"n_edad_14_":4,"n_edad_18_":8,"n_edad_25_":32,"n_edad_45_":19,"n_edad_60_":24,"n_transpor":14,"n_transp_1":19,"n_transp_2":8,"n_transp_3":0,"n_transp_4":0,"n_transp_5":0,"n_transp_6":4,"dim_acc":0,"dim_soc":0}},{"type":"Feature","id":123,"geometry":{"type":"Polygon","coordinates":[[[-73.7806,-42.4733],[-73.7798,-42.4718],[-73.7802,-42.4715],[-73.7804,-42.4716],[-73.781,-42.4728],[-73.781,-42.4732],[-73.7806,-42.4733]]]},"properties":{"OID":123,"MANZENT":10201011004000,"n_per":100,"n_hombres":54,"n_mujeres":46,"n_edad_0_5":8,"n_edad_6_1":8,"n_edad_14_":4,"n_edad_18_":7,"n_edad_25_":28,"n_edad_45_":23,"n_edad_60_":22,"n_transpor":9,"n_transp_1":15,"n_transp_2":15,"n_transp_3":1,"n_transp_4":0,"n_transp_5":0,"n_transp_6":8,"dim_acc":0,"dim_soc":0}},{"type":"Feature","id":124,"geometry":{"type":"Polygon","coordinates":[[[-73.777,-42.4732],[-73.7768,-42.4728],[-73.7786,-42.4717],[-73.779,-42.4722],[-73.7777,-42.473],[-73.777,-42.4732]]]},"properties":{"OID":124,"MANZENT":10201011004000,"n_per":105,"n_hombres":47,"n_mujeres":58,"n_edad_0_5":8,"n_edad_6_1":9,"n_edad_14_":3,"n_edad_18_":6,"n_edad_25_":35,"n_edad_45_":13,"n_edad_60_":31,"n_transpor":3,"n_transp_1":9,"n_transp_2":3,"n_transp_3":0,"n_transp_4":0,"n_transp_5":0,"n_transp_6":1,"dim_acc":0,"dim_soc":0}},{"type":"Feature","id":125,"geometry":{"type":"Polygon","coordinates":[[[-73.78,-42.4735],[-73.7792,-42.4721],[-73.7797,-42.4718],[-73.7805,-42.4733],[-73.78,-42.4735]]]},"properties":{"OID":125,"MANZENT":10201011004000,"n_per":101,"n_hombres":47,"n_mujeres":54,"n_edad_0_5":3,"n_edad_6_1":6,"n_edad_14_":6,"n_edad_18_":7,"n_edad_25_":24,"n_edad_45_":21,"n_edad_60_":34,"n_transpor":8,"n_transp_1":14,"n_transp_2":13,"n_transp_3":0,"n_transp_4":0,"n_transp_5":0,"n_transp_6":7,"dim_acc":0,"dim_soc":0}},{"type":"Feature","id":126,"geometry":{"type":"Polygon","coordinates":[[[-73.7793,-42.4737],[-73.7786,-42.4725],[-73.7791,-42.4722],[-73.7799,-42.4735],[-73.7793,-42.4737]]]},"properties":{"OID":126,"MANZENT":10201011004000,"n_per":64,"n_hombres":37,"n_mujeres":27,"n_edad_0_5":2,"n_edad_6_1":6,"n_edad_14_":3,"n_edad_18_":4,"n_edad_25_":15,"n_edad_45_":14,"n_edad_60_":20,"n_transpor":3,"n_transp_1":11,"n_transp_2":3,"n_transp_3":0,"n_transp_4":0,"n_transp_5":0,"n_transp_6":0,"dim_acc":0,"dim_soc":0}},{"type":"Feature","id":127,"geometry":{"type":"Polygon","coordinates":[[[-73.7752,-42.4732],[-73.7749,-42.4726],[-73.7763,-42.4722],[-73.7766,-42.4728],[-73.7752,-42.4732]]]},"properties":{"OID":127,"MANZENT":10201011004000,"n_per":51,"n_hombres":24,"n_mujeres":27,"n_edad_0_5":0,"n_edad_6_1":2,"n_edad_14_":4,"n_edad_18_":5,"n_edad_25_":13,"n_edad_45_":12,"n_edad_60_":15,"n_transpor":5,"n_transp_1":3,"n_transp_2":3,"n_transp_3":0,"n_transp_4":0,"n_transp_5":0,"n_transp_6":2,"dim_acc":0,"dim_soc":0}},{"type":"Feature","id":128,"geometry":{"type":"Polygon","coordinates":[[[-73.7825,-42.473],[-73.7811,-42.4731],[-73.781,-42.4726],[-73.7815,-42.4724],[-73.7819,-42.4727],[-73.7815,-42.4729],[-73.782,-42.4727],[-73.7825,-42.473]]]},"properties":{"OID":128,"MANZENT":10201011004000,"n_per":52,"n_hombres":27,"n_mujeres":25,"n_edad_0_5":4,"n_edad_6_1":3,"n_edad_14_":3,"n_edad_18_":2,"n_edad_25_":19,"n_edad_45_":9,"n_edad_60_":12,"n_transpor":4,"n_transp_1":7,"n_transp_2":10,"n_transp_3":1,"n_transp_4":0,"n_transp_5":0,"n_transp_6":1,"dim_acc":0,"dim_soc":0}},{"type":"Feature","id":129,"geometry":{"type":"Polygon","coordinates":[[[-73.7787,-42.4739],[-73.7781,-42.4728],[-73.7786,-42.4725],[-73.7792,-42.4737],[-73.7787,-42.4739]]]},"properties":{"OID":129,"MANZENT":10201011004000,"n_per":56,"n_hombres":24,"n_mujeres":32,"n_edad_0_5":2,"n_edad_6_1":1,"n_edad_14_":1,"n_edad_18_":6,"n_edad_25_":9,"n_edad_45_":16,"n_edad_60_":21,"n_transpor":2,"n_transp_1":1,"n_transp_2":2,"n_transp_3":0,"n_transp_4":0,"n_transp_5":0,"n_transp_6":1,"dim_acc":0,"dim_soc":0}},{"type":"Feature","id":130,"geometry":{"type":"Polygon","coordinates":[[[-73.7739,-42.4737],[-73.7734,-42.4731],[-73.7748,-42.4726],[-73.7751,-42.4732],[-73.7739,-42.4737]]]},"properties":{"OID":130,"MANZENT":10201011004000,"n_per":54,"n_hombres":25,"n_mujeres":29,"n_edad_0_5":4,"n_edad_6_1":3,"n_edad_14_":1,"n_edad_18_":3,"n_edad_25_":19,"n_edad_45_":5,"n_edad_60_":19,"n_transpor":6,"n_transp_1":4,"n_transp_2":4,"n_transp_3":0,"n_transp_4":0,"n_transp_5":0,"n_transp_6":1,"dim_acc":0,"dim_soc":0}},{"type":"Feature","id":131,"geometry":{"type":"Polygon","coordinates":[[[-73.7781,-42.474],[-73.7776,-42.4731],[-73.778,-42.4729],[-73.7786,-42.4739],[-73.7781,-42.474]]]},"properties":{"OID":131,"MANZENT":10201011004000,"n_per":63,"n_hombres":34,"n_mujeres":29,"n_edad_0_5":1,"n_edad_6_1":4,"n_edad_14_":4,"n_edad_18_":6,"n_edad_25_":10,"n_edad_45_":12,"n_edad_60_":26,"n_transpor":0,"n_transp_1":0,"n_transp_2":0,"n_transp_3":0,"n_transp_4":0,"n_transp_5":0,"n_transp_6":1,"dim_acc":0,"dim_soc":0}},{"type":"Feature","id":132,"geometry":{"type":"Polygon","coordinates":[[[-73.7756,-42.4736],[-73.7754,-42.4737],[-73.7752,-42.4733],[-73.7766,-42.4729],[-73.7768,-42.4733],[-73.7756,-42.4736]]]},"properties":{"OID":132,"MANZENT":10201011004000,"n_per":50,"n_hombres":23,"n_mujeres":27,"n_edad_0_5":0,"n_edad_6_1":12,"n_edad_14_":7,"n_edad_18_":1,"n_edad_25_":17,"n_edad_45_":7,"n_edad_60_":6,"n_transpor":5,"n_transp_1":2,"n_transp_2":2,"n_transp_3":0,"n_transp_4":0,"n_transp_5":0,"n_transp_6":1,"dim_acc":0,"dim_soc":0}},{"type":"Feature","id":133,"geometry":{"type":"Polygon","coordinates":[[[-73.7775,-42.4742],[-73.777,-42.4733],[-73.7775,-42.4731],[-73.7781,-42.474],[-73.7775,-42.4742]]]},"properties":{"OID":133,"MANZENT":10201011004000,"n_per":39,"n_hombres":24,"n_mujeres":15,"n_edad_0_5":1,"n_edad_6_1":2,"n_edad_14_":2,"n_edad_18_":2,"n_edad_25_":17,"n_edad_45_":9,"n_edad_60_":6,"n_transpor":7,"n_transp_1":1,"n_transp_2":1,"n_transp_3":0,"n_transp_4":0,"n_transp_5":0,"n_transp_6":1,"dim_acc":0,"dim_soc":0}},{"type":"Feature","id":134,"geometry":{"type":"Polygon","coordinates":[[[-73.7747,-42.4746],[-73.774,-42.4738],[-73.7751,-42.4733],[-73.7756,-42.4743],[-73.7747,-42.4746]]]},"properties":{"OID":134,"MANZENT":10201011004000,"n_per":123,"n_hombres":60,"n_mujeres":63,"n_edad_0_5":4,"n_edad_6_1":16,"n_edad_14_":5,"n_edad_18_":7,"n_edad_25_":42,"n_edad_45_":22,"n_edad_60_":27,"n_transpor":9,"n_transp_1":20,"n_transp_2":11,"n_transp_3":0,"n_transp_4":0,"n_transp_5":0,"n_transp_6":4,"dim_acc":0,"dim_soc":0}},{"type":"Feature","id":135,"geometry":{"type":"Polygon","coordinates":[[[-73.7731,-42.4751],[-73.7728,-42.4745],[-73.7739,-42.4739],[-73.7745,-42.4746],[-73.7731,-42.4751]]]},"properties":{"OID":135,"MANZENT":10201011004000,"n_per":59,"n_hombres":27,"n_mujeres":32,"n_edad_0_5":6,"n_edad_6_1":8,"n_edad_14_":1,"n_edad_18_":5,"n_edad_25_":12,"n_edad_45_":11,"n_edad_60_":16,"n_transpor":0,"n_transp_1":0,"n_transp_2":3,"n_transp_3":0,"n_transp_4":0,"n_transp_5":0,"n_transp_6":3,"dim_acc":0,"dim_soc":0}},{"type":"Feature","id":136,"geometry":{"type":"Polygon","coordinates":[[[-73.7775,-42.4745],[-73.7771,-42.4746],[-73.7768,-42.474],[-73.7772,-42.4739],[-73.7775,-42.4745]]]},"properties":{"OID":136,"MANZENT":10201011004000,"n_per":37,"n_hombres":20,"n_mujeres":17,"n_edad_0_5":3,"n_edad_6_1":2,"n_edad_14_":1,"n_edad_18_":1,"n_edad_25_":8,"n_edad_45_":7,"n_edad_60_":15,"n_transpor":3,"n_transp_1":6,"n_transp_2":3,"n_transp_3":0,"n_transp_4":0,"n_transp_5":0,"n_transp_6":0,"dim_acc":0,"dim_soc":0}},{"type":"Feature","id":137,"geometry":{"type":"Polygon","coordinates":[[[-73.7763,-42.4742],[-73.7767,-42.4741],[-73.777,-42.4746],[-73.7775,-42.4745],[-73.7785,-42.4762],[-73.7777,-42.476],[-73.7771,-42.4758],[-73.775,-42.4762],[-73.7737,-42.4761],[-73.773,-42.4763],[-73.7719,-42.477],[-73.7713,-42.4771],[-73.7703,-42.4771],[-73.7704,-42.4768],[-73.7712,-42.4767],[-73.7716,-42.4765],[-73.7717,-42.4765],[-73.7719,-42.4765],[-73.7718,-42.4761],[-73.7723,-42.4761],[-73.7722,-42.476],[-73.7718,-42.4761],[-73.7716,-42.4758],[-73.7715,-42.4758],[-73.7715,-42.4757],[-73.772,-42.4755],[-73.7725,-42.4753],[-73.7728,-42.4757],[-73.7742,-42.4753],[-73.7741,-42.4753],[-73.7738,-42.4754],[-73.7736,-42.475],[-73.7746,-42.4747],[-73.775,-42.4754],[-73.775,-42.4754],[-73.7747,-42.4747],[-73.7751,-42.4745],[-73.7756,-42.4754],[-73.7752,-42.4745],[-73.7757,-42.4744],[-73.776,-42.475],[-73.7761,-42.475],[-73.7758,-42.4743],[-73.7762,-42.4742],[-73.7766,-42.4749],[-73.7763,-42.4742]]]},"properties":{"OID":137,"MANZENT":10201011004000,"n_per":451,"n_hombres":214,"n_mujeres":237,"n_edad_0_5":21,"n_edad_6_1":51,"n_edad_14_":25,"n_edad_18_":30,"n_edad_25_":144,"n_edad_45_":81,"n_edad_60_":99,"n_transpor":59,"n_transp_1":47,"n_transp_2":52,"n_transp_3":0,"n_transp_4":1,"n_transp_5":0,"n_transp_6":26,"dim_acc":0,"dim_soc":0}},{"type":"Feature","id":138,"geometry":{"type":"Polygon","coordinates":[[[-73.7723,-42.4752],[-73.772,-42.4748],[-73.7726,-42.4746],[-73.7729,-42.4751],[-73.7723,-42.4753],[-73.7719,-42.4755],[-73.7714,-42.4756],[-73.7712,-42.475],[-73.7719,-42.4748],[-73.7723,-42.4752]]]},"properties":{"OID":138,"MANZENT":10201011004000,"n_per":32,"n_hombres":11,"n_mujeres":21,"n_edad_0_5":0,"n_edad_6_1":3,"n_edad_14_":2,"n_edad_18_":4,"n_edad_25_":10,"n_edad_45_":7,"n_edad_60_":6,"n_transpor":6,"n_transp_1":2,"n_transp_2":3,"n_transp_3":0,"n_transp_4":0,"n_transp_5":0,"n_transp_6":0,"dim_acc":0,"dim_soc":0}},{"type":"Feature","id":139,"geometry":{"type":"Polygon","coordinates":[[[-73.7705,-42.476],[-73.7702,-42.476],[-73.7701,-42.4757],[-73.7702,-42.476],[-73.7698,-42.4761],[-73.7696,-42.4756],[-73.7705,-42.4751],[-73.7711,-42.475],[-73.7713,-42.4753],[-73.7704,-42.4755],[-73.7705,-42.476]]]},"properties":{"OID":139,"MANZENT":10201011004000,"n_per":52,"n_hombres":28,"n_mujeres":24,"n_edad_0_5":2,"n_edad_6_1":3,"n_edad_14_":1,"n_edad_18_":3,"n_edad_25_":10,"n_edad_45_":8,"n_edad_60_":25,"n_transpor":5,"n_transp_1":6,"n_transp_2":7,"n_transp_3":0,"n_transp_4":0,"n_transp_5":0,"n_transp_6":2,"dim_acc":0,"dim_soc":0}},{"type":"Feature","id":140,"geometry":{"type":"Polygon","coordinates":[[[-73.7728,-42.4757],[-73.7725,-42.4753],[-73.7735,-42.475],[-73.7737,-42.4754],[-73.7728,-42.4757]]]},"properties":{"OID":140,"MANZENT":10201011004000,"n_per":53,"n_hombres":24,"n_mujeres":29,"n_edad_0_5":9,"n_edad_6_1":2,"n_edad_14_":4,"n_edad_18_":1,"n_edad_25_":16,"n_edad_45_":10,"n_edad_60_":11,"n_transpor":2,"n_transp_1":8,"n_transp_2":4,"n_transp_3":0,"n_transp_4":0,"n_transp_5":0,"n_transp_6":0,"dim_acc":0,"dim_soc":0}},{"type":"Feature","id":141,"geometry":{"type":"Polygon","coordinates":[[[-73.7707,-42.476],[-73.7705,-42.4755],[-73.7713,-42.4754],[-73.7714,-42.4758],[-73.7707,-42.476]]]},"properties":{"OID":141,"MANZENT":10201011004000,"n_per":53,"n_hombres":27,"n_mujeres":26,"n_edad_0_5":1,"n_edad_6_1":3,"n_edad_14_":4,"n_edad_18_":4,"n_edad_25_":14,"n_edad_45_":14,"n_edad_60_":13,"n_transpor":3,"n_transp_1":5,"n_transp_2":5,"n_transp_3":0,"n_transp_4":0,"n_transp_5":0,"n_transp_6":8,"dim_acc":0,"dim_soc":0}},{"type":"Feature","id":142,"geometry":{"type":"MultiPolygon","coordinates":[[[[-73.775,-42.4762],[-73.7772,-42.4758],[-73.7777,-42.4761],[-73.7786,-42.4762],[-73.7792,-42.4764],[-73.7793,-42.4769],[-73.7791,-42.477],[-73.7783,-42.4771],[-73.7777,-42.4772],[-73.7768,-42.4779],[-73.7767,-42.4783],[-73.7762,-42.4789],[-73.776,-42.479],[-73.7758,-42.479],[-73.7754,-42.4787],[-73.7751,-42.4789],[-73.7748,-42.4788],[-73.7737,-42.4788],[-73.7722,-42.4786],[-73.7718,-42.4786],[-73.7713,-42.4789],[-73.7705,-42.4776],[-73.7703,-42.4775],[-73.7703,-42.4772],[-73.772,-42.477],[-73.7722,-42.4769],[-73.7729,-42.4763],[-73.7732,-42.4763],[-73.774,-42.4762],[-73.775,-42.4762]]],[[[-73.7686,-42.4761],[-73.7695,-42.4756],[-73.7697,-42.4762],[-73.7716,-42.4759],[-73.7718,-42.4764],[-73.7712,-42.4766],[-73.7707,-42.4767],[-73.7704,-42.4768],[-73.7703,-42.4766],[-73.7702,-42.4776],[-73.7697,-42.4776],[-73.7696,-42.4776],[-73.7696,-42.4776],[-73.7686,-42.4778],[-73.7686,-42.4761]]]]},"properties":{"OID":142,"MANZENT":10201011004000,"n_per":74,"n_hombres":36,"n_mujeres":38,"n_edad_0_5":2,"n_edad_6_1":5,"n_edad_14_":4,"n_edad_18_":5,"n_edad_25_":33,"n_edad_45_":10,"n_edad_60_":15,"n_transpor":15,"n_transp_1":3,"n_transp_2":18,"n_transp_3":0,"n_transp_4":0,"n_transp_5":0,"n_transp_6":1,"dim_acc":0,"dim_soc":0}},{"type":"Feature","id":143,"geometry":{"type":"Polygon","coordinates":[[[-73.803,-42.4588],[-73.803,-42.4588],[-73.8046,-42.4596],[-73.8038,-42.4602],[-73.8035,-42.46],[-73.8043,-42.4595],[-73.8034,-42.46],[-73.8031,-42.4597],[-73.8037,-42.4593],[-73.803,-42.4597],[-73.8026,-42.4594],[-73.8032,-42.4591],[-73.8019,-42.4597],[-73.8017,-42.4596],[-73.8022,-42.4589],[-73.8026,-42.459],[-73.803,-42.4588]]]},"properties":{"OID":143,"MANZENT":10201011005000,"n_per":70,"n_hombres":33,"n_mujeres":37,"n_edad_0_5":8,"n_edad_6_1":10,"n_edad_14_":1,"n_edad_18_":6,"n_edad_25_":29,"n_edad_45_":12,"n_edad_60_":4,"n_transpor":5,"n_transp_1":11,"n_transp_2":4,"n_transp_3":0,"n_transp_4":0,"n_transp_5":0,"n_transp_6":9,"dim_acc":0,"dim_soc":0}},{"type":"Feature","id":144,"geometry":{"type":"Polygon","coordinates":[[[-73.8015,-42.4598],[-73.8017,-42.4596],[-73.8019,-42.4597],[-73.8026,-42.4594],[-73.8031,-42.4598],[-73.8022,-42.4603],[-73.8015,-42.4598]]]},"properties":{"OID":144,"MANZENT":10201011005000,"n_per":15,"n_hombres":8,"n_mujeres":7,"n_edad_0_5":3,"n_edad_6_1":1,"n_edad_14_":0,"n_edad_18_":0,"n_edad_25_":7,"n_edad_45_":2,"n_edad_60_":2,"n_transpor":2,"n_transp_1":2,"n_transp_2":0,"n_transp_3":0,"n_transp_4":0,"n_transp_5":0,"n_transp_6":1,"dim_acc":0,"dim_soc":0}},{"type":"Feature","id":145,"geometry":{"type":"Polygon","coordinates":[[[-73.8033,-42.4605],[-73.8027,-42.46],[-73.8032,-42.4598],[-73.8037,-42.4602],[-73.8033,-42.4605]]]},"properties":{"OID":145,"MANZENT":10201011005000,"n_per":23,"n_hombres":12,"n_mujeres":11,"n_edad_0_5":2,"n_edad_6_1":4,"n_edad_14_":1,"n_edad_18_":2,"n_edad_25_":13,"n_edad_45_":1,"n_edad_60_":0,"n_transpor":3,"n_transp_1":4,"n_transp_2":1,"n_transp_3":0,"n_transp_4":0,"n_transp_5":0,"n_transp_6":2,"dim_acc":0,"dim_soc":0}},{"type":"Feature","id":146,"geometry":{"type":"Polygon","coordinates":[[[-73.8028,-42.4607],[-73.8022,-42.4603],[-73.8027,-42.46],[-73.8033,-42.4605],[-73.8028,-42.4607]]]},"properties":{"OID":146,"MANZENT":10201011005000,"n_per":10,"n_hombres":3,"n_mujeres":7,"n_edad_0_5":1,"n_edad_6_1":1,"n_edad_14_":0,"n_edad_18_":1,"n_edad_25_":3,"n_edad_45_":4,"n_edad_60_":0,"n_transpor":2,"n_transp_1":1,"n_transp_2":0,"n_transp_3":0,"n_transp_4":0,"n_transp_5":0,"n_transp_6":2,"dim_acc":0,"dim_soc":0}},{"type":"Feature","id":147,"geometry":{"type":"Polygon","coordinates":[[[-73.7907,-42.4651],[-73.791,-42.4649],[-73.7911,-42.4649],[-73.7914,-42.4653],[-73.7917,-42.4659],[-73.7913,-42.466],[-73.791,-42.4653],[-73.7907,-42.4651]]]},"properties":{"OID":147,"MANZENT":10201011005000,"n_per":52,"n_hombres":24,"n_mujeres":28,"n_edad_0_5":3,"n_edad_6_1":4,"n_edad_14_":2,"n_edad_18_":6,"n_edad_25_":12,"n_edad_45_":8,"n_edad_60_":17,"n_transpor":0,"n_transp_1":10,"n_transp_2":1,"n_transp_3":0,"n_transp_4":0,"n_transp_5":0,"n_transp_6":3,"dim_acc":0,"dim_soc":0}},{"type":"Feature","id":148,"geometry":{"type":"Polygon","coordinates":[[[-73.7905,-42.4663],[-73.7896,-42.4657],[-73.7907,-42.4651],[-73.791,-42.4654],[-73.7913,-42.466],[-73.791,-42.4661],[-73.791,-42.4664],[-73.7914,-42.4672],[-73.7912,-42.4673],[-73.7914,-42.4676],[-73.7912,-42.4677],[-73.7895,-42.4684],[-73.7894,-42.4683],[-73.7889,-42.4685],[-73.7887,-42.4684],[-73.7882,-42.468],[-73.7885,-42.468],[-73.7888,-42.468],[-73.7885,-42.4679],[-73.7883,-42.468],[-73.788,-42.4681],[-73.7878,-42.4683],[-73.7874,-42.4682],[-73.7879,-42.4675],[-73.789,-42.4678],[-73.7879,-42.4675],[-73.788,-42.4674],[-73.789,-42.4677],[-73.788,-42.4674],[-73.7881,-42.4672],[-73.789,-42.4674],[-73.788,-42.4672],[-73.7873,-42.4682],[-73.7867,-42.468],[-73.7868,-42.4678],[-73.7874,-42.4679],[-73.7868,-42.4678],[-73.7872,-42.4673],[-73.7877,-42.4675],[-73.7872,-42.4673],[-73.7875,-42.4669],[-73.7886,-42.4671],[-73.7876,-42.4669],[-73.7883,-42.4662],[-73.7887,-42.466],[-73.7896,-42.4657],[-73.7905,-42.4663]]]},"properties":{"OID":148,"MANZENT":10201011005000,"n_per":309,"n_hombres":143,"n_mujeres":166,"n_edad_0_5":13,"n_edad_6_1":21,"n_edad_14_":19,"n_edad_18_":37,"n_edad_25_":85,"n_edad_45_":62,"n_edad_60_":72,"n_transpor":22,"n_transp_1":44,"n_transp_2":6,"n_transp_3":0,"n_transp_4":0,"n_transp_5":0,"n_transp_6":12,"dim_acc":0,"dim_soc":0}},{"type":"Feature","id":149,"geometry":{"type":"Polygon","coordinates":[[[-73.7914,-42.4676],[-73.7912,-42.4673],[-73.7919,-42.467],[-73.7914,-42.4661],[-73.7918,-42.4659],[-73.7924,-42.467],[-73.7914,-42.4676]]]},"properties":{"OID":149,"MANZENT":10201011005000,"n_per":140,"n_hombres":60,"n_mujeres":80,"n_edad_0_5":4,"n_edad_6_1":12,"n_edad_14_":5,"n_edad_18_":10,"n_edad_25_":42,"n_edad_45_":24,"n_edad_60_":43,"n_transpor":3,"n_transp_1":20,"n_transp_2":3,"n_transp_3":0,"n_transp_4":0,"n_transp_5":1,"n_transp_6":5,"dim_acc":0,"dim_soc":0}},{"type":"Feature","id":150,"geometry":{"type":"Polygon","coordinates":[[[-73.7915,-42.4665],[-73.7911,-42.4666],[-73.791,-42.4664],[-73.7911,-42.4662],[-73.7913,-42.4661],[-73.7915,-42.4665]]]},"properties":{"OID":150,"MANZENT":10201011005000,"n_per":22,"n_hombres":9,"n_mujeres":13,"n_edad_0_5":0,"n_edad_6_1":2,"n_edad_14_":0,"n_edad_18_":4,"n_edad_25_":5,"n_edad_45_":7,"n_edad_60_":4,"n_transpor":3,"n_transp_1":2,"n_transp_2":1,"n_transp_3":0,"n_transp_4":0,"n_transp_5":0,"n_transp_6":1,"dim_acc":0,"dim_soc":0}},{"type":"Feature","id":151,"geometry":{"type":"Polygon","coordinates":[[[-73.7915,-42.4671],[-73.7912,-42.4666],[-73.7916,-42.4665],[-73.7918,-42.467],[-73.7915,-42.4671]]]},"properties":{"OID":151,"MANZENT":10201011005000,"n_per":46,"n_hombres":18,"n_mujeres":28,"n_edad_0_5":6,"n_edad_6_1":5,"n_edad_14_":1,"n_edad_18_":5,"n_edad_25_":11,"n_edad_45_":9,"n_edad_60_":9,"n_transpor":3,"n_transp_1":6,"n_transp_2":1,"n_transp_3":0,"n_transp_4":0,"n_transp_5":0,"n_transp_6":0,"dim_acc":0,"dim_soc":0}},{"type":"Feature","id":152,"geometry":{"type":"Polygon","coordinates":[[[-73.7918,-42.4679],[-73.7915,-42.4676],[-73.7925,-42.4671],[-73.7927,-42.4674],[-73.7918,-42.4679]]]},"properties":{"OID":152,"MANZENT":10201011005000,"n_per":69,"n_hombres":31,"n_mujeres":38,"n_edad_0_5":3,"n_edad_6_1":5,"n_edad_14_":4,"n_edad_18_":8,"n_edad_25_":15,"n_edad_45_":17,"n_edad_60_":17,"n_transpor":6,"n_transp_1":15,"n_transp_2":3,"n_transp_3":0,"n_transp_4":0,"n_transp_5":0,"n_transp_6":0,"dim_acc":0,"dim_soc":0}},{"type":"Feature","id":153,"geometry":{"type":"Polygon","coordinates":[[[-73.792,-42.4679],[-73.7928,-42.4675],[-73.793,-42.4678],[-73.7927,-42.4679],[-73.793,-42.4678],[-73.7931,-42.4679],[-73.795,-42.4705],[-73.794,-42.4706],[-73.7937,-42.4706],[-73.7923,-42.471],[-73.7923,-42.4712],[-73.7919,-42.4714],[-73.791,-42.4715],[-73.7902,-42.472],[-73.7889,-42.4721],[-73.789,-42.4716],[-73.7894,-42.4711],[-73.7896,-42.4705],[-73.7894,-42.47],[-73.7887,-42.4695],[-73.7884,-42.4691],[-73.7884,-42.469],[-73.7886,-42.4685],[-73.7887,-42.4684],[-73.789,-42.4685],[-73.7895,-42.4684],[-73.7892,-42.4686],[-73.7894,-42.4689],[-73.7891,-42.469],[-73.7894,-42.4689],[-73.7899,-42.4696],[-73.7903,-42.4694],[-73.79,-42.4695],[-73.7898,-42.4692],[-73.7904,-42.469],[-73.7898,-42.4692],[-73.7896,-42.4689],[-73.7918,-42.468],[-73.7919,-42.4681],[-73.7918,-42.468],[-73.792,-42.4679]]]},"properties":{"OID":153,"MANZENT":10201011005000,"n_per":220,"n_hombres":97,"n_mujeres":123,"n_edad_0_5":13,"n_edad_6_1":24,"n_edad_14_":17,"n_edad_18_":23,"n_edad_25_":61,"n_edad_45_":35,"n_edad_60_":47,"n_transpor":16,"n_transp_1":49,"n_transp_2":7,"n_transp_3":0,"n_transp_4":0,"n_transp_5":0,"n_transp_6":20,"dim_acc":0,"dim_soc":0}},{"type":"Feature","id":154,"geometry":{"type":"Polygon","coordinates":[[[-73.7911,-42.4682],[-73.7909,-42.4679],[-73.7915,-42.4677],[-73.7917,-42.4679],[-73.7911,-42.4682]]]},"properties":{"OID":154,"MANZENT":10201011005000,"n_per":37,"n_hombres":17,"n_mujeres":20,"n_edad_0_5":1,"n_edad_6_1":4,"n_edad_14_":5,"n_edad_18_":3,"n_edad_25_":8,"n_edad_45_":5,"n_edad_60_":11,"n_transpor":3,"n_transp_1":5,"n_transp_2":2,"n_transp_3":0,"n_transp_4":0,"n_transp_5":1,"n_transp_6":1,"dim_acc":0,"dim_soc":0}},{"type":"Feature","id":155,"geometry":{"type":"Polygon","coordinates":[[[-73.791,-42.4682],[-73.7895,-42.4689],[-73.7893,-42.4686],[-73.7908,-42.4679],[-73.791,-42.4682]]]},"properties":{"OID":155,"MANZENT":10201011005000,"n_per":126,"n_hombres":64,"n_mujeres":62,"n_edad_0_5":9,"n_edad_6_1":10,"n_edad_14_":7,"n_edad_18_":13,"n_edad_25_":33,"n_edad_45_":30,"n_edad_60_":24,"n_transpor":16,"n_transp_1":22,"n_transp_2":3,"n_transp_3":0,"n_transp_4":0,"n_transp_5":0,"n_transp_6":12,"dim_acc":0,"dim_soc":0}},{"type":"Feature","id":156,"geometry":{"type":"Polygon","coordinates":[[[-73.7857,-42.4697],[-73.7859,-42.4699],[-73.7853,-42.4704],[-73.7848,-42.4701],[-73.7844,-42.4695],[-73.7847,-42.4692],[-73.785,-42.4695],[-73.7847,-42.4692],[-73.7852,-42.4689],[-73.7858,-42.4682],[-73.7866,-42.468],[-73.7867,-42.468],[-73.7864,-42.4689],[-73.786,-42.4691],[-73.7855,-42.4695],[-73.7854,-42.4694],[-73.7857,-42.4697]]]},"properties":{"OID":156,"MANZENT":10201011005000,"n_per":102,"n_hombres":46,"n_mujeres":56,"n_edad_0_5":8,"n_edad_6_1":7,"n_edad_14_":6,"n_edad_18_":10,"n_edad_25_":28,"n_edad_45_":19,"n_edad_60_":24,"n_transpor":9,"n_transp_1":18,"n_transp_2":8,"n_transp_3":0,"n_transp_4":0,"n_transp_5":0,"n_transp_6":5,"dim_acc":0,"dim_soc":0}},{"type":"Feature","id":157,"geometry":{"type":"Polygon","coordinates":[[[-73.7869,-42.4692],[-73.7872,-42.4688],[-73.7877,-42.4687],[-73.7878,-42.4686],[-73.788,-42.4681],[-73.7882,-42.4681],[-73.7887,-42.4684],[-73.7884,-42.469],[-73.7887,-42.4695],[-73.7894,-42.47],[-73.7896,-42.4705],[-73.7894,-42.4711],[-73.789,-42.4716],[-73.7889,-42.4721],[-73.7887,-42.4722],[-73.7883,-42.4724],[-73.7877,-42.4726],[-73.7874,-42.4728],[-73.7873,-42.4729],[-73.7864,-42.4733],[-73.7864,-42.4735],[-73.7861,-42.4739],[-73.7861,-42.4742],[-73.7858,-42.4744],[-73.7847,-42.4744],[-73.7845,-42.4743],[-73.7836,-42.4744],[-73.7833,-42.4747],[-73.7828,-42.475],[-73.7819,-42.4763],[-73.7819,-42.4764],[-73.7815,-42.4768],[-73.7813,-42.4768],[-73.7811,-42.4768],[-73.7805,-42.4764],[-73.7796,-42.4765],[-73.7796,-42.4766],[-73.7796,-42.4767],[-73.7795,-42.4768],[-73.7793,-42.4769],[-73.7793,-42.4764],[-73.7785,-42.4762],[-73.7775,-42.4743],[-73.7787,-42.4739],[-73.7789,-42.4742],[-73.7788,-42.4739],[-73.7798,-42.4736],[-73.78,-42.4739],[-73.7802,-42.4738],[-73.78,-42.4735],[-73.781,-42.4732],[-73.7812,-42.4732],[-73.7814,-42.4735],[-73.7812,-42.4732],[-73.7824,-42.4731],[-73.7833,-42.4727],[-73.7834,-42.4729],[-73.7833,-42.4727],[-73.7836,-42.4725],[-73.7839,-42.4729],[-73.7837,-42.4725],[-73.784,-42.4723],[-73.7842,-42.4724],[-73.7845,-42.4728],[-73.7846,-42.4727],[-73.7844,-42.4725],[-73.7847,-42.4723],[-73.7846,-42.4722],[-73.7843,-42.4724],[-73.7841,-42.4722],[-73.7845,-42.4718],[-73.7852,-42.4725],[-73.7852,-42.4725],[-73.7856,-42.4722],[-73.7853,-42.4718],[-73.7857,-42.4716],[-73.7859,-42.4719],[-73.7859,-42.4717],[-73.7862,-42.4716],[-73.7864,-42.4717],[-73.7865,-42.4717],[-73.7867,-42.4715],[-73.7862,-42.471],[-73.786,-42.471],[-73.7859,-42.4708],[-73.7866,-42.4705],[-73.7867,-42.4707],[-73.7868,-42.4707],[-73.7867,-42.4705],[-73.7869,-42.4705],[-73.7871,-42.4707],[-73.7889,-42.4704],[-73.7887,-42.47],[-73.7884,-42.4698],[-73.7882,-42.4698],[-73.7881,-42.4695],[-73.7878,-42.4695],[-73.7877,-42.4692],[-73.7866,-42.4694],[-73.7869,-42.4692]]]},"properties":{"OID":157,"MANZENT":10201011005000,"n_per":506,"n_hombres":257,"n_mujeres":249,"n_edad_0_5":23,"n_edad_6_1":49,"n_edad_14_":26,"n_edad_18_":44,"n_edad_25_":141,"n_edad_45_":97,"n_edad_60_":126,"n_transpor":52,"n_transp_1":80,"n_transp_2":39,"n_transp_3":1,"n_transp_4":0,"n_transp_5":2,"n_transp_6":21,"dim_acc":0,"dim_soc":0}},{"type":"Feature","id":158,"geometry":{"type":"Polygon","coordinates":[[[-73.7865,-42.4693],[-73.7864,-42.469],[-73.7868,-42.4681],[-73.7874,-42.4682],[-73.7871,-42.4689],[-73.7868,-42.4692],[-73.7865,-42.4693]]]},"properties":{"OID":158,"MANZENT":10201011005000,"n_per":41,"n_hombres":21,"n_mujeres":20,"n_edad_0_5":5,"n_edad_6_1":3,"n_edad_14_":2,"n_edad_18_":5,"n_edad_25_":13,"n_edad_45_":8,"n_edad_60_":5,"n_transpor":5,"n_transp_1":3,"n_transp_2":0,"n_transp_3":0,"n_transp_4":0,"n_transp_5":0,"n_transp_6":2,"dim_acc":0,"dim_soc":0}},{"type":"Feature","id":159,"geometry":{"type":"Polygon","coordinates":[[[-73.7872,-42.4688],[-73.7874,-42.4682],[-73.7878,-42.4683],[-73.7878,-42.4686],[-73.7872,-42.4688]]]},"properties":{"OID":159,"MANZENT":10201011005000,"n_per":12,"n_hombres":6,"n_mujeres":6,"n_edad_0_5":2,"n_edad_6_1":0,"n_edad_14_":1,"n_edad_18_":1,"n_edad_25_":5,"n_edad_45_":2,"n_edad_60_":1,"n_transpor":1,"n_transp_1":1,"n_transp_2":0,"n_transp_3":0,"n_transp_4":0,"n_transp_5":0,"n_transp_6":2,"dim_acc":0,"dim_soc":0}},{"type":"Feature","id":160,"geometry":{"type":"Polygon","coordinates":[[[-73.786,-42.4698],[-73.7855,-42.4695],[-73.786,-42.4691],[-73.7864,-42.469],[-73.7865,-42.4694],[-73.786,-42.4698]]]},"properties":{"OID":160,"MANZENT":10201011005000,"n_per":24,"n_hombres":12,"n_mujeres":12,"n_edad_0_5":1,"n_edad_6_1":0,"n_edad_14_":1,"n_edad_18_":2,"n_edad_25_":5,"n_edad_45_":6,"n_edad_60_":9,"n_transpor":2,"n_transp_1":7,"n_transp_2":1,"n_transp_3":0,"n_transp_4":0,"n_transp_5":0,"n_transp_6":2,"dim_acc":0,"dim_soc":0}},{"type":"Feature","id":161,"geometry":{"type":"Polygon","coordinates":[[[-73.7867,-42.4697],[-73.7866,-42.4694],[-73.7877,-42.4692],[-73.7878,-42.4695],[-73.7867,-42.4697]]]},"properties":{"OID":161,"MANZENT":10201011005000,"n_per":84,"n_hombres":40,"n_mujeres":44,"n_edad_0_5":5,"n_edad_6_1":8,"n_edad_14_":5,"n_edad_18_":9,"n_edad_25_":17,"n_edad_45_":19,"n_edad_60_":21,"n_transpor":1,"n_transp_1":4,"n_transp_2":4,"n_transp_3":0,"n_transp_4":0,"n_transp_5":0,"n_transp_6":0,"dim_acc":0,"dim_soc":0}},{"type":"Feature","id":162,"geometry":{"type":"Polygon","coordinates":[[[-73.7868,-42.47],[-73.7867,-42.4697],[-73.7881,-42.4695],[-73.7882,-42.4698],[-73.7868,-42.47]]]},"properties":{"OID":162,"MANZENT":10201011005000,"n_per":88,"n_hombres":44,"n_mujeres":44,"n_edad_0_5":3,"n_edad_6_1":4,"n_edad_14_":7,"n_edad_18_":11,"n_edad_25_":25,"n_edad_45_":27,"n_edad_60_":11,"n_transpor":4,"n_transp_1":9,"n_transp_2":2,"n_transp_3":0,"n_transp_4":0,"n_transp_5":0,"n_transp_6":3,"dim_acc":0,"dim_soc":0}},{"type":"Feature","id":163,"geometry":{"type":"Polygon","coordinates":[[[-73.7865,-42.4695],[-73.7866,-42.4695],[-73.7867,-42.47],[-73.7855,-42.4705],[-73.7853,-42.4704],[-73.7865,-42.4695]]]},"properties":{"OID":163,"MANZENT":10201011005000,"n_per":48,"n_hombres":24,"n_mujeres":24,"n_edad_0_5":5,"n_edad_6_1":4,"n_edad_14_":3,"n_edad_18_":2,"n_edad_25_":16,"n_edad_45_":7,"n_edad_60_":11,"n_transpor":3,"n_transp_1":6,"n_transp_2":4,"n_transp_3":0,"n_transp_4":0,"n_transp_5":0,"n_transp_6":3,"dim_acc":0,"dim_soc":0}},{"type":"Feature","id":164,"geometry":{"type":"Polygon","coordinates":[[[-73.7842,-42.4703],[-73.784,-42.4701],[-73.7841,-42.4703],[-73.7835,-42.4705],[-73.7831,-42.4699],[-73.7843,-42.4695],[-73.7848,-42.4701],[-73.7842,-42.4703]]]},"properties":{"OID":164,"MANZENT":10201011005000,"n_per":80,"n_hombres":42,"n_mujeres":38,"n_edad_0_5":1,"n_edad_6_1":3,"n_edad_14_":4,"n_edad_18_":15,"n_edad_25_":27,"n_edad_45_":14,"n_edad_60_":16,"n_transpor":11,"n_transp_1":10,"n_transp_2":9,"n_transp_3":0,"n_transp_4":0,"n_transp_5":0,"n_transp_6":8,"dim_acc":0,"dim_soc":0}},{"type":"Feature","id":165,"geometry":{"type":"Polygon","coordinates":[[[-73.7869,-42.4701],[-73.7883,-42.4698],[-73.7887,-42.47],[-73.7888,-42.4704],[-73.7884,-42.4705],[-73.7883,-42.4701],[-73.787,-42.4704],[-73.7869,-42.4701]]]},"properties":{"OID":165,"MANZENT":10201011005000,"n_per":119,"n_hombres":54,"n_mujeres":65,"n_edad_0_5":2,"n_edad_6_1":12,"n_edad_14_":10,"n_edad_18_":10,"n_edad_25_":31,"n_edad_45_":26,"n_edad_60_":28,"n_transpor":8,"n_transp_1":14,"n_transp_2":2,"n_transp_3":0,"n_transp_4":1,"n_transp_5":0,"n_transp_6":4,"dim_acc":0,"dim_soc":0}},{"type":"Feature","id":166,"geometry":{"type":"Polygon","coordinates":[[[-73.7869,-42.4705],[-73.7859,-42.4708],[-73.7856,-42.4706],[-73.7856,-42.4705],[-73.7868,-42.4701],[-73.7869,-42.4705]]]},"properties":{"OID":166,"MANZENT":10201011005000,"n_per":85,"n_hombres":40,"n_mujeres":45,"n_edad_0_5":5,"n_edad_6_1":10,"n_edad_14_":7,"n_edad_18_":7,"n_edad_25_":27,"n_edad_45_":12,"n_edad_60_":17,"n_transpor":9,"n_transp_1":14,"n_transp_2":6,"n_transp_3":0,"n_transp_4":0,"n_transp_5":0,"n_transp_6":9,"dim_acc":0,"dim_soc":0}},{"type":"Feature","id":167,"geometry":{"type":"Polygon","coordinates":[[[-73.7848,-42.4702],[-73.7852,-42.4704],[-73.7846,-42.4707],[-73.7844,-42.4703],[-73.7848,-42.4702]]]},"properties":{"OID":167,"MANZENT":10201011005000,"n_per":78,"n_hombres":34,"n_mujeres":44,"n_edad_0_5":4,"n_edad_6_1":8,"n_edad_14_":6,"n_edad_18_":6,"n_edad_25_":34,"n_edad_45_":13,"n_edad_60_":7,"n_transpor":17,"n_transp_1":12,"n_transp_2":7,"n_transp_3":0,"n_transp_4":0,"n_transp_5":1,"n_transp_6":1,"dim_acc":0,"dim_soc":0}},{"type":"Feature","id":168,"geometry":{"type":"Polygon","coordinates":[[[-73.7871,-42.4707],[-73.787,-42.4704],[-73.7882,-42.4702],[-73.7883,-42.4705],[-73.7871,-42.4707]]]},"properties":{"OID":168,"MANZENT":10201011005000,"n_per":59,"n_hombres":24,"n_mujeres":35,"n_edad_0_5":3,"n_edad_6_1":2,"n_edad_14_":5,"n_edad_18_":8,"n_edad_25_":17,"n_edad_45_":17,"n_edad_60_":7,"n_transpor":2,"n_transp_1":13,"n_transp_2":4,"n_transp_3":0,"n_transp_4":0,"n_transp_5":0,"n_transp_6":6,"dim_acc":0,"dim_soc":0}},{"type":"Feature","id":169,"geometry":{"type":"Polygon","coordinates":[[[-73.7842,-42.4709],[-73.7839,-42.4709],[-73.7835,-42.4705],[-73.7844,-42.4703],[-73.7846,-42.4707],[-73.7842,-42.4709],[-73.7841,-42.4707],[-73.7842,-42.4709]]]},"properties":{"OID":169,"MANZENT":10201011005000,"n_per":58,"n_hombres":25,"n_mujeres":33,"n_edad_0_5":11,"n_edad_6_1":4,"n_edad_14_":4,"n_edad_18_":4,"n_edad_25_":16,"n_edad_45_":6,"n_edad_60_":13,"n_transpor":1,"n_transp_1":7,"n_transp_2":4,"n_transp_3":0,"n_transp_4":0,"n_transp_5":0,"n_transp_6":6,"dim_acc":0,"dim_soc":0}},{"type":"Feature","id":170,"geometry":{"type":"Polygon","coordinates":[[[-73.7846,-42.4708],[-73.7853,-42.4704],[-73.7858,-42.4708],[-73.7859,-42.471],[-73.7862,-42.471],[-73.7866,-42.4715],[-73.7864,-42.4716],[-73.7861,-42.4713],[-73.785,-42.4713],[-73.7848,-42.4714],[-73.7844,-42.4718],[-73.7843,-42.4716],[-73.7846,-42.4712],[-73.7844,-42.4714],[-73.7839,-42.471],[-73.7846,-42.4708]]]},"properties":{"OID":170,"MANZENT":10201011005000,"n_per":145,"n_hombres":74,"n_mujeres":71,"n_edad_0_5":8,"n_edad_6_1":5,"n_edad_14_":13,"n_edad_18_":18,"n_edad_25_":44,"n_edad_45_":24,"n_edad_60_":33,"n_transpor":19,"n_transp_1":32,"n_transp_2":10,"n_transp_3":1,"n_transp_4":1,"n_transp_5":0,"n_transp_6":11,"dim_acc":0,"dim_soc":0}},{"type":"Feature","id":171,"geometry":{"type":"Polygon","coordinates":[[[-73.7858,-42.4717],[-73.7856,-42.4714],[-73.786,-42.4714],[-73.7862,-42.4715],[-73.7858,-42.4717]]]},"properties":{"OID":171,"MANZENT":10201011005000,"n_per":15,"n_hombres":8,"n_mujeres":7,"n_edad_0_5":1,"n_edad_6_1":1,"n_edad_14_":2,"n_edad_18_":1,"n_edad_25_":3,"n_edad_45_":4,"n_edad_60_":3,"n_transpor":1,"n_transp_1":3,"n_transp_2":0,"n_transp_3":0,"n_transp_4":0,"n_transp_5":0,"n_transp_6":0,"dim_acc":0,"dim_soc":0}},{"type":"Feature","id":172,"geometry":{"type":"Polygon","coordinates":[[[-73.7853,-42.4718],[-73.785,-42.4714],[-73.7855,-42.4714],[-73.7857,-42.4716],[-73.7853,-42.4718]]]},"properties":{"OID":172,"MANZENT":10201011005000,"n_per":30,"n_hombres":20,"n_mujeres":10,"n_edad_0_5":1,"n_edad_6_1":5,"n_edad_14_":0,"n_edad_18_":1,"n_edad_25_":9,"n_edad_45_":5,"n_edad_60_":9,"n_transpor":0,"n_transp_1":2,"n_transp_2":0,"n_transp_3":0,"n_transp_4":0,"n_transp_5":0,"n_transp_6":1,"dim_acc":0,"dim_soc":0}},{"type":"Feature","id":173,"geometry":{"type":"Polygon","coordinates":[[[-73.7848,-42.472],[-73.7846,-42.4717],[-73.7849,-42.4714],[-73.7852,-42.4718],[-73.7848,-42.472]]]},"properties":{"OID":173,"MANZENT":10201011005000,"n_per":31,"n_hombres":19,"n_mujeres":12,"n_edad_0_5":3,"n_edad_6_1":2,"n_edad_14_":6,"n_edad_18_":5,"n_edad_25_":3,"n_edad_45_":5,"n_edad_60_":7,"n_transpor":0,"n_transp_1":0,"n_transp_2":0,"n_transp_3":0,"n_transp_4":0,"n_transp_5":0,"n_transp_6":0,"dim_acc":0,"dim_soc":0}},{"type":"Feature","id":174,"geometry":{"type":"Polygon","coordinates":[[[-73.7855,-42.4722],[-73.7852,-42.4725],[-73.7848,-42.472],[-73.7852,-42.4718],[-73.7855,-42.4722]]]},"properties":{"OID":174,"MANZENT":10201011005100,"n_per":31,"n_hombres":17,"n_mujeres":14,"n_edad_0_5":0,"n_edad_6_1":3,"n_edad_14_":2,"n_edad_18_":2,"n_edad_25_":9,"n_edad_45_":6,"n_edad_60_":9,"n_transpor":1,"n_transp_1":2,"n_transp_2":2,"n_transp_3":0,"n_transp_4":0,"n_transp_5":0,"n_transp_6":0,"dim_acc":0,"dim_soc":0}},{"type":"Feature","id":175,"geometry":{"type":"MultiPolygon","coordinates":[[[[-73.7952,-42.468],[-73.7948,-42.4676],[-73.7952,-42.4673],[-73.7955,-42.4677],[-73.7952,-42.468]]],[[[-73.7951,-42.4657],[-73.7947,-42.465],[-73.7956,-42.4644],[-73.7958,-42.4647],[-73.7952,-42.4651],[-73.7955,-42.4654],[-73.7951,-42.4657]]],[[[-73.799,-42.462],[-73.7994,-42.4618],[-73.7996,-42.4617],[-73.8015,-42.4599],[-73.8028,-42.4607],[-73.7991,-42.4625],[-73.8027,-42.4651],[-73.8025,-42.4653],[-73.802,-42.4654],[-73.8019,-42.4655],[-73.8018,-42.4655],[-73.8015,-42.4657],[-73.8015,-42.4659],[-73.8011,-42.4664],[-73.801,-42.4665],[-73.8007,-42.4665],[-73.8005,-42.4666],[-73.8005,-42.4668],[-73.8003,-42.4669],[-73.8001,-42.4671],[-73.7999,-42.4671],[-73.7999,-42.4672],[-73.7997,-42.4674],[-73.7993,-42.4675],[-73.7991,-42.4679],[-73.7988,-42.468],[-73.7983,-42.4684],[-73.7984,-42.4685],[-73.7978,-42.4688],[-73.7978,-42.469],[-73.7971,-42.4692],[-73.7972,-42.4694],[-73.7968,-42.4698],[-73.7965,-42.4699],[-73.7964,-42.4701],[-73.7962,-42.4701],[-73.7963,-42.4701],[-73.796,-42.4704],[-73.795,-42.4705],[-73.7927,-42.4673],[-73.7937,-42.4671],[-73.7927,-42.4672],[-73.7915,-42.4652],[-73.7911,-42.4648],[-73.7923,-42.4642],[-73.7926,-42.4645],[-73.7917,-42.4649],[-73.7918,-42.465],[-73.7926,-42.4645],[-73.793,-42.4648],[-73.792,-42.4652],[-73.7921,-42.4653],[-73.793,-42.4649],[-73.7933,-42.4652],[-73.7923,-42.4655],[-73.7923,-42.4656],[-73.7933,-42.4653],[-73.7936,-42.4653],[-73.7937,-42.4655],[-73.7925,-42.4659],[-73.7937,-42.4656],[-73.7938,-42.4659],[-73.7927,-42.4662],[-73.7938,-42.466],[-73.7938,-42.4663],[-73.7929,-42.4666],[-73.7938,-42.4664],[-73.7939,-42.4668],[-73.7931,-42.4669],[-73.7932,-42.467],[-73.794,-42.4668],[-73.7939,-42.4659],[-73.7937,-42.4654],[-73.7941,-42.4653],[-73.7942,-42.4656],[-73.7947,-42.4664],[-73.7947,-42.4664],[-73.7941,-42.4652],[-73.7944,-42.4647],[-73.7952,-42.466],[-73.7947,-42.4666],[-73.7943,-42.4668],[-73.7942,-42.467],[-73.7944,-42.468],[-73.7946,-42.4683],[-73.7948,-42.4683],[-73.7952,-42.4681],[-73.7955,-42.4679],[-73.7959,-42.4668],[-73.7979,-42.4654],[-73.7979,-42.4652],[-73.7962,-42.4632],[-73.7962,-42.4633],[-73.7962,-42.4634],[-73.7944,-42.4645],[-73.794,-42.4652],[-73.7938,-42.4653],[-73.7934,-42.4652],[-73.7933,-42.4651],[-73.7937,-42.4648],[-73.7937,-42.4648],[-73.7933,-42.465],[-73.7931,-42.4648],[-73.7934,-42.4645],[-73.793,-42.4647],[-73.7927,-42.4645],[-73.7931,-42.4642],[-73.7927,-42.4644],[-73.7924,-42.464],[-73.7937,-42.4629],[-73.7952,-42.4622],[-73.796,-42.463],[-73.7952,-42.4622],[-73.796,-42.4618],[-73.7965,-42.4619],[-73.7969,-42.4624],[-73.7974,-42.4627],[-73.7969,-42.4623],[-73.7966,-42.4619],[-73.7973,-42.4623],[-73.7979,-42.4624],[-73.7982,-42.4626],[-73.7981,-42.4624],[-73.7973,-42.4623],[-73.7967,-42.4619],[-73.799,-42.462]]]]},"properties":{"OID":175,"MANZENT":10201011005000,"n_per":753,"n_hombres":357,"n_mujeres":396,"n_edad_0_5":79,"n_edad_6_1":94,"n_edad_14_":45,"n_edad_18_":54,"n_edad_25_":340,"n_edad_45_":75,"n_edad_60_":66,"n_transpor":166,"n_transp_1":142,"n_transp_2":22,"n_transp_3":2,"n_transp_4":1,"n_transp_5":0,"n_transp_6":46,"dim_acc":0,"dim_soc":0}},{"type":"Feature","id":176,"geometry":{"type":"MultiPolygon","coordinates":[[[[-73.7954,-42.466],[-73.7952,-42.4657],[-73.7962,-42.4651],[-73.7964,-42.4654],[-73.7954,-42.466]]],[[[-73.7967,-42.4656],[-73.7965,-42.4653],[-73.7974,-42.4647],[-73.7976,-42.465],[-73.7967,-42.4656]]]]},"properties":{"OID":176,"MANZENT":10201011005000,"n_per":18,"n_hombres":5,"n_mujeres":13,"n_edad_0_5":1,"n_edad_6_1":3,"n_edad_14_":2,"n_edad_18_":2,"n_edad_25_":5,"n_edad_45_":3,"n_edad_60_":2,"n_transpor":1,"n_transp_1":5,"n_transp_2":0,"n_transp_3":0,"n_transp_4":0,"n_transp_5":0,"n_transp_6":2,"dim_acc":0,"dim_soc":0}},{"type":"Feature","id":177,"geometry":{"type":"Polygon","coordinates":[[[-73.7782,-42.4667],[-73.778,-42.4665],[-73.7785,-42.4662],[-73.7788,-42.4664],[-73.7785,-42.4666],[-73.7782,-42.4667]]]},"properties":{"OID":177,"MANZENT":10201011006000,"n_per":29,"n_hombres":13,"n_mujeres":16,"n_edad_0_5":2,"n_edad_6_1":3,"n_edad_14_":5,"n_edad_18_":4,"n_edad_25_":7,"n_edad_45_":5,"n_edad_60_":3,"n_transpor":0,"n_transp_1":2,"n_transp_2":0,"n_transp_3":0,"n_transp_4":0,"n_transp_5":0,"n_transp_6":0,"dim_acc":0,"dim_soc":0}},{"type":"Feature","id":178,"geometry":{"type":"Polygon","coordinates":[[[-73.7782,-42.4668],[-73.7789,-42.4664],[-73.7799,-42.4671],[-73.7805,-42.4677],[-73.7798,-42.468],[-73.7791,-42.4675],[-73.7797,-42.4673],[-73.779,-42.4675],[-73.7788,-42.4672],[-73.7793,-42.467],[-73.779,-42.4671],[-73.7788,-42.4668],[-73.779,-42.4671],[-73.7786,-42.4672],[-73.7782,-42.4668]]]},"properties":{"OID":178,"MANZENT":10201011006000,"n_per":122,"n_hombres":56,"n_mujeres":66,"n_edad_0_5":5,"n_edad_6_1":17,"n_edad_14_":12,"n_edad_18_":12,"n_edad_25_":36,"n_edad_45_":33,"n_edad_60_":7,"n_transpor":13,"n_transp_1":17,"n_transp_2":7,"n_transp_3":1,"n_transp_4":0,"n_transp_5":0,"n_transp_6":2,"dim_acc":0,"dim_soc":0}},{"type":"Feature","id":179,"geometry":{"type":"Polygon","coordinates":[[[-73.7781,-42.4673],[-73.7776,-42.4666],[-73.7779,-42.4665],[-73.7785,-42.4672],[-73.7781,-42.4673]]]},"properties":{"OID":179,"MANZENT":10201011006000,"n_per":48,"n_hombres":22,"n_mujeres":26,"n_edad_0_5":2,"n_edad_6_1":6,"n_edad_14_":3,"n_edad_18_":2,"n_edad_25_":16,"n_edad_45_":16,"n_edad_60_":3,"n_transpor":10,"n_transp_1":5,"n_transp_2":0,"n_transp_3":0,"n_transp_4":0,"n_transp_5":0,"n_transp_6":0,"dim_acc":0,"dim_soc":0}},{"type":"Feature","id":180,"geometry":{"type":"Polygon","coordinates":[[[-73.7777,-42.4674],[-73.7776,-42.4674],[-73.7772,-42.4667],[-73.7775,-42.4666],[-73.7776,-42.4667],[-73.7781,-42.4674],[-73.7777,-42.4674]]]},"properties":{"OID":180,"MANZENT":10201011006000,"n_per":51,"n_hombres":27,"n_mujeres":24,"n_edad_0_5":5,"n_edad_6_1":5,"n_edad_14_":2,"n_edad_18_":8,"n_edad_25_":19,"n_edad_45_":8,"n_edad_60_":4,"n_transpor":4,"n_transp_1":8,"n_transp_2":1,"n_transp_3":0,"n_transp_4":0,"n_transp_5":1,"n_transp_6":0,"dim_acc":0,"dim_soc":0}},{"type":"Feature","id":181,"geometry":{"type":"Polygon","coordinates":[[[-73.7771,-42.4675],[-73.7767,-42.4669],[-73.777,-42.4668],[-73.7775,-42.4674],[-73.7771,-42.4675]]]},"properties":{"OID":181,"MANZENT":10201011006000,"n_per":39,"n_hombres":18,"n_mujeres":21,"n_edad_0_5":4,"n_edad_6_1":5,"n_edad_14_":3,"n_edad_18_":2,"n_edad_25_":10,"n_edad_45_":13,"n_edad_60_":2,"n_transpor":2,"n_transp_1":10,"n_transp_2":1,"n_transp_3":0,"n_transp_4":0,"n_transp_5":0,"n_transp_6":2,"dim_acc":0,"dim_soc":0}},{"type":"Feature","id":182,"geometry":{"type":"Polygon","coordinates":[[[-73.7769,-42.4676],[-73.7765,-42.4675],[-73.7763,-42.467],[-73.7767,-42.4669],[-73.777,-42.4675],[-73.7769,-42.4676]]]},"properties":{"OID":182,"MANZENT":10201011006000,"n_per":41,"n_hombres":22,"n_mujeres":19,"n_edad_0_5":0,"n_edad_6_1":3,"n_edad_14_":1,"n_edad_18_":8,"n_edad_25_":11,"n_edad_45_":11,"n_edad_60_":7,"n_transpor":8,"n_transp_1":6,"n_transp_2":2,"n_transp_3":0,"n_transp_4":0,"n_transp_5":0,"n_transp_6":1,"dim_acc":0,"dim_soc":0}},{"type":"Feature","id":183,"geometry":{"type":"Polygon","coordinates":[[[-73.776,-42.4675],[-73.7759,-42.4671],[-73.7762,-42.467],[-73.7764,-42.4673],[-73.7764,-42.4675],[-73.776,-42.4675]]]},"properties":{"OID":183,"MANZENT":10201011006000,"n_per":21,"n_hombres":8,"n_mujeres":13,"n_edad_0_5":0,"n_edad_6_1":0,"n_edad_14_":0,"n_edad_18_":2,"n_edad_25_":5,"n_edad_45_":7,"n_edad_60_":7,"n_transpor":1,"n_transp_1":0,"n_transp_2":0,"n_transp_3":0,"n_transp_4":0,"n_transp_5":0,"n_transp_6":0,"dim_acc":0,"dim_soc":0}},{"type":"Feature","id":184,"geometry":{"type":"Polygon","coordinates":[[[-73.776,-42.4675],[-73.7754,-42.4677],[-73.7754,-42.4673],[-73.7758,-42.4671],[-73.776,-42.4675]]]},"properties":{"OID":184,"MANZENT":10201011006000,"n_per":31,"n_hombres":12,"n_mujeres":19,"n_edad_0_5":0,"n_edad_6_1":4,"n_edad_14_":2,"n_edad_18_":2,"n_edad_25_":7,"n_edad_45_":10,"n_edad_60_":6,"n_transpor":6,"n_transp_1":4,"n_transp_2":0,"n_transp_3":0,"n_transp_4":0,"n_transp_5":0,"n_transp_6":1,"dim_acc":0,"dim_soc":0}},{"type":"Feature","id":185,"geometry":{"type":"Polygon","coordinates":[[[-73.7778,-42.468],[-73.7765,-42.468],[-73.7765,-42.4676],[-73.7771,-42.4676],[-73.7772,-42.4677],[-73.7772,-42.4676],[-73.7773,-42.4675],[-73.7779,-42.4675],[-73.7786,-42.4673],[-73.779,-42.4675],[-73.7782,-42.4678],[-73.7778,-42.468]]]},"properties":{"OID":185,"MANZENT":10201011006000,"n_per":104,"n_hombres":45,"n_mujeres":59,"n_edad_0_5":8,"n_edad_6_1":12,"n_edad_14_":4,"n_edad_18_":5,"n_edad_25_":46,"n_edad_45_":23,"n_edad_60_":6,"n_transpor":9,"n_transp_1":19,"n_transp_2":1,"n_transp_3":0,"n_transp_4":0,"n_transp_5":0,"n_transp_6":5,"dim_acc":0,"dim_soc":0}},{"type":"Feature","id":186,"geometry":{"type":"Polygon","coordinates":[[[-73.7786,-42.4681],[-73.7779,-42.468],[-73.7785,-42.4677],[-73.779,-42.4676],[-73.7793,-42.4678],[-73.7786,-42.4681]]]},"properties":{"OID":186,"MANZENT":10201011006000,"n_per":33,"n_hombres":16,"n_mujeres":17,"n_edad_0_5":2,"n_edad_6_1":4,"n_edad_14_":0,"n_edad_18_":7,"n_edad_25_":12,"n_edad_45_":6,"n_edad_60_":2,"n_transpor":5,"n_transp_1":9,"n_transp_2":3,"n_transp_3":0,"n_transp_4":0,"n_transp_5":0,"n_transp_6":0,"dim_acc":0,"dim_soc":0}},{"type":"Feature","id":187,"geometry":{"type":"Polygon","coordinates":[[[-73.7752,-42.4683],[-73.775,-42.4683],[-73.775,-42.4682],[-73.7753,-42.4677],[-73.776,-42.4676],[-73.7764,-42.4676],[-73.7764,-42.468],[-73.7757,-42.4681],[-73.7752,-42.4683]]]},"properties":{"OID":187,"MANZENT":10201011006000,"n_per":75,"n_hombres":36,"n_mujeres":39,"n_edad_0_5":1,"n_edad_6_1":9,"n_edad_14_":7,"n_edad_18_":8,"n_edad_25_":15,"n_edad_45_":27,"n_edad_60_":8,"n_transpor":7,"n_transp_1":13,"n_transp_2":5,"n_transp_3":0,"n_transp_4":0,"n_transp_5":0,"n_transp_6":1,"dim_acc":0,"dim_soc":0}},{"type":"Feature","id":188,"geometry":{"type":"Polygon","coordinates":[[[-73.7799,-42.4681],[-73.7798,-42.468],[-73.7805,-42.4677],[-73.7809,-42.468],[-73.7801,-42.4683],[-73.7799,-42.4681]]]},"properties":{"OID":188,"MANZENT":10201011006000,"n_per":36,"n_hombres":20,"n_mujeres":16,"n_edad_0_5":3,"n_edad_6_1":3,"n_edad_14_":3,"n_edad_18_":2,"n_edad_25_":9,"n_edad_45_":8,"n_edad_60_":8,"n_transpor":7,"n_transp_1":5,"n_transp_2":2,"n_transp_3":0,"n_transp_4":0,"n_transp_5":0,"n_transp_6":2,"dim_acc":0,"dim_soc":0}},{"type":"Feature","id":189,"geometry":{"type":"Polygon","coordinates":[[[-73.779,-42.4683],[-73.7787,-42.4681],[-73.7794,-42.4678],[-73.7797,-42.468],[-73.779,-42.4683]]]},"properties":{"OID":189,"MANZENT":10201011006000,"n_per":43,"n_hombres":19,"n_mujeres":24,"n_edad_0_5":2,"n_edad_6_1":7,"n_edad_14_":3,"n_edad_18_":5,"n_edad_25_":8,"n_edad_45_":9,"n_edad_60_":9,"n_transpor":2,"n_transp_1":10,"n_transp_2":0,"n_transp_3":0,"n_transp_4":0,"n_transp_5":0,"n_transp_6":0,"dim_acc":0,"dim_soc":0}},{"type":"Feature","id":190,"geometry":{"type":"Polygon","coordinates":[[[-73.7768,-42.4689],[-73.7765,-42.4688],[-73.7765,-42.468],[-73.7769,-42.4681],[-73.7769,-42.4688],[-73.7768,-42.4689]]]},"properties":{"OID":190,"MANZENT":10201011006000,"n_per":61,"n_hombres":28,"n_mujeres":33,"n_edad_0_5":3,"n_edad_6_1":5,"n_edad_14_":2,"n_edad_18_":11,"n_edad_25_":14,"n_edad_45_":11,"n_edad_60_":15,"n_transpor":12,"n_transp_1":8,"n_transp_2":7,"n_transp_3":0,"n_transp_4":0,"n_transp_5":0,"n_transp_6":1,"dim_acc":0,"dim_soc":0}},{"type":"Feature","id":191,"geometry":{"type":"Polygon","coordinates":[[[-73.7764,-42.4688],[-73.776,-42.4686],[-73.7761,-42.4681],[-73.7765,-42.468],[-73.7764,-42.4688]]]},"properties":{"OID":191,"MANZENT":10201011006000,"n_per":49,"n_hombres":18,"n_mujeres":31,"n_edad_0_5":1,"n_edad_6_1":5,"n_edad_14_":6,"n_edad_18_":2,"n_edad_25_":11,"n_edad_45_":20,"n_edad_60_":4,"n_transpor":3,"n_transp_1":6,"n_transp_2":3,"n_transp_3":0,"n_transp_4":0,"n_transp_5":0,"n_transp_6":2,"dim_acc":0,"dim_soc":0}},{"type":"Feature","id":192,"geometry":{"type":"Polygon","coordinates":[[[-73.7817,-42.4689],[-73.7813,-42.469],[-73.7806,-42.4682],[-73.781,-42.468],[-73.7817,-42.4689]]]},"properties":{"OID":192,"MANZENT":10201011006000,"n_per":40,"n_hombres":14,"n_mujeres":26,"n_edad_0_5":3,"n_edad_6_1":0,"n_edad_14_":2,"n_edad_18_":1,"n_edad_25_":11,"n_edad_45_":12,"n_edad_60_":11,"n_transpor":0,"n_transp_1":3,"n_transp_2":0,"n_transp_3":0,"n_transp_4":0,"n_transp_5":0,"n_transp_6":0,"dim_acc":0,"dim_soc":0}},{"type":"Feature","id":193,"geometry":{"type":"Polygon","coordinates":[[[-73.777,-42.4684],[-73.777,-42.468],[-73.7779,-42.4681],[-73.7778,-42.4684],[-73.777,-42.4684]]]},"properties":{"OID":193,"MANZENT":10201011006000,"n_per":53,"n_hombres":26,"n_mujeres":27,"n_edad_0_5":2,"n_edad_6_1":6,"n_edad_14_":1,"n_edad_18_":9,"n_edad_25_":15,"n_edad_45_":13,"n_edad_60_":7,"n_transpor":4,"n_transp_1":12,"n_transp_2":1,"n_transp_3":0,"n_transp_4":0,"n_transp_5":0,"n_transp_6":4,"dim_acc":0,"dim_soc":0}},{"type":"Feature","id":194,"geometry":{"type":"Polygon","coordinates":[[[-73.7793,-42.4686],[-73.779,-42.4683],[-73.7797,-42.468],[-73.7798,-42.4681],[-73.78,-42.4683],[-73.7793,-42.4686]]]},"properties":{"OID":194,"MANZENT":10201011006000,"n_per":45,"n_hombres":26,"n_mujeres":19,"n_edad_0_5":2,"n_edad_6_1":3,"n_edad_14_":5,"n_edad_18_":4,"n_edad_25_":13,"n_edad_45_":15,"n_edad_60_":3,"n_transpor":4,"n_transp_1":10,"n_transp_2":5,"n_transp_3":0,"n_transp_4":0,"n_transp_5":0,"n_transp_6":1,"dim_acc":0,"dim_soc":0}},{"type":"Feature","id":195,"geometry":{"type":"Polygon","coordinates":[[[-73.7777,-42.4691],[-73.7773,-42.469],[-73.7779,-42.4684],[-73.7779,-42.4681],[-73.7783,-42.4681],[-73.7783,-42.4685],[-73.7778,-42.4691],[-73.7777,-42.4691]]]},"properties":{"OID":195,"MANZENT":10201011006000,"n_per":81,"n_hombres":34,"n_mujeres":47,"n_edad_0_5":4,"n_edad_6_1":12,"n_edad_14_":6,"n_edad_18_":8,"n_edad_25_":25,"n_edad_45_":19,"n_edad_60_":7,"n_transpor":9,"n_transp_1":9,"n_transp_2":5,"n_transp_3":0,"n_transp_4":0,"n_transp_5":0,"n_transp_6":5,"dim_acc":0,"dim_soc":0}},{"type":"Feature","id":196,"geometry":{"type":"Polygon","coordinates":[[[-73.7777,-42.4691],[-73.7778,-42.4691],[-73.7783,-42.4686],[-73.7784,-42.4681],[-73.7786,-42.4681],[-73.7789,-42.4684],[-73.7783,-42.4691],[-73.7785,-42.4689],[-73.7793,-42.4691],[-73.7792,-42.4694],[-73.7785,-42.4693],[-73.7785,-42.4693],[-73.7797,-42.4696],[-73.7797,-42.4695],[-73.7793,-42.4694],[-73.7794,-42.4691],[-73.7803,-42.4692],[-73.7813,-42.4698],[-73.7821,-42.4696],[-73.7823,-42.4699],[-73.7816,-42.47],[-73.7815,-42.4701],[-73.7816,-42.4702],[-73.7813,-42.4703],[-73.7801,-42.4697],[-73.7799,-42.4697],[-73.7792,-42.4702],[-73.78,-42.4697],[-73.7809,-42.4701],[-73.7812,-42.4703],[-73.7802,-42.4708],[-73.78,-42.4705],[-73.7796,-42.4704],[-73.78,-42.4706],[-73.7801,-42.4708],[-73.779,-42.4713],[-73.7767,-42.4727],[-73.7764,-42.4722],[-73.7769,-42.472],[-73.7772,-42.4713],[-73.7763,-42.471],[-73.7766,-42.4704],[-73.7777,-42.4704],[-73.7781,-42.4696],[-73.7779,-42.4701],[-73.7772,-42.47],[-73.7778,-42.4701],[-73.7777,-42.4704],[-73.7759,-42.4702],[-73.7752,-42.4697],[-73.7751,-42.4695],[-73.7751,-42.4697],[-73.7759,-42.4702],[-73.774,-42.47],[-73.7741,-42.4697],[-73.7746,-42.4698],[-73.7741,-42.4697],[-73.7742,-42.4694],[-73.7746,-42.4694],[-73.7743,-42.4693],[-73.7743,-42.4691],[-73.7752,-42.469],[-73.7748,-42.469],[-73.7746,-42.4685],[-73.775,-42.4684],[-73.7753,-42.4684],[-73.7767,-42.469],[-73.7777,-42.4691]]]},"properties":{"OID":196,"MANZENT":10201011006000,"n_per":593,"n_hombres":281,"n_mujeres":312,"n_edad_0_5":23,"n_edad_6_1":44,"n_edad_14_":38,"n_edad_18_":48,"n_edad_25_":165,"n_edad_45_":138,"n_edad_60_":137,"n_transpor":48,"n_transp_1":82,"n_transp_2":23,"n_transp_3":1,"n_transp_4":0,"n_transp_5":0,"n_transp_6":14,"dim_acc":0,"dim_soc":0}},{"type":"Feature","id":197,"geometry":{"type":"Polygon","coordinates":[[[-73.7754,-42.4683],[-73.7755,-42.4682],[-73.776,-42.4681],[-73.776,-42.4686],[-73.7754,-42.4683]]]},"properties":{"OID":197,"MANZENT":10201011006000,"n_per":18,"n_hombres":11,"n_mujeres":7,"n_edad_0_5":0,"n_edad_6_1":2,"n_edad_14_":1,"n_edad_18_":4,"n_edad_25_":6,"n_edad_45_":3,"n_edad_60_":2,"n_transpor":1,"n_transp_1":5,"n_transp_2":5,"n_transp_3":0,"n_transp_4":1,"n_transp_5":0,"n_transp_6":1,"dim_acc":0,"dim_soc":0}},{"type":"Feature","id":198,"geometry":{"type":"Polygon","coordinates":[[[-73.7809,-42.4692],[-73.7802,-42.4683],[-73.7805,-42.4682],[-73.781,-42.4687],[-73.7813,-42.469],[-73.7809,-42.4692]]]},"properties":{"OID":198,"MANZENT":10201011006000,"n_per":37,"n_hombres":20,"n_mujeres":17,"n_edad_0_5":2,"n_edad_6_1":4,"n_edad_14_":2,"n_edad_18_":4,"n_edad_25_":11,"n_edad_45_":7,"n_edad_60_":7,"n_transpor":2,"n_transp_1":1,"n_transp_2":1,"n_transp_3":0,"n_transp_4":0,"n_transp_5":0,"n_transp_6":0,"dim_acc":0,"dim_soc":0}},{"type":"Feature","id":199,"geometry":{"type":"Polygon","coordinates":[[[-73.7807,-42.4693],[-73.7804,-42.4692],[-73.7803,-42.4691],[-73.7798,-42.4685],[-73.7801,-42.4683],[-73.7808,-42.469],[-73.7808,-42.4692],[-73.7807,-42.4693]]]},"properties":{"OID":199,"MANZENT":10201011006000,"n_per":48,"n_hombres":22,"n_mujeres":26,"n_edad_0_5":4,"n_edad_6_1":3,"n_edad_14_":2,"n_edad_18_":3,"n_edad_25_":18,"n_edad_45_":14,"n_edad_60_":4,"n_transpor":3,"n_transp_1":0,"n_transp_2":1,"n_transp_3":0,"n_transp_4":0,"n_transp_5":0,"n_transp_6":1,"dim_acc":0,"dim_soc":0}},{"type":"Feature","id":200,"geometry":{"type":"Polygon","coordinates":[[[-73.7772,-42.469],[-73.7768,-42.4689],[-73.7773,-42.4684],[-73.7778,-42.4684],[-73.7772,-42.469]]]},"properties":{"OID":200,"MANZENT":10201011006000,"n_per":53,"n_hombres":26,"n_mujeres":27,"n_edad_0_5":5,"n_edad_6_1":4,"n_edad_14_":1,"n_edad_18_":6,"n_edad_25_":13,"n_edad_45_":19,"n_edad_60_":5,"n_transpor":3,"n_transp_1":10,"n_transp_2":1,"n_transp_3":0,"n_transp_4":0,"n_transp_5":0,"n_transp_6":4,"dim_acc":0,"dim_soc":0}},{"type":"Feature","id":201,"geometry":{"type":"Polygon","coordinates":[[[-73.7793,-42.469],[-73.7786,-42.4689],[-73.779,-42.4684],[-73.7793,-42.4687],[-73.7793,-42.469]]]},"properties":{"OID":201,"MANZENT":10201011006000,"n_per":33,"n_hombres":18,"n_mujeres":15,"n_edad_0_5":0,"n_edad_6_1":5,"n_edad_14_":3,"n_edad_18_":2,"n_edad_25_":11,"n_edad_45_":10,"n_edad_60_":2,"n_transpor":7,"n_transp_1":2,"n_transp_2":4,"n_transp_3":0,"n_transp_4":0,"n_transp_5":0,"n_transp_6":2,"dim_acc":0,"dim_soc":0}},{"type":"Feature","id":202,"geometry":{"type":"Polygon","coordinates":[[[-73.7803,-42.4692],[-73.7798,-42.4691],[-73.7794,-42.4687],[-73.7794,-42.4686],[-73.7797,-42.4685],[-73.7803,-42.4691],[-73.7803,-42.4692]]]},"properties":{"OID":202,"MANZENT":10201011006000,"n_per":36,"n_hombres":20,"n_mujeres":16,"n_edad_0_5":1,"n_edad_6_1":3,"n_edad_14_":1,"n_edad_18_":5,"n_edad_25_":8,"n_edad_45_":15,"n_edad_60_":3,"n_transpor":9,"n_transp_1":5,"n_transp_2":1,"n_transp_3":0,"n_transp_4":0,"n_transp_5":0,"n_transp_6":1,"dim_acc":0,"dim_soc":0}},{"type":"Feature","id":203,"geometry":{"type":"Polygon","coordinates":[[[-73.7746,-42.4685],[-73.7748,-42.469],[-73.7743,-42.469],[-73.7742,-42.4686],[-73.7746,-42.4685]]]},"properties":{"OID":203,"MANZENT":10201011006000,"n_per":31,"n_hombres":14,"n_mujeres":17,"n_edad_0_5":0,"n_edad_6_1":2,"n_edad_14_":3,"n_edad_18_":2,"n_edad_25_":12,"n_edad_45_":5,"n_edad_60_":7,"n_transpor":3,"n_transp_1":3,"n_transp_2":2,"n_transp_3":0,"n_transp_4":0,"n_transp_5":0,"n_transp_6":0,"dim_acc":0,"dim_soc":0}},{"type":"Feature","id":204,"geometry":{"type":"Polygon","coordinates":[[[-73.782,-42.4695],[-73.7817,-42.4697],[-73.7814,-42.4691],[-73.7817,-42.469],[-73.782,-42.4695]]]},"properties":{"OID":204,"MANZENT":10201011006000,"n_per":31,"n_hombres":17,"n_mujeres":14,"n_edad_0_5":0,"n_edad_6_1":3,"n_edad_14_":3,"n_edad_18_":1,"n_edad_25_":10,"n_edad_45_":8,"n_edad_60_":6,"n_transpor":8,"n_transp_1":3,"n_transp_2":2,"n_transp_3":0,"n_transp_4":0,"n_transp_5":0,"n_transp_6":0,"dim_acc":0,"dim_soc":0}},{"type":"Feature","id":205,"geometry":{"type":"Polygon","coordinates":[[[-73.7813,-42.4691],[-73.7816,-42.4697],[-73.7813,-42.4698],[-73.781,-42.4692],[-73.7813,-42.4691]]]},"properties":{"OID":205,"MANZENT":10201011006000,"n_per":38,"n_hombres":19,"n_mujeres":19,"n_edad_0_5":2,"n_edad_6_1":4,"n_edad_14_":4,"n_edad_18_":3,"n_edad_25_":14,"n_edad_45_":9,"n_edad_60_":2,"n_transpor":8,"n_transp_1":7,"n_transp_2":2,"n_transp_3":0,"n_transp_4":0,"n_transp_5":0,"n_transp_6":0,"dim_acc":0,"dim_soc":0}},{"type":"Feature","id":206,"geometry":{"type":"Polygon","coordinates":[[[-73.7812,-42.4697],[-73.7804,-42.4693],[-73.7809,-42.4693],[-73.7812,-42.4697]]]},"properties":{"OID":206,"MANZENT":10201011006000,"n_per":10,"n_hombres":2,"n_mujeres":8,"n_edad_0_5":0,"n_edad_6_1":0,"n_edad_14_":2,"n_edad_18_":0,"n_edad_25_":0,"n_edad_45_":4,"n_edad_60_":4,"n_transpor":2,"n_transp_1":0,"n_transp_2":0,"n_transp_3":0,"n_transp_4":0,"n_transp_5":0,"n_transp_6":0,"dim_acc":0,"dim_soc":0}},{"type":"Feature","id":207,"geometry":{"type":"Polygon","coordinates":[[[-73.7712,-42.4702],[-73.7701,-42.4702],[-73.7702,-42.4698],[-73.7713,-42.4699],[-73.7713,-42.4702],[-73.7712,-42.4702]]]},"properties":{"OID":207,"MANZENT":10201011006000,"n_per":16,"n_hombres":8,"n_mujeres":8,"n_edad_0_5":0,"n_edad_6_1":2,"n_edad_14_":2,"n_edad_18_":0,"n_edad_25_":5,"n_edad_45_":3,"n_edad_60_":4,"n_transpor":4,"n_transp_1":0,"n_transp_2":3,"n_transp_3":0,"n_transp_4":0,"n_transp_5":0,"n_transp_6":0,"dim_acc":0,"dim_soc":0}},{"type":"Feature","id":208,"geometry":{"type":"Polygon","coordinates":[[[-73.7722,-42.4699],[-73.7727,-42.47],[-73.7727,-42.4704],[-73.7729,-42.4706],[-73.7726,-42.4708],[-73.772,-42.471],[-73.772,-42.4706],[-73.7718,-42.4705],[-73.7718,-42.4703],[-73.7718,-42.4703],[-73.7722,-42.4702],[-73.7718,-42.4702],[-73.7717,-42.4704],[-73.7713,-42.4704],[-73.7714,-42.4699],[-73.7722,-42.4699]]]},"properties":{"OID":208,"MANZENT":10201011006000,"n_per":68,"n_hombres":39,"n_mujeres":29,"n_edad_0_5":8,"n_edad_6_1":8,"n_edad_14_":4,"n_edad_18_":8,"n_edad_25_":17,"n_edad_45_":8,"n_edad_60_":15,"n_transpor":7,"n_transp_1":6,"n_transp_2":3,"n_transp_3":0,"n_transp_4":0,"n_transp_5":0,"n_transp_6":4,"dim_acc":0,"dim_soc":0}},{"type":"Feature","id":209,"geometry":{"type":"Polygon","coordinates":[[[-73.7727,-42.47],[-73.7738,-42.4701],[-73.773,-42.4706],[-73.7727,-42.4704],[-73.7727,-42.47]]]},"properties":{"OID":209,"MANZENT":10201011006000,"n_per":21,"n_hombres":10,"n_mujeres":11,"n_edad_0_5":1,"n_edad_6_1":4,"n_edad_14_":1,"n_edad_18_":1,"n_edad_25_":7,"n_edad_45_":3,"n_edad_60_":4,"n_transpor":4,"n_transp_1":1,"n_transp_2":2,"n_transp_3":0,"n_transp_4":0,"n_transp_5":0,"n_transp_6":2,"dim_acc":0,"dim_soc":0}},{"type":"Feature","id":210,"geometry":{"type":"Polygon","coordinates":[[[-73.7738,-42.4713],[-73.7745,-42.4703],[-73.7749,-42.4702],[-73.7752,-42.4702],[-73.7745,-42.471],[-73.7738,-42.4713]]]},"properties":{"OID":210,"MANZENT":10201011006000,"n_per":57,"n_hombres":28,"n_mujeres":29,"n_edad_0_5":1,"n_edad_6_1":3,"n_edad_14_":4,"n_edad_18_":4,"n_edad_25_":14,"n_edad_45_":10,"n_edad_60_":21,"n_transpor":3,"n_transp_1":6,"n_transp_2":3,"n_transp_3":0,"n_transp_4":0,"n_transp_5":0,"n_transp_6":2,"dim_acc":0,"dim_soc":0}},{"type":"Feature","id":211,"geometry":{"type":"Polygon","coordinates":[[[-73.7748,-42.4707],[-73.7753,-42.4702],[-73.7764,-42.4703],[-73.7762,-42.4709],[-73.7755,-42.471],[-73.7751,-42.4714],[-73.7746,-42.4711],[-73.7748,-42.4707]]]},"properties":{"OID":211,"MANZENT":10201011006000,"n_per":84,"n_hombres":39,"n_mujeres":45,"n_edad_0_5":7,"n_edad_6_1":8,"n_edad_14_":1,"n_edad_18_":8,"n_edad_25_":21,"n_edad_45_":17,"n_edad_60_":22,"n_transpor":4,"n_transp_1":5,"n_transp_2":5,"n_transp_3":0,"n_transp_4":0,"n_transp_5":0,"n_transp_6":2,"dim_acc":0,"dim_soc":0}},{"type":"Feature","id":212,"geometry":{"type":"Polygon","coordinates":[[[-73.771,-42.4716],[-73.7708,-42.4721],[-73.771,-42.4727],[-73.7705,-42.4728],[-73.7703,-42.4723],[-73.7702,-42.4723],[-73.7704,-42.4728],[-73.7697,-42.473],[-73.7693,-42.4722],[-73.7695,-42.4718],[-73.7697,-42.4721],[-73.7701,-42.472],[-73.7697,-42.4713],[-73.7699,-42.4711],[-73.77,-42.4711],[-73.7703,-42.4715],[-73.77,-42.471],[-73.7699,-42.471],[-73.7703,-42.4709],[-73.7705,-42.4712],[-73.7703,-42.4708],[-73.7699,-42.4709],[-73.7701,-42.4702],[-73.7707,-42.4702],[-73.7712,-42.4703],[-73.7711,-42.471],[-73.7709,-42.471],[-73.7707,-42.4708],[-73.7707,-42.4706],[-73.7706,-42.4707],[-73.7707,-42.471],[-73.771,-42.4712],[-73.7711,-42.4715],[-73.771,-42.4716]]]},"properties":{"OID":212,"MANZENT":10201011006000,"n_per":237,"n_hombres":106,"n_mujeres":131,"n_edad_0_5":12,"n_edad_6_1":21,"n_edad_14_":13,"n_edad_18_":22,"n_edad_25_":73,"n_edad_45_":38,"n_edad_60_":58,"n_transpor":12,"n_transp_1":29,"n_transp_2":21,"n_transp_3":0,"n_transp_4":0,"n_transp_5":0,"n_transp_6":7,"dim_acc":0,"dim_soc":0}},{"type":"Feature","id":213,"geometry":{"type":"Polygon","coordinates":[[[-73.7733,-42.4708],[-73.7735,-42.4706],[-73.7743,-42.4704],[-73.7735,-42.4713],[-73.7731,-42.4711],[-73.7733,-42.4708]]]},"properties":{"OID":213,"MANZENT":10201011006000,"n_per":57,"n_hombres":21,"n_mujeres":36,"n_edad_0_5":2,"n_edad_6_1":4,"n_edad_14_":3,"n_edad_18_":5,"n_edad_25_":10,"n_edad_45_":17,"n_edad_60_":16,"n_transpor":1,"n_transp_1":6,"n_transp_2":6,"n_transp_3":0,"n_transp_4":0,"n_transp_5":0,"n_transp_6":0,"dim_acc":0,"dim_soc":0}},{"type":"Feature","id":214,"geometry":{"type":"Polygon","coordinates":[[[-73.7733,-42.4704],[-73.7734,-42.4705],[-73.7733,-42.4707],[-73.7727,-42.4714],[-73.7723,-42.4713],[-73.7727,-42.4715],[-73.7723,-42.4719],[-73.7718,-42.4718],[-73.7721,-42.4715],[-73.7718,-42.4717],[-73.7712,-42.4714],[-73.7711,-42.4711],[-73.7718,-42.4711],[-73.7718,-42.4714],[-73.7719,-42.4711],[-73.7727,-42.4708],[-73.7733,-42.4704]]]},"properties":{"OID":214,"MANZENT":10201011006000,"n_per":117,"n_hombres":62,"n_mujeres":55,"n_edad_0_5":8,"n_edad_6_1":14,"n_edad_14_":9,"n_edad_18_":13,"n_edad_25_":27,"n_edad_45_":24,"n_edad_60_":22,"n_transpor":9,"n_transp_1":8,"n_transp_2":3,"n_transp_3":0,"n_transp_4":0,"n_transp_5":0,"n_transp_6":5,"dim_acc":0,"dim_soc":0}},{"type":"Feature","id":215,"geometry":{"type":"Polygon","coordinates":[[[-73.7713,-42.4705],[-73.7717,-42.4705],[-73.7719,-42.4706],[-73.7719,-42.471],[-73.7716,-42.4711],[-73.7712,-42.471],[-73.7713,-42.4705]]]},"properties":{"OID":215,"MANZENT":10201011006000,"n_per":21,"n_hombres":8,"n_mujeres":13,"n_edad_0_5":2,"n_edad_6_1":1,"n_edad_14_":0,"n_edad_18_":1,"n_edad_25_":10,"n_edad_45_":4,"n_edad_60_":3,"n_transpor":1,"n_transp_1":3,"n_transp_2":1,"n_transp_3":0,"n_transp_4":0,"n_transp_5":0,"n_transp_6":1,"dim_acc":0,"dim_soc":0}},{"type":"Feature","id":216,"geometry":{"type":"Polygon","coordinates":[[[-73.7709,-42.4738],[-73.771,-42.4737],[-73.7716,-42.4735],[-73.772,-42.4734],[-73.7736,-42.4714],[-73.7744,-42.4711],[-73.775,-42.4715],[-73.7743,-42.4718],[-73.7733,-42.473],[-73.7738,-42.4738],[-73.7726,-42.4745],[-73.7714,-42.4748],[-73.7709,-42.4738]]]},"properties":{"OID":216,"MANZENT":10201011006000,"n_per":147,"n_hombres":71,"n_mujeres":76,"n_edad_0_5":6,"n_edad_6_1":13,"n_edad_14_":12,"n_edad_18_":5,"n_edad_25_":34,"n_edad_45_":39,"n_edad_60_":38,"n_transpor":7,"n_transp_1":10,"n_transp_2":10,"n_transp_3":0,"n_transp_4":0,"n_transp_5":0,"n_transp_6":3,"dim_acc":0,"dim_soc":0}},{"type":"Feature","id":217,"geometry":{"type":"Polygon","coordinates":[[[-73.7735,-42.4714],[-73.773,-42.472],[-73.7725,-42.4718],[-73.773,-42.4712],[-73.7735,-42.4714]]]},"properties":{"OID":217,"MANZENT":10201011006000,"n_per":35,"n_hombres":17,"n_mujeres":18,"n_edad_0_5":0,"n_edad_6_1":0,"n_edad_14_":0,"n_edad_18_":4,"n_edad_25_":7,"n_edad_45_":7,"n_edad_60_":17,"n_transpor":0,"n_transp_1":3,"n_transp_2":5,"n_transp_3":0,"n_transp_4":0,"n_transp_5":0,"n_transp_6":1,"dim_acc":0,"dim_soc":0}},{"type":"Feature","id":218,"geometry":{"type":"Polygon","coordinates":[[[-73.7697,-42.4721],[-73.7695,-42.4717],[-73.7697,-42.4714],[-73.7698,-42.4715],[-73.77,-42.4719],[-73.7697,-42.4721]]]},"properties":{"OID":218,"MANZENT":10201011006000,"n_per":40,"n_hombres":25,"n_mujeres":15,"n_edad_0_5":3,"n_edad_6_1":3,"n_edad_14_":4,"n_edad_18_":3,"n_edad_25_":18,"n_edad_45_":5,"n_edad_60_":4,"n_transpor":3,"n_transp_1":4,"n_transp_2":3,"n_transp_3":0,"n_transp_4":0,"n_transp_5":0,"n_transp_6":1,"dim_acc":0,"dim_soc":0}},{"type":"Feature","id":219,"geometry":{"type":"Polygon","coordinates":[[[-73.7717,-42.4718],[-73.7715,-42.4721],[-73.771,-42.4719],[-73.7712,-42.4715],[-73.7717,-42.4718]]]},"properties":{"OID":219,"MANZENT":10201011006100,"n_per":39,"n_hombres":17,"n_mujeres":22,"n_edad_0_5":1,"n_edad_6_1":2,"n_edad_14_":3,"n_edad_18_":11,"n_edad_25_":4,"n_edad_45_":13,"n_edad_60_":5,"n_transpor":1,"n_transp_1":10,"n_transp_2":3,"n_transp_3":0,"n_transp_4":0,"n_transp_5":0,"n_transp_6":2,"dim_acc":0,"dim_soc":0}},{"type":"Feature","id":220,"geometry":{"type":"Polygon","coordinates":[[[-73.7748,-42.4726],[-73.7744,-42.4718],[-73.7751,-42.4716],[-73.7755,-42.4723],[-73.7748,-42.4726]]]},"properties":{"OID":220,"MANZENT":10201011006100,"n_per":30,"n_hombres":13,"n_mujeres":17,"n_edad_0_5":1,"n_edad_6_1":3,"n_edad_14_":1,"n_edad_18_":1,"n_edad_25_":4,"n_edad_45_":7,"n_edad_60_":13,"n_transpor":4,"n_transp_1":2,"n_transp_2":2,"n_transp_3":0,"n_transp_4":0,"n_transp_5":0,"n_transp_6":2,"dim_acc":0,"dim_soc":0}},{"type":"Feature","id":221,"geometry":{"type":"Polygon","coordinates":[[[-73.773,-42.472],[-73.7728,-42.4722],[-73.7724,-42.472],[-73.7725,-42.4718],[-73.773,-42.472]]]},"properties":{"OID":221,"MANZENT":10201011006100,"n_per":73,"n_hombres":36,"n_mujeres":37,"n_edad_0_5":4,"n_edad_6_1":7,"n_edad_14_":5,"n_edad_18_":6,"n_edad_25_":23,"n_edad_45_":15,"n_edad_60_":13,"n_transpor":12,"n_transp_1":15,"n_transp_2":1,"n_transp_3":0,"n_transp_4":0,"n_transp_5":0,"n_transp_6":1,"dim_acc":0,"dim_soc":0}},{"type":"Feature","id":222,"geometry":{"type":"Polygon","coordinates":[[[-73.7714,-42.4726],[-73.7712,-42.4725],[-73.7718,-42.4718],[-73.7722,-42.472],[-73.7717,-42.4727],[-73.7714,-42.4726]]]},"properties":{"OID":222,"MANZENT":10201011006100,"n_per":35,"n_hombres":21,"n_mujeres":14,"n_edad_0_5":0,"n_edad_6_1":2,"n_edad_14_":1,"n_edad_18_":1,"n_edad_25_":6,"n_edad_45_":7,"n_edad_60_":18,"n_transpor":4,"n_transp_1":6,"n_transp_2":1,"n_transp_3":0,"n_transp_4":0,"n_transp_5":0,"n_transp_6":0,"dim_acc":0,"dim_soc":0}},{"type":"Feature","id":223,"geometry":{"type":"Polygon","coordinates":[[[-73.7741,-42.4728],[-73.7739,-42.4724],[-73.7744,-42.4719],[-73.7747,-42.4726],[-73.7741,-42.4728]]]},"properties":{"OID":223,"MANZENT":10201011006100,"n_per":35,"n_hombres":15,"n_mujeres":20,"n_edad_0_5":0,"n_edad_6_1":2,"n_edad_14_":1,"n_edad_18_":0,"n_edad_25_":4,"n_edad_45_":13,"n_edad_60_":15,"n_transpor":3,"n_transp_1":3,"n_transp_2":2,"n_transp_3":0,"n_transp_4":0,"n_transp_5":0,"n_transp_6":1,"dim_acc":0,"dim_soc":0}},{"type":"Feature","id":224,"geometry":{"type":"Polygon","coordinates":[[[-73.771,-42.4726],[-73.7708,-42.4721],[-73.7709,-42.4719],[-73.7714,-42.4722],[-73.771,-42.4726]]]},"properties":{"OID":224,"MANZENT":10201011006100,"n_per":42,"n_hombres":18,"n_mujeres":24,"n_edad_0_5":2,"n_edad_6_1":2,"n_edad_14_":4,"n_edad_18_":8,"n_edad_25_":13,"n_edad_45_":10,"n_edad_60_":3,"n_transpor":8,"n_transp_1":4,"n_transp_2":3,"n_transp_3":0,"n_transp_4":0,"n_transp_5":0,"n_transp_6":5,"dim_acc":0,"dim_soc":0}},{"type":"Feature","id":225,"geometry":{"type":"Polygon","coordinates":[[[-73.7715,-42.4731],[-73.7715,-42.4731],[-73.7723,-42.4721],[-73.7728,-42.4722],[-73.7719,-42.4733],[-73.7715,-42.4731]]]},"properties":{"OID":225,"MANZENT":10201011006100,"n_per":63,"n_hombres":26,"n_mujeres":37,"n_edad_0_5":2,"n_edad_6_1":6,"n_edad_14_":2,"n_edad_18_":3,"n_edad_25_":14,"n_edad_45_":14,"n_edad_60_":22,"n_transpor":5,"n_transp_1":7,"n_transp_2":10,"n_transp_3":0,"n_transp_4":0,"n_transp_5":0,"n_transp_6":2,"dim_acc":0,"dim_soc":0}},{"type":"Feature","id":226,"geometry":{"type":"Polygon","coordinates":[[[-73.7699,-42.4734],[-73.7697,-42.473],[-73.771,-42.4727],[-73.7712,-42.4731],[-73.7699,-42.4734]]]},"properties":{"OID":226,"MANZENT":10201011006100,"n_per":72,"n_hombres":31,"n_mujeres":41,"n_edad_0_5":2,"n_edad_6_1":7,"n_edad_14_":1,"n_edad_18_":4,"n_edad_25_":23,"n_edad_45_":11,"n_edad_60_":24,"n_transpor":2,"n_transp_1":5,"n_transp_2":15,"n_transp_3":0,"n_transp_4":0,"n_transp_5":0,"n_transp_6":2,"dim_acc":0,"dim_soc":0}},{"type":"Feature","id":227,"geometry":{"type":"Polygon","coordinates":[[[-73.77,-42.4738],[-73.7699,-42.4735],[-73.7712,-42.4732],[-73.7713,-42.4735],[-73.77,-42.4738]]]},"properties":{"OID":227,"MANZENT":10201011006100,"n_per":57,"n_hombres":24,"n_mujeres":33,"n_edad_0_5":5,"n_edad_6_1":2,"n_edad_14_":3,"n_edad_18_":2,"n_edad_25_":20,"n_edad_45_":10,"n_edad_60_":15,"n_transpor":3,"n_transp_1":9,"n_transp_2":7,"n_transp_3":0,"n_transp_4":0,"n_transp_5":0,"n_transp_6":4,"dim_acc":0,"dim_soc":0}},{"type":"Feature","id":228,"geometry":{"type":"Polygon","coordinates":[[[-73.7706,-42.475],[-73.7701,-42.4739],[-73.7708,-42.4737],[-73.7713,-42.4748],[-73.7706,-42.475]]]},"properties":{"OID":228,"MANZENT":10201011006100,"n_per":74,"n_hombres":39,"n_mujeres":35,"n_edad_0_5":5,"n_edad_6_1":6,"n_edad_14_":5,"n_edad_18_":14,"n_edad_25_":17,"n_edad_45_":13,"n_edad_60_":14,"n_transpor":6,"n_transp_1":3,"n_transp_2":9,"n_transp_3":0,"n_transp_4":0,"n_transp_5":0,"n_transp_6":2,"dim_acc":0,"dim_soc":0}},{"type":"Feature","id":229,"geometry":{"type":"MultiPolygon","coordinates":[[[[-73.7756,-42.4723],[-73.7752,-42.4716],[-73.7758,-42.4714],[-73.7762,-42.4721],[-73.7756,-42.4723]]],[[[-73.7764,-42.4721],[-73.7759,-42.4714],[-73.7763,-42.471],[-73.7771,-42.4713],[-73.7768,-42.4719],[-73.7764,-42.4721]]]]},"properties":{"OID":229,"MANZENT":10201011006000,"n_per":53,"n_hombres":25,"n_mujeres":28,"n_edad_0_5":1,"n_edad_6_1":3,"n_edad_14_":1,"n_edad_18_":3,"n_edad_25_":10,"n_edad_45_":18,"n_edad_60_":17,"n_transpor":5,"n_transp_1":10,"n_transp_2":4,"n_transp_3":0,"n_transp_4":0,"n_transp_5":0,"n_transp_6":0,"dim_acc":0,"dim_soc":0}},{"type":"Feature","id":230,"geometry":{"type":"Polygon","coordinates":[[[-73.7854,-42.4558],[-73.785,-42.4562],[-73.7848,-42.4566],[-73.7842,-42.4592],[-73.7836,-42.459],[-73.7842,-42.4593],[-73.7841,-42.4597],[-73.7834,-42.4598],[-73.784,-42.4598],[-73.784,-42.46],[-73.7836,-42.46],[-73.784,-42.46],[-73.7839,-42.4603],[-73.7832,-42.4603],[-73.7832,-42.46],[-73.7829,-42.4596],[-73.7831,-42.4595],[-73.7829,-42.4595],[-73.7829,-42.4589],[-73.7828,-42.4595],[-73.7823,-42.4596],[-73.7822,-42.4592],[-73.7822,-42.4596],[-73.7825,-42.4603],[-73.7815,-42.4602],[-73.7825,-42.456],[-73.7828,-42.4554],[-73.7839,-42.456],[-73.7844,-42.456],[-73.7849,-42.4559],[-73.7852,-42.4558],[-73.7854,-42.4558]]]},"properties":{"OID":230,"MANZENT":10201011007000,"n_per":141,"n_hombres":78,"n_mujeres":63,"n_edad_0_5":12,"n_edad_6_1":12,"n_edad_14_":8,"n_edad_18_":24,"n_edad_25_":49,"n_edad_45_":21,"n_edad_60_":15,"n_transpor":16,"n_transp_1":39,"n_transp_2":7,"n_transp_3":0,"n_transp_4":0,"n_transp_5":0,"n_transp_6":1,"dim_acc":0,"dim_soc":0}},{"type":"Feature","id":231,"geometry":{"type":"Polygon","coordinates":[[[-73.7832,-42.4603],[-73.7826,-42.4603],[-73.7823,-42.4596],[-73.7829,-42.4595],[-73.7831,-42.46],[-73.7832,-42.4603]]]},"properties":{"OID":231,"MANZENT":10201011007000,"n_per":19,"n_hombres":6,"n_mujeres":13,"n_edad_0_5":0,"n_edad_6_1":3,"n_edad_14_":0,"n_edad_18_":2,"n_edad_25_":9,"n_edad_45_":4,"n_edad_60_":1,"n_transpor":4,"n_transp_1":8,"n_transp_2":0,"n_transp_3":0,"n_transp_4":0,"n_transp_5":0,"n_transp_6":0,"dim_acc":0,"dim_soc":0}},{"type":"Feature","id":232,"geometry":{"type":"Polygon","coordinates":[[[-73.7787,-42.4598],[-73.7795,-42.4598],[-73.7806,-42.4601],[-73.7813,-42.4601],[-73.7826,-42.4604],[-73.7839,-42.4604],[-73.7838,-42.4608],[-73.7824,-42.4607],[-73.7838,-42.4608],[-73.7837,-42.4611],[-73.7823,-42.4609],[-73.7837,-42.4612],[-73.7836,-42.4617],[-73.7823,-42.4613],[-73.7821,-42.4613],[-73.782,-42.4615],[-73.7815,-42.4613],[-73.7816,-42.4605],[-73.7806,-42.4605],[-73.7804,-42.4613],[-73.78,-42.4617],[-73.7794,-42.4621],[-73.779,-42.4618],[-73.7799,-42.4614],[-73.78,-42.4613],[-73.78,-42.461],[-73.7797,-42.4607],[-73.7795,-42.4607],[-73.7793,-42.4604],[-73.7791,-42.4604],[-73.7781,-42.4609],[-73.7778,-42.4612],[-73.7779,-42.4616],[-73.7784,-42.462],[-73.7774,-42.4626],[-73.7784,-42.4629],[-73.7783,-42.4632],[-73.7774,-42.463],[-73.7774,-42.4631],[-73.7783,-42.4633],[-73.7783,-42.4636],[-73.7772,-42.4633],[-73.7772,-42.4633],[-73.7783,-42.4636],[-73.7782,-42.4643],[-73.7773,-42.4644],[-73.7765,-42.4651],[-73.7768,-42.4659],[-73.776,-42.466],[-73.7755,-42.465],[-73.7754,-42.4651],[-73.7746,-42.4653],[-73.7738,-42.4655],[-73.7738,-42.465],[-73.774,-42.4649],[-73.7741,-42.4652],[-73.774,-42.4649],[-73.7743,-42.4648],[-73.7745,-42.4652],[-73.7744,-42.4648],[-73.7747,-42.4647],[-73.7749,-42.465],[-73.7754,-42.4648],[-73.7755,-42.4644],[-73.7754,-42.4642],[-73.7749,-42.4643],[-73.7749,-42.4646],[-73.7737,-42.4649],[-73.7735,-42.4639],[-73.7737,-42.4639],[-73.7742,-42.4639],[-73.7745,-42.4637],[-73.7747,-42.4633],[-73.7751,-42.463],[-73.7751,-42.4627],[-73.7759,-42.4624],[-73.7762,-42.4621],[-73.7763,-42.4618],[-73.7765,-42.4615],[-73.7766,-42.4608],[-73.7769,-42.4605],[-73.7774,-42.4602],[-73.7787,-42.4598]]]},"properties":{"OID":232,"MANZENT":10201011007000,"n_per":678,"n_hombres":318,"n_mujeres":360,"n_edad_0_5":42,"n_edad_6_1":78,"n_edad_14_":51,"n_edad_18_":62,"n_edad_25_":235,"n_edad_45_":134,"n_edad_60_":76,"n_transpor":49,"n_transp_1":83,"n_transp_2":13,"n_transp_3":0,"n_transp_4":0,"n_transp_5":1,"n_transp_6":32,"dim_acc":0,"dim_soc":0}},{"type":"Feature","id":233,"geometry":{"type":"Polygon","coordinates":[[[-73.7779,-42.4613],[-73.7779,-42.4612],[-73.7781,-42.4609],[-73.7791,-42.4605],[-73.7792,-42.4605],[-73.7794,-42.4607],[-73.7785,-42.4611],[-73.7784,-42.4613],[-73.7779,-42.4613]]]},"properties":{"OID":233,"MANZENT":10201011007000,"n_per":70,"n_hombres":36,"n_mujeres":34,"n_edad_0_5":8,"n_edad_6_1":12,"n_edad_14_":4,"n_edad_18_":2,"n_edad_25_":31,"n_edad_45_":9,"n_edad_60_":4,"n_transpor":23,"n_transp_1":7,"n_transp_2":3,"n_transp_3":0,"n_transp_4":0,"n_transp_5":0,"n_transp_6":2,"dim_acc":0,"dim_soc":0}},{"type":"Feature","id":234,"geometry":{"type":"Polygon","coordinates":[[[-73.7811,-42.4606],[-73.781,-42.4613],[-73.7805,-42.4613],[-73.7806,-42.4606],[-73.7811,-42.4606]]]},"properties":{"OID":234,"MANZENT":10201011007000,"n_per":39,"n_hombres":20,"n_mujeres":19,"n_edad_0_5":2,"n_edad_6_1":10,"n_edad_14_":0,"n_edad_18_":1,"n_edad_25_":18,"n_edad_45_":4,"n_edad_60_":4,"n_transpor":5,"n_transp_1":7,"n_transp_2":0,"n_transp_3":0,"n_transp_4":0,"n_transp_5":0,"n_transp_6":4,"dim_acc":0,"dim_soc":0}},{"type":"Feature","id":235,"geometry":{"type":"Polygon","coordinates":[[[-73.7814,-42.4613],[-73.781,-42.4613],[-73.7811,-42.4606],[-73.7815,-42.4606],[-73.7814,-42.4613]]]},"properties":{"OID":235,"MANZENT":10201011007000,"n_per":45,"n_hombres":23,"n_mujeres":22,"n_edad_0_5":5,"n_edad_6_1":3,"n_edad_14_":2,"n_edad_18_":4,"n_edad_25_":20,"n_edad_45_":5,"n_edad_60_":6,"n_transpor":4,"n_transp_1":3,"n_transp_2":3,"n_transp_3":0,"n_transp_4":0,"n_transp_5":0,"n_transp_6":4,"dim_acc":0,"dim_soc":0}},{"type":"Feature","id":236,"geometry":{"type":"Polygon","coordinates":[[[-73.7786,-42.4611],[-73.7796,-42.4607],[-73.7799,-42.461],[-73.7799,-42.4613],[-73.7797,-42.4614],[-73.779,-42.4618],[-73.7786,-42.4616],[-73.7795,-42.4612],[-73.7786,-42.4615],[-73.7784,-42.4613],[-73.7786,-42.4611]]]},"properties":{"OID":236,"MANZENT":10201011007000,"n_per":138,"n_hombres":64,"n_mujeres":74,"n_edad_0_5":12,"n_edad_6_1":29,"n_edad_14_":8,"n_edad_18_":10,"n_edad_25_":55,"n_edad_45_":19,"n_edad_60_":5,"n_transpor":22,"n_transp_1":14,"n_transp_2":1,"n_transp_3":0,"n_transp_4":0,"n_transp_5":0,"n_transp_6":5,"dim_acc":0,"dim_soc":0}},{"type":"Feature","id":237,"geometry":{"type":"Polygon","coordinates":[[[-73.7801,-42.4618],[-73.7805,-42.4613],[-73.7809,-42.4613],[-73.7809,-42.4615],[-73.7804,-42.462],[-73.7801,-42.4618]]]},"properties":{"OID":237,"MANZENT":10201011007000,"n_per":40,"n_hombres":16,"n_mujeres":24,"n_edad_0_5":2,"n_edad_6_1":6,"n_edad_14_":2,"n_edad_18_":3,"n_edad_25_":13,"n_edad_45_":12,"n_edad_60_":2,"n_transpor":0,"n_transp_1":1,"n_transp_2":2,"n_transp_3":0,"n_transp_4":0,"n_transp_5":0,"n_transp_6":3,"dim_acc":0,"dim_soc":0}},{"type":"Feature","id":238,"geometry":{"type":"Polygon","coordinates":[[[-73.7804,-42.462],[-73.7809,-42.4615],[-73.781,-42.4613],[-73.7814,-42.4614],[-73.7812,-42.4618],[-73.7808,-42.4622],[-73.7804,-42.462]]]},"properties":{"OID":238,"MANZENT":10201011007000,"n_per":49,"n_hombres":24,"n_mujeres":25,"n_edad_0_5":5,"n_edad_6_1":7,"n_edad_14_":3,"n_edad_18_":3,"n_edad_25_":21,"n_edad_45_":6,"n_edad_60_":4,"n_transpor":3,"n_transp_1":2,"n_transp_2":1,"n_transp_3":0,"n_transp_4":0,"n_transp_5":0,"n_transp_6":9,"dim_acc":0,"dim_soc":0}},{"type":"Feature","id":239,"geometry":{"type":"Polygon","coordinates":[[[-73.779,-42.4623],[-73.7782,-42.4618],[-73.7779,-42.4614],[-73.7784,-42.4614],[-73.7786,-42.4617],[-73.7794,-42.4621],[-73.779,-42.4623]]]},"properties":{"OID":239,"MANZENT":10201011007000,"n_per":79,"n_hombres":36,"n_mujeres":43,"n_edad_0_5":8,"n_edad_6_1":18,"n_edad_14_":5,"n_edad_18_":5,"n_edad_25_":34,"n_edad_45_":9,"n_edad_60_":0,"n_transpor":11,"n_transp_1":15,"n_transp_2":0,"n_transp_3":0,"n_transp_4":0,"n_transp_5":0,"n_transp_6":3,"dim_acc":0,"dim_soc":0}},{"type":"Feature","id":240,"geometry":{"type":"Polygon","coordinates":[[[-73.7813,-42.4625],[-73.7812,-42.4625],[-73.7813,-42.4626],[-73.7808,-42.4627],[-73.7801,-42.4632],[-73.7797,-42.4629],[-73.7805,-42.4625],[-73.7812,-42.4619],[-73.7814,-42.4616],[-73.7815,-42.4614],[-73.7819,-42.4615],[-73.7818,-42.4624],[-73.7814,-42.4625],[-73.7813,-42.4625]]]},"properties":{"OID":240,"MANZENT":10201011007000,"n_per":38,"n_hombres":17,"n_mujeres":21,"n_edad_0_5":1,"n_edad_6_1":6,"n_edad_14_":2,"n_edad_18_":5,"n_edad_25_":13,"n_edad_45_":10,"n_edad_60_":1,"n_transpor":6,"n_transp_1":10,"n_transp_2":3,"n_transp_3":0,"n_transp_4":0,"n_transp_5":0,"n_transp_6":1,"dim_acc":0,"dim_soc":0}},{"type":"Feature","id":241,"geometry":{"type":"Polygon","coordinates":[[[-73.7886,-42.4561],[-73.7887,-42.456],[-73.7894,-42.4561],[-73.7895,-42.4563],[-73.7893,-42.4564],[-73.7886,-42.4561]]]},"properties":{"OID":241,"MANZENT":10201011001000,"n_per":0,"n_hombres":0,"n_mujeres":0,"n_edad_0_5":0,"n_edad_6_1":0,"n_edad_14_":0,"n_edad_18_":0,"n_edad_25_":0,"n_edad_45_":0,"n_edad_60_":0,"n_transpor":0,"n_transp_1":0,"n_transp_2":0,"n_transp_3":0,"n_transp_4":0,"n_transp_5":0,"n_transp_6":0,"dim_acc":0,"dim_soc":0}},{"type":"Feature","id":242,"geometry":{"type":"Polygon","coordinates":[[[-73.7908,-42.4585],[-73.7908,-42.4585],[-73.7909,-42.4583],[-73.7911,-42.4583],[-73.7908,-42.4585]]]},"properties":{"OID":242,"MANZENT":10201011001000,"n_per":0,"n_hombres":0,"n_mujeres":0,"n_edad_0_5":0,"n_edad_6_1":0,"n_edad_14_":0,"n_edad_18_":0,"n_edad_25_":0,"n_edad_45_":0,"n_edad_60_":0,"n_transpor":0,"n_transp_1":0,"n_transp_2":0,"n_transp_3":0,"n_transp_4":0,"n_transp_5":0,"n_transp_6":0,"dim_acc":0,"dim_soc":0}},{"type":"Feature","id":243,"geometry":{"type":"Polygon","coordinates":[[[-73.7885,-42.4588],[-73.7885,-42.4584],[-73.7889,-42.4586],[-73.7885,-42.4588]]]},"properties":{"OID":243,"MANZENT":10201011001000,"n_per":0,"n_hombres":0,"n_mujeres":0,"n_edad_0_5":0,"n_edad_6_1":0,"n_edad_14_":0,"n_edad_18_":0,"n_edad_25_":0,"n_edad_45_":0,"n_edad_60_":0,"n_transpor":0,"n_transp_1":0,"n_transp_2":0,"n_transp_3":0,"n_transp_4":0,"n_transp_5":0,"n_transp_6":0,"dim_acc":0,"dim_soc":0}},{"type":"Feature","id":244,"geometry":{"type":"Polygon","coordinates":[[[-73.7922,-42.4586],[-73.7922,-42.4585],[-73.7926,-42.4586],[-73.7923,-42.4588],[-73.7922,-42.4586]]]},"properties":{"OID":244,"MANZENT":10201011001000,"n_per":0,"n_hombres":0,"n_mujeres":0,"n_edad_0_5":0,"n_edad_6_1":0,"n_edad_14_":0,"n_edad_18_":0,"n_edad_25_":0,"n_edad_45_":0,"n_edad_60_":0,"n_transpor":0,"n_transp_1":0,"n_transp_2":0,"n_transp_3":0,"n_transp_4":0,"n_transp_5":0,"n_transp_6":0,"dim_acc":0,"dim_soc":0}},{"type":"Feature","id":245,"geometry":{"type":"Polygon","coordinates":[[[-73.7898,-42.4592],[-73.7897,-42.4593],[-73.7894,-42.4591],[-73.7897,-42.4589],[-73.79,-42.4591],[-73.7898,-42.4592]]]},"properties":{"OID":245,"MANZENT":10201011001000,"n_per":0,"n_hombres":0,"n_mujeres":0,"n_edad_0_5":0,"n_edad_6_1":0,"n_edad_14_":0,"n_edad_18_":0,"n_edad_25_":0,"n_edad_45_":0,"n_edad_60_":0,"n_transpor":0,"n_transp_1":0,"n_transp_2":0,"n_transp_3":0,"n_transp_4":0,"n_transp_5":0,"n_transp_6":0,"dim_acc":0,"dim_soc":0}},{"type":"Feature","id":246,"geometry":{"type":"Polygon","coordinates":[[[-73.7969,-42.4594],[-73.7965,-42.4593],[-73.7966,-42.459],[-73.7971,-42.4591],[-73.7969,-42.4594]]]},"properties":{"OID":246,"MANZENT":10201011001000,"n_per":0,"n_hombres":0,"n_mujeres":0,"n_edad_0_5":0,"n_edad_6_1":0,"n_edad_14_":0,"n_edad_18_":0,"n_edad_25_":0,"n_edad_45_":0,"n_edad_60_":0,"n_transpor":0,"n_transp_1":0,"n_transp_2":0,"n_transp_3":0,"n_transp_4":0,"n_transp_5":0,"n_transp_6":0,"dim_acc":0,"dim_soc":0}},{"type":"Feature","id":247,"geometry":{"type":"Polygon","coordinates":[[[-73.7962,-42.46],[-73.795,-42.4598],[-73.7951,-42.4594],[-73.7963,-42.4597],[-73.7962,-42.46]]]},"properties":{"OID":247,"MANZENT":10201011001000,"n_per":0,"n_hombres":0,"n_mujeres":0,"n_edad_0_5":0,"n_edad_6_1":0,"n_edad_14_":0,"n_edad_18_":0,"n_edad_25_":0,"n_edad_45_":0,"n_edad_60_":0,"n_transpor":0,"n_transp_1":0,"n_transp_2":0,"n_transp_3":0,"n_transp_4":0,"n_transp_5":0,"n_transp_6":0,"dim_acc":0,"dim_soc":0}},{"type":"Feature","id":248,"geometry":{"type":"Polygon","coordinates":[[[-73.7954,-42.4603],[-73.7955,-42.46],[-73.7954,-42.4603],[-73.7954,-42.4603]]]},"properties":{"OID":248,"MANZENT":10201011001000,"n_per":0,"n_hombres":0,"n_mujeres":0,"n_edad_0_5":0,"n_edad_6_1":0,"n_edad_14_":0,"n_edad_18_":0,"n_edad_25_":0,"n_edad_45_":0,"n_edad_60_":0,"n_transpor":0,"n_transp_1":0,"n_transp_2":0,"n_transp_3":0,"n_transp_4":0,"n_transp_5":0,"n_transp_6":0,"dim_acc":0,"dim_soc":0}},{"type":"Feature","id":249,"geometry":{"type":"Polygon","coordinates":[[[-73.7944,-42.4609],[-73.7954,-42.4603],[-73.7954,-42.4604],[-73.7944,-42.4609]]]},"properties":{"OID":249,"MANZENT":10201011001000,"n_per":0,"n_hombres":0,"n_mujeres":0,"n_edad_0_5":0,"n_edad_6_1":0,"n_edad_14_":0,"n_edad_18_":0,"n_edad_25_":0,"n_edad_45_":0,"n_edad_60_":0,"n_transpor":0,"n_transp_1":0,"n_transp_2":0,"n_transp_3":0,"n_transp_4":0,"n_transp_5":0,"n_transp_6":0,"dim_acc":0,"dim_soc":0}},{"type":"Feature","id":250,"geometry":{"type":"Polygon","coordinates":[[[-73.7963,-42.461],[-73.7959,-42.4604],[-73.7964,-42.4606],[-73.7963,-42.461]]]},"properties":{"OID":250,"MANZENT":10201011001000,"n_per":0,"n_hombres":0,"n_mujeres":0,"n_edad_0_5":0,"n_edad_6_1":0,"n_edad_14_":0,"n_edad_18_":0,"n_edad_25_":0,"n_edad_45_":0,"n_edad_60_":0,"n_transpor":0,"n_transp_1":0,"n_transp_2":0,"n_transp_3":0,"n_transp_4":0,"n_transp_5":0,"n_transp_6":0,"dim_acc":0,"dim_soc":0}},{"type":"Feature","id":251,"geometry":{"type":"Polygon","coordinates":[[[-73.7941,-42.4606],[-73.7943,-42.4608],[-73.794,-42.4609],[-73.7939,-42.4607],[-73.7941,-42.4606]]]},"properties":{"OID":251,"MANZENT":10201011001000,"n_per":0,"n_hombres":0,"n_mujeres":0,"n_edad_0_5":0,"n_edad_6_1":0,"n_edad_14_":0,"n_edad_18_":0,"n_edad_25_":0,"n_edad_45_":0,"n_edad_60_":0,"n_transpor":0,"n_transp_1":0,"n_transp_2":0,"n_transp_3":0,"n_transp_4":0,"n_transp_5":0,"n_transp_6":0,"dim_acc":0,"dim_soc":0}},{"type":"Feature","id":252,"geometry":{"type":"Polygon","coordinates":[[[-73.7933,-42.4616],[-73.7929,-42.4614],[-73.7938,-42.4608],[-73.7941,-42.4613],[-73.7933,-42.4616]]]},"properties":{"OID":252,"MANZENT":10201011001100,"n_per":0,"n_hombres":0,"n_mujeres":0,"n_edad_0_5":0,"n_edad_6_1":0,"n_edad_14_":0,"n_edad_18_":0,"n_edad_25_":0,"n_edad_45_":0,"n_edad_60_":0,"n_transpor":0,"n_transp_1":0,"n_transp_2":0,"n_transp_3":0,"n_transp_4":0,"n_transp_5":0,"n_transp_6":0,"dim_acc":0,"dim_soc":0}},{"type":"Feature","id":253,"geometry":{"type":"Polygon","coordinates":[[[-73.7951,-42.461],[-73.7956,-42.4608],[-73.7959,-42.4612],[-73.7954,-42.4614],[-73.7951,-42.461]]]},"properties":{"OID":253,"MANZENT":10201011001100,"n_per":0,"n_hombres":0,"n_mujeres":0,"n_edad_0_5":0,"n_edad_6_1":0,"n_edad_14_":0,"n_edad_18_":0,"n_edad_25_":0,"n_edad_45_":0,"n_edad_60_":0,"n_transpor":0,"n_transp_1":0,"n_transp_2":0,"n_transp_3":0,"n_transp_4":0,"n_transp_5":0,"n_transp_6":0,"dim_acc":0,"dim_soc":0}},{"type":"Feature","id":254,"geometry":{"type":"Polygon","coordinates":[[[-73.7941,-42.461],[-73.794,-42.461],[-73.7943,-42.4609],[-73.7941,-42.461]]]},"properties":{"OID":254,"MANZENT":10201011001100,"n_per":0,"n_hombres":0,"n_mujeres":0,"n_edad_0_5":0,"n_edad_6_1":0,"n_edad_14_":0,"n_edad_18_":0,"n_edad_25_":0,"n_edad_45_":0,"n_edad_60_":0,"n_transpor":0,"n_transp_1":0,"n_transp_2":0,"n_transp_3":0,"n_transp_4":0,"n_transp_5":0,"n_transp_6":0,"dim_acc":0,"dim_soc":0}},{"type":"Feature","id":255,"geometry":{"type":"Polygon","coordinates":[[[-73.795,-42.4621],[-73.7941,-42.4611],[-73.7944,-42.4609],[-73.7953,-42.462],[-73.795,-42.4621]]]},"properties":{"OID":255,"MANZENT":10201011001100,"n_per":0,"n_hombres":0,"n_mujeres":0,"n_edad_0_5":0,"n_edad_6_1":0,"n_edad_14_":0,"n_edad_18_":0,"n_edad_25_":0,"n_edad_45_":0,"n_edad_60_":0,"n_transpor":0,"n_transp_1":0,"n_transp_2":0,"n_transp_3":0,"n_transp_4":0,"n_transp_5":0,"n_transp_6":0,"dim_acc":0,"dim_soc":0}},{"type":"Feature","id":256,"geometry":{"type":"Polygon","coordinates":[[[-73.7915,-42.4616],[-73.7914,-42.4615],[-73.7919,-42.4612],[-73.792,-42.4613],[-73.7915,-42.4616]]]},"properties":{"OID":256,"MANZENT":10201011001100,"n_per":0,"n_hombres":0,"n_mujeres":0,"n_edad_0_5":0,"n_edad_6_1":0,"n_edad_14_":0,"n_edad_18_":0,"n_edad_25_":0,"n_edad_45_":0,"n_edad_60_":0,"n_transpor":0,"n_transp_1":0,"n_transp_2":0,"n_transp_3":0,"n_transp_4":0,"n_transp_5":0,"n_transp_6":0,"dim_acc":0,"dim_soc":0}},{"type":"Feature","id":257,"geometry":{"type":"Polygon","coordinates":[[[-73.7942,-42.4625],[-73.7934,-42.4617],[-73.7942,-42.4613],[-73.795,-42.4622],[-73.7942,-42.4625]]]},"properties":{"OID":257,"MANZENT":10201011001100,"n_per":0,"n_hombres":0,"n_mujeres":0,"n_edad_0_5":0,"n_edad_6_1":0,"n_edad_14_":0,"n_edad_18_":0,"n_edad_25_":0,"n_edad_45_":0,"n_edad_60_":0,"n_transpor":0,"n_transp_1":0,"n_transp_2":0,"n_transp_3":0,"n_transp_4":0,"n_transp_5":0,"n_transp_6":0,"dim_acc":0,"dim_soc":0}},{"type":"Feature","id":258,"geometry":{"type":"Polygon","coordinates":[[[-73.7969,-42.4616],[-73.7965,-42.4616],[-73.7965,-42.4614],[-73.7972,-42.4615],[-73.7976,-42.4616],[-73.7974,-42.4617],[-73.7969,-42.4616]]]},"properties":{"OID":258,"MANZENT":10201011001100,"n_per":0,"n_hombres":0,"n_mujeres":0,"n_edad_0_5":0,"n_edad_6_1":0,"n_edad_14_":0,"n_edad_18_":0,"n_edad_25_":0,"n_edad_45_":0,"n_edad_60_":0,"n_transpor":0,"n_transp_1":0,"n_transp_2":0,"n_transp_3":0,"n_transp_4":0,"n_transp_5":0,"n_transp_6":0,"dim_acc":0,"dim_soc":0}},{"type":"Feature","id":259,"geometry":{"type":"Polygon","coordinates":[[[-73.7919,-42.4624],[-73.7918,-42.4623],[-73.793,-42.4615],[-73.7919,-42.4624]]]},"properties":{"OID":259,"MANZENT":10201011001100,"n_per":0,"n_hombres":0,"n_mujeres":0,"n_edad_0_5":0,"n_edad_6_1":0,"n_edad_14_":0,"n_edad_18_":0,"n_edad_25_":0,"n_edad_45_":0,"n_edad_60_":0,"n_transpor":0,"n_transp_1":0,"n_transp_2":0,"n_transp_3":0,"n_transp_4":0,"n_transp_5":0,"n_transp_6":0,"dim_acc":0,"dim_soc":0}},{"type":"Feature","id":260,"geometry":{"type":"Polygon","coordinates":[[[-73.7961,-42.4617],[-73.7964,-42.4616],[-73.7964,-42.4618],[-73.7961,-42.4617]]]},"properties":{"OID":260,"MANZENT":10201011001100,"n_per":0,"n_hombres":0,"n_mujeres":0,"n_edad_0_5":0,"n_edad_6_1":0,"n_edad_14_":0,"n_edad_18_":0,"n_edad_25_":0,"n_edad_45_":0,"n_edad_60_":0,"n_transpor":0,"n_transp_1":0,"n_transp_2":0,"n_transp_3":0,"n_transp_4":0,"n_transp_5":0,"n_transp_6":0,"dim_acc":0,"dim_soc":0}},{"type":"Feature","id":261,"geometry":{"type":"Polygon","coordinates":[[[-73.797,-42.4617],[-73.7969,-42.4619],[-73.7965,-42.4618],[-73.7965,-42.4616],[-73.797,-42.4617]]]},"properties":{"OID":261,"MANZENT":10201011001100,"n_per":0,"n_hombres":0,"n_mujeres":0,"n_edad_0_5":0,"n_edad_6_1":0,"n_edad_14_":0,"n_edad_18_":0,"n_edad_25_":0,"n_edad_45_":0,"n_edad_60_":0,"n_transpor":0,"n_transp_1":0,"n_transp_2":0,"n_transp_3":0,"n_transp_4":0,"n_transp_5":0,"n_transp_6":0,"dim_acc":0,"dim_soc":0}},{"type":"Feature","id":262,"geometry":{"type":"Polygon","coordinates":[[[-73.7971,-42.4617],[-73.7973,-42.4617],[-73.7974,-42.4619],[-73.7969,-42.4619],[-73.7971,-42.4617]]]},"properties":{"OID":262,"MANZENT":10201011001100,"n_per":0,"n_hombres":0,"n_mujeres":0,"n_edad_0_5":0,"n_edad_6_1":0,"n_edad_14_":0,"n_edad_18_":0,"n_edad_25_":0,"n_edad_45_":0,"n_edad_60_":0,"n_transpor":0,"n_transp_1":0,"n_transp_2":0,"n_transp_3":0,"n_transp_4":0,"n_transp_5":0,"n_transp_6":0,"dim_acc":0,"dim_soc":0}},{"type":"Feature","id":263,"geometry":{"type":"Polygon","coordinates":[[[-73.7905,-42.4626],[-73.7902,-42.4624],[-73.7906,-42.4621],[-73.791,-42.4623],[-73.7905,-42.4626]]]},"properties":{"OID":263,"MANZENT":10201011001100,"n_per":0,"n_hombres":0,"n_mujeres":0,"n_edad_0_5":0,"n_edad_6_1":0,"n_edad_14_":0,"n_edad_18_":0,"n_edad_25_":0,"n_edad_45_":0,"n_edad_60_":0,"n_transpor":0,"n_transp_1":0,"n_transp_2":0,"n_transp_3":0,"n_transp_4":0,"n_transp_5":0,"n_transp_6":0,"dim_acc":0,"dim_soc":0}},{"type":"Feature","id":264,"geometry":{"type":"Polygon","coordinates":[[[-73.7929,-42.4628],[-73.7925,-42.4625],[-73.7931,-42.4621],[-73.7934,-42.4624],[-73.7929,-42.4628]]]},"properties":{"OID":264,"MANZENT":10201011001100,"n_per":0,"n_hombres":0,"n_mujeres":0,"n_edad_0_5":0,"n_edad_6_1":0,"n_edad_14_":0,"n_edad_18_":0,"n_edad_25_":0,"n_edad_45_":0,"n_edad_60_":0,"n_transpor":0,"n_transp_1":0,"n_transp_2":0,"n_transp_3":0,"n_transp_4":0,"n_transp_5":0,"n_transp_6":0,"dim_acc":0,"dim_soc":0}},{"type":"Feature","id":265,"geometry":{"type":"Polygon","coordinates":[[[-73.7906,-42.4632],[-73.7906,-42.4632],[-73.7918,-42.4624],[-73.7906,-42.4632]]]},"properties":{"OID":265,"MANZENT":10201011001100,"n_per":0,"n_hombres":0,"n_mujeres":0,"n_edad_0_5":0,"n_edad_6_1":0,"n_edad_14_":0,"n_edad_18_":0,"n_edad_25_":0,"n_edad_45_":0,"n_edad_60_":0,"n_transpor":0,"n_transp_1":0,"n_transp_2":0,"n_transp_3":0,"n_transp_4":0,"n_transp_5":0,"n_transp_6":0,"dim_acc":0,"dim_soc":0}},{"type":"Feature","id":266,"geometry":{"type":"Polygon","coordinates":[[[-73.7918,-42.4636],[-73.7914,-42.4633],[-73.7919,-42.463],[-73.7922,-42.4633],[-73.7918,-42.4636]]]},"properties":{"OID":266,"MANZENT":10201011001100,"n_per":0,"n_hombres":0,"n_mujeres":0,"n_edad_0_5":0,"n_edad_6_1":0,"n_edad_14_":0,"n_edad_18_":0,"n_edad_25_":0,"n_edad_45_":0,"n_edad_60_":0,"n_transpor":0,"n_transp_1":0,"n_transp_2":0,"n_transp_3":0,"n_transp_4":0,"n_transp_5":0,"n_transp_6":0,"dim_acc":0,"dim_soc":0}},{"type":"Feature","id":267,"geometry":{"type":"Polygon","coordinates":[[[-73.7902,-42.4635],[-73.7902,-42.4635],[-73.7905,-42.4633],[-73.7906,-42.4633],[-73.7902,-42.4635]]]},"properties":{"OID":267,"MANZENT":10201011001100,"n_per":0,"n_hombres":0,"n_mujeres":0,"n_edad_0_5":0,"n_edad_6_1":0,"n_edad_14_":0,"n_edad_18_":0,"n_edad_25_":0,"n_edad_45_":0,"n_edad_60_":0,"n_transpor":0,"n_transp_1":0,"n_transp_2":0,"n_transp_3":0,"n_transp_4":0,"n_transp_5":0,"n_transp_6":0,"dim_acc":0,"dim_soc":0}},{"type":"Feature","id":268,"geometry":{"type":"Polygon","coordinates":[[[-73.7664,-42.4645],[-73.767,-42.4642],[-73.7675,-42.4647],[-73.7645,-42.4716],[-73.7643,-42.4715],[-73.7644,-42.4714],[-73.7646,-42.4711],[-73.7654,-42.4693],[-73.765,-42.469],[-73.7649,-42.4688],[-73.7652,-42.4685],[-73.7657,-42.4685],[-73.7653,-42.4683],[-73.7653,-42.4678],[-73.7656,-42.4675],[-73.7659,-42.4671],[-73.7664,-42.467],[-73.7669,-42.4657],[-73.7668,-42.4655],[-73.767,-42.4649],[-73.7667,-42.4645],[-73.7664,-42.4645]]]},"properties":{"OID":268,"MANZENT":10201011002000,"n_per":0,"n_hombres":0,"n_mujeres":0,"n_edad_0_5":0,"n_edad_6_1":0,"n_edad_14_":0,"n_edad_18_":0,"n_edad_25_":0,"n_edad_45_":0,"n_edad_60_":0,"n_transpor":0,"n_transp_1":0,"n_transp_2":0,"n_transp_3":0,"n_transp_4":0,"n_transp_5":0,"n_transp_6":0,"dim_acc":0,"dim_soc":0}},{"type":"Feature","id":269,"geometry":{"type":"Polygon","coordinates":[[[-73.7712,-42.4663],[-73.7732,-42.4663],[-73.7742,-42.4665],[-73.7749,-42.4664],[-73.7743,-42.4665],[-73.7733,-42.4664],[-73.7719,-42.4664],[-73.7712,-42.4664],[-73.7712,-42.4663]]]},"properties":{"OID":269,"MANZENT":10201011002000,"n_per":0,"n_hombres":0,"n_mujeres":0,"n_edad_0_5":0,"n_edad_6_1":0,"n_edad_14_":0,"n_edad_18_":0,"n_edad_25_":0,"n_edad_45_":0,"n_edad_60_":0,"n_transpor":0,"n_transp_1":0,"n_transp_2":0,"n_transp_3":0,"n_transp_4":0,"n_transp_5":0,"n_transp_6":0,"dim_acc":0,"dim_soc":0}},{"type":"Feature","id":270,"geometry":{"type":"Polygon","coordinates":[[[-73.7639,-42.4748],[-73.7639,-42.4735],[-73.764,-42.4734],[-73.7639,-42.4748]]]},"properties":{"OID":270,"MANZENT":10201011003000,"n_per":0,"n_hombres":0,"n_mujeres":0,"n_edad_0_5":0,"n_edad_6_1":0,"n_edad_14_":0,"n_edad_18_":0,"n_edad_25_":0,"n_edad_45_":0,"n_edad_60_":0,"n_transpor":0,"n_transp_1":0,"n_transp_2":0,"n_transp_3":0,"n_transp_4":0,"n_transp_5":0,"n_transp_6":0,"dim_acc":0,"dim_soc":0}},{"type":"Feature","id":271,"geometry":{"type":"Polygon","coordinates":[[[-73.7639,-42.4751],[-73.7639,-42.4749],[-73.7639,-42.4749],[-73.7639,-42.4751]]]},"properties":{"OID":271,"MANZENT":10201011003000,"n_per":0,"n_hombres":0,"n_mujeres":0,"n_edad_0_5":0,"n_edad_6_1":0,"n_edad_14_":0,"n_edad_18_":0,"n_edad_25_":0,"n_edad_45_":0,"n_edad_60_":0,"n_transpor":0,"n_transp_1":0,"n_transp_2":0,"n_transp_3":0,"n_transp_4":0,"n_transp_5":0,"n_transp_6":0,"dim_acc":0,"dim_soc":0}},{"type":"Feature","id":272,"geometry":{"type":"Polygon","coordinates":[[[-73.7639,-42.4805],[-73.7639,-42.4794],[-73.7654,-42.4793],[-73.7654,-42.4805],[-73.7639,-42.4805]]]},"properties":{"OID":272,"MANZENT":10201011003000,"n_per":0,"n_hombres":0,"n_mujeres":0,"n_edad_0_5":0,"n_edad_6_1":0,"n_edad_14_":0,"n_edad_18_":0,"n_edad_25_":0,"n_edad_45_":0,"n_edad_60_":0,"n_transpor":0,"n_transp_1":0,"n_transp_2":0,"n_transp_3":0,"n_transp_4":0,"n_transp_5":0,"n_transp_6":0,"dim_acc":0,"dim_soc":0}},{"type":"Feature","id":273,"geometry":{"type":"Polygon","coordinates":[[[-73.764,-42.4828],[-73.7638,-42.4827],[-73.7638,-42.4818],[-73.7651,-42.4818],[-73.7653,-42.4818],[-73.7652,-42.4828],[-73.765,-42.4828],[-73.764,-42.4828]]]},"properties":{"OID":273,"MANZENT":10201011003000,"n_per":0,"n_hombres":0,"n_mujeres":0,"n_edad_0_5":0,"n_edad_6_1":0,"n_edad_14_":0,"n_edad_18_":0,"n_edad_25_":0,"n_edad_45_":0,"n_edad_60_":0,"n_transpor":0,"n_transp_1":0,"n_transp_2":0,"n_transp_3":0,"n_transp_4":0,"n_transp_5":0,"n_transp_6":0,"dim_acc":0,"dim_soc":0}},{"type":"Feature","id":274,"geometry":{"type":"Polygon","coordinates":[[[-73.7594,-42.4822],[-73.7594,-42.4821],[-73.7596,-42.4819],[-73.7598,-42.4821],[-73.7594,-42.4822]]]},"properties":{"OID":274,"MANZENT":10201011003000,"n_per":0,"n_hombres":0,"n_mujeres":0,"n_edad_0_5":0,"n_edad_6_1":0,"n_edad_14_":0,"n_edad_18_":0,"n_edad_25_":0,"n_edad_45_":0,"n_edad_60_":0,"n_transpor":0,"n_transp_1":0,"n_transp_2":0,"n_transp_3":0,"n_transp_4":0,"n_transp_5":0,"n_transp_6":0,"dim_acc":0,"dim_soc":0}},{"type":"Feature","id":275,"geometry":{"type":"Polygon","coordinates":[[[-73.7764,-42.4741],[-73.7757,-42.4743],[-73.7754,-42.4737],[-73.7769,-42.4733],[-73.7771,-42.4739],[-73.7764,-42.4741]]]},"properties":{"OID":275,"MANZENT":10201011004000,"n_per":0,"n_hombres":0,"n_mujeres":0,"n_edad_0_5":0,"n_edad_6_1":0,"n_edad_14_":0,"n_edad_18_":0,"n_edad_25_":0,"n_edad_45_":0,"n_edad_60_":0,"n_transpor":0,"n_transp_1":0,"n_transp_2":0,"n_transp_3":0,"n_transp_4":0,"n_transp_5":0,"n_transp_6":0,"dim_acc":0,"dim_soc":0}},{"type":"Feature","id":276,"geometry":{"type":"Polygon","coordinates":[[[-73.7964,-42.4635],[-73.7965,-42.4637],[-73.7955,-42.4643],[-73.7953,-42.464],[-73.7962,-42.4634],[-73.7964,-42.4635]]]},"properties":{"OID":276,"MANZENT":10201011005000,"n_per":0,"n_hombres":0,"n_mujeres":0,"n_edad_0_5":0,"n_edad_6_1":0,"n_edad_14_":0,"n_edad_18_":0,"n_edad_25_":0,"n_edad_45_":0,"n_edad_60_":0,"n_transpor":0,"n_transp_1":0,"n_transp_2":0,"n_transp_3":0,"n_transp_4":0,"n_transp_5":0,"n_transp_6":0,"dim_acc":0,"dim_soc":0}},{"type":"Feature","id":277,"geometry":{"type":"Polygon","coordinates":[[[-73.7966,-42.4638],[-73.7971,-42.4644],[-73.7968,-42.4646],[-73.7965,-42.4642],[-73.7958,-42.4646],[-73.7956,-42.4643],[-73.7965,-42.4638],[-73.7966,-42.4638]]]},"properties":{"OID":277,"MANZENT":10201011005000,"n_per":0,"n_hombres":0,"n_mujeres":0,"n_edad_0_5":0,"n_edad_6_1":0,"n_edad_14_":0,"n_edad_18_":0,"n_edad_25_":0,"n_edad_45_":0,"n_edad_60_":0,"n_transpor":0,"n_transp_1":0,"n_transp_2":0,"n_transp_3":0,"n_transp_4":0,"n_transp_5":0,"n_transp_6":0,"dim_acc":0,"dim_soc":0}},{"type":"Feature","id":278,"geometry":{"type":"Polygon","coordinates":[[[-73.7955,-42.4643],[-73.7946,-42.4649],[-73.7945,-42.4646],[-73.7952,-42.4641],[-73.7955,-42.4643]]]},"properties":{"OID":278,"MANZENT":10201011005000,"n_per":0,"n_hombres":0,"n_mujeres":0,"n_edad_0_5":0,"n_edad_6_1":0,"n_edad_14_":0,"n_edad_18_":0,"n_edad_25_":0,"n_edad_45_":0,"n_edad_60_":0,"n_transpor":0,"n_transp_1":0,"n_transp_2":0,"n_transp_3":0,"n_transp_4":0,"n_transp_5":0,"n_transp_6":0,"dim_acc":0,"dim_soc":0}},{"type":"Feature","id":279,"geometry":{"type":"Polygon","coordinates":[[[-73.7967,-42.4646],[-73.7962,-42.465],[-73.7959,-42.4647],[-73.7965,-42.4643],[-73.7967,-42.4646],[-73.7967,-42.4646]]]},"properties":{"OID":279,"MANZENT":10201011005000,"n_per":0,"n_hombres":0,"n_mujeres":0,"n_edad_0_5":0,"n_edad_6_1":0,"n_edad_14_":0,"n_edad_18_":0,"n_edad_25_":0,"n_edad_45_":0,"n_edad_60_":0,"n_transpor":0,"n_transp_1":0,"n_transp_2":0,"n_transp_3":0,"n_transp_4":0,"n_transp_5":0,"n_transp_6":0,"dim_acc":0,"dim_soc":0}},{"type":"Feature","id":280,"geometry":{"type":"Polygon","coordinates":[[[-73.7974,-42.4647],[-73.7965,-42.4653],[-73.7962,-42.4651],[-73.7971,-42.4644],[-73.7974,-42.4647]]]},"properties":{"OID":280,"MANZENT":10201011005000,"n_per":0,"n_hombres":0,"n_mujeres":0,"n_edad_0_5":0,"n_edad_6_1":0,"n_edad_14_":0,"n_edad_18_":0,"n_edad_25_":0,"n_edad_45_":0,"n_edad_60_":0,"n_transpor":0,"n_transp_1":0,"n_transp_2":0,"n_transp_3":0,"n_transp_4":0,"n_transp_5":0,"n_transp_6":0,"dim_acc":0,"dim_soc":0}},{"type":"Feature","id":281,"geometry":{"type":"Polygon","coordinates":[[[-73.7956,-42.4654],[-73.7954,-42.4653],[-73.7953,-42.4651],[-73.7958,-42.4647],[-73.7961,-42.465],[-73.7956,-42.4654]]]},"properties":{"OID":281,"MANZENT":10201011005000,"n_per":0,"n_hombres":0,"n_mujeres":0,"n_edad_0_5":0,"n_edad_6_1":0,"n_edad_14_":0,"n_edad_18_":0,"n_edad_25_":0,"n_edad_45_":0,"n_edad_60_":0,"n_transpor":0,"n_transp_1":0,"n_transp_2":0,"n_transp_3":0,"n_transp_4":0,"n_transp_5":0,"n_transp_6":0,"dim_acc":0,"dim_soc":0}},{"type":"Feature","id":282,"geometry":{"type":"Polygon","coordinates":[[[-73.7979,-42.4652],[-73.7978,-42.4654],[-73.797,-42.4659],[-73.7968,-42.4656],[-73.7977,-42.4651],[-73.7979,-42.4652]]]},"properties":{"OID":282,"MANZENT":10201011005000,"n_per":0,"n_hombres":0,"n_mujeres":0,"n_edad_0_5":0,"n_edad_6_1":0,"n_edad_14_":0,"n_edad_18_":0,"n_edad_25_":0,"n_edad_45_":0,"n_edad_60_":0,"n_transpor":0,"n_transp_1":0,"n_transp_2":0,"n_transp_3":0,"n_transp_4":0,"n_transp_5":0,"n_transp_6":0,"dim_acc":0,"dim_soc":0}},{"type":"Feature","id":283,"geometry":{"type":"Polygon","coordinates":[[[-73.7965,-42.4655],[-73.7967,-42.4657],[-73.7956,-42.4663],[-73.7954,-42.4661],[-73.7964,-42.4654],[-73.7965,-42.4655]]]},"properties":{"OID":283,"MANZENT":10201011005000,"n_per":0,"n_hombres":0,"n_mujeres":0,"n_edad_0_5":0,"n_edad_6_1":0,"n_edad_14_":0,"n_edad_18_":0,"n_edad_25_":0,"n_edad_45_":0,"n_edad_60_":0,"n_transpor":0,"n_transp_1":0,"n_transp_2":0,"n_transp_3":0,"n_transp_4":0,"n_transp_5":0,"n_transp_6":0,"dim_acc":0,"dim_soc":0}},{"type":"Feature","id":284,"geometry":{"type":"Polygon","coordinates":[[[-73.796,-42.4666],[-73.7957,-42.4663],[-73.7967,-42.4657],[-73.7969,-42.466],[-73.796,-42.4666]]]},"properties":{"OID":284,"MANZENT":10201011005000,"n_per":0,"n_hombres":0,"n_mujeres":0,"n_edad_0_5":0,"n_edad_6_1":0,"n_edad_14_":0,"n_edad_18_":0,"n_edad_25_":0,"n_edad_45_":0,"n_edad_60_":0,"n_transpor":0,"n_transp_1":0,"n_transp_2":0,"n_transp_3":0,"n_transp_4":0,"n_transp_5":0,"n_transp_6":0,"dim_acc":0,"dim_soc":0}},{"type":"Feature","id":285,"geometry":{"type":"Polygon","coordinates":[[[-73.7959,-42.4667],[-73.7957,-42.467],[-73.795,-42.4664],[-73.7953,-42.466],[-73.7959,-42.4667]]]},"properties":{"OID":285,"MANZENT":10201011005000,"n_per":0,"n_hombres":0,"n_mujeres":0,"n_edad_0_5":0,"n_edad_6_1":0,"n_edad_14_":0,"n_edad_18_":0,"n_edad_25_":0,"n_edad_45_":0,"n_edad_60_":0,"n_transpor":0,"n_transp_1":0,"n_transp_2":0,"n_transp_3":0,"n_transp_4":0,"n_transp_5":0,"n_transp_6":0,"dim_acc":0,"dim_soc":0}},{"type":"Feature","id":286,"geometry":{"type":"Polygon","coordinates":[[[-73.7957,-42.4671],[-73.7956,-42.4676],[-73.7947,-42.4667],[-73.795,-42.4664],[-73.7957,-42.4671]]]},"properties":{"OID":286,"MANZENT":10201011005000,"n_per":0,"n_hombres":0,"n_mujeres":0,"n_edad_0_5":0,"n_edad_6_1":0,"n_edad_14_":0,"n_edad_18_":0,"n_edad_25_":0,"n_edad_45_":0,"n_edad_60_":0,"n_transpor":0,"n_transp_1":0,"n_transp_2":0,"n_transp_3":0,"n_transp_4":0,"n_transp_5":0,"n_transp_6":0,"dim_acc":0,"dim_soc":0}},{"type":"Feature","id":287,"geometry":{"type":"Polygon","coordinates":[[[-73.7949,-42.467],[-73.7943,-42.4673],[-73.7943,-42.467],[-73.7946,-42.4667],[-73.7949,-42.467]]]},"properties":{"OID":287,"MANZENT":10201011005000,"n_per":0,"n_hombres":0,"n_mujeres":0,"n_edad_0_5":0,"n_edad_6_1":0,"n_edad_14_":0,"n_edad_18_":0,"n_edad_25_":0,"n_edad_45_":0,"n_edad_60_":0,"n_transpor":0,"n_transp_1":0,"n_transp_2":0,"n_transp_3":0,"n_transp_4":0,"n_transp_5":0,"n_transp_6":0,"dim_acc":0,"dim_soc":0}},{"type":"Feature","id":288,"geometry":{"type":"Polygon","coordinates":[[[-73.7951,-42.4673],[-73.7948,-42.4676],[-73.7944,-42.4677],[-73.7943,-42.4673],[-73.795,-42.467],[-73.7951,-42.4672],[-73.7951,-42.4673]]]},"properties":{"OID":288,"MANZENT":10201011005000,"n_per":0,"n_hombres":0,"n_mujeres":0,"n_edad_0_5":0,"n_edad_6_1":0,"n_edad_14_":0,"n_edad_18_":0,"n_edad_25_":0,"n_edad_45_":0,"n_edad_60_":0,"n_transpor":0,"n_transp_1":0,"n_transp_2":0,"n_transp_3":0,"n_transp_4":0,"n_transp_5":0,"n_transp_6":0,"dim_acc":0,"dim_soc":0}},{"type":"Feature","id":289,"geometry":{"type":"Polygon","coordinates":[[[-73.7952,-42.468],[-73.7948,-42.4682],[-73.7946,-42.4682],[-73.7944,-42.468],[-73.7944,-42.4677],[-73.7948,-42.4676],[-73.7952,-42.468]]]},"properties":{"OID":289,"MANZENT":10201011005000,"n_per":0,"n_hombres":0,"n_mujeres":0,"n_edad_0_5":0,"n_edad_6_1":0,"n_edad_14_":0,"n_edad_18_":0,"n_edad_25_":0,"n_edad_45_":0,"n_edad_60_":0,"n_transpor":0,"n_transp_1":0,"n_transp_2":0,"n_transp_3":0,"n_transp_4":0,"n_transp_5":0,"n_transp_6":0,"dim_acc":0,"dim_soc":0}},{"type":"Feature","id":290,"geometry":{"type":"Polygon","coordinates":[[[-73.777,-42.4685],[-73.777,-42.4684],[-73.7773,-42.4684],[-73.777,-42.4687],[-73.777,-42.4685]]]},"properties":{"OID":290,"MANZENT":10201011006000,"n_per":0,"n_hombres":0,"n_mujeres":0,"n_edad_0_5":0,"n_edad_6_1":0,"n_edad_14_":0,"n_edad_18_":0,"n_edad_25_":0,"n_edad_45_":0,"n_edad_60_":0,"n_transpor":0,"n_transp_1":0,"n_transp_2":0,"n_transp_3":0,"n_transp_4":0,"n_transp_5":0,"n_transp_6":0,"dim_acc":0,"dim_soc":0}},{"type":"Feature","id":291,"geometry":{"type":"Polygon","coordinates":[[[-73.7797,-42.4691],[-73.7794,-42.469],[-73.7794,-42.4688],[-73.7797,-42.4691]]]},"properties":{"OID":291,"MANZENT":10201011006000,"n_per":0,"n_hombres":0,"n_mujeres":0,"n_edad_0_5":0,"n_edad_6_1":0,"n_edad_14_":0,"n_edad_18_":0,"n_edad_25_":0,"n_edad_45_":0,"n_edad_60_":0,"n_transpor":0,"n_transp_1":0,"n_transp_2":0,"n_transp_3":0,"n_transp_4":0,"n_transp_5":0,"n_transp_6":0,"dim_acc":0,"dim_soc":0}},{"type":"Feature","id":292,"geometry":{"type":"Polygon","coordinates":[[[-73.7822,-42.47],[-73.7816,-42.4701],[-73.7816,-42.4701],[-73.7823,-42.4699],[-73.7823,-42.47],[-73.7822,-42.47]]]},"properties":{"OID":292,"MANZENT":10201011006000,"n_per":0,"n_hombres":0,"n_mujeres":0,"n_edad_0_5":0,"n_edad_6_1":0,"n_edad_14_":0,"n_edad_18_":0,"n_edad_25_":0,"n_edad_45_":0,"n_edad_60_":0,"n_transpor":0,"n_transp_1":0,"n_transp_2":0,"n_transp_3":0,"n_transp_4":0,"n_transp_5":0,"n_transp_6":0,"dim_acc":0,"dim_soc":0}},{"type":"Feature","id":293,"geometry":{"type":"Polygon","coordinates":[[[-73.7734,-42.4706],[-73.7735,-42.4704],[-73.7739,-42.4701],[-73.7745,-42.4701],[-73.7744,-42.4703],[-73.7734,-42.4706]]]},"properties":{"OID":293,"MANZENT":10201011006000,"n_per":0,"n_hombres":0,"n_mujeres":0,"n_edad_0_5":0,"n_edad_6_1":0,"n_edad_14_":0,"n_edad_18_":0,"n_edad_25_":0,"n_edad_45_":0,"n_edad_60_":0,"n_transpor":0,"n_transp_1":0,"n_transp_2":0,"n_transp_3":0,"n_transp_4":0,"n_transp_5":0,"n_transp_6":0,"dim_acc":0,"dim_soc":0}},{"type":"Feature","id":294,"geometry":{"type":"Polygon","coordinates":[[[-73.7746,-42.4702],[-73.7746,-42.4701],[-73.7747,-42.4702],[-73.7746,-42.4702]]]},"properties":{"OID":294,"MANZENT":10201011006000,"n_per":0,"n_hombres":0,"n_mujeres":0,"n_edad_0_5":0,"n_edad_6_1":0,"n_edad_14_":0,"n_edad_18_":0,"n_edad_25_":0,"n_edad_45_":0,"n_edad_60_":0,"n_transpor":0,"n_transp_1":0,"n_transp_2":0,"n_transp_3":0,"n_transp_4":0,"n_transp_5":0,"n_transp_6":0,"dim_acc":0,"dim_soc":0}},{"type":"Feature","id":295,"geometry":{"type":"Polygon","coordinates":[[[-73.7754,-42.4711],[-73.7758,-42.471],[-73.7761,-42.471],[-73.776,-42.4712],[-73.7757,-42.4712],[-73.7757,-42.4713],[-73.7752,-42.4715],[-73.7751,-42.4714],[-73.7754,-42.4711]]]},"properties":{"OID":295,"MANZENT":10201011006000,"n_per":0,"n_hombres":0,"n_mujeres":0,"n_edad_0_5":0,"n_edad_6_1":0,"n_edad_14_":0,"n_edad_18_":0,"n_edad_25_":0,"n_edad_45_":0,"n_edad_60_":0,"n_transpor":0,"n_transp_1":0,"n_transp_2":0,"n_transp_3":0,"n_transp_4":0,"n_transp_5":0,"n_transp_6":0,"dim_acc":0,"dim_soc":0}},{"type":"Feature","id":296,"geometry":{"type":"Polygon","coordinates":[[[-73.7734,-42.473],[-73.7738,-42.4725],[-73.774,-42.4728],[-73.7734,-42.473]]]},"properties":{"OID":296,"MANZENT":10201011006100,"n_per":0,"n_hombres":0,"n_mujeres":0,"n_edad_0_5":0,"n_edad_6_1":0,"n_edad_14_":0,"n_edad_18_":0,"n_edad_25_":0,"n_edad_45_":0,"n_edad_60_":0,"n_transpor":0,"n_transp_1":0,"n_transp_2":0,"n_transp_3":0,"n_transp_4":0,"n_transp_5":0,"n_transp_6":0,"dim_acc":0,"dim_soc":0}},{"type":"Feature","id":297,"geometry":{"type":"Polygon","coordinates":[[[-73.7717,-42.4727],[-73.7715,-42.473],[-73.7713,-42.4731],[-73.7711,-42.4727],[-73.7712,-42.4725],[-73.7717,-42.4727]]]},"properties":{"OID":297,"MANZENT":10201011006100,"n_per":0,"n_hombres":0,"n_mujeres":0,"n_edad_0_5":0,"n_edad_6_1":0,"n_edad_14_":0,"n_edad_18_":0,"n_edad_25_":0,"n_edad_45_":0,"n_edad_60_":0,"n_transpor":0,"n_transp_1":0,"n_transp_2":0,"n_transp_3":0,"n_transp_4":0,"n_transp_5":0,"n_transp_6":0,"dim_acc":0,"dim_soc":0}},{"type":"Feature","id":298,"geometry":{"type":"Polygon","coordinates":[[[-73.7719,-42.4733],[-73.7715,-42.4735],[-73.7713,-42.4731],[-73.7715,-42.4731],[-73.7719,-42.4733]]]},"properties":{"OID":298,"MANZENT":10201011006100,"n_per":0,"n_hombres":0,"n_mujeres":0,"n_edad_0_5":0,"n_edad_6_1":0,"n_edad_14_":0,"n_edad_18_":0,"n_edad_25_":0,"n_edad_45_":0,"n_edad_60_":0,"n_transpor":0,"n_transp_1":0,"n_transp_2":0,"n_transp_3":0,"n_transp_4":0,"n_transp_5":0,"n_transp_6":0,"dim_acc":0,"dim_soc":0}},{"type":"Feature","id":299,"geometry":{"type":"Polygon","coordinates":[[[-73.7819,-42.4624],[-73.7819,-42.4623],[-73.782,-42.4615],[-73.7822,-42.4614],[-73.7825,-42.4614],[-73.7823,-42.4624],[-73.7819,-42.4624]]]},"properties":{"OID":299,"MANZENT":10201011007000,"n_per":54,"n_hombres":25,"n_mujeres":29,"n_edad_0_5":5,"n_edad_6_1":5,"n_edad_14_":4,"n_edad_18_":5,"n_edad_25_":13,"n_edad_45_":14,"n_edad_60_":8,"n_transpor":2,"n_transp_1":7,"n_transp_2":1,"n_transp_3":0,"n_transp_4":0,"n_transp_5":0,"n_transp_6":3,"dim_acc":0,"dim_soc":0}},{"type":"Feature","id":300,"geometry":{"type":"Polygon","coordinates":[[[-73.7823,-42.4624],[-73.7824,-42.4618],[-73.7826,-42.4614],[-73.7829,-42.4615],[-73.7827,-42.4623],[-73.7823,-42.4624]]]},"properties":{"OID":300,"MANZENT":10201011007000,"n_per":64,"n_hombres":33,"n_mujeres":31,"n_edad_0_5":4,"n_edad_6_1":8,"n_edad_14_":8,"n_edad_18_":10,"n_edad_25_":16,"n_edad_45_":15,"n_edad_60_":3,"n_transpor":4,"n_transp_1":11,"n_transp_2":0,"n_transp_3":0,"n_transp_4":1,"n_transp_5":0,"n_transp_6":5,"dim_acc":0,"dim_soc":0}},{"type":"Feature","id":301,"geometry":{"type":"Polygon","coordinates":[[[-73.783,-42.4616],[-73.7836,-42.4617],[-73.7834,-42.4627],[-73.784,-42.4643],[-73.7835,-42.4645],[-73.7833,-42.4642],[-73.783,-42.4641],[-73.7826,-42.4635],[-73.7825,-42.4633],[-73.783,-42.4632],[-73.7825,-42.4633],[-73.7823,-42.4625],[-73.7823,-42.4624],[-73.7827,-42.4624],[-73.7828,-42.463],[-73.7829,-42.463],[-73.7827,-42.4624],[-73.7829,-42.4624],[-73.7828,-42.4623],[-73.7828,-42.4618],[-73.783,-42.4616]]]},"properties":{"OID":301,"MANZENT":10201011007000,"n_per":197,"n_hombres":94,"n_mujeres":103,"n_edad_0_5":9,"n_edad_6_1":25,"n_edad_14_":22,"n_edad_18_":24,"n_edad_25_":47,"n_edad_45_":47,"n_edad_60_":23,"n_transpor":28,"n_transp_1":35,"n_transp_2":4,"n_transp_3":0,"n_transp_4":1,"n_transp_5":0,"n_transp_6":2,"dim_acc":0,"dim_soc":0}},{"type":"Feature","id":302,"geometry":{"type":"Polygon","coordinates":[[[-73.7801,-42.4622],[-73.7798,-42.462],[-73.78,-42.4618],[-73.7807,-42.4622],[-73.7803,-42.4625],[-73.7801,-42.4622]]]},"properties":{"OID":302,"MANZENT":10201011007000,"n_per":34,"n_hombres":16,"n_mujeres":18,"n_edad_0_5":4,"n_edad_6_1":7,"n_edad_14_":2,"n_edad_18_":2,"n_edad_25_":10,"n_edad_45_":5,"n_edad_60_":4,"n_transpor":11,"n_transp_1":1,"n_transp_2":1,"n_transp_3":0,"n_transp_4":0,"n_transp_5":0,"n_transp_6":0,"dim_acc":0,"dim_soc":0}},{"type":"Feature","id":303,"geometry":{"type":"Polygon","coordinates":[[[-73.7797,-42.462],[-73.78,-42.4622],[-73.7794,-42.4626],[-73.7791,-42.4624],[-73.7797,-42.462]]]},"properties":{"OID":303,"MANZENT":10201011007000,"n_per":54,"n_hombres":24,"n_mujeres":30,"n_edad_0_5":6,"n_edad_6_1":10,"n_edad_14_":6,"n_edad_18_":2,"n_edad_25_":14,"n_edad_45_":11,"n_edad_60_":5,"n_transpor":10,"n_transp_1":4,"n_transp_2":0,"n_transp_3":0,"n_transp_4":0,"n_transp_5":0,"n_transp_6":5,"dim_acc":0,"dim_soc":0}},{"type":"Feature","id":304,"geometry":{"type":"Polygon","coordinates":[[[-73.7782,-42.4622],[-73.7784,-42.462],[-73.779,-42.4624],[-73.7786,-42.4625],[-73.7782,-42.4622]]]},"properties":{"OID":304,"MANZENT":10201011007000,"n_per":28,"n_hombres":15,"n_mujeres":13,"n_edad_0_5":1,"n_edad_6_1":5,"n_edad_14_":3,"n_edad_18_":1,"n_edad_25_":14,"n_edad_45_":3,"n_edad_60_":1,"n_transpor":4,"n_transp_1":9,"n_transp_2":0,"n_transp_3":0,"n_transp_4":0,"n_transp_5":0,"n_transp_6":0,"dim_acc":0,"dim_soc":0}},{"type":"Feature","id":305,"geometry":{"type":"Polygon","coordinates":[[[-73.7783,-42.4629],[-73.7779,-42.4627],[-73.7781,-42.4626],[-73.778,-42.4625],[-73.778,-42.4626],[-73.7778,-42.4627],[-73.7775,-42.4626],[-73.7782,-42.4622],[-73.7786,-42.4626],[-73.7783,-42.4629]]]},"properties":{"OID":305,"MANZENT":10201011007000,"n_per":40,"n_hombres":15,"n_mujeres":25,"n_edad_0_5":0,"n_edad_6_1":8,"n_edad_14_":1,"n_edad_18_":2,"n_edad_25_":4,"n_edad_45_":13,"n_edad_60_":12,"n_transpor":3,"n_transp_1":12,"n_transp_2":0,"n_transp_3":0,"n_transp_4":0,"n_transp_5":0,"n_transp_6":2,"dim_acc":0,"dim_soc":0}},{"type":"Feature","id":306,"geometry":{"type":"Polygon","coordinates":[[[-73.7797,-42.4629],[-73.7794,-42.4626],[-73.78,-42.4623],[-73.7803,-42.4625],[-73.7797,-42.4629]]]},"properties":{"OID":306,"MANZENT":10201011007000,"n_per":47,"n_hombres":23,"n_mujeres":24,"n_edad_0_5":4,"n_edad_6_1":4,"n_edad_14_":3,"n_edad_18_":4,"n_edad_25_":15,"n_edad_45_":13,"n_edad_60_":4,"n_transpor":8,"n_transp_1":9,"n_transp_2":4,"n_transp_3":0,"n_transp_4":0,"n_transp_5":0,"n_transp_6":5,"dim_acc":0,"dim_soc":0}},{"type":"Feature","id":307,"geometry":{"type":"Polygon","coordinates":[[[-73.7787,-42.4626],[-73.779,-42.4624],[-73.78,-42.4633],[-73.7797,-42.4635],[-73.7787,-42.4626]]]},"properties":{"OID":307,"MANZENT":10201011007000,"n_per":60,"n_hombres":29,"n_mujeres":31,"n_edad_0_5":2,"n_edad_6_1":5,"n_edad_14_":1,"n_edad_18_":7,"n_edad_25_":18,"n_edad_45_":16,"n_edad_60_":11,"n_transpor":10,"n_transp_1":18,"n_transp_2":2,"n_transp_3":0,"n_transp_4":0,"n_transp_5":0,"n_transp_6":1,"dim_acc":0,"dim_soc":0}},{"type":"Feature","id":308,"geometry":{"type":"Polygon","coordinates":[[[-73.781,-42.4631],[-73.7809,-42.4628],[-73.7817,-42.4625],[-73.7822,-42.4625],[-73.7822,-42.4627],[-73.781,-42.4631]]]},"properties":{"OID":308,"MANZENT":10201011007000,"n_per":80,"n_hombres":34,"n_mujeres":46,"n_edad_0_5":7,"n_edad_6_1":12,"n_edad_14_":2,"n_edad_18_":11,"n_edad_25_":24,"n_edad_45_":16,"n_edad_60_":8,"n_transpor":14,"n_transp_1":11,"n_transp_2":2,"n_transp_3":0,"n_transp_4":0,"n_transp_5":0,"n_transp_6":4,"dim_acc":0,"dim_soc":0}},{"type":"Feature","id":309,"geometry":{"type":"Polygon","coordinates":[[[-73.7784,-42.4631],[-73.7784,-42.4628],[-73.7786,-42.4627],[-73.7792,-42.4632],[-73.7784,-42.4631]]]},"properties":{"OID":309,"MANZENT":10201011007000,"n_per":19,"n_hombres":8,"n_mujeres":11,"n_edad_0_5":2,"n_edad_6_1":3,"n_edad_14_":1,"n_edad_18_":0,"n_edad_25_":5,"n_edad_45_":5,"n_edad_60_":3,"n_transpor":0,"n_transp_1":4,"n_transp_2":0,"n_transp_3":0,"n_transp_4":0,"n_transp_5":0,"n_transp_6":0,"dim_acc":0,"dim_soc":0}},{"type":"Feature","id":310,"geometry":{"type":"Polygon","coordinates":[[[-73.7811,-42.4634],[-73.781,-42.4631],[-73.7823,-42.4628],[-73.7823,-42.4631],[-73.7811,-42.4634]]]},"properties":{"OID":310,"MANZENT":10201011007000,"n_per":75,"n_hombres":38,"n_mujeres":37,"n_edad_0_5":3,"n_edad_6_1":9,"n_edad_14_":9,"n_edad_18_":7,"n_edad_25_":28,"n_edad_45_":12,"n_edad_60_":7,"n_transpor":4,"n_transp_1":14,"n_transp_2":11,"n_transp_3":0,"n_transp_4":0,"n_transp_5":0,"n_transp_6":7,"dim_acc":0,"dim_soc":0}},{"type":"Feature","id":311,"geometry":{"type":"Polygon","coordinates":[[[-73.7811,-42.4638],[-73.7801,-42.4643],[-73.7797,-42.4639],[-73.7795,-42.4638],[-73.7801,-42.4633],[-73.7803,-42.4635],[-73.7804,-42.4638],[-73.7805,-42.4637],[-73.7801,-42.4633],[-73.7804,-42.4631],[-73.7807,-42.4633],[-73.7809,-42.4636],[-73.7809,-42.4636],[-73.7807,-42.4633],[-73.7805,-42.4631],[-73.7807,-42.4629],[-73.7811,-42.4638]]]},"properties":{"OID":311,"MANZENT":10201011007000,"n_per":160,"n_hombres":72,"n_mujeres":88,"n_edad_0_5":5,"n_edad_6_1":19,"n_edad_14_":16,"n_edad_18_":20,"n_edad_25_":39,"n_edad_45_":47,"n_edad_60_":14,"n_transpor":20,"n_transp_1":49,"n_transp_2":3,"n_transp_3":0,"n_transp_4":0,"n_transp_5":0,"n_transp_6":6,"dim_acc":0,"dim_soc":0}},{"type":"Feature","id":312,"geometry":{"type":"Polygon","coordinates":[[[-73.7812,-42.4637],[-73.7811,-42.4634],[-73.7824,-42.4631],[-73.7824,-42.4633],[-73.7822,-42.4634],[-73.7821,-42.4636],[-73.7812,-42.4637]]]},"properties":{"OID":312,"MANZENT":10201011007000,"n_per":55,"n_hombres":32,"n_mujeres":23,"n_edad_0_5":2,"n_edad_6_1":8,"n_edad_14_":7,"n_edad_18_":7,"n_edad_25_":17,"n_edad_45_":11,"n_edad_60_":3,"n_transpor":4,"n_transp_1":8,"n_transp_2":1,"n_transp_3":0,"n_transp_4":0,"n_transp_5":1,"n_transp_6":4,"dim_acc":0,"dim_soc":0}},{"type":"Feature","id":313,"geometry":{"type":"Polygon","coordinates":[[[-73.7793,-42.4632],[-73.7797,-42.4636],[-73.7793,-42.4639],[-73.7793,-42.4635],[-73.7784,-42.4634],[-73.7784,-42.4632],[-73.7793,-42.4632]]]},"properties":{"OID":313,"MANZENT":10201011007000,"n_per":69,"n_hombres":36,"n_mujeres":33,"n_edad_0_5":2,"n_edad_6_1":10,"n_edad_14_":5,"n_edad_18_":8,"n_edad_25_":26,"n_edad_45_":6,"n_edad_60_":12,"n_transpor":6,"n_transp_1":15,"n_transp_2":3,"n_transp_3":0,"n_transp_4":0,"n_transp_5":0,"n_transp_6":1,"dim_acc":0,"dim_soc":0}},{"type":"Feature","id":314,"geometry":{"type":"Polygon","coordinates":[[[-73.7823,-42.464],[-73.7822,-42.4635],[-73.7824,-42.4633],[-73.7828,-42.4639],[-73.7823,-42.464]]]},"properties":{"OID":314,"MANZENT":10201011007000,"n_per":34,"n_hombres":17,"n_mujeres":17,"n_edad_0_5":2,"n_edad_6_1":4,"n_edad_14_":3,"n_edad_18_":4,"n_edad_25_":11,"n_edad_45_":7,"n_edad_60_":3,"n_transpor":8,"n_transp_1":6,"n_transp_2":3,"n_transp_3":0,"n_transp_4":0,"n_transp_5":0,"n_transp_6":0,"dim_acc":0,"dim_soc":0}},{"type":"Feature","id":315,"geometry":{"type":"Polygon","coordinates":[[[-73.7786,-42.4644],[-73.7783,-42.4643],[-73.7784,-42.4635],[-73.7788,-42.4635],[-73.7787,-42.4643],[-73.7786,-42.4644]]]},"properties":{"OID":315,"MANZENT":10201011007000,"n_per":58,"n_hombres":32,"n_mujeres":26,"n_edad_0_5":2,"n_edad_6_1":5,"n_edad_14_":5,"n_edad_18_":5,"n_edad_25_":19,"n_edad_45_":11,"n_edad_60_":11,"n_transpor":7,"n_transp_1":14,"n_transp_2":3,"n_transp_3":0,"n_transp_4":0,"n_transp_5":0,"n_transp_6":9,"dim_acc":0,"dim_soc":0}},{"type":"Feature","id":316,"geometry":{"type":"Polygon","coordinates":[[[-73.7788,-42.4643],[-73.7788,-42.4635],[-73.7793,-42.4636],[-73.7792,-42.464],[-73.7788,-42.4643]]]},"properties":{"OID":316,"MANZENT":10201011007000,"n_per":32,"n_hombres":10,"n_mujeres":22,"n_edad_0_5":0,"n_edad_6_1":3,"n_edad_14_":2,"n_edad_18_":7,"n_edad_25_":6,"n_edad_45_":7,"n_edad_60_":7,"n_transpor":2,"n_transp_1":10,"n_transp_2":1,"n_transp_3":0,"n_transp_4":0,"n_transp_5":0,"n_transp_6":2,"dim_acc":0,"dim_soc":0}},{"type":"Feature","id":317,"geometry":{"type":"Polygon","coordinates":[[[-73.7819,-42.4642],[-73.7818,-42.4637],[-73.7821,-42.4636],[-73.7823,-42.4644],[-73.7823,-42.464],[-73.7828,-42.4639],[-73.783,-42.4642],[-73.7832,-42.4643],[-73.7833,-42.4645],[-73.783,-42.4647],[-73.782,-42.4647],[-73.7819,-42.4642]]]},"properties":{"OID":317,"MANZENT":10201011007000,"n_per":120,"n_hombres":61,"n_mujeres":59,"n_edad_0_5":4,"n_edad_6_1":15,"n_edad_14_":11,"n_edad_18_":7,"n_edad_25_":38,"n_edad_45_":26,"n_edad_60_":19,"n_transpor":19,"n_transp_1":18,"n_transp_2":4,"n_transp_3":0,"n_transp_4":0,"n_transp_5":0,"n_transp_6":3,"dim_acc":0,"dim_soc":0}},{"type":"Feature","id":318,"geometry":{"type":"Polygon","coordinates":[[[-73.7817,-42.4637],[-73.7819,-42.4647],[-73.7818,-42.4647],[-73.7814,-42.4643],[-73.7812,-42.4638],[-73.7817,-42.4637]]]},"properties":{"OID":318,"MANZENT":10201011007000,"n_per":47,"n_hombres":25,"n_mujeres":22,"n_edad_0_5":1,"n_edad_6_1":7,"n_edad_14_":0,"n_edad_18_":7,"n_edad_25_":9,"n_edad_45_":7,"n_edad_60_":16,"n_transpor":5,"n_transp_1":2,"n_transp_2":0,"n_transp_3":0,"n_transp_4":0,"n_transp_5":0,"n_transp_6":4,"dim_acc":0,"dim_soc":0}},{"type":"Feature","id":319,"geometry":{"type":"Polygon","coordinates":[[[-73.7795,-42.4639],[-73.7797,-42.464],[-73.78,-42.4643],[-73.7797,-42.4645],[-73.7792,-42.4641],[-73.7795,-42.4639]]]},"properties":{"OID":319,"MANZENT":10201011007000,"n_per":60,"n_hombres":33,"n_mujeres":27,"n_edad_0_5":6,"n_edad_6_1":4,"n_edad_14_":5,"n_edad_18_":4,"n_edad_25_":17,"n_edad_45_":12,"n_edad_60_":12,"n_transpor":1,"n_transp_1":17,"n_transp_2":5,"n_transp_3":0,"n_transp_4":0,"n_transp_5":0,"n_transp_6":2,"dim_acc":0,"dim_soc":0}},{"type":"Feature","id":320,"geometry":{"type":"Polygon","coordinates":[[[-73.7812,-42.4642],[-73.7797,-42.4649],[-73.7795,-42.4646],[-73.7811,-42.4639],[-73.7812,-42.4642]]]},"properties":{"OID":320,"MANZENT":10201011007000,"n_per":108,"n_hombres":58,"n_mujeres":50,"n_edad_0_5":5,"n_edad_6_1":14,"n_edad_14_":8,"n_edad_18_":4,"n_edad_25_":37,"n_edad_45_":16,"n_edad_60_":24,"n_transpor":6,"n_transp_1":26,"n_transp_2":5,"n_transp_3":0,"n_transp_4":0,"n_transp_5":0,"n_transp_6":8,"dim_acc":0,"dim_soc":0}},{"type":"Feature","id":321,"geometry":{"type":"Polygon","coordinates":[[[-73.7787,-42.4644],[-73.7791,-42.4641],[-73.7793,-42.4642],[-73.7796,-42.4645],[-73.7794,-42.4646],[-73.7797,-42.4649],[-73.7794,-42.465],[-73.7806,-42.4645],[-73.7808,-42.4648],[-73.7815,-42.4645],[-73.7817,-42.4648],[-73.7811,-42.4651],[-73.7817,-42.4648],[-73.7822,-42.4655],[-73.7816,-42.4655],[-73.7795,-42.4653],[-73.7782,-42.4651],[-73.7782,-42.465],[-73.7783,-42.4644],[-73.7787,-42.4644],[-73.7787,-42.4646],[-73.7787,-42.4644]]]},"properties":{"OID":321,"MANZENT":10201011007000,"n_per":216,"n_hombres":104,"n_mujeres":112,"n_edad_0_5":11,"n_edad_6_1":25,"n_edad_14_":13,"n_edad_18_":17,"n_edad_25_":65,"n_edad_45_":53,"n_edad_60_":32,"n_transpor":12,"n_transp_1":48,"n_transp_2":10,"n_transp_3":1,"n_transp_4":0,"n_transp_5":0,"n_transp_6":13,"dim_acc":0,"dim_soc":0}},{"type":"Feature","id":322,"geometry":{"type":"Polygon","coordinates":[[[-73.7806,-42.4645],[-73.7813,-42.4642],[-73.7814,-42.4645],[-73.7808,-42.4648],[-73.7806,-42.4645]]]},"properties":{"OID":322,"MANZENT":10201011007000,"n_per":36,"n_hombres":18,"n_mujeres":18,"n_edad_0_5":2,"n_edad_6_1":4,"n_edad_14_":0,"n_edad_18_":4,"n_edad_25_":14,"n_edad_45_":3,"n_edad_60_":9,"n_transpor":3,"n_transp_1":11,"n_transp_2":0,"n_transp_3":0,"n_transp_4":0,"n_transp_5":0,"n_transp_6":0,"dim_acc":0,"dim_soc":0}},{"type":"Feature","id":323,"geometry":{"type":"Polygon","coordinates":[[[-73.7754,-42.4642],[-73.7754,-42.4644],[-73.7753,-42.4645],[-73.775,-42.4645],[-73.7749,-42.4643],[-73.7754,-42.4642]]]},"properties":{"OID":323,"MANZENT":10201011007000,"n_per":16,"n_hombres":11,"n_mujeres":5,"n_edad_0_5":3,"n_edad_6_1":1,"n_edad_14_":1,"n_edad_18_":1,"n_edad_25_":8,"n_edad_45_":2,"n_edad_60_":0,"n_transpor":4,"n_transp_1":4,"n_transp_2":0,"n_transp_3":0,"n_transp_4":0,"n_transp_5":0,"n_transp_6":2,"dim_acc":0,"dim_soc":0}},{"type":"Feature","id":324,"geometry":{"type":"Polygon","coordinates":[[[-73.7773,-42.4656],[-73.7771,-42.4652],[-73.7779,-42.4644],[-73.7781,-42.4644],[-73.7781,-42.465],[-73.7773,-42.4656]]]},"properties":{"OID":324,"MANZENT":10201011007000,"n_per":32,"n_hombres":17,"n_mujeres":15,"n_edad_0_5":6,"n_edad_6_1":2,"n_edad_14_":1,"n_edad_18_":2,"n_edad_25_":12,"n_edad_45_":3,"n_edad_60_":6,"n_transpor":7,"n_transp_1":6,"n_transp_2":2,"n_transp_3":0,"n_transp_4":0,"n_transp_5":0,"n_transp_6":0,"dim_acc":0,"dim_soc":0}},{"type":"Feature","id":325,"geometry":{"type":"Polygon","coordinates":[[[-73.7772,-42.465],[-73.7769,-42.4648],[-73.7773,-42.4645],[-73.7778,-42.4644],[-73.7772,-42.465]]]},"properties":{"OID":325,"MANZENT":10201011007000,"n_per":42,"n_hombres":20,"n_mujeres":22,"n_edad_0_5":3,"n_edad_6_1":6,"n_edad_14_":2,"n_edad_18_":2,"n_edad_25_":15,"n_edad_45_":12,"n_edad_60_":2,"n_transpor":7,"n_transp_1":11,"n_transp_2":1,"n_transp_3":0,"n_transp_4":0,"n_transp_5":0,"n_transp_6":1,"dim_acc":0,"dim_soc":0}},{"type":"Feature","id":326,"geometry":{"type":"Polygon","coordinates":[[[-73.775,-42.4646],[-73.7754,-42.4646],[-73.7754,-42.4648],[-73.7749,-42.4649],[-73.7748,-42.4647],[-73.775,-42.4646]]]},"properties":{"OID":326,"MANZENT":10201011007000,"n_per":33,"n_hombres":15,"n_mujeres":18,"n_edad_0_5":3,"n_edad_6_1":6,"n_edad_14_":3,"n_edad_18_":1,"n_edad_25_":19,"n_edad_45_":0,"n_edad_60_":1,"n_transpor":4,"n_transp_1":7,"n_transp_2":0,"n_transp_3":0,"n_transp_4":0,"n_transp_5":0,"n_transp_6":0,"dim_acc":0,"dim_soc":0}},{"type":"Feature","id":327,"geometry":{"type":"Polygon","coordinates":[[[-73.7823,-42.4654],[-73.7818,-42.4648],[-73.7825,-42.4647],[-73.7829,-42.4648],[-73.7823,-42.4654]]]},"properties":{"OID":327,"MANZENT":10201011007000,"n_per":54,"n_hombres":29,"n_mujeres":25,"n_edad_0_5":5,"n_edad_6_1":6,"n_edad_14_":3,"n_edad_18_":5,"n_edad_25_":11,"n_edad_45_":11,"n_edad_60_":13,"n_transpor":3,"n_transp_1":10,"n_transp_2":5,"n_transp_3":1,"n_transp_4":0,"n_transp_5":0,"n_transp_6":0,"dim_acc":0,"dim_soc":0}},{"type":"Feature","id":328,"geometry":{"type":"Polygon","coordinates":[[[-73.7769,-42.4658],[-73.7766,-42.4651],[-73.7769,-42.4649],[-73.7772,-42.465],[-73.777,-42.4652],[-73.7772,-42.4656],[-73.7769,-42.4658]]]},"properties":{"OID":328,"MANZENT":10201011007000,"n_per":60,"n_hombres":31,"n_mujeres":29,"n_edad_0_5":2,"n_edad_6_1":6,"n_edad_14_":4,"n_edad_18_":9,"n_edad_25_":18,"n_edad_45_":16,"n_edad_60_":5,"n_transpor":6,"n_transp_1":12,"n_transp_2":2,"n_transp_3":0,"n_transp_4":0,"n_transp_5":0,"n_transp_6":0,"dim_acc":0,"dim_soc":0}},{"type":"Feature","id":329,"geometry":{"type":"Polygon","coordinates":[[[-73.7759,-42.4661],[-73.7755,-42.4662],[-73.7751,-42.4653],[-73.7755,-42.4652],[-73.7759,-42.4661]]]},"properties":{"OID":329,"MANZENT":10201011007000,"n_per":62,"n_hombres":29,"n_mujeres":33,"n_edad_0_5":6,"n_edad_6_1":14,"n_edad_14_":5,"n_edad_18_":2,"n_edad_25_":29,"n_edad_45_":4,"n_edad_60_":2,"n_transpor":4,"n_transp_1":5,"n_transp_2":0,"n_transp_3":0,"n_transp_4":0,"n_transp_5":0,"n_transp_6":0,"dim_acc":0,"dim_soc":0}},{"type":"Feature","id":330,"geometry":{"type":"Polygon","coordinates":[[[-73.7753,-42.4658],[-73.7754,-42.4662],[-73.7751,-42.4663],[-73.7747,-42.4654],[-73.775,-42.4653],[-73.7753,-42.4658]]]},"properties":{"OID":330,"MANZENT":10201011007000,"n_per":59,"n_hombres":26,"n_mujeres":33,"n_edad_0_5":5,"n_edad_6_1":12,"n_edad_14_":3,"n_edad_18_":4,"n_edad_25_":20,"n_edad_45_":10,"n_edad_60_":5,"n_transpor":13,"n_transp_1":3,"n_transp_2":2,"n_transp_3":0,"n_transp_4":0,"n_transp_5":0,"n_transp_6":4,"dim_acc":0,"dim_soc":0}},{"type":"Feature","id":331,"geometry":{"type":"Polygon","coordinates":[[[-73.7748,-42.4659],[-73.775,-42.4663],[-73.7746,-42.4664],[-73.7743,-42.4655],[-73.7746,-42.4654],[-73.7748,-42.4659]]]},"properties":{"OID":331,"MANZENT":10201011007000,"n_per":66,"n_hombres":35,"n_mujeres":31,"n_edad_0_5":4,"n_edad_6_1":6,"n_edad_14_":3,"n_edad_18_":6,"n_edad_25_":31,"n_edad_45_":9,"n_edad_60_":7,"n_transpor":10,"n_transp_1":11,"n_transp_2":3,"n_transp_3":0,"n_transp_4":0,"n_transp_5":1,"n_transp_6":5,"dim_acc":0,"dim_soc":0}},{"type":"Feature","id":332,"geometry":{"type":"Polygon","coordinates":[[[-73.7746,-42.4664],[-73.7742,-42.4664],[-73.7738,-42.4655],[-73.7742,-42.4655],[-73.7746,-42.4664]]]},"properties":{"OID":332,"MANZENT":10201011007000,"n_per":56,"n_hombres":25,"n_mujeres":31,"n_edad_0_5":5,"n_edad_6_1":7,"n_edad_14_":3,"n_edad_18_":3,"n_edad_25_":28,"n_edad_45_":5,"n_edad_60_":5,"n_transpor":9,"n_transp_1":12,"n_transp_2":0,"n_transp_3":0,"n_transp_4":0,"n_transp_5":0,"n_transp_6":1,"dim_acc":0,"dim_soc":0}},{"type":"Feature","id":333,"geometry":{"type":"Polygon","coordinates":[[[-73.778,-42.4664],[-73.7774,-42.4658],[-73.7776,-42.4655],[-73.7784,-42.4662],[-73.7782,-42.4663],[-73.778,-42.4664]]]},"properties":{"OID":333,"MANZENT":10201011007000,"n_per":38,"n_hombres":18,"n_mujeres":20,"n_edad_0_5":0,"n_edad_6_1":4,"n_edad_14_":7,"n_edad_18_":3,"n_edad_25_":10,"n_edad_45_":11,"n_edad_60_":3,"n_transpor":8,"n_transp_1":8,"n_transp_2":4,"n_transp_3":0,"n_transp_4":0,"n_transp_5":0,"n_transp_6":0,"dim_acc":0,"dim_soc":0}},{"type":"Feature","id":334,"geometry":{"type":"Polygon","coordinates":[[[-73.7779,-42.4664],[-73.7775,-42.4665],[-73.777,-42.4659],[-73.7773,-42.4658],[-73.7779,-42.4664]]]},"properties":{"OID":334,"MANZENT":10201011007000,"n_per":30,"n_hombres":11,"n_mujeres":19,"n_edad_0_5":0,"n_edad_6_1":3,"n_edad_14_":3,"n_edad_18_":1,"n_edad_25_":8,"n_edad_45_":8,"n_edad_60_":7,"n_transpor":5,"n_transp_1":8,"n_transp_2":1,"n_transp_3":0,"n_transp_4":0,"n_transp_5":0,"n_transp_6":0,"dim_acc":0,"dim_soc":0}},{"type":"Feature","id":335,"geometry":{"type":"Polygon","coordinates":[[[-73.7775,-42.4665],[-73.7771,-42.4667],[-73.7766,-42.4661],[-73.7769,-42.466],[-73.7775,-42.4665]]]},"properties":{"OID":335,"MANZENT":10201011007000,"n_per":38,"n_hombres":16,"n_mujeres":22,"n_edad_0_5":4,"n_edad_6_1":6,"n_edad_14_":2,"n_edad_18_":1,"n_edad_25_":13,"n_edad_45_":8,"n_edad_60_":4,"n_transpor":9,"n_transp_1":6,"n_transp_2":0,"n_transp_3":0,"n_transp_4":0,"n_transp_5":0,"n_transp_6":0,"dim_acc":0,"dim_soc":0}},{"type":"Feature","id":336,"geometry":{"type":"Polygon","coordinates":[[[-73.7759,-42.4663],[-73.7765,-42.4661],[-73.777,-42.4667],[-73.7763,-42.4669],[-73.7761,-42.4666],[-73.7765,-42.4665],[-73.7765,-42.4664],[-73.7761,-42.4666],[-73.7759,-42.4663]]]},"properties":{"OID":336,"MANZENT":10201011007100,"n_per":61,"n_hombres":26,"n_mujeres":35,"n_edad_0_5":4,"n_edad_6_1":7,"n_edad_14_":2,"n_edad_18_":2,"n_edad_25_":22,"n_edad_45_":18,"n_edad_60_":6,"n_transpor":9,"n_transp_1":8,"n_transp_2":2,"n_transp_3":0,"n_transp_4":0,"n_transp_5":0,"n_transp_6":0,"dim_acc":0,"dim_soc":0}},{"type":"Feature","id":337,"geometry":{"type":"Polygon","coordinates":[[[-73.7758,-42.4671],[-73.7755,-42.4664],[-73.7759,-42.4663],[-73.7762,-42.4669],[-73.7758,-42.4671]]]},"properties":{"OID":337,"MANZENT":10201011007100,"n_per":52,"n_hombres":24,"n_mujeres":28,"n_edad_0_5":0,"n_edad_6_1":10,"n_edad_14_":4,"n_edad_18_":6,"n_edad_25_":12,"n_edad_45_":19,"n_edad_60_":1,"n_transpor":5,"n_transp_1":3,"n_transp_2":0,"n_transp_3":0,"n_transp_4":0,"n_transp_5":0,"n_transp_6":1,"dim_acc":0,"dim_soc":0}},{"type":"Feature","id":338,"geometry":{"type":"Polygon","coordinates":[[[-73.7754,-42.4672],[-73.775,-42.4665],[-73.7754,-42.4664],[-73.7758,-42.4671],[-73.7754,-42.4672]]]},"properties":{"OID":338,"MANZENT":10201011007100,"n_per":52,"n_hombres":27,"n_mujeres":25,"n_edad_0_5":4,"n_edad_6_1":8,"n_edad_14_":1,"n_edad_18_":8,"n_edad_25_":11,"n_edad_45_":15,"n_edad_60_":5,"n_transpor":2,"n_transp_1":8,"n_transp_2":5,"n_transp_3":0,"n_transp_4":0,"n_transp_5":0,"n_transp_6":1,"dim_acc":0,"dim_soc":0}},{"type":"Feature","id":339,"geometry":{"type":"Polygon","coordinates":[[[-73.7664,-42.4718],[-73.7661,-42.4728],[-73.7654,-42.4727],[-73.7651,-42.4727],[-73.7652,-42.4724],[-73.7657,-42.4724],[-73.7652,-42.4723],[-73.7653,-42.4721],[-73.7657,-42.4722],[-73.7654,-42.4721],[-73.7654,-42.4719],[-73.7656,-42.4719],[-73.7658,-42.4718],[-73.7661,-42.4717],[-73.7664,-42.4718]]]},"properties":{"OID":339,"MANZENT":10201011008000,"n_per":97,"n_hombres":51,"n_mujeres":46,"n_edad_0_5":6,"n_edad_6_1":5,"n_edad_14_":2,"n_edad_18_":8,"n_edad_25_":33,"n_edad_45_":17,"n_edad_60_":26,"n_transpor":5,"n_transp_1":7,"n_transp_2":8,"n_transp_3":0,"n_transp_4":0,"n_transp_5":2,"n_transp_6":16,"dim_acc":0,"dim_soc":0}},{"type":"Feature","id":340,"geometry":{"type":"Polygon","coordinates":[[[-73.767,-42.4719],[-73.7668,-42.4723],[-73.7664,-42.4722],[-73.7665,-42.4718],[-73.767,-42.4719]]]},"properties":{"OID":340,"MANZENT":10201011008000,"n_per":58,"n_hombres":31,"n_mujeres":27,"n_edad_0_5":4,"n_edad_6_1":10,"n_edad_14_":4,"n_edad_18_":6,"n_edad_25_":13,"n_edad_45_":12,"n_edad_60_":9,"n_transpor":1,"n_transp_1":6,"n_transp_2":6,"n_transp_3":0,"n_transp_4":0,"n_transp_5":0,"n_transp_6":5,"dim_acc":0,"dim_soc":0}},{"type":"Feature","id":341,"geometry":{"type":"Polygon","coordinates":[[[-73.7675,-42.4721],[-73.767,-42.473],[-73.7668,-42.473],[-73.7668,-42.4728],[-73.7667,-42.473],[-73.7661,-42.4728],[-73.7663,-42.4722],[-73.7668,-42.4723],[-73.7669,-42.4722],[-73.7672,-42.4723],[-73.7672,-42.4722],[-73.7669,-42.4722],[-73.767,-42.4719],[-73.7675,-42.4721]]]},"properties":{"OID":341,"MANZENT":10201011008000,"n_per":115,"n_hombres":50,"n_mujeres":65,"n_edad_0_5":5,"n_edad_6_1":12,"n_edad_14_":8,"n_edad_18_":11,"n_edad_25_":29,"n_edad_45_":28,"n_edad_60_":22,"n_transpor":6,"n_transp_1":20,"n_transp_2":16,"n_transp_3":0,"n_transp_4":0,"n_transp_5":0,"n_transp_6":10,"dim_acc":0,"dim_soc":0}},{"type":"Feature","id":342,"geometry":{"type":"Polygon","coordinates":[[[-73.7688,-42.4728],[-73.7689,-42.4727],[-73.7688,-42.4725],[-73.7682,-42.4723],[-73.7683,-42.4721],[-73.7685,-42.472],[-73.7692,-42.4722],[-73.7696,-42.473],[-73.7686,-42.4732],[-73.7681,-42.4735],[-73.7678,-42.4732],[-73.7675,-42.4731],[-73.7677,-42.4726],[-73.7681,-42.4727],[-73.768,-42.4731],[-73.7682,-42.4727],[-73.7688,-42.4728]]]},"properties":{"OID":342,"MANZENT":10201011008000,"n_per":146,"n_hombres":73,"n_mujeres":73,"n_edad_0_5":6,"n_edad_6_1":12,"n_edad_14_":8,"n_edad_18_":14,"n_edad_25_":43,"n_edad_45_":36,"n_edad_60_":27,"n_transpor":27,"n_transp_1":12,"n_transp_2":21,"n_transp_3":2,"n_transp_4":0,"n_transp_5":0,"n_transp_6":9,"dim_acc":0,"dim_soc":0}},{"type":"Feature","id":343,"geometry":{"type":"Polygon","coordinates":[[[-73.7676,-42.4721],[-73.7676,-42.4721],[-73.768,-42.4722],[-73.7682,-42.4721],[-73.7681,-42.4726],[-73.7674,-42.4725],[-73.7676,-42.4721]]]},"properties":{"OID":343,"MANZENT":10201011008000,"n_per":21,"n_hombres":7,"n_mujeres":14,"n_edad_0_5":1,"n_edad_6_1":3,"n_edad_14_":1,"n_edad_18_":3,"n_edad_25_":5,"n_edad_45_":6,"n_edad_60_":2,"n_transpor":3,"n_transp_1":5,"n_transp_2":4,"n_transp_3":0,"n_transp_4":0,"n_transp_5":0,"n_transp_6":0,"dim_acc":0,"dim_soc":0}},{"type":"Feature","id":344,"geometry":{"type":"Polygon","coordinates":[[[-73.7646,-42.4725],[-73.7646,-42.4723],[-73.7647,-42.4722],[-73.7652,-42.4723],[-73.7651,-42.4726],[-73.7646,-42.4725]]]},"properties":{"OID":344,"MANZENT":10201011008000,"n_per":21,"n_hombres":9,"n_mujeres":12,"n_edad_0_5":3,"n_edad_6_1":3,"n_edad_14_":2,"n_edad_18_":0,"n_edad_25_":6,"n_edad_45_":3,"n_edad_60_":4,"n_transpor":0,"n_transp_1":3,"n_transp_2":1,"n_transp_3":0,"n_transp_4":0,"n_transp_5":0,"n_transp_6":0,"dim_acc":0,"dim_soc":0}},{"type":"Feature","id":345,"geometry":{"type":"Polygon","coordinates":[[[-73.7641,-42.4741],[-73.7641,-42.4729],[-73.7643,-42.4724],[-73.7642,-42.4729],[-73.7643,-42.4732],[-73.7655,-42.4746],[-73.7655,-42.4755],[-73.7654,-42.4747],[-73.765,-42.4747],[-73.765,-42.4746],[-73.765,-42.4746],[-73.765,-42.4747],[-73.7654,-42.4748],[-73.7655,-42.4757],[-73.7642,-42.4756],[-73.7643,-42.4744],[-73.7641,-42.4756],[-73.764,-42.4756],[-73.7641,-42.4744],[-73.7643,-42.4743],[-73.7641,-42.4744],[-73.7641,-42.4742],[-73.7643,-42.4741],[-73.7641,-42.4742],[-73.7641,-42.4741]]]},"properties":{"OID":345,"MANZENT":10201011008000,"n_per":132,"n_hombres":61,"n_mujeres":71,"n_edad_0_5":0,"n_edad_6_1":8,"n_edad_14_":11,"n_edad_18_":14,"n_edad_25_":37,"n_edad_45_":35,"n_edad_60_":27,"n_transpor":9,"n_transp_1":6,"n_transp_2":16,"n_transp_3":0,"n_transp_4":1,"n_transp_5":0,"n_transp_6":0,"dim_acc":0,"dim_soc":0}},{"type":"Feature","id":346,"geometry":{"type":"Polygon","coordinates":[[[-73.7688,-42.4728],[-73.7682,-42.4727],[-73.7682,-42.4724],[-73.7687,-42.4725],[-73.7689,-42.4727],[-73.7688,-42.4728]]]},"properties":{"OID":346,"MANZENT":10201011008000,"n_per":31,"n_hombres":15,"n_mujeres":16,"n_edad_0_5":0,"n_edad_6_1":2,"n_edad_14_":2,"n_edad_18_":4,"n_edad_25_":6,"n_edad_45_":10,"n_edad_60_":7,"n_transpor":7,"n_transp_1":4,"n_transp_2":5,"n_transp_3":0,"n_transp_4":0,"n_transp_5":0,"n_transp_6":3,"dim_acc":0,"dim_soc":0}},{"type":"Feature","id":347,"geometry":{"type":"Polygon","coordinates":[[[-73.7645,-42.4725],[-73.7651,-42.4726],[-73.765,-42.4727],[-73.7647,-42.4728],[-73.7644,-42.4727],[-73.7645,-42.4725]]]},"properties":{"OID":347,"MANZENT":10201011008000,"n_per":9,"n_hombres":1,"n_mujeres":8,"n_edad_0_5":0,"n_edad_6_1":1,"n_edad_14_":1,"n_edad_18_":1,"n_edad_25_":2,"n_edad_45_":3,"n_edad_60_":1,"n_transpor":0,"n_transp_1":1,"n_transp_2":0,"n_transp_3":0,"n_transp_4":0,"n_transp_5":0,"n_transp_6":1,"dim_acc":0,"dim_soc":0}},{"type":"Feature","id":348,"geometry":{"type":"Polygon","coordinates":[[[-73.7675,-42.4731],[-73.7671,-42.473],[-73.7673,-42.4725],[-73.7677,-42.4726],[-73.7675,-42.4731]]]},"properties":{"OID":348,"MANZENT":10201011008000,"n_per":40,"n_hombres":17,"n_mujeres":23,"n_edad_0_5":0,"n_edad_6_1":3,"n_edad_14_":2,"n_edad_18_":7,"n_edad_25_":6,"n_edad_45_":14,"n_edad_60_":8,"n_transpor":2,"n_transp_1":6,"n_transp_2":6,"n_transp_3":0,"n_transp_4":0,"n_transp_5":0,"n_transp_6":1,"dim_acc":0,"dim_soc":0}},{"type":"Feature","id":349,"geometry":{"type":"Polygon","coordinates":[[[-73.7658,-42.4731],[-73.7652,-42.473],[-73.7652,-42.4728],[-73.7655,-42.4728],[-73.7664,-42.473],[-73.7663,-42.4732],[-73.7658,-42.4731]]]},"properties":{"OID":349,"MANZENT":10201011008000,"n_per":68,"n_hombres":33,"n_mujeres":35,"n_edad_0_5":6,"n_edad_6_1":7,"n_edad_14_":1,"n_edad_18_":6,"n_edad_25_":16,"n_edad_45_":18,"n_edad_60_":14,"n_transpor":3,"n_transp_1":8,"n_transp_2":2,"n_transp_3":0,"n_transp_4":0,"n_transp_5":0,"n_transp_6":3,"dim_acc":0,"dim_soc":0}},{"type":"Feature","id":350,"geometry":{"type":"Polygon","coordinates":[[[-73.7652,-42.473],[-73.7655,-42.4731],[-73.7655,-42.4733],[-73.7656,-42.4731],[-73.7659,-42.4731],[-73.7657,-42.4735],[-73.7659,-42.4731],[-73.7663,-42.4732],[-73.7663,-42.4734],[-73.7664,-42.473],[-73.7668,-42.4731],[-73.7665,-42.4737],[-73.7664,-42.4738],[-73.7664,-42.4744],[-73.7664,-42.4744],[-73.7665,-42.4746],[-73.7663,-42.4757],[-73.7656,-42.4757],[-73.7658,-42.4747],[-73.7657,-42.4738],[-73.7658,-42.4747],[-73.7656,-42.4755],[-73.7656,-42.4746],[-73.7645,-42.4732],[-73.7643,-42.4728],[-73.7645,-42.4728],[-73.7652,-42.473]]]},"properties":{"OID":350,"MANZENT":10201011008000,"n_per":239,"n_hombres":107,"n_mujeres":132,"n_edad_0_5":10,"n_edad_6_1":22,"n_edad_14_":10,"n_edad_18_":23,"n_edad_25_":62,"n_edad_45_":49,"n_edad_60_":63,"n_transpor":5,"n_transp_1":21,"n_transp_2":8,"n_transp_3":0,"n_transp_4":0,"n_transp_5":0,"n_transp_6":11,"dim_acc":0,"dim_soc":0}},{"type":"Feature","id":351,"geometry":{"type":"Polygon","coordinates":[[[-73.7686,-42.4735],[-73.7683,-42.4737],[-73.7681,-42.4735],[-73.7687,-42.4732],[-73.7696,-42.4731],[-73.77,-42.474],[-73.7696,-42.4742],[-73.7692,-42.4737],[-73.7695,-42.4742],[-73.769,-42.4745],[-73.7689,-42.4744],[-73.7683,-42.4737],[-73.7686,-42.4735]]]},"properties":{"OID":351,"MANZENT":10201011008000,"n_per":97,"n_hombres":47,"n_mujeres":50,"n_edad_0_5":3,"n_edad_6_1":5,"n_edad_14_":3,"n_edad_18_":14,"n_edad_25_":29,"n_edad_45_":15,"n_edad_60_":28,"n_transpor":10,"n_transp_1":11,"n_transp_2":17,"n_transp_3":0,"n_transp_4":0,"n_transp_5":0,"n_transp_6":3,"dim_acc":0,"dim_soc":0}},{"type":"Feature","id":352,"geometry":{"type":"Polygon","coordinates":[[[-73.7676,-42.4737],[-73.7673,-42.4734],[-73.7668,-42.4733],[-73.7669,-42.4731],[-73.7678,-42.4733],[-73.768,-42.4735],[-73.7676,-42.4737]]]},"properties":{"OID":352,"MANZENT":10201011008000,"n_per":37,"n_hombres":19,"n_mujeres":18,"n_edad_0_5":0,"n_edad_6_1":3,"n_edad_14_":3,"n_edad_18_":1,"n_edad_25_":9,"n_edad_45_":13,"n_edad_60_":8,"n_transpor":9,"n_transp_1":4,"n_transp_2":7,"n_transp_3":0,"n_transp_4":0,"n_transp_5":0,"n_transp_6":1,"dim_acc":0,"dim_soc":0}},{"type":"Feature","id":353,"geometry":{"type":"Polygon","coordinates":[[[-73.7665,-42.4737],[-73.7668,-42.4733],[-73.7673,-42.4734],[-73.7676,-42.4737],[-73.7672,-42.4739],[-73.7669,-42.4735],[-73.7672,-42.4739],[-73.7669,-42.4741],[-73.7665,-42.4737]]]},"properties":{"OID":353,"MANZENT":10201011008000,"n_per":68,"n_hombres":34,"n_mujeres":34,"n_edad_0_5":5,"n_edad_6_1":5,"n_edad_14_":1,"n_edad_18_":4,"n_edad_25_":19,"n_edad_45_":20,"n_edad_60_":14,"n_transpor":13,"n_transp_1":6,"n_transp_2":16,"n_transp_3":0,"n_transp_4":0,"n_transp_5":0,"n_transp_6":1,"dim_acc":0,"dim_soc":0}},{"type":"Feature","id":354,"geometry":{"type":"Polygon","coordinates":[[[-73.7676,-42.4742],[-73.7673,-42.4739],[-73.7681,-42.4736],[-73.7683,-42.4738],[-73.7676,-42.4742]]]},"properties":{"OID":354,"MANZENT":10201011008000,"n_per":56,"n_hombres":24,"n_mujeres":32,"n_edad_0_5":1,"n_edad_6_1":6,"n_edad_14_":2,"n_edad_18_":7,"n_edad_25_":19,"n_edad_45_":13,"n_edad_60_":8,"n_transpor":6,"n_transp_1":5,"n_transp_2":13,"n_transp_3":0,"n_transp_4":0,"n_transp_5":0,"n_transp_6":2,"dim_acc":0,"dim_soc":0}},{"type":"Feature","id":355,"geometry":{"type":"Polygon","coordinates":[[[-73.7664,-42.4744],[-73.7664,-42.4738],[-73.7665,-42.4738],[-73.7668,-42.4741],[-73.7664,-42.4744]]]},"properties":{"OID":355,"MANZENT":10201011008000,"n_per":10,"n_hombres":4,"n_mujeres":6,"n_edad_0_5":0,"n_edad_6_1":0,"n_edad_14_":0,"n_edad_18_":1,"n_edad_25_":4,"n_edad_45_":2,"n_edad_60_":3,"n_transpor":0,"n_transp_1":1,"n_transp_2":7,"n_transp_3":0,"n_transp_4":0,"n_transp_5":0,"n_transp_6":0,"dim_acc":0,"dim_soc":0}},{"type":"Feature","id":356,"geometry":{"type":"Polygon","coordinates":[[[-73.767,-42.4749],[-73.7665,-42.4748],[-73.7666,-42.4743],[-73.7673,-42.474],[-73.7675,-42.4742],[-73.7671,-42.4745],[-73.7675,-42.4743],[-73.7677,-42.4745],[-73.7676,-42.4742],[-73.7683,-42.4739],[-73.7685,-42.4741],[-73.7677,-42.4746],[-73.767,-42.4748],[-73.767,-42.4749]]]},"properties":{"OID":356,"MANZENT":10201011008000,"n_per":108,"n_hombres":50,"n_mujeres":58,"n_edad_0_5":3,"n_edad_6_1":10,"n_edad_14_":7,"n_edad_18_":8,"n_edad_25_":36,"n_edad_45_":32,"n_edad_60_":12,"n_transpor":21,"n_transp_1":12,"n_transp_2":19,"n_transp_3":0,"n_transp_4":1,"n_transp_5":0,"n_transp_6":4,"dim_acc":0,"dim_soc":0}},{"type":"Feature","id":357,"geometry":{"type":"Polygon","coordinates":[[[-73.7697,-42.4745],[-73.7697,-42.4745],[-73.7696,-42.4743],[-73.77,-42.4741],[-73.7704,-42.475],[-73.7696,-42.4755],[-73.7691,-42.4746],[-73.7695,-42.4743],[-73.7697,-42.4745]]]},"properties":{"OID":357,"MANZENT":10201011008000,"n_per":93,"n_hombres":43,"n_mujeres":50,"n_edad_0_5":2,"n_edad_6_1":8,"n_edad_14_":5,"n_edad_18_":5,"n_edad_25_":25,"n_edad_45_":22,"n_edad_60_":26,"n_transpor":6,"n_transp_1":5,"n_transp_2":24,"n_transp_3":0,"n_transp_4":0,"n_transp_5":0,"n_transp_6":7,"dim_acc":0,"dim_soc":0}},{"type":"Feature","id":358,"geometry":{"type":"Polygon","coordinates":[[[-73.7689,-42.4745],[-73.7675,-42.4753],[-73.767,-42.4749],[-73.767,-42.4748],[-73.7678,-42.4746],[-73.7686,-42.4741],[-73.7689,-42.4744],[-73.7689,-42.4745]]]},"properties":{"OID":358,"MANZENT":10201011008000,"n_per":104,"n_hombres":46,"n_mujeres":58,"n_edad_0_5":8,"n_edad_6_1":10,"n_edad_14_":3,"n_edad_18_":12,"n_edad_25_":35,"n_edad_45_":20,"n_edad_60_":16,"n_transpor":7,"n_transp_1":9,"n_transp_2":20,"n_transp_3":0,"n_transp_4":1,"n_transp_5":1,"n_transp_6":2,"dim_acc":0,"dim_soc":0}},{"type":"Feature","id":359,"geometry":{"type":"Polygon","coordinates":[[[-73.7685,-42.4752],[-73.7683,-42.475],[-73.769,-42.4746],[-73.7691,-42.4748],[-73.7685,-42.4752]]]},"properties":{"OID":359,"MANZENT":10201011008000,"n_per":39,"n_hombres":18,"n_mujeres":21,"n_edad_0_5":0,"n_edad_6_1":3,"n_edad_14_":2,"n_edad_18_":3,"n_edad_25_":14,"n_edad_45_":6,"n_edad_60_":11,"n_transpor":2,"n_transp_1":0,"n_transp_2":11,"n_transp_3":0,"n_transp_4":0,"n_transp_5":0,"n_transp_6":3,"dim_acc":0,"dim_soc":0}},{"type":"Feature","id":360,"geometry":{"type":"Polygon","coordinates":[[[-73.7667,-42.4757],[-73.7664,-42.4757],[-73.7666,-42.4749],[-73.767,-42.4749],[-73.7674,-42.4753],[-73.7667,-42.4757]]]},"properties":{"OID":360,"MANZENT":10201011008000,"n_per":42,"n_hombres":17,"n_mujeres":25,"n_edad_0_5":4,"n_edad_6_1":2,"n_edad_14_":1,"n_edad_18_":0,"n_edad_25_":8,"n_edad_45_":2,"n_edad_60_":25,"n_transpor":3,"n_transp_1":3,"n_transp_2":4,"n_transp_3":0,"n_transp_4":0,"n_transp_5":0,"n_transp_6":0,"dim_acc":0,"dim_soc":0}},{"type":"Feature","id":361,"geometry":{"type":"Polygon","coordinates":[[[-73.7687,-42.4755],[-73.7685,-42.4752],[-73.7692,-42.4749],[-73.7693,-42.4752],[-73.7687,-42.4755]]]},"properties":{"OID":361,"MANZENT":10201011008000,"n_per":35,"n_hombres":17,"n_mujeres":18,"n_edad_0_5":0,"n_edad_6_1":2,"n_edad_14_":0,"n_edad_18_":4,"n_edad_25_":12,"n_edad_45_":5,"n_edad_60_":12,"n_transpor":3,"n_transp_1":3,"n_transp_2":10,"n_transp_3":0,"n_transp_4":0,"n_transp_5":0,"n_transp_6":2,"dim_acc":0,"dim_soc":0}},{"type":"Feature","id":362,"geometry":{"type":"Polygon","coordinates":[[[-73.7678,-42.4756],[-73.7676,-42.4754],[-73.7682,-42.475],[-73.7684,-42.4753],[-73.7678,-42.4756]]]},"properties":{"OID":362,"MANZENT":10201011008000,"n_per":40,"n_hombres":17,"n_mujeres":23,"n_edad_0_5":2,"n_edad_6_1":6,"n_edad_14_":1,"n_edad_18_":3,"n_edad_25_":12,"n_edad_45_":9,"n_edad_60_":7,"n_transpor":2,"n_transp_1":4,"n_transp_2":2,"n_transp_3":0,"n_transp_4":1,"n_transp_5":0,"n_transp_6":4,"dim_acc":0,"dim_soc":0}},{"type":"Feature","id":363,"geometry":{"type":"Polygon","coordinates":[[[-73.769,-42.4758],[-73.7688,-42.4755],[-73.7694,-42.4752],[-73.7695,-42.4755],[-73.769,-42.4758]]]},"properties":{"OID":363,"MANZENT":10201011008000,"n_per":28,"n_hombres":17,"n_mujeres":11,"n_edad_0_5":1,"n_edad_6_1":1,"n_edad_14_":0,"n_edad_18_":3,"n_edad_25_":4,"n_edad_45_":8,"n_edad_60_":11,"n_transpor":0,"n_transp_1":3,"n_transp_2":8,"n_transp_3":0,"n_transp_4":0,"n_transp_5":0,"n_transp_6":3,"dim_acc":0,"dim_soc":0}},{"type":"Feature","id":364,"geometry":{"type":"Polygon","coordinates":[[[-73.768,-42.4758],[-73.7678,-42.4756],[-73.7685,-42.4753],[-73.7686,-42.4755],[-73.768,-42.4758]]]},"properties":{"OID":364,"MANZENT":10201011008000,"n_per":28,"n_hombres":15,"n_mujeres":13,"n_edad_0_5":0,"n_edad_6_1":1,"n_edad_14_":0,"n_edad_18_":5,"n_edad_25_":9,"n_edad_45_":6,"n_edad_60_":7,"n_transpor":2,"n_transp_1":4,"n_transp_2":5,"n_transp_3":0,"n_transp_4":0,"n_transp_5":0,"n_transp_6":1,"dim_acc":0,"dim_soc":0}},{"type":"Feature","id":365,"geometry":{"type":"Polygon","coordinates":[[[-73.7671,-42.4768],[-73.767,-42.4768],[-73.7666,-42.4759],[-73.767,-42.4757],[-73.7674,-42.4761],[-73.767,-42.4756],[-73.7675,-42.4754],[-73.7682,-42.4762],[-73.7671,-42.4768]]]},"properties":{"OID":365,"MANZENT":10201011008000,"n_per":82,"n_hombres":37,"n_mujeres":45,"n_edad_0_5":1,"n_edad_6_1":8,"n_edad_14_":4,"n_edad_18_":5,"n_edad_25_":18,"n_edad_45_":22,"n_edad_60_":24,"n_transpor":4,"n_transp_1":5,"n_transp_2":9,"n_transp_3":0,"n_transp_4":0,"n_transp_5":0,"n_transp_6":2,"dim_acc":0,"dim_soc":0}},{"type":"Feature","id":366,"geometry":{"type":"Polygon","coordinates":[[[-73.7683,-42.4762],[-73.7681,-42.4759],[-73.7687,-42.4756],[-73.7689,-42.4758],[-73.7683,-42.4762]]]},"properties":{"OID":366,"MANZENT":10201011008000,"n_per":45,"n_hombres":23,"n_mujeres":22,"n_edad_0_5":3,"n_edad_6_1":4,"n_edad_14_":0,"n_edad_18_":2,"n_edad_25_":12,"n_edad_45_":9,"n_edad_60_":15,"n_transpor":1,"n_transp_1":3,"n_transp_2":5,"n_transp_3":0,"n_transp_4":0,"n_transp_5":0,"n_transp_6":0,"dim_acc":0,"dim_soc":0}},{"type":"Feature","id":367,"geometry":{"type":"Polygon","coordinates":[[[-73.7651,-42.4769],[-73.764,-42.4768],[-73.764,-42.4757],[-73.7648,-42.4757],[-73.7647,-42.476],[-73.7648,-42.4757],[-73.7655,-42.4758],[-73.7655,-42.4768],[-73.7651,-42.4769]]]},"properties":{"OID":367,"MANZENT":10201011008000,"n_per":94,"n_hombres":45,"n_mujeres":49,"n_edad_0_5":3,"n_edad_6_1":3,"n_edad_14_":8,"n_edad_18_":8,"n_edad_25_":26,"n_edad_45_":15,"n_edad_60_":31,"n_transpor":7,"n_transp_1":12,"n_transp_2":16,"n_transp_3":0,"n_transp_4":0,"n_transp_5":0,"n_transp_6":1,"dim_acc":0,"dim_soc":0}},{"type":"Feature","id":368,"geometry":{"type":"Polygon","coordinates":[[[-73.7669,-42.4769],[-73.7656,-42.4769],[-73.7656,-42.4758],[-73.7664,-42.4758],[-73.7668,-42.4764],[-73.7669,-42.4768],[-73.7669,-42.4769]]]},"properties":{"OID":368,"MANZENT":10201011008000,"n_per":48,"n_hombres":23,"n_mujeres":25,"n_edad_0_5":9,"n_edad_6_1":0,"n_edad_14_":2,"n_edad_18_":6,"n_edad_25_":14,"n_edad_45_":9,"n_edad_60_":8,"n_transpor":4,"n_transp_1":3,"n_transp_2":10,"n_transp_3":0,"n_transp_4":0,"n_transp_5":0,"n_transp_6":1,"dim_acc":0,"dim_soc":0}},{"type":"Feature","id":369,"geometry":{"type":"Polygon","coordinates":[[[-73.767,-42.477],[-73.7672,-42.4769],[-73.7684,-42.4762],[-73.7685,-42.477],[-73.767,-42.477]]]},"properties":{"OID":369,"MANZENT":10201011008000,"n_per":66,"n_hombres":32,"n_mujeres":34,"n_edad_0_5":3,"n_edad_6_1":6,"n_edad_14_":0,"n_edad_18_":1,"n_edad_25_":22,"n_edad_45_":17,"n_edad_60_":17,"n_transpor":7,"n_transp_1":4,"n_transp_2":15,"n_transp_3":0,"n_transp_4":0,"n_transp_5":1,"n_transp_6":1,"dim_acc":0,"dim_soc":0}},{"type":"Feature","id":370,"geometry":{"type":"Polygon","coordinates":[[[-73.7646,-42.478],[-73.7639,-42.478],[-73.764,-42.477],[-73.7654,-42.477],[-73.7655,-42.4774],[-73.7649,-42.4774],[-73.7655,-42.4774],[-73.7654,-42.478],[-73.7646,-42.478]]]},"properties":{"OID":370,"MANZENT":10201011008000,"n_per":77,"n_hombres":30,"n_mujeres":47,"n_edad_0_5":3,"n_edad_6_1":8,"n_edad_14_":2,"n_edad_18_":6,"n_edad_25_":16,"n_edad_45_":14,"n_edad_60_":28,"n_transpor":2,"n_transp_1":6,"n_transp_2":3,"n_transp_3":0,"n_transp_4":0,"n_transp_5":0,"n_transp_6":0,"dim_acc":0,"dim_soc":0}},{"type":"Feature","id":371,"geometry":{"type":"Polygon","coordinates":[[[-73.7656,-42.478],[-73.7655,-42.478],[-73.7656,-42.477],[-73.7668,-42.477],[-73.7669,-42.478],[-73.7656,-42.478]]]},"properties":{"OID":371,"MANZENT":10201011008000,"n_per":55,"n_hombres":21,"n_mujeres":34,"n_edad_0_5":4,"n_edad_6_1":3,"n_edad_14_":1,"n_edad_18_":3,"n_edad_25_":20,"n_edad_45_":8,"n_edad_60_":16,"n_transpor":6,"n_transp_1":3,"n_transp_2":5,"n_transp_3":0,"n_transp_4":0,"n_transp_5":0,"n_transp_6":0,"dim_acc":0,"dim_soc":0}},{"type":"Feature","id":372,"geometry":{"type":"Polygon","coordinates":[[[-73.767,-42.478],[-73.767,-42.4771],[-73.7685,-42.4771],[-73.7684,-42.478],[-73.767,-42.478]]]},"properties":{"OID":372,"MANZENT":10201011008000,"n_per":95,"n_hombres":46,"n_mujeres":49,"n_edad_0_5":4,"n_edad_6_1":8,"n_edad_14_":0,"n_edad_18_":3,"n_edad_25_":30,"n_edad_45_":17,"n_edad_60_":33,"n_transpor":9,"n_transp_1":6,"n_transp_2":18,"n_transp_3":0,"n_transp_4":0,"n_transp_5":0,"n_transp_6":2,"dim_acc":0,"dim_soc":0}},{"type":"Feature","id":373,"geometry":{"type":"MultiPolygon","coordinates":[[[[-73.7648,-42.4722],[-73.7647,-42.4721],[-73.7649,-42.472],[-73.7653,-42.4721],[-73.7652,-42.4723],[-73.7648,-42.4722]]],[[[-73.7647,-42.472],[-73.7647,-42.4719],[-73.7657,-42.4718],[-73.7654,-42.4719],[-73.7653,-42.4721],[-73.7649,-42.472],[-73.7647,-42.4721],[-73.7647,-42.472]]]]},"properties":{"OID":373,"MANZENT":10201011008000,"n_per":27,"n_hombres":16,"n_mujeres":11,"n_edad_0_5":0,"n_edad_6_1":3,"n_edad_14_":1,"n_edad_18_":4,"n_edad_25_":6,"n_edad_45_":7,"n_edad_60_":6,"n_transpor":0,"n_transp_1":6,"n_transp_2":4,"n_transp_3":0,"n_transp_4":0,"n_transp_5":1,"n_transp_6":0,"dim_acc":0,"dim_soc":0}},{"type":"Feature","id":374,"geometry":{"type":"Polygon","coordinates":[[[-73.7767,-42.4787],[-73.7771,-42.478],[-73.7776,-42.4774],[-73.7779,-42.4773],[-73.7783,-42.4773],[-73.7788,-42.4771],[-73.779,-42.4772],[-73.7793,-42.4771],[-73.78,-42.4767],[-73.7804,-42.4768],[-73.7808,-42.477],[-73.7814,-42.4772],[-73.782,-42.477],[-73.7822,-42.4769],[-73.7828,-42.4757],[-73.7844,-42.477],[-73.7848,-42.4769],[-73.7855,-42.4769],[-73.7859,-42.4771],[-73.7862,-42.4773],[-73.7858,-42.4776],[-73.7861,-42.4782],[-73.7858,-42.4781],[-73.7855,-42.4776],[-73.7853,-42.4776],[-73.7859,-42.4771],[-73.7853,-42.4776],[-73.7848,-42.4777],[-73.785,-42.4773],[-73.7848,-42.4776],[-73.7847,-42.4774],[-73.784,-42.477],[-73.7846,-42.4774],[-73.7848,-42.4777],[-73.7847,-42.4777],[-73.7841,-42.4776],[-73.7839,-42.4775],[-73.784,-42.4776],[-73.7843,-42.4777],[-73.7842,-42.4779],[-73.7844,-42.4777],[-73.7848,-42.4777],[-73.7851,-42.4783],[-73.7851,-42.4787],[-73.7841,-42.478],[-73.7834,-42.478],[-73.7833,-42.4781],[-73.7833,-42.4783],[-73.7834,-42.478],[-73.7835,-42.478],[-73.7841,-42.4781],[-73.7844,-42.4782],[-73.7851,-42.4788],[-73.7851,-42.479],[-73.7848,-42.479],[-73.7851,-42.479],[-73.7851,-42.4796],[-73.785,-42.4797],[-73.7845,-42.4797],[-73.7844,-42.4796],[-73.7845,-42.4797],[-73.7839,-42.4798],[-73.783,-42.4804],[-73.7826,-42.4809],[-73.7824,-42.4809],[-73.7818,-42.4809],[-73.7813,-42.4808],[-73.781,-42.4807],[-73.7804,-42.4799],[-73.7801,-42.4793],[-73.7798,-42.4791],[-73.7767,-42.4787]]]},"properties":{"OID":374,"MANZENT":10201021001000,"n_per":198,"n_hombres":97,"n_mujeres":101,"n_edad_0_5":14,"n_edad_6_1":29,"n_edad_14_":15,"n_edad_18_":17,"n_edad_25_":63,"n_edad_45_":42,"n_edad_60_":18,"n_transpor":34,"n_transp_1":33,"n_transp_2":12,"n_transp_3":0,"n_transp_4":0,"n_transp_5":0,"n_transp_6":10,"dim_acc":0,"dim_soc":0}},{"type":"Feature","id":375,"geometry":{"type":"Polygon","coordinates":[[[-73.7878,-42.4817],[-73.788,-42.4815],[-73.7883,-42.4816],[-73.7888,-42.4819],[-73.7887,-42.482],[-73.7881,-42.4819],[-73.7887,-42.482],[-73.7886,-42.4821],[-73.788,-42.482],[-73.7886,-42.4822],[-73.7878,-42.4835],[-73.7872,-42.4835],[-73.7872,-42.4832],[-73.7875,-42.4827],[-73.7873,-42.4826],[-73.7873,-42.4818],[-73.7872,-42.4826],[-73.7867,-42.4825],[-73.7858,-42.482],[-73.7858,-42.4815],[-73.7857,-42.4816],[-73.7857,-42.482],[-73.7854,-42.4819],[-73.7854,-42.4813],[-73.7867,-42.4811],[-73.787,-42.4818],[-73.787,-42.4816],[-73.7867,-42.4811],[-73.7871,-42.4811],[-73.7874,-42.4815],[-73.787,-42.4809],[-73.7871,-42.4811],[-73.7854,-42.4812],[-73.7853,-42.4807],[-73.786,-42.4807],[-73.7862,-42.4803],[-73.7865,-42.4803],[-73.7863,-42.4803],[-73.7865,-42.4798],[-73.7862,-42.4803],[-73.7854,-42.4803],[-73.7852,-42.4805],[-73.7847,-42.4804],[-73.7834,-42.4804],[-73.7834,-42.4802],[-73.7839,-42.4798],[-73.785,-42.4797],[-73.7851,-42.4796],[-73.7851,-42.479],[-73.7852,-42.4784],[-73.7848,-42.4777],[-73.7851,-42.4776],[-73.7855,-42.4777],[-73.7858,-42.4781],[-73.786,-42.4782],[-73.7868,-42.4784],[-73.7869,-42.4785],[-73.7866,-42.4786],[-73.7865,-42.4789],[-73.7866,-42.4786],[-73.7868,-42.4785],[-73.7879,-42.4787],[-73.788,-42.4788],[-73.7878,-42.4793],[-73.788,-42.4797],[-73.7878,-42.4793],[-73.7881,-42.4789],[-73.788,-42.4787],[-73.7884,-42.4788],[-73.7888,-42.479],[-73.7894,-42.4789],[-73.7903,-42.4784],[-73.7905,-42.4784],[-73.7904,-42.4789],[-73.7899,-42.4798],[-73.7899,-42.4804],[-73.7891,-42.4801],[-73.7893,-42.4797],[-73.7891,-42.4801],[-73.7887,-42.48],[-73.7891,-42.4801],[-73.7889,-42.4805],[-73.7891,-42.4801],[-73.79,-42.4804],[-73.79,-42.4807],[-73.7898,-42.481],[-73.7893,-42.4815],[-73.7889,-42.4811],[-73.789,-42.481],[-73.7888,-42.4811],[-73.7892,-42.4815],[-73.7889,-42.4819],[-73.7884,-42.4816],[-73.788,-42.4815],[-73.7878,-42.4817]]]},"properties":{"OID":375,"MANZENT":10201021001000,"n_per":300,"n_hombres":138,"n_mujeres":162,"n_edad_0_5":11,"n_edad_6_1":41,"n_edad_14_":15,"n_edad_18_":38,"n_edad_25_":92,"n_edad_45_":60,"n_edad_60_":43,"n_transpor":37,"n_transp_1":47,"n_transp_2":12,"n_transp_3":0,"n_transp_4":0,"n_transp_5":0,"n_transp_6":24,"dim_acc":0,"dim_soc":0}},{"type":"Feature","id":376,"geometry":{"type":"Polygon","coordinates":[[[-73.7771,-42.4821],[-73.7765,-42.4818],[-73.7771,-42.4821],[-73.7771,-42.4822],[-73.7776,-42.4824],[-73.777,-42.4825],[-73.7768,-42.4826],[-73.7768,-42.483],[-73.7763,-42.483],[-73.7761,-42.4825],[-73.7751,-42.4809],[-73.775,-42.4809],[-73.774,-42.4812],[-73.7738,-42.4808],[-73.774,-42.4812],[-73.775,-42.4809],[-73.7762,-42.4829],[-73.7762,-42.483],[-73.775,-42.4831],[-73.7739,-42.4836],[-73.7738,-42.4836],[-73.7727,-42.4814],[-73.7725,-42.4812],[-73.7722,-42.481],[-73.7721,-42.4806],[-73.7724,-42.48],[-73.7727,-42.4797],[-73.7729,-42.4797],[-73.7731,-42.4799],[-73.7729,-42.4797],[-73.7733,-42.4796],[-73.7734,-42.4798],[-73.7734,-42.4796],[-73.774,-42.4795],[-73.7731,-42.4796],[-73.7726,-42.4798],[-73.7725,-42.4796],[-73.7726,-42.4798],[-73.7721,-42.4805],[-73.7721,-42.481],[-73.7719,-42.4809],[-73.7717,-42.4801],[-73.7714,-42.4795],[-73.7713,-42.4793],[-73.7715,-42.4791],[-73.7717,-42.479],[-73.7722,-42.4789],[-73.7735,-42.4791],[-73.7754,-42.4791],[-73.7754,-42.4794],[-73.7758,-42.4795],[-73.7762,-42.4794],[-73.7767,-42.4787],[-73.7795,-42.4791],[-73.7794,-42.4794],[-73.7792,-42.4794],[-73.7794,-42.4795],[-73.7791,-42.48],[-73.7789,-42.48],[-73.7789,-42.48],[-73.7791,-42.4801],[-73.7788,-42.4807],[-73.7786,-42.4807],[-73.7786,-42.4807],[-73.7793,-42.481],[-73.7791,-42.4813],[-73.7784,-42.4811],[-73.7791,-42.4813],[-73.7789,-42.4816],[-73.7783,-42.4815],[-73.7783,-42.4815],[-73.7809,-42.4823],[-73.7809,-42.4824],[-73.7808,-42.4825],[-73.7798,-42.4826],[-73.7792,-42.4826],[-73.7767,-42.4816],[-73.7773,-42.4819],[-73.7771,-42.4821]]]},"properties":{"OID":376,"MANZENT":10201021001000,"n_per":393,"n_hombres":181,"n_mujeres":212,"n_edad_0_5":21,"n_edad_6_1":37,"n_edad_14_":23,"n_edad_18_":40,"n_edad_25_":115,"n_edad_45_":95,"n_edad_60_":62,"n_transpor":55,"n_transp_1":71,"n_transp_2":26,"n_transp_3":0,"n_transp_4":0,"n_transp_5":0,"n_transp_6":31,"dim_acc":0,"dim_soc":0}},{"type":"Feature","id":377,"geometry":{"type":"Polygon","coordinates":[[[-73.7798,-42.4799],[-73.7796,-42.4795],[-73.7794,-42.4794],[-73.7796,-42.4791],[-73.78,-42.4794],[-73.7802,-42.4797],[-73.7798,-42.4799]]]},"properties":{"OID":377,"MANZENT":10201021001000,"n_per":49,"n_hombres":23,"n_mujeres":26,"n_edad_0_5":2,"n_edad_6_1":4,"n_edad_14_":3,"n_edad_18_":4,"n_edad_25_":14,"n_edad_45_":13,"n_edad_60_":9,"n_transpor":2,"n_transp_1":21,"n_transp_2":2,"n_transp_3":0,"n_transp_4":0,"n_transp_5":0,"n_transp_6":4,"dim_acc":0,"dim_soc":0}},{"type":"Feature","id":378,"geometry":{"type":"Polygon","coordinates":[[[-73.7798,-42.4799],[-73.7796,-42.4801],[-73.7792,-42.48],[-73.7794,-42.4795],[-73.7796,-42.4795],[-73.7798,-42.4799]]]},"properties":{"OID":378,"MANZENT":10201021001000,"n_per":41,"n_hombres":14,"n_mujeres":27,"n_edad_0_5":1,"n_edad_6_1":6,"n_edad_14_":6,"n_edad_18_":4,"n_edad_25_":11,"n_edad_45_":11,"n_edad_60_":2,"n_transpor":3,"n_transp_1":9,"n_transp_2":2,"n_transp_3":0,"n_transp_4":0,"n_transp_5":0,"n_transp_6":6,"dim_acc":0,"dim_soc":0}},{"type":"Feature","id":379,"geometry":{"type":"Polygon","coordinates":[[[-73.7799,-42.4799],[-73.7802,-42.4799],[-73.7808,-42.4805],[-73.7804,-42.4808],[-73.7799,-42.4801],[-73.7799,-42.4799]]]},"properties":{"OID":379,"MANZENT":10201021001000,"n_per":67,"n_hombres":31,"n_mujeres":36,"n_edad_0_5":4,"n_edad_6_1":8,"n_edad_14_":5,"n_edad_18_":4,"n_edad_25_":21,"n_edad_45_":18,"n_edad_60_":7,"n_transpor":9,"n_transp_1":20,"n_transp_2":2,"n_transp_3":0,"n_transp_4":0,"n_transp_5":0,"n_transp_6":2,"dim_acc":0,"dim_soc":0}},{"type":"Feature","id":380,"geometry":{"type":"Polygon","coordinates":[[[-73.7801,-42.4804],[-73.7798,-42.481],[-73.7794,-42.4809],[-73.7798,-42.48],[-73.7801,-42.4804]]]},"properties":{"OID":380,"MANZENT":10201021001000,"n_per":49,"n_hombres":23,"n_mujeres":26,"n_edad_0_5":3,"n_edad_6_1":1,"n_edad_14_":2,"n_edad_18_":9,"n_edad_25_":7,"n_edad_45_":15,"n_edad_60_":12,"n_transpor":6,"n_transp_1":6,"n_transp_2":2,"n_transp_3":0,"n_transp_4":0,"n_transp_5":0,"n_transp_6":7,"dim_acc":0,"dim_soc":0}},{"type":"Feature","id":381,"geometry":{"type":"Polygon","coordinates":[[[-73.7789,-42.4807],[-73.7791,-42.4801],[-73.7796,-42.4802],[-73.7793,-42.4809],[-73.7789,-42.4807]]]},"properties":{"OID":381,"MANZENT":10201021001000,"n_per":58,"n_hombres":28,"n_mujeres":30,"n_edad_0_5":2,"n_edad_6_1":7,"n_edad_14_":5,"n_edad_18_":11,"n_edad_25_":13,"n_edad_45_":14,"n_edad_60_":6,"n_transpor":5,"n_transp_1":13,"n_transp_2":0,"n_transp_3":0,"n_transp_4":0,"n_transp_5":0,"n_transp_6":8,"dim_acc":0,"dim_soc":0}},{"type":"Feature","id":382,"geometry":{"type":"Polygon","coordinates":[[[-73.7829,-42.4805],[-73.7833,-42.4802],[-73.7833,-42.4807],[-73.7834,-42.4805],[-73.7847,-42.4805],[-73.7853,-42.4806],[-73.7853,-42.4815],[-73.7851,-42.4815],[-73.7853,-42.4815],[-73.7854,-42.4819],[-73.7832,-42.4821],[-73.783,-42.4817],[-73.7836,-42.4815],[-73.7836,-42.4813],[-73.7836,-42.4815],[-73.783,-42.4816],[-73.7827,-42.4809],[-73.7827,-42.4808],[-73.7831,-42.4808],[-73.7827,-42.4807],[-73.7829,-42.4805]]]},"properties":{"OID":382,"MANZENT":10201021001000,"n_per":133,"n_hombres":65,"n_mujeres":68,"n_edad_0_5":6,"n_edad_6_1":10,"n_edad_14_":6,"n_edad_18_":15,"n_edad_25_":39,"n_edad_45_":35,"n_edad_60_":22,"n_transpor":21,"n_transp_1":24,"n_transp_2":7,"n_transp_3":0,"n_transp_4":0,"n_transp_5":0,"n_transp_6":9,"dim_acc":0,"dim_soc":0}},{"type":"Feature","id":383,"geometry":{"type":"Polygon","coordinates":[[[-73.7853,-42.4805],[-73.7854,-42.4803],[-73.7862,-42.4803],[-73.786,-42.4807],[-73.7853,-42.4807],[-73.7853,-42.4805]]]},"properties":{"OID":383,"MANZENT":10201021001000,"n_per":18,"n_hombres":9,"n_mujeres":9,"n_edad_0_5":0,"n_edad_6_1":2,"n_edad_14_":1,"n_edad_18_":1,"n_edad_25_":3,"n_edad_45_":6,"n_edad_60_":5,"n_transpor":4,"n_transp_1":1,"n_transp_2":2,"n_transp_3":1,"n_transp_4":0,"n_transp_5":0,"n_transp_6":1,"dim_acc":0,"dim_soc":0}},{"type":"Feature","id":384,"geometry":{"type":"Polygon","coordinates":[[[-73.7814,-42.4813],[-73.7808,-42.4811],[-73.7805,-42.4809],[-73.7805,-42.4807],[-73.7808,-42.4806],[-73.7812,-42.4808],[-73.7816,-42.481],[-73.7814,-42.4813]]]},"properties":{"OID":384,"MANZENT":10201021001000,"n_per":48,"n_hombres":24,"n_mujeres":24,"n_edad_0_5":2,"n_edad_6_1":6,"n_edad_14_":5,"n_edad_18_":2,"n_edad_25_":10,"n_edad_45_":14,"n_edad_60_":9,"n_transpor":3,"n_transp_1":8,"n_transp_2":2,"n_transp_3":0,"n_transp_4":0,"n_transp_5":0,"n_transp_6":5,"dim_acc":0,"dim_soc":0}},{"type":"Feature","id":385,"geometry":{"type":"Polygon","coordinates":[[[-73.78,-42.4816],[-73.7792,-42.4813],[-73.7793,-42.481],[-73.7802,-42.4813],[-73.78,-42.4816]]]},"properties":{"OID":385,"MANZENT":10201021001000,"n_per":55,"n_hombres":29,"n_mujeres":26,"n_edad_0_5":4,"n_edad_6_1":4,"n_edad_14_":2,"n_edad_18_":8,"n_edad_25_":14,"n_edad_45_":13,"n_edad_60_":10,"n_transpor":8,"n_transp_1":13,"n_transp_2":2,"n_transp_3":0,"n_transp_4":0,"n_transp_5":0,"n_transp_6":3,"dim_acc":0,"dim_soc":0}},{"type":"Feature","id":386,"geometry":{"type":"Polygon","coordinates":[[[-73.772,-42.4813],[-73.772,-42.4811],[-73.7721,-42.4812],[-73.7724,-42.4821],[-73.7726,-42.4838],[-73.7728,-42.4845],[-73.7733,-42.4856],[-73.7739,-42.4862],[-73.7737,-42.4869],[-73.7737,-42.4866],[-73.7736,-42.4868],[-73.7737,-42.4869],[-73.7735,-42.4877],[-73.7727,-42.4876],[-73.7735,-42.4877],[-73.7732,-42.4884],[-73.7732,-42.4883],[-73.7728,-42.4882],[-73.7732,-42.4883],[-73.7731,-42.4885],[-73.772,-42.4886],[-73.7719,-42.4886],[-73.772,-42.4884],[-73.7719,-42.4884],[-73.7718,-42.4885],[-73.7719,-42.4886],[-73.7721,-42.4887],[-73.7732,-42.4885],[-73.7731,-42.4892],[-73.7706,-42.4899],[-73.77,-42.4898],[-73.7694,-42.4899],[-73.7688,-42.4898],[-73.7687,-42.4899],[-73.7687,-42.4902],[-73.7687,-42.49],[-73.7688,-42.4899],[-73.7694,-42.49],[-73.7701,-42.4899],[-73.7706,-42.49],[-73.773,-42.4892],[-73.773,-42.4894],[-73.7705,-42.4903],[-73.7703,-42.491],[-73.77,-42.4909],[-73.7703,-42.491],[-73.7702,-42.4919],[-73.7675,-42.4918],[-73.7672,-42.4909],[-73.7673,-42.4904],[-73.7675,-42.49],[-73.7686,-42.489],[-73.7689,-42.4889],[-73.7705,-42.4885],[-73.7708,-42.4881],[-73.771,-42.4875],[-73.7718,-42.4869],[-73.7719,-42.4866],[-73.7721,-42.4864],[-73.7721,-42.4863],[-73.7719,-42.4861],[-73.7719,-42.4858],[-73.772,-42.4857],[-73.7722,-42.4855],[-73.7723,-42.4854],[-73.7723,-42.485],[-73.7722,-42.4846],[-73.7725,-42.4844],[-73.7723,-42.4839],[-73.7721,-42.4837],[-73.7722,-42.4833],[-73.7721,-42.483],[-73.7723,-42.4829],[-73.7721,-42.4826],[-73.7722,-42.4824],[-73.7721,-42.4823],[-73.7722,-42.482],[-73.772,-42.4818],[-73.7721,-42.4816],[-73.772,-42.4813]]]},"properties":{"OID":386,"MANZENT":10201021001000,"n_per":238,"n_hombres":115,"n_mujeres":123,"n_edad_0_5":10,"n_edad_6_1":11,"n_edad_14_":7,"n_edad_18_":12,"n_edad_25_":74,"n_edad_45_":51,"n_edad_60_":73,"n_transpor":48,"n_transp_1":31,"n_transp_2":12,"n_transp_3":1,"n_transp_4":0,"n_transp_5":0,"n_transp_6":7,"dim_acc":0,"dim_soc":0}},{"type":"Feature","id":387,"geometry":{"type":"Polygon","coordinates":[[[-73.7727,-42.4836],[-73.7726,-42.4836],[-73.7725,-42.4821],[-73.7723,-42.4813],[-73.7726,-42.4815],[-73.7737,-42.4836],[-73.7736,-42.4837],[-73.7727,-42.4836]]]},"properties":{"OID":387,"MANZENT":10201021001000,"n_per":98,"n_hombres":54,"n_mujeres":44,"n_edad_0_5":2,"n_edad_6_1":8,"n_edad_14_":4,"n_edad_18_":8,"n_edad_25_":34,"n_edad_45_":16,"n_edad_60_":26,"n_transpor":12,"n_transp_1":14,"n_transp_2":15,"n_transp_3":0,"n_transp_4":0,"n_transp_5":0,"n_transp_6":5,"dim_acc":0,"dim_soc":0}},{"type":"Feature","id":388,"geometry":{"type":"Polygon","coordinates":[[[-73.7811,-42.4819],[-73.7801,-42.4816],[-73.7803,-42.4813],[-73.7813,-42.4816],[-73.7811,-42.4819]]]},"properties":{"OID":388,"MANZENT":10201021001000,"n_per":58,"n_hombres":28,"n_mujeres":30,"n_edad_0_5":1,"n_edad_6_1":4,"n_edad_14_":5,"n_edad_18_":11,"n_edad_25_":14,"n_edad_45_":11,"n_edad_60_":12,"n_transpor":2,"n_transp_1":15,"n_transp_2":5,"n_transp_3":0,"n_transp_4":0,"n_transp_5":0,"n_transp_6":13,"dim_acc":0,"dim_soc":0}},{"type":"Feature","id":389,"geometry":{"type":"Polygon","coordinates":[[[-73.7798,-42.4819],[-73.779,-42.4817],[-73.7792,-42.4813],[-73.78,-42.4816],[-73.7798,-42.4819]]]},"properties":{"OID":389,"MANZENT":10201021001000,"n_per":52,"n_hombres":24,"n_mujeres":28,"n_edad_0_5":3,"n_edad_6_1":4,"n_edad_14_":3,"n_edad_18_":7,"n_edad_25_":16,"n_edad_45_":13,"n_edad_60_":6,"n_transpor":6,"n_transp_1":12,"n_transp_2":3,"n_transp_3":0,"n_transp_4":0,"n_transp_5":0,"n_transp_6":7,"dim_acc":0,"dim_soc":0}},{"type":"Feature","id":390,"geometry":{"type":"Polygon","coordinates":[[[-73.781,-42.4823],[-73.7813,-42.4816],[-73.7818,-42.4817],[-73.7815,-42.4822],[-73.7815,-42.4824],[-73.7808,-42.4825],[-73.781,-42.4823]]]},"properties":{"OID":390,"MANZENT":10201021001000,"n_per":21,"n_hombres":9,"n_mujeres":12,"n_edad_0_5":1,"n_edad_6_1":4,"n_edad_14_":0,"n_edad_18_":3,"n_edad_25_":7,"n_edad_45_":3,"n_edad_60_":3,"n_transpor":0,"n_transp_1":4,"n_transp_2":2,"n_transp_3":0,"n_transp_4":0,"n_transp_5":1,"n_transp_6":1,"dim_acc":0,"dim_soc":0}},{"type":"Feature","id":391,"geometry":{"type":"Polygon","coordinates":[[[-73.7809,-42.4823],[-73.78,-42.482],[-73.7801,-42.4816],[-73.7811,-42.4819],[-73.7809,-42.4823]]]},"properties":{"OID":391,"MANZENT":10201021001000,"n_per":55,"n_hombres":26,"n_mujeres":29,"n_edad_0_5":6,"n_edad_6_1":4,"n_edad_14_":3,"n_edad_18_":6,"n_edad_25_":15,"n_edad_45_":15,"n_edad_60_":6,"n_transpor":1,"n_transp_1":12,"n_transp_2":3,"n_transp_3":0,"n_transp_4":0,"n_transp_5":0,"n_transp_6":9,"dim_acc":0,"dim_soc":0}},{"type":"Feature","id":392,"geometry":{"type":"Polygon","coordinates":[[[-73.7822,-42.4824],[-73.7817,-42.4824],[-73.7818,-42.4823],[-73.782,-42.4823],[-73.7818,-42.4823],[-73.7817,-42.4824],[-73.7816,-42.4824],[-73.7815,-42.4823],[-73.7819,-42.4817],[-73.7822,-42.4819],[-73.782,-42.4822],[-73.7822,-42.4822],[-73.7821,-42.4821],[-73.7823,-42.4819],[-73.7829,-42.482],[-73.7829,-42.4823],[-73.7822,-42.4824]]]},"properties":{"OID":392,"MANZENT":10201021001000,"n_per":32,"n_hombres":18,"n_mujeres":14,"n_edad_0_5":1,"n_edad_6_1":4,"n_edad_14_":4,"n_edad_18_":5,"n_edad_25_":10,"n_edad_45_":7,"n_edad_60_":1,"n_transpor":3,"n_transp_1":8,"n_transp_2":3,"n_transp_3":0,"n_transp_4":0,"n_transp_5":0,"n_transp_6":0,"dim_acc":0,"dim_soc":0}},{"type":"Feature","id":393,"geometry":{"type":"Polygon","coordinates":[[[-73.7783,-42.4822],[-73.7781,-42.4824],[-73.7776,-42.4824],[-73.7771,-42.4822],[-73.7773,-42.4819],[-73.7783,-42.4822]]]},"properties":{"OID":393,"MANZENT":10201021001000,"n_per":47,"n_hombres":21,"n_mujeres":26,"n_edad_0_5":6,"n_edad_6_1":4,"n_edad_14_":0,"n_edad_18_":2,"n_edad_25_":16,"n_edad_45_":4,"n_edad_60_":15,"n_transpor":6,"n_transp_1":10,"n_transp_2":1,"n_transp_3":0,"n_transp_4":0,"n_transp_5":0,"n_transp_6":1,"dim_acc":0,"dim_soc":0}},{"type":"Feature","id":394,"geometry":{"type":"Polygon","coordinates":[[[-73.7843,-42.4821],[-73.7856,-42.482],[-73.7858,-42.4823],[-73.7857,-42.482],[-73.7868,-42.4825],[-73.7874,-42.4827],[-73.7872,-42.4832],[-73.7872,-42.4835],[-73.7878,-42.4835],[-73.7876,-42.4839],[-73.7869,-42.4841],[-73.7857,-42.484],[-73.7856,-42.4834],[-73.7859,-42.4832],[-73.7856,-42.4834],[-73.7856,-42.484],[-73.7851,-42.4839],[-73.7851,-42.4833],[-73.7846,-42.4833],[-73.7851,-42.4834],[-73.7851,-42.4839],[-73.7834,-42.4835],[-73.7833,-42.4833],[-73.7831,-42.4822],[-73.7837,-42.4821],[-73.7839,-42.4827],[-73.7838,-42.4821],[-73.7843,-42.4821],[-73.7844,-42.4829],[-73.7843,-42.4821]]]},"properties":{"OID":394,"MANZENT":10201021001000,"n_per":183,"n_hombres":91,"n_mujeres":92,"n_edad_0_5":8,"n_edad_6_1":15,"n_edad_14_":14,"n_edad_18_":13,"n_edad_25_":55,"n_edad_45_":40,"n_edad_60_":38,"n_transpor":31,"n_transp_1":28,"n_transp_2":12,"n_transp_3":0,"n_transp_4":2,"n_transp_5":1,"n_transp_6":6,"dim_acc":0,"dim_soc":0}},{"type":"Feature","id":395,"geometry":{"type":"Polygon","coordinates":[[[-73.7784,-42.4823],[-73.7792,-42.4826],[-73.7796,-42.4826],[-73.7769,-42.4829],[-73.7769,-42.4826],[-73.777,-42.4826],[-73.778,-42.4824],[-73.7784,-42.4823]]]},"properties":{"OID":395,"MANZENT":10201021001000,"n_per":68,"n_hombres":36,"n_mujeres":32,"n_edad_0_5":3,"n_edad_6_1":5,"n_edad_14_":3,"n_edad_18_":2,"n_edad_25_":23,"n_edad_45_":9,"n_edad_60_":23,"n_transpor":15,"n_transp_1":9,"n_transp_2":1,"n_transp_3":0,"n_transp_4":0,"n_transp_5":0,"n_transp_6":3,"dim_acc":0,"dim_soc":0}},{"type":"Feature","id":396,"geometry":{"type":"Polygon","coordinates":[[[-73.7735,-42.4837],[-73.7738,-42.4838],[-73.7741,-42.4847],[-73.7741,-42.4856],[-73.7739,-42.486],[-73.7737,-42.4859],[-73.7733,-42.4855],[-73.7728,-42.4844],[-73.7726,-42.4837],[-73.7732,-42.4837],[-73.7732,-42.4841],[-73.7732,-42.4837],[-73.7734,-42.4837],[-73.7734,-42.484],[-73.7734,-42.4837],[-73.7735,-42.4837]]]},"properties":{"OID":396,"MANZENT":10201021001000,"n_per":64,"n_hombres":30,"n_mujeres":34,"n_edad_0_5":0,"n_edad_6_1":6,"n_edad_14_":4,"n_edad_18_":6,"n_edad_25_":14,"n_edad_45_":15,"n_edad_60_":19,"n_transpor":6,"n_transp_1":7,"n_transp_2":5,"n_transp_3":0,"n_transp_4":0,"n_transp_5":0,"n_transp_6":1,"dim_acc":0,"dim_soc":0}},{"type":"Feature","id":397,"geometry":{"type":"Polygon","coordinates":[[[-73.7729,-42.4896],[-73.7728,-42.49],[-73.7729,-42.4909],[-73.7724,-42.4909],[-73.7723,-42.4897],[-73.7729,-42.4896]]]},"properties":{"OID":397,"MANZENT":10201021001000,"n_per":55,"n_hombres":29,"n_mujeres":26,"n_edad_0_5":4,"n_edad_6_1":2,"n_edad_14_":1,"n_edad_18_":7,"n_edad_25_":14,"n_edad_45_":4,"n_edad_60_":23,"n_transpor":12,"n_transp_1":13,"n_transp_2":3,"n_transp_3":0,"n_transp_4":0,"n_transp_5":0,"n_transp_6":0,"dim_acc":0,"dim_soc":0}},{"type":"Feature","id":398,"geometry":{"type":"Polygon","coordinates":[[[-73.7717,-42.4899],[-73.7722,-42.4897],[-73.7722,-42.4909],[-73.7717,-42.4909],[-73.7717,-42.4899]]]},"properties":{"OID":398,"MANZENT":10201021001000,"n_per":55,"n_hombres":25,"n_mujeres":30,"n_edad_0_5":2,"n_edad_6_1":4,"n_edad_14_":6,"n_edad_18_":2,"n_edad_25_":13,"n_edad_45_":6,"n_edad_60_":22,"n_transpor":10,"n_transp_1":8,"n_transp_2":1,"n_transp_3":0,"n_transp_4":0,"n_transp_5":0,"n_transp_6":2,"dim_acc":0,"dim_soc":0}},{"type":"Feature","id":399,"geometry":{"type":"Polygon","coordinates":[[[-73.7712,-42.4901],[-73.7716,-42.4899],[-73.7716,-42.4909],[-73.7712,-42.4909],[-73.7712,-42.4901]]]},"properties":{"OID":399,"MANZENT":10201021001000,"n_per":42,"n_hombres":21,"n_mujeres":21,"n_edad_0_5":1,"n_edad_6_1":4,"n_edad_14_":2,"n_edad_18_":1,"n_edad_25_":12,"n_edad_45_":12,"n_edad_60_":10,"n_transpor":13,"n_transp_1":3,"n_transp_2":0,"n_transp_3":0,"n_transp_4":0,"n_transp_5":0,"n_transp_6":0,"dim_acc":0,"dim_soc":0}},{"type":"Feature","id":400,"geometry":{"type":"Polygon","coordinates":[[[-73.7704,-42.4909],[-73.7706,-42.4903],[-73.7711,-42.4901],[-73.7711,-42.4909],[-73.7705,-42.491],[-73.7704,-42.4909]]]},"properties":{"OID":400,"MANZENT":10201021001000,"n_per":36,"n_hombres":17,"n_mujeres":19,"n_edad_0_5":1,"n_edad_6_1":3,"n_edad_14_":1,"n_edad_18_":2,"n_edad_25_":7,"n_edad_45_":6,"n_edad_60_":16,"n_transpor":7,"n_transp_1":7,"n_transp_2":2,"n_transp_3":0,"n_transp_4":0,"n_transp_5":0,"n_transp_6":0,"dim_acc":0,"dim_soc":0}},{"type":"Feature","id":401,"geometry":{"type":"Polygon","coordinates":[[[-73.7728,-42.491],[-73.7729,-42.4912],[-73.773,-42.491],[-73.773,-42.492],[-73.7723,-42.492],[-73.7717,-42.4921],[-73.7719,-42.4921],[-73.7719,-42.4923],[-73.772,-42.4921],[-73.7721,-42.492],[-73.7722,-42.4923],[-73.7723,-42.4924],[-73.7723,-42.4925],[-73.7728,-42.4926],[-73.7727,-42.4928],[-73.7724,-42.4927],[-73.7727,-42.4928],[-73.7726,-42.493],[-73.7714,-42.4929],[-73.7725,-42.493],[-73.7724,-42.4932],[-73.7704,-42.4931],[-73.7704,-42.4933],[-73.7704,-42.4931],[-73.7706,-42.4932],[-73.7704,-42.4935],[-73.7705,-42.4935],[-73.7705,-42.4935],[-73.7709,-42.4935],[-73.7705,-42.4935],[-73.7706,-42.4932],[-73.7715,-42.4932],[-73.7714,-42.4935],[-73.7712,-42.4935],[-73.7714,-42.4935],[-73.7716,-42.4932],[-73.7718,-42.4932],[-73.7718,-42.4934],[-73.7719,-42.4932],[-73.7723,-42.4932],[-73.7723,-42.4934],[-73.7718,-42.494],[-73.7701,-42.4941],[-73.7718,-42.4941],[-73.7709,-42.4952],[-73.7709,-42.4956],[-73.7705,-42.4956],[-73.7709,-42.4956],[-73.771,-42.4957],[-73.7707,-42.4958],[-73.771,-42.4957],[-73.7714,-42.4962],[-73.7708,-42.4964],[-73.7714,-42.4962],[-73.7717,-42.4965],[-73.7712,-42.4968],[-73.771,-42.4966],[-73.7708,-42.4967],[-73.771,-42.4966],[-73.7711,-42.4968],[-73.7717,-42.4966],[-73.772,-42.497],[-73.7709,-42.4973],[-73.7717,-42.4971],[-73.7721,-42.4974],[-73.7718,-42.4971],[-73.7721,-42.497],[-73.7728,-42.4974],[-73.7725,-42.4975],[-73.7708,-42.4979],[-73.7725,-42.4975],[-73.7728,-42.4974],[-73.7731,-42.4975],[-73.7725,-42.4968],[-73.7734,-42.4976],[-73.77,-42.4985],[-73.7695,-42.4984],[-73.7694,-42.4983],[-73.7698,-42.4979],[-73.7701,-42.4968],[-73.7698,-42.4959],[-73.7692,-42.4959],[-73.769,-42.4957],[-73.7689,-42.4955],[-73.7694,-42.4939],[-73.7694,-42.4932],[-73.7689,-42.493],[-73.7685,-42.493],[-73.7676,-42.4929],[-73.7675,-42.4926],[-73.7675,-42.4918],[-73.7702,-42.4919],[-73.7703,-42.4919],[-73.7709,-42.4919],[-73.7722,-42.4915],[-73.7722,-42.4915],[-73.7721,-42.4914],[-73.7704,-42.4914],[-73.7704,-42.491],[-73.7728,-42.491]]]},"properties":{"OID":401,"MANZENT":10201021001000,"n_per":300,"n_hombres":150,"n_mujeres":150,"n_edad_0_5":13,"n_edad_6_1":17,"n_edad_14_":15,"n_edad_18_":24,"n_edad_25_":117,"n_edad_45_":61,"n_edad_60_":53,"n_transpor":54,"n_transp_1":42,"n_transp_2":13,"n_transp_3":1,"n_transp_4":1,"n_transp_5":0,"n_transp_6":7,"dim_acc":0,"dim_soc":0}},{"type":"Feature","id":402,"geometry":{"type":"Polygon","coordinates":[[[-73.7721,-42.4915],[-73.7709,-42.4918],[-73.7703,-42.4918],[-73.7704,-42.4914],[-73.7721,-42.4914],[-73.7721,-42.4915]]]},"properties":{"OID":402,"MANZENT":10201021001000,"n_per":55,"n_hombres":25,"n_mujeres":30,"n_edad_0_5":1,"n_edad_6_1":6,"n_edad_14_":5,"n_edad_18_":6,"n_edad_25_":13,"n_edad_45_":15,"n_edad_60_":9,"n_transpor":14,"n_transp_1":8,"n_transp_2":0,"n_transp_3":0,"n_transp_4":0,"n_transp_5":0,"n_transp_6":3,"dim_acc":0,"dim_soc":0}},{"type":"Feature","id":403,"geometry":{"type":"Polygon","coordinates":[[[-73.773,-42.4921],[-73.7728,-42.4926],[-73.7724,-42.4925],[-73.7724,-42.4922],[-73.7722,-42.492],[-73.7726,-42.492],[-73.773,-42.4921]]]},"properties":{"OID":403,"MANZENT":10201021001000,"n_per":18,"n_hombres":10,"n_mujeres":8,"n_edad_0_5":0,"n_edad_6_1":4,"n_edad_14_":0,"n_edad_18_":1,"n_edad_25_":6,"n_edad_45_":2,"n_edad_60_":5,"n_transpor":3,"n_transp_1":2,"n_transp_2":1,"n_transp_3":0,"n_transp_4":0,"n_transp_5":0,"n_transp_6":0,"dim_acc":0,"dim_soc":0}},{"type":"Feature","id":404,"geometry":{"type":"Polygon","coordinates":[[[-73.7723,-42.4921],[-73.7724,-42.4922],[-73.7723,-42.4923],[-73.7722,-42.4923],[-73.7723,-42.4921]]]},"properties":{"OID":404,"MANZENT":10201021001000,"n_per":5,"n_hombres":3,"n_mujeres":2,"n_edad_0_5":0,"n_edad_6_1":0,"n_edad_14_":0,"n_edad_18_":0,"n_edad_25_":4,"n_edad_45_":1,"n_edad_60_":0,"n_transpor":2,"n_transp_1":0,"n_transp_2":1,"n_transp_3":0,"n_transp_4":0,"n_transp_5":0,"n_transp_6":0,"dim_acc":0,"dim_soc":0}},{"type":"Feature","id":405,"geometry":{"type":"Polygon","coordinates":[[[-73.7721,-42.4937],[-73.7718,-42.4951],[-73.7718,-42.4956],[-73.7719,-42.4961],[-73.7727,-42.4972],[-73.7721,-42.4969],[-73.7712,-42.4959],[-73.7709,-42.4953],[-73.7711,-42.495],[-73.7721,-42.4937]]]},"properties":{"OID":405,"MANZENT":10201021001000,"n_per":33,"n_hombres":16,"n_mujeres":17,"n_edad_0_5":2,"n_edad_6_1":1,"n_edad_14_":0,"n_edad_18_":2,"n_edad_25_":14,"n_edad_45_":7,"n_edad_60_":7,"n_transpor":12,"n_transp_1":4,"n_transp_2":3,"n_transp_3":0,"n_transp_4":0,"n_transp_5":0,"n_transp_6":1,"dim_acc":0,"dim_soc":0}},{"type":"Feature","id":406,"geometry":{"type":"MultiPolygon","coordinates":[[[[-73.7929,-42.4833],[-73.7931,-42.4833],[-73.7934,-42.4833],[-73.7933,-42.4839],[-73.7929,-42.484],[-73.7929,-42.4833]]],[[[-73.7907,-42.4805],[-73.791,-42.4804],[-73.7909,-42.481],[-73.7906,-42.4814],[-73.7896,-42.4824],[-73.7892,-42.4829],[-73.7902,-42.4831],[-73.7911,-42.483],[-73.7919,-42.483],[-73.7926,-42.4828],[-73.7936,-42.4828],[-73.7948,-42.4824],[-73.7945,-42.4837],[-73.7938,-42.4839],[-73.7934,-42.4839],[-73.7934,-42.4833],[-73.793,-42.4832],[-73.7929,-42.4833],[-73.7929,-42.4835],[-73.7924,-42.4835],[-73.7924,-42.4836],[-73.7929,-42.4835],[-73.7928,-42.484],[-73.7922,-42.4842],[-73.792,-42.4842],[-73.792,-42.4839],[-73.792,-42.4842],[-73.7906,-42.4842],[-73.7905,-42.484],[-73.7902,-42.4837],[-73.7905,-42.484],[-73.7906,-42.4842],[-73.79,-42.4842],[-73.7888,-42.484],[-73.7877,-42.484],[-73.7878,-42.4834],[-73.7886,-42.4822],[-73.7898,-42.481],[-73.79,-42.4805],[-73.7907,-42.4805]]]]},"properties":{"OID":406,"MANZENT":10201021001000,"n_per":114,"n_hombres":54,"n_mujeres":60,"n_edad_0_5":6,"n_edad_6_1":17,"n_edad_14_":6,"n_edad_18_":8,"n_edad_25_":37,"n_edad_45_":24,"n_edad_60_":16,"n_transpor":22,"n_transp_1":8,"n_transp_2":7,"n_transp_3":0,"n_transp_4":0,"n_transp_5":0,"n_transp_6":7,"dim_acc":0,"dim_soc":0}},{"type":"Feature","id":407,"geometry":{"type":"Polygon","coordinates":[[[-73.7834,-42.4841],[-73.7832,-42.4841],[-73.7826,-42.4838],[-73.7824,-42.4824],[-73.7829,-42.4824],[-73.7831,-42.4825],[-73.7832,-42.4832],[-73.7834,-42.4835],[-73.7844,-42.4838],[-73.784,-42.4846],[-73.7837,-42.4848],[-73.7832,-42.4842],[-73.7838,-42.4842],[-73.7838,-42.4842],[-73.7834,-42.4841]]]},"properties":{"OID":407,"MANZENT":10201021002000,"n_per":92,"n_hombres":47,"n_mujeres":45,"n_edad_0_5":5,"n_edad_6_1":11,"n_edad_14_":13,"n_edad_18_":5,"n_edad_25_":23,"n_edad_45_":29,"n_edad_60_":6,"n_transpor":22,"n_transp_1":7,"n_transp_2":9,"n_transp_3":0,"n_transp_4":0,"n_transp_5":1,"n_transp_6":7,"dim_acc":0,"dim_soc":0}},{"type":"Feature","id":408,"geometry":{"type":"Polygon","coordinates":[[[-73.781,-42.4832],[-73.7811,-42.4831],[-73.781,-42.4825],[-73.7823,-42.4824],[-73.7825,-42.4837],[-73.7821,-42.4838],[-73.782,-42.4833],[-73.7821,-42.4838],[-73.7817,-42.4838],[-73.7816,-42.4833],[-73.7816,-42.4833],[-73.7816,-42.4838],[-73.7812,-42.4839],[-73.7811,-42.4834],[-73.7811,-42.4839],[-73.7806,-42.484],[-73.7803,-42.4841],[-73.7804,-42.4843],[-73.7808,-42.4847],[-73.7804,-42.4849],[-73.7798,-42.4845],[-73.7797,-42.4843],[-73.7794,-42.484],[-73.7786,-42.4839],[-73.7779,-42.484],[-73.7763,-42.4836],[-73.7746,-42.4838],[-73.7742,-42.4837],[-73.7739,-42.4838],[-73.7739,-42.4837],[-73.7751,-42.4832],[-73.7769,-42.483],[-73.781,-42.4825],[-73.7811,-42.4832],[-73.7796,-42.4834],[-73.7796,-42.4837],[-73.7803,-42.4836],[-73.7797,-42.4836],[-73.7797,-42.4834],[-73.781,-42.4832]]]},"properties":{"OID":408,"MANZENT":10201021002000,"n_per":347,"n_hombres":169,"n_mujeres":178,"n_edad_0_5":19,"n_edad_6_1":34,"n_edad_14_":19,"n_edad_18_":25,"n_edad_25_":100,"n_edad_45_":91,"n_edad_60_":59,"n_transpor":55,"n_transp_1":53,"n_transp_2":16,"n_transp_3":0,"n_transp_4":0,"n_transp_5":1,"n_transp_6":20,"dim_acc":0,"dim_soc":0}},{"type":"Feature","id":409,"geometry":{"type":"Polygon","coordinates":[[[-73.775,-42.4838],[-73.7763,-42.4836],[-73.7779,-42.484],[-73.7786,-42.4839],[-73.7794,-42.484],[-73.7797,-42.4843],[-73.7798,-42.4845],[-73.7804,-42.4849],[-73.7796,-42.4854],[-73.7799,-42.4857],[-73.7797,-42.4859],[-73.78,-42.4857],[-73.7803,-42.486],[-73.7801,-42.4861],[-73.7797,-42.4869],[-73.7798,-42.4869],[-73.7803,-42.487],[-73.7801,-42.4876],[-73.7802,-42.4879],[-73.7794,-42.4881],[-73.778,-42.4882],[-73.7779,-42.4882],[-73.7795,-42.4881],[-73.7793,-42.4884],[-73.7791,-42.4892],[-73.7783,-42.4893],[-73.7779,-42.4891],[-73.7782,-42.4893],[-73.7791,-42.4892],[-73.7791,-42.4897],[-73.7788,-42.4902],[-73.7785,-42.4904],[-73.7754,-42.4907],[-73.7763,-42.4906],[-73.7764,-42.4913],[-73.7763,-42.4906],[-73.7782,-42.4904],[-73.7783,-42.4905],[-73.7787,-42.4911],[-73.7783,-42.4904],[-73.7787,-42.4903],[-73.7789,-42.4901],[-73.7792,-42.4908],[-73.7789,-42.4901],[-73.7791,-42.4896],[-73.7791,-42.4891],[-73.7793,-42.4884],[-73.7796,-42.4881],[-73.7802,-42.4879],[-73.7821,-42.4913],[-73.7815,-42.4912],[-73.781,-42.4913],[-73.7804,-42.4913],[-73.7802,-42.4914],[-73.78,-42.4921],[-73.7796,-42.4926],[-73.7792,-42.4928],[-73.7788,-42.4928],[-73.7786,-42.4928],[-73.7784,-42.493],[-73.7781,-42.4931],[-73.7781,-42.4932],[-73.7774,-42.4936],[-73.7772,-42.494],[-73.7768,-42.4943],[-73.7762,-42.4945],[-73.7759,-42.4947],[-73.7755,-42.4948],[-73.7753,-42.4951],[-73.7749,-42.495],[-73.7746,-42.4951],[-73.7746,-42.4953],[-73.7743,-42.4954],[-73.7742,-42.4956],[-73.7743,-42.496],[-73.7742,-42.4962],[-73.7734,-42.4968],[-73.7733,-42.4969],[-73.7733,-42.4971],[-73.7736,-42.4974],[-73.7735,-42.4976],[-73.7724,-42.4967],[-73.7735,-42.4959],[-73.7724,-42.4966],[-73.772,-42.496],[-73.7719,-42.4954],[-73.7721,-42.4943],[-73.7722,-42.4944],[-73.7721,-42.4953],[-73.7733,-42.4956],[-73.7721,-42.4953],[-73.7722,-42.4946],[-73.7726,-42.4947],[-73.7722,-42.4945],[-73.7721,-42.4942],[-73.7722,-42.4938],[-73.773,-42.4925],[-73.7731,-42.492],[-73.773,-42.4899],[-73.7732,-42.4894],[-73.7738,-42.4895],[-73.7736,-42.4901],[-73.7733,-42.49],[-73.7733,-42.4901],[-73.7736,-42.4902],[-73.7733,-42.4913],[-73.7734,-42.4913],[-73.774,-42.4888],[-73.774,-42.4887],[-73.7738,-42.4894],[-73.7734,-42.4894],[-73.7737,-42.4875],[-73.7738,-42.487],[-73.7739,-42.487],[-73.775,-42.4871],[-73.7751,-42.4865],[-73.7756,-42.4855],[-73.7768,-42.4854],[-73.7775,-42.4857],[-73.7785,-42.4864],[-73.7775,-42.4857],[-73.7779,-42.4855],[-73.7787,-42.4846],[-73.7791,-42.4846],[-73.7786,-42.4846],[-73.7779,-42.4855],[-73.7776,-42.4856],[-73.7774,-42.4856],[-73.7768,-42.4854],[-73.7756,-42.4854],[-73.7751,-42.4851],[-73.7751,-42.4852],[-73.7747,-42.4852],[-73.7752,-42.4852],[-73.7756,-42.4854],[-73.7754,-42.4857],[-73.7746,-42.4857],[-73.7753,-42.4858],[-73.7749,-42.4871],[-73.7739,-42.4869],[-73.7744,-42.4857],[-73.7739,-42.4868],[-73.7742,-42.4851],[-73.7742,-42.4846],[-73.7739,-42.4838],[-73.7742,-42.4837],[-73.7746,-42.4838],[-73.775,-42.4838]]]},"properties":{"OID":409,"MANZENT":10201021002000,"n_per":417,"n_hombres":224,"n_mujeres":193,"n_edad_0_5":21,"n_edad_6_1":39,"n_edad_14_":23,"n_edad_18_":25,"n_edad_25_":149,"n_edad_45_":86,"n_edad_60_":74,"n_transpor":77,"n_transp_1":45,"n_transp_2":16,"n_transp_3":1,"n_transp_4":0,"n_transp_5":1,"n_transp_6":14,"dim_acc":0,"dim_soc":0}},{"type":"Feature","id":410,"geometry":{"type":"Polygon","coordinates":[[[-73.7882,-42.485],[-73.7893,-42.485],[-73.7893,-42.4854],[-73.7893,-42.485],[-73.7895,-42.485],[-73.7897,-42.4855],[-73.7894,-42.4845],[-73.7894,-42.4841],[-73.7899,-42.4843],[-73.79,-42.4849],[-73.7899,-42.4843],[-73.7911,-42.4842],[-73.7912,-42.4849],[-73.7911,-42.4842],[-73.7923,-42.4842],[-73.793,-42.484],[-73.7939,-42.484],[-73.7945,-42.4838],[-73.794,-42.4845],[-73.7939,-42.4846],[-73.7937,-42.4849],[-73.7929,-42.4854],[-73.7924,-42.4859],[-73.7923,-42.4862],[-73.7921,-42.4864],[-73.7917,-42.4864],[-73.7906,-42.4863],[-73.7904,-42.4866],[-73.7899,-42.4868],[-73.7896,-42.4867],[-73.7895,-42.4865],[-73.7892,-42.4864],[-73.7888,-42.4864],[-73.7888,-42.4865],[-73.7881,-42.4866],[-73.7883,-42.4863],[-73.7879,-42.4865],[-73.7879,-42.4868],[-73.7875,-42.487],[-73.7873,-42.487],[-73.787,-42.4869],[-73.7869,-42.4849],[-73.7876,-42.485],[-73.7876,-42.4853],[-73.7875,-42.4853],[-73.7876,-42.4853],[-73.7876,-42.485],[-73.788,-42.485],[-73.7881,-42.4854],[-73.788,-42.485],[-73.7882,-42.485]]]},"properties":{"OID":410,"MANZENT":10201021002000,"n_per":105,"n_hombres":56,"n_mujeres":49,"n_edad_0_5":5,"n_edad_6_1":11,"n_edad_14_":8,"n_edad_18_":9,"n_edad_25_":37,"n_edad_45_":25,"n_edad_60_":10,"n_transpor":17,"n_transp_1":19,"n_transp_2":9,"n_transp_3":0,"n_transp_4":0,"n_transp_5":0,"n_transp_6":7,"dim_acc":0,"dim_soc":0}},{"type":"Feature","id":411,"geometry":{"type":"Polygon","coordinates":[[[-73.7836,-42.4847],[-73.7832,-42.4849],[-73.783,-42.4845],[-73.7822,-42.4841],[-73.7821,-42.4839],[-73.7825,-42.4838],[-73.783,-42.484],[-73.7833,-42.4843],[-73.7836,-42.4847]]]},"properties":{"OID":411,"MANZENT":10201021002000,"n_per":72,"n_hombres":39,"n_mujeres":33,"n_edad_0_5":0,"n_edad_6_1":14,"n_edad_14_":6,"n_edad_18_":4,"n_edad_25_":27,"n_edad_45_":13,"n_edad_60_":8,"n_transpor":20,"n_transp_1":13,"n_transp_2":3,"n_transp_3":0,"n_transp_4":0,"n_transp_5":0,"n_transp_6":1,"dim_acc":0,"dim_soc":0}},{"type":"Feature","id":412,"geometry":{"type":"Polygon","coordinates":[[[-73.7802,-42.4879],[-73.7812,-42.4876],[-73.782,-42.4875],[-73.7839,-42.487],[-73.7844,-42.4864],[-73.7844,-42.4859],[-73.7844,-42.4857],[-73.7849,-42.4857],[-73.7849,-42.4859],[-73.7849,-42.4857],[-73.7855,-42.4856],[-73.7844,-42.4857],[-73.7843,-42.4856],[-73.7845,-42.4855],[-73.7843,-42.4856],[-73.7839,-42.4852],[-73.784,-42.4848],[-73.785,-42.485],[-73.784,-42.4848],[-73.7843,-42.4841],[-73.7861,-42.4846],[-73.7844,-42.4841],[-73.7845,-42.4838],[-73.7858,-42.4841],[-73.7869,-42.4841],[-73.7869,-42.4849],[-73.7864,-42.4848],[-73.7862,-42.4853],[-73.7864,-42.4849],[-73.7869,-42.485],[-73.7869,-42.4856],[-73.7865,-42.4856],[-73.787,-42.4856],[-73.787,-42.4869],[-73.7868,-42.4868],[-73.7866,-42.487],[-73.7866,-42.4871],[-73.7864,-42.4873],[-73.7863,-42.4875],[-73.7861,-42.4877],[-73.7859,-42.488],[-73.7855,-42.4884],[-73.7854,-42.4885],[-73.7855,-42.4888],[-73.7852,-42.489],[-73.7848,-42.4896],[-73.7842,-42.49],[-73.7841,-42.4902],[-73.7832,-42.491],[-73.7832,-42.4912],[-73.783,-42.4912],[-73.7829,-42.4914],[-73.7827,-42.4914],[-73.7824,-42.4913],[-73.7821,-42.4913],[-73.7802,-42.4879]]]},"properties":{"OID":412,"MANZENT":10201021002000,"n_per":150,"n_hombres":73,"n_mujeres":77,"n_edad_0_5":9,"n_edad_6_1":15,"n_edad_14_":7,"n_edad_18_":16,"n_edad_25_":47,"n_edad_45_":41,"n_edad_60_":15,"n_transpor":29,"n_transp_1":22,"n_transp_2":5,"n_transp_3":0,"n_transp_4":0,"n_transp_5":0,"n_transp_6":5,"dim_acc":0,"dim_soc":0}},{"type":"Feature","id":413,"geometry":{"type":"Polygon","coordinates":[[[-73.782,-42.4839],[-73.7822,-42.4841],[-73.7829,-42.4845],[-73.7832,-42.485],[-73.7828,-42.4851],[-73.7825,-42.4846],[-73.7818,-42.4843],[-73.7816,-42.4839],[-73.782,-42.4839]]]},"properties":{"OID":413,"MANZENT":10201021002000,"n_per":75,"n_hombres":38,"n_mujeres":37,"n_edad_0_5":7,"n_edad_6_1":4,"n_edad_14_":7,"n_edad_18_":6,"n_edad_25_":27,"n_edad_45_":21,"n_edad_60_":3,"n_transpor":23,"n_transp_1":12,"n_transp_2":1,"n_transp_3":0,"n_transp_4":0,"n_transp_5":0,"n_transp_6":4,"dim_acc":0,"dim_soc":0}},{"type":"Feature","id":414,"geometry":{"type":"Polygon","coordinates":[[[-73.7825,-42.4847],[-73.782,-42.485],[-73.7812,-42.4843],[-73.781,-42.484],[-73.7815,-42.4839],[-73.7819,-42.4844],[-73.7825,-42.4847]]]},"properties":{"OID":414,"MANZENT":10201021002000,"n_per":59,"n_hombres":27,"n_mujeres":32,"n_edad_0_5":2,"n_edad_6_1":7,"n_edad_14_":6,"n_edad_18_":2,"n_edad_25_":20,"n_edad_45_":15,"n_edad_60_":7,"n_transpor":22,"n_transp_1":7,"n_transp_2":2,"n_transp_3":0,"n_transp_4":0,"n_transp_5":0,"n_transp_6":1,"dim_acc":0,"dim_soc":0}},{"type":"Feature","id":415,"geometry":{"type":"Polygon","coordinates":[[[-73.7812,-42.4845],[-73.7809,-42.4847],[-73.7804,-42.4843],[-73.7805,-42.484],[-73.7809,-42.484],[-73.7812,-42.4845]]]},"properties":{"OID":415,"MANZENT":10201021002000,"n_per":35,"n_hombres":16,"n_mujeres":19,"n_edad_0_5":5,"n_edad_6_1":3,"n_edad_14_":2,"n_edad_18_":2,"n_edad_25_":12,"n_edad_45_":10,"n_edad_60_":1,"n_transpor":11,"n_transp_1":1,"n_transp_2":3,"n_transp_3":0,"n_transp_4":0,"n_transp_5":0,"n_transp_6":1,"dim_acc":0,"dim_soc":0}},{"type":"Feature","id":416,"geometry":{"type":"Polygon","coordinates":[[[-73.7879,-42.484],[-73.7888,-42.484],[-73.7893,-42.4841],[-73.7893,-42.4845],[-73.7886,-42.4844],[-73.787,-42.4845],[-73.787,-42.4841],[-73.7879,-42.484],[-73.7879,-42.4843],[-73.7879,-42.484]]]},"properties":{"OID":416,"MANZENT":10201021002000,"n_per":48,"n_hombres":20,"n_mujeres":28,"n_edad_0_5":2,"n_edad_6_1":2,"n_edad_14_":4,"n_edad_18_":9,"n_edad_25_":14,"n_edad_45_":12,"n_edad_60_":5,"n_transpor":7,"n_transp_1":11,"n_transp_2":3,"n_transp_3":0,"n_transp_4":0,"n_transp_5":0,"n_transp_6":2,"dim_acc":0,"dim_soc":0}},{"type":"Feature","id":417,"geometry":{"type":"Polygon","coordinates":[[[-73.7812,-42.4845],[-73.782,-42.4851],[-73.7822,-42.4853],[-73.7822,-42.4854],[-73.7817,-42.4856],[-73.7814,-42.4852],[-73.7809,-42.4847],[-73.7812,-42.4845]]]},"properties":{"OID":417,"MANZENT":10201021002000,"n_per":61,"n_hombres":29,"n_mujeres":32,"n_edad_0_5":6,"n_edad_6_1":7,"n_edad_14_":8,"n_edad_18_":2,"n_edad_25_":15,"n_edad_45_":18,"n_edad_60_":5,"n_transpor":16,"n_transp_1":3,"n_transp_2":1,"n_transp_3":0,"n_transp_4":0,"n_transp_5":0,"n_transp_6":2,"dim_acc":0,"dim_soc":0}},{"type":"Feature","id":418,"geometry":{"type":"Polygon","coordinates":[[[-73.78,-42.4852],[-73.7808,-42.4847],[-73.7814,-42.4852],[-73.7817,-42.4857],[-73.7825,-42.4865],[-73.7819,-42.4866],[-73.7816,-42.4863],[-73.7818,-42.4866],[-73.7814,-42.4868],[-73.7809,-42.4864],[-73.7812,-42.4862],[-73.7812,-42.4862],[-73.7808,-42.4864],[-73.7804,-42.486],[-73.7808,-42.4859],[-73.7808,-42.4858],[-73.7804,-42.4859],[-73.7801,-42.4857],[-73.7802,-42.4856],[-73.7804,-42.4855],[-73.7804,-42.4855],[-73.78,-42.4857],[-73.7797,-42.4854],[-73.78,-42.4852]]]},"properties":{"OID":418,"MANZENT":10201021002000,"n_per":92,"n_hombres":38,"n_mujeres":54,"n_edad_0_5":11,"n_edad_6_1":18,"n_edad_14_":4,"n_edad_18_":7,"n_edad_25_":41,"n_edad_45_":9,"n_edad_60_":2,"n_transpor":22,"n_transp_1":9,"n_transp_2":0,"n_transp_3":0,"n_transp_4":0,"n_transp_5":0,"n_transp_6":3,"dim_acc":0,"dim_soc":0}},{"type":"Feature","id":419,"geometry":{"type":"Polygon","coordinates":[[[-73.7839,-42.485],[-73.7839,-42.4852],[-73.7842,-42.4856],[-73.7844,-42.4858],[-73.7843,-42.4865],[-73.7838,-42.487],[-73.7829,-42.4872],[-73.784,-42.4868],[-73.7843,-42.4864],[-73.7843,-42.4862],[-73.7842,-42.4862],[-73.7843,-42.4864],[-73.7839,-42.4868],[-73.782,-42.4874],[-73.7815,-42.4869],[-73.782,-42.4867],[-73.7823,-42.487],[-73.7823,-42.487],[-73.7821,-42.4867],[-73.7826,-42.4865],[-73.7829,-42.4869],[-73.7826,-42.4865],[-73.7831,-42.4864],[-73.7833,-42.4867],[-73.7834,-42.4867],[-73.7832,-42.4864],[-73.7839,-42.4861],[-73.7841,-42.4856],[-73.7841,-42.4855],[-73.7838,-42.4861],[-73.7827,-42.4864],[-73.7823,-42.4862],[-73.7821,-42.4859],[-73.7834,-42.4855],[-73.7834,-42.4859],[-73.7835,-42.4854],[-73.7833,-42.4851],[-73.7838,-42.4849],[-73.7839,-42.485]]]},"properties":{"OID":419,"MANZENT":10201021002000,"n_per":274,"n_hombres":138,"n_mujeres":136,"n_edad_0_5":23,"n_edad_6_1":49,"n_edad_14_":22,"n_edad_18_":16,"n_edad_25_":110,"n_edad_45_":45,"n_edad_60_":9,"n_transpor":35,"n_transp_1":18,"n_transp_2":4,"n_transp_3":1,"n_transp_4":0,"n_transp_5":0,"n_transp_6":6,"dim_acc":0,"dim_soc":0}},{"type":"Feature","id":420,"geometry":{"type":"Polygon","coordinates":[[[-73.7834,-42.4855],[-73.7821,-42.4859],[-73.7818,-42.4856],[-73.7832,-42.4851],[-73.7834,-42.4854],[-73.7834,-42.4855]]]},"properties":{"OID":420,"MANZENT":10201021002000,"n_per":55,"n_hombres":25,"n_mujeres":30,"n_edad_0_5":3,"n_edad_6_1":15,"n_edad_14_":3,"n_edad_18_":0,"n_edad_25_":16,"n_edad_45_":15,"n_edad_60_":3,"n_transpor":16,"n_transp_1":5,"n_transp_2":1,"n_transp_3":0,"n_transp_4":0,"n_transp_5":0,"n_transp_6":1,"dim_acc":0,"dim_soc":0}},{"type":"Feature","id":421,"geometry":{"type":"Polygon","coordinates":[[[-73.7806,-42.4863],[-73.7803,-42.4865],[-73.7807,-42.4863],[-73.7811,-42.4867],[-73.7803,-42.4869],[-73.7798,-42.4868],[-73.7801,-42.4861],[-73.7803,-42.486],[-73.7806,-42.4863]]]},"properties":{"OID":421,"MANZENT":10201021002000,"n_per":64,"n_hombres":29,"n_mujeres":35,"n_edad_0_5":7,"n_edad_6_1":13,"n_edad_14_":4,"n_edad_18_":4,"n_edad_25_":19,"n_edad_45_":14,"n_edad_60_":3,"n_transpor":7,"n_transp_1":6,"n_transp_2":0,"n_transp_3":0,"n_transp_4":0,"n_transp_5":0,"n_transp_6":1,"dim_acc":0,"dim_soc":0}},{"type":"Feature","id":422,"geometry":{"type":"Polygon","coordinates":[[[-73.7812,-42.4867],[-73.782,-42.4874],[-73.7815,-42.4875],[-73.781,-42.4872],[-73.7806,-42.4873],[-73.7803,-42.4872],[-73.7804,-42.487],[-73.7812,-42.4867]]]},"properties":{"OID":422,"MANZENT":10201021002000,"n_per":79,"n_hombres":37,"n_mujeres":42,"n_edad_0_5":5,"n_edad_6_1":20,"n_edad_14_":6,"n_edad_18_":5,"n_edad_25_":30,"n_edad_45_":9,"n_edad_60_":4,"n_transpor":13,"n_transp_1":4,"n_transp_2":1,"n_transp_3":0,"n_transp_4":0,"n_transp_5":0,"n_transp_6":1,"dim_acc":0,"dim_soc":0}},{"type":"Feature","id":423,"geometry":{"type":"Polygon","coordinates":[[[-73.7813,-42.4875],[-73.7803,-42.4879],[-73.7801,-42.4877],[-73.7803,-42.4872],[-73.7806,-42.4873],[-73.781,-42.4872],[-73.7813,-42.4875]]]},"properties":{"OID":423,"MANZENT":10201021002000,"n_per":46,"n_hombres":18,"n_mujeres":28,"n_edad_0_5":6,"n_edad_6_1":7,"n_edad_14_":2,"n_edad_18_":2,"n_edad_25_":26,"n_edad_45_":2,"n_edad_60_":1,"n_transpor":7,"n_transp_1":6,"n_transp_2":1,"n_transp_3":0,"n_transp_4":0,"n_transp_5":0,"n_transp_6":3,"dim_acc":0,"dim_soc":0}},{"type":"Feature","id":424,"geometry":{"type":"Polygon","coordinates":[[[-73.783,-42.4914],[-73.7832,-42.4912],[-73.7842,-42.4929],[-73.7833,-42.4932],[-73.7832,-42.493],[-73.7828,-42.493],[-73.7832,-42.4931],[-73.7833,-42.4932],[-73.783,-42.4933],[-73.7821,-42.4929],[-73.783,-42.4933],[-73.7818,-42.4937],[-73.7813,-42.4932],[-73.7818,-42.4937],[-73.7811,-42.494],[-73.7809,-42.4943],[-73.7805,-42.4949],[-73.7805,-42.4955],[-73.7801,-42.496],[-73.78,-42.4963],[-73.7798,-42.4962],[-73.7789,-42.4952],[-73.7797,-42.4962],[-73.78,-42.4963],[-73.7799,-42.4965],[-73.7793,-42.4968],[-73.778,-42.4954],[-73.7793,-42.4968],[-73.7784,-42.4974],[-73.778,-42.497],[-73.777,-42.4959],[-73.7779,-42.497],[-73.7772,-42.4975],[-73.7765,-42.497],[-73.7766,-42.4968],[-73.7765,-42.4969],[-73.7761,-42.4968],[-73.7756,-42.4969],[-73.7753,-42.4973],[-73.7752,-42.4974],[-73.7743,-42.4974],[-73.7741,-42.4975],[-73.7737,-42.4978],[-73.7736,-42.4977],[-73.7741,-42.4973],[-73.7745,-42.4972],[-73.7748,-42.4968],[-73.7748,-42.4964],[-73.7752,-42.4962],[-73.7754,-42.4957],[-73.7756,-42.4954],[-73.7757,-42.4951],[-73.7758,-42.4949],[-73.777,-42.4944],[-73.7777,-42.4936],[-73.7782,-42.4933],[-73.7787,-42.4929],[-73.7794,-42.4929],[-73.7798,-42.4926],[-73.7801,-42.4922],[-73.7805,-42.4914],[-73.7813,-42.4913],[-73.7826,-42.4915],[-73.7829,-42.4915],[-73.783,-42.4914]]]},"properties":{"OID":424,"MANZENT":10201021002000,"n_per":114,"n_hombres":49,"n_mujeres":65,"n_edad_0_5":1,"n_edad_6_1":11,"n_edad_14_":6,"n_edad_18_":10,"n_edad_25_":46,"n_edad_45_":24,"n_edad_60_":16,"n_transpor":28,"n_transp_1":17,"n_transp_2":4,"n_transp_3":0,"n_transp_4":1,"n_transp_5":0,"n_transp_6":3,"dim_acc":0,"dim_soc":0}},{"type":"Feature","id":425,"geometry":{"type":"Polygon","coordinates":[[[-73.7829,-42.4962],[-73.7827,-42.4962],[-73.7811,-42.4967],[-73.7811,-42.4968],[-73.7813,-42.4973],[-73.7803,-42.4976],[-73.7802,-42.4973],[-73.7804,-42.4969],[-73.7806,-42.4954],[-73.782,-42.4948],[-73.7827,-42.4949],[-73.7827,-42.4956],[-73.7827,-42.4949],[-73.782,-42.4947],[-73.7806,-42.4953],[-73.7806,-42.4948],[-73.781,-42.4942],[-73.7814,-42.4939],[-73.7819,-42.4936],[-73.7834,-42.4932],[-73.7831,-42.4937],[-73.7826,-42.4938],[-73.7819,-42.494],[-73.7827,-42.4938],[-73.7832,-42.4938],[-73.7834,-42.4932],[-73.7842,-42.4929],[-73.7851,-42.4946],[-73.7832,-42.4953],[-73.783,-42.4956],[-73.7829,-42.4962],[-73.7829,-42.4962]]]},"properties":{"OID":425,"MANZENT":10201021002000,"n_per":78,"n_hombres":34,"n_mujeres":44,"n_edad_0_5":4,"n_edad_6_1":6,"n_edad_14_":4,"n_edad_18_":7,"n_edad_25_":30,"n_edad_45_":19,"n_edad_60_":8,"n_transpor":23,"n_transp_1":18,"n_transp_2":7,"n_transp_3":0,"n_transp_4":0,"n_transp_5":0,"n_transp_6":0,"dim_acc":0,"dim_soc":0}},{"type":"Feature","id":426,"geometry":{"type":"Polygon","coordinates":[[[-73.7764,-42.4988],[-73.7756,-42.4987],[-73.7751,-42.4986],[-73.7744,-42.4983],[-73.7738,-42.4978],[-73.7739,-42.4977],[-73.7743,-42.4981],[-73.7752,-42.4984],[-73.7753,-42.4984],[-73.7754,-42.4983],[-73.7752,-42.4984],[-73.7746,-42.4982],[-73.7741,-42.498],[-73.7739,-42.4977],[-73.7741,-42.4975],[-73.7743,-42.4974],[-73.775,-42.4975],[-73.7754,-42.4973],[-73.7753,-42.4975],[-73.7746,-42.4977],[-73.7754,-42.4975],[-73.7755,-42.4974],[-73.7754,-42.4973],[-73.7755,-42.497],[-73.7761,-42.4969],[-73.7764,-42.4969],[-73.7772,-42.4975],[-73.7771,-42.4976],[-73.7779,-42.497],[-73.7784,-42.4975],[-73.7794,-42.4968],[-73.7799,-42.4965],[-73.7801,-42.496],[-73.7805,-42.4955],[-73.7803,-42.4969],[-73.7802,-42.4973],[-73.7802,-42.4976],[-73.7801,-42.4979],[-73.7797,-42.4978],[-73.7794,-42.498],[-73.7796,-42.498],[-73.7797,-42.4979],[-73.78,-42.4979],[-73.78,-42.4982],[-73.7795,-42.499],[-73.7788,-42.4988],[-73.7764,-42.4988]]]},"properties":{"OID":426,"MANZENT":10201021002000,"n_per":145,"n_hombres":68,"n_mujeres":77,"n_edad_0_5":9,"n_edad_6_1":18,"n_edad_14_":6,"n_edad_18_":4,"n_edad_25_":59,"n_edad_45_":27,"n_edad_60_":22,"n_transpor":23,"n_transp_1":23,"n_transp_2":6,"n_transp_3":0,"n_transp_4":1,"n_transp_5":0,"n_transp_6":1,"dim_acc":0,"dim_soc":0}},{"type":"Feature","id":427,"geometry":{"type":"Polygon","coordinates":[[[-73.7828,-42.4969],[-73.7821,-42.4969],[-73.7813,-42.4973],[-73.7812,-42.4968],[-73.7812,-42.4968],[-73.7827,-42.4963],[-73.783,-42.4963],[-73.7831,-42.4964],[-73.783,-42.4968],[-73.7828,-42.4969]]]},"properties":{"OID":427,"MANZENT":10201021002000,"n_per":20,"n_hombres":10,"n_mujeres":10,"n_edad_0_5":0,"n_edad_6_1":3,"n_edad_14_":1,"n_edad_18_":2,"n_edad_25_":8,"n_edad_45_":3,"n_edad_60_":3,"n_transpor":4,"n_transp_1":2,"n_transp_2":0,"n_transp_3":0,"n_transp_4":0,"n_transp_5":0,"n_transp_6":1,"dim_acc":0,"dim_soc":0}},{"type":"Feature","id":428,"geometry":{"type":"Polygon","coordinates":[[[-73.7827,-42.4969],[-73.783,-42.4969],[-73.7829,-42.498],[-73.7835,-42.4979],[-73.7833,-42.4981],[-73.7832,-42.4985],[-73.7829,-42.4988],[-73.783,-42.499],[-73.7835,-42.4994],[-73.7837,-42.4996],[-73.7837,-42.4998],[-73.7835,-42.5004],[-73.7825,-42.5006],[-73.7823,-42.5007],[-73.7817,-42.5002],[-73.7823,-42.5004],[-73.7823,-42.5003],[-73.782,-42.5],[-73.782,-42.4999],[-73.783,-42.4997],[-73.7825,-42.4997],[-73.7826,-42.4996],[-73.7824,-42.4997],[-73.7817,-42.4998],[-73.7815,-42.4997],[-73.7815,-42.4996],[-73.7827,-42.4993],[-73.7814,-42.4996],[-73.7816,-42.4992],[-73.782,-42.4988],[-73.7816,-42.4991],[-73.7811,-42.4999],[-73.781,-42.4998],[-73.7819,-42.4987],[-73.7822,-42.4973],[-73.7821,-42.4975],[-73.7818,-42.4987],[-73.7809,-42.4997],[-73.7801,-42.4992],[-73.7805,-42.4992],[-73.7808,-42.4992],[-73.781,-42.4987],[-73.7807,-42.4991],[-73.7805,-42.4992],[-73.78,-42.4991],[-73.7796,-42.499],[-73.7802,-42.4976],[-73.7812,-42.4974],[-73.7821,-42.4969],[-73.7827,-42.4969]]]},"properties":{"OID":428,"MANZENT":10201021002000,"n_per":71,"n_hombres":41,"n_mujeres":30,"n_edad_0_5":2,"n_edad_6_1":6,"n_edad_14_":7,"n_edad_18_":5,"n_edad_25_":20,"n_edad_45_":19,"n_edad_60_":12,"n_transpor":23,"n_transp_1":6,"n_transp_2":5,"n_transp_3":0,"n_transp_4":0,"n_transp_5":0,"n_transp_6":2,"dim_acc":0,"dim_soc":0}},{"type":"Feature","id":429,"geometry":{"type":"Polygon","coordinates":[[[-73.7817,-42.5007],[-73.7823,-42.5007],[-73.7821,-42.5008],[-73.7819,-42.5007],[-73.7818,-42.501],[-73.782,-42.5019],[-73.7823,-42.5024],[-73.7814,-42.5028],[-73.7821,-42.503],[-73.7814,-42.5028],[-73.7823,-42.5025],[-73.7823,-42.5023],[-73.782,-42.5019],[-73.7818,-42.501],[-73.7819,-42.5008],[-73.7821,-42.5008],[-73.7823,-42.5008],[-73.7846,-42.5021],[-73.785,-42.5025],[-73.7845,-42.5026],[-73.7839,-42.5027],[-73.7821,-42.5033],[-73.7839,-42.5027],[-73.7843,-42.5027],[-73.7843,-42.5028],[-73.7844,-42.5031],[-73.784,-42.5035],[-73.7844,-42.5031],[-73.7843,-42.5028],[-73.7844,-42.5027],[-73.785,-42.5025],[-73.7855,-42.5032],[-73.784,-42.5041],[-73.7837,-42.5046],[-73.784,-42.5041],[-73.7846,-42.5038],[-73.785,-42.5044],[-73.7846,-42.5037],[-73.7855,-42.5033],[-73.7862,-42.5048],[-73.7855,-42.505],[-73.7845,-42.5055],[-73.7862,-42.5048],[-73.7864,-42.5052],[-73.7854,-42.5054],[-73.7862,-42.5052],[-73.7859,-42.5059],[-73.786,-42.5069],[-73.785,-42.5071],[-73.786,-42.5069],[-73.7861,-42.5072],[-73.7861,-42.5075],[-73.7857,-42.5074],[-73.7854,-42.508],[-73.7857,-42.5074],[-73.7861,-42.5075],[-73.786,-42.5077],[-73.786,-42.5086],[-73.7855,-42.5087],[-73.786,-42.5086],[-73.786,-42.5092],[-73.7853,-42.5092],[-73.786,-42.5092],[-73.786,-42.5091],[-73.7861,-42.5092],[-73.7864,-42.5092],[-73.7861,-42.5092],[-73.786,-42.5091],[-73.786,-42.5077],[-73.7861,-42.5075],[-73.7864,-42.5078],[-73.7864,-42.5081],[-73.7864,-42.5078],[-73.7861,-42.5074],[-73.786,-42.506],[-73.7862,-42.5052],[-73.7864,-42.5052],[-73.7866,-42.5059],[-73.7872,-42.5065],[-73.7872,-42.5071],[-73.787,-42.5071],[-73.7869,-42.5074],[-73.7869,-42.5085],[-73.7867,-42.5098],[-73.7864,-42.5097],[-73.7865,-42.5098],[-73.7864,-42.5101],[-73.786,-42.5104],[-73.7855,-42.5102],[-73.7851,-42.5097],[-73.785,-42.5093],[-73.785,-42.5087],[-73.7848,-42.5072],[-73.7848,-42.5067],[-73.7846,-42.5062],[-73.7843,-42.5058],[-73.7837,-42.5054],[-73.7832,-42.5049],[-73.7829,-42.5045],[-73.7822,-42.5041],[-73.782,-42.504],[-73.7813,-42.504],[-73.7809,-42.5041],[-73.7806,-42.5043],[-73.7804,-42.5042],[-73.7806,-42.5023],[-73.7811,-42.5019],[-73.7816,-42.5018],[-73.7816,-42.5017],[-73.7818,-42.5015],[-73.7817,-42.5014],[-73.7817,-42.5007]]]},"properties":{"OID":429,"MANZENT":10201021002000,"n_per":184,"n_hombres":92,"n_mujeres":92,"n_edad_0_5":8,"n_edad_6_1":16,"n_edad_14_":6,"n_edad_18_":13,"n_edad_25_":58,"n_edad_45_":34,"n_edad_60_":49,"n_transpor":35,"n_transp_1":32,"n_transp_2":4,"n_transp_3":0,"n_transp_4":0,"n_transp_5":0,"n_transp_6":3,"dim_acc":0,"dim_soc":0}},{"type":"Feature","id":430,"geometry":{"type":"MultiPolygon","coordinates":[[[[-73.7854,-42.5005],[-73.7855,-42.5003],[-73.7854,-42.4991],[-73.787,-42.5],[-73.7877,-42.5006],[-73.7875,-42.5008],[-73.7871,-42.5012],[-73.7867,-42.5015],[-73.7863,-42.501],[-73.7865,-42.5008],[-73.7865,-42.5006],[-73.7862,-42.501],[-73.7863,-42.5012],[-73.7866,-42.5015],[-73.7854,-42.5016],[-73.7853,-42.5011],[-73.7854,-42.5005]]],[[[-73.7823,-42.5007],[-73.7825,-42.5006],[-73.7835,-42.5004],[-73.7836,-42.5002],[-73.7837,-42.4996],[-73.7835,-42.4994],[-73.783,-42.499],[-73.7829,-42.4988],[-73.7832,-42.4985],[-73.7833,-42.4981],[-73.7835,-42.4979],[-73.7854,-42.4991],[-73.7855,-42.5003],[-73.7853,-42.5011],[-73.7854,-42.5016],[-73.7848,-42.5017],[-73.7846,-42.5011],[-73.7847,-42.5017],[-73.7843,-42.5019],[-73.7835,-42.5014],[-73.784,-42.5009],[-73.7834,-42.5014],[-73.7832,-42.5012],[-73.7838,-42.5008],[-73.7832,-42.5012],[-73.7823,-42.5007]]]]},"properties":{"OID":430,"MANZENT":10201021002000,"n_per":59,"n_hombres":29,"n_mujeres":30,"n_edad_0_5":4,"n_edad_6_1":5,"n_edad_14_":3,"n_edad_18_":4,"n_edad_25_":21,"n_edad_45_":7,"n_edad_60_":15,"n_transpor":7,"n_transp_1":12,"n_transp_2":1,"n_transp_3":0,"n_transp_4":0,"n_transp_5":0,"n_transp_6":1,"dim_acc":0,"dim_soc":0}},{"type":"Feature","id":431,"geometry":{"type":"MultiPolygon","coordinates":[[[[-73.7822,-42.5004],[-73.7815,-42.5001],[-73.7812,-42.4999],[-73.7814,-42.4996],[-73.7817,-42.4998],[-73.782,-42.4998],[-73.7819,-42.5],[-73.7823,-42.5003],[-73.7822,-42.5004]]],[[[-73.774,-42.4983],[-73.7735,-42.4979],[-73.7735,-42.4977],[-73.7743,-42.4983],[-73.7748,-42.4986],[-73.7748,-42.4986],[-73.7745,-42.4984],[-73.7744,-42.4985],[-73.7745,-42.4992],[-73.7746,-42.4992],[-73.7745,-42.4986],[-73.7746,-42.4985],[-73.7752,-42.4989],[-73.7788,-42.4989],[-73.7795,-42.499],[-73.7799,-42.4992],[-73.7823,-42.5007],[-73.7817,-42.5007],[-73.7817,-42.5006],[-73.7815,-42.5004],[-73.7803,-42.4997],[-73.7792,-42.4996],[-73.7785,-42.4992],[-73.7772,-42.4992],[-73.7764,-42.4994],[-73.7751,-42.5],[-73.7751,-42.5001],[-73.7751,-42.5008],[-73.7748,-42.5014],[-73.7745,-42.5016],[-73.7741,-42.5017],[-73.7738,-42.5013],[-73.7738,-42.5009],[-73.7741,-42.5005],[-73.7746,-42.5002],[-73.7746,-42.5],[-73.7744,-42.4995],[-73.7743,-42.4988],[-73.774,-42.4983]]]]},"properties":{"OID":431,"MANZENT":10201021002000,"n_per":41,"n_hombres":17,"n_mujeres":24,"n_edad_0_5":1,"n_edad_6_1":0,"n_edad_14_":1,"n_edad_18_":3,"n_edad_25_":19,"n_edad_45_":6,"n_edad_60_":11,"n_transpor":7,"n_transp_1":7,"n_transp_2":0,"n_transp_3":0,"n_transp_4":0,"n_transp_5":0,"n_transp_6":0,"dim_acc":0,"dim_soc":0}},{"type":"Feature","id":432,"geometry":{"type":"MultiPolygon","coordinates":[[[[-73.7862,-42.502],[-73.7866,-42.5015],[-73.7871,-42.5013],[-73.7882,-42.5011],[-73.7883,-42.5012],[-73.7874,-42.5017],[-73.7869,-42.5019],[-73.7868,-42.5022],[-73.7862,-42.5027],[-73.7866,-42.5033],[-73.7866,-42.5036],[-73.7871,-42.5037],[-73.7873,-42.5041],[-73.7877,-42.5043],[-73.7876,-42.5047],[-73.7869,-42.5055],[-73.7871,-42.5064],[-73.7867,-42.5059],[-73.7862,-42.5046],[-73.7871,-42.5043],[-73.7862,-42.5046],[-73.7852,-42.5025],[-73.7843,-42.5019],[-73.785,-42.5017],[-73.7856,-42.5017],[-73.7862,-42.502]]],[[[-73.7872,-42.5011],[-73.7875,-42.5008],[-73.7878,-42.5006],[-73.7882,-42.5011],[-73.7871,-42.5012],[-73.7872,-42.5011]]]]},"properties":{"OID":432,"MANZENT":10201021002000,"n_per":74,"n_hombres":38,"n_mujeres":36,"n_edad_0_5":3,"n_edad_6_1":12,"n_edad_14_":4,"n_edad_18_":6,"n_edad_25_":26,"n_edad_45_":9,"n_edad_60_":14,"n_transpor":9,"n_transp_1":8,"n_transp_2":3,"n_transp_3":0,"n_transp_4":1,"n_transp_5":0,"n_transp_6":1,"dim_acc":0,"dim_soc":0}},{"type":"Feature","id":433,"geometry":{"type":"MultiPolygon","coordinates":[[[[-73.7869,-42.4848],[-73.787,-42.4845],[-73.7879,-42.4845],[-73.788,-42.485],[-73.7873,-42.485],[-73.787,-42.4849],[-73.7869,-42.4848]]],[[[-73.788,-42.4849],[-73.7879,-42.4845],[-73.7886,-42.4845],[-73.7894,-42.4846],[-73.7895,-42.485],[-73.788,-42.485],[-73.788,-42.4849]]]]},"properties":{"OID":433,"MANZENT":10201021002000,"n_per":38,"n_hombres":16,"n_mujeres":22,"n_edad_0_5":2,"n_edad_6_1":7,"n_edad_14_":3,"n_edad_18_":7,"n_edad_25_":15,"n_edad_45_":3,"n_edad_60_":1,"n_transpor":5,"n_transp_1":2,"n_transp_2":2,"n_transp_3":0,"n_transp_4":0,"n_transp_5":0,"n_transp_6":5,"dim_acc":0,"dim_soc":0}},{"type":"Feature","id":434,"geometry":{"type":"Polygon","coordinates":[[[-73.7776,-42.4654],[-73.7779,-42.4652],[-73.778,-42.4651],[-73.7776,-42.4654]]]},"properties":{"OID":434,"MANZENT":10201011007000,"n_per":0,"n_hombres":0,"n_mujeres":0,"n_edad_0_5":0,"n_edad_6_1":0,"n_edad_14_":0,"n_edad_18_":0,"n_edad_25_":0,"n_edad_45_":0,"n_edad_60_":0,"n_transpor":0,"n_transp_1":0,"n_transp_2":0,"n_transp_3":0,"n_transp_4":0,"n_transp_5":0,"n_transp_6":0,"dim_acc":0,"dim_soc":0}},{"type":"Feature","id":435,"geometry":{"type":"Polygon","coordinates":[[[-73.7764,-42.466],[-73.777,-42.4659],[-73.7776,-42.4655],[-73.777,-42.4659],[-73.7764,-42.466]]]},"properties":{"OID":435,"MANZENT":10201011007000,"n_per":0,"n_hombres":0,"n_mujeres":0,"n_edad_0_5":0,"n_edad_6_1":0,"n_edad_14_":0,"n_edad_18_":0,"n_edad_25_":0,"n_edad_45_":0,"n_edad_60_":0,"n_transpor":0,"n_transp_1":0,"n_transp_2":0,"n_transp_3":0,"n_transp_4":0,"n_transp_5":0,"n_transp_6":0,"dim_acc":0,"dim_soc":0}},{"type":"Feature","id":436,"geometry":{"type":"Polygon","coordinates":[[[-73.775,-42.4664],[-73.7762,-42.4661],[-73.7756,-42.4663],[-73.775,-42.4664]]]},"properties":{"OID":436,"MANZENT":10201011007100,"n_per":0,"n_hombres":0,"n_mujeres":0,"n_edad_0_5":0,"n_edad_6_1":0,"n_edad_14_":0,"n_edad_18_":0,"n_edad_25_":0,"n_edad_45_":0,"n_edad_60_":0,"n_transpor":0,"n_transp_1":0,"n_transp_2":0,"n_transp_3":0,"n_transp_4":0,"n_transp_5":0,"n_transp_6":0,"dim_acc":0,"dim_soc":0}},{"type":"Feature","id":437,"geometry":{"type":"Polygon","coordinates":[[[-73.7644,-42.4726],[-73.7645,-42.4721],[-73.7647,-42.4719],[-73.7644,-42.4726]]]},"properties":{"OID":437,"MANZENT":10201011008000,"n_per":0,"n_hombres":0,"n_mujeres":0,"n_edad_0_5":0,"n_edad_6_1":0,"n_edad_14_":0,"n_edad_18_":0,"n_edad_25_":0,"n_edad_45_":0,"n_edad_60_":0,"n_transpor":0,"n_transp_1":0,"n_transp_2":0,"n_transp_3":0,"n_transp_4":0,"n_transp_5":0,"n_transp_6":0,"dim_acc":0,"dim_soc":0}},{"type":"Feature","id":438,"geometry":{"type":"Polygon","coordinates":[[[-73.7649,-42.4729],[-73.7652,-42.4728],[-73.7651,-42.473],[-73.7649,-42.4729]]]},"properties":{"OID":438,"MANZENT":10201011008000,"n_per":0,"n_hombres":0,"n_mujeres":0,"n_edad_0_5":0,"n_edad_6_1":0,"n_edad_14_":0,"n_edad_18_":0,"n_edad_25_":0,"n_edad_45_":0,"n_edad_60_":0,"n_transpor":0,"n_transp_1":0,"n_transp_2":0,"n_transp_3":0,"n_transp_4":0,"n_transp_5":0,"n_transp_6":0,"dim_acc":0,"dim_soc":0}},{"type":"Feature","id":439,"geometry":{"type":"Polygon","coordinates":[[[-73.7804,-42.4808],[-73.7803,-42.4812],[-73.7799,-42.4811],[-73.7801,-42.4805],[-73.7804,-42.4808]]]},"properties":{"OID":439,"MANZENT":10201021001000,"n_per":0,"n_hombres":0,"n_mujeres":0,"n_edad_0_5":0,"n_edad_6_1":0,"n_edad_14_":0,"n_edad_18_":0,"n_edad_25_":0,"n_edad_45_":0,"n_edad_60_":0,"n_transpor":0,"n_transp_1":0,"n_transp_2":0,"n_transp_3":0,"n_transp_4":0,"n_transp_5":0,"n_transp_6":0,"dim_acc":0,"dim_soc":0}},{"type":"Feature","id":440,"geometry":{"type":"Polygon","coordinates":[[[-73.7813,-42.4815],[-73.7804,-42.4812],[-73.7805,-42.4809],[-73.7809,-42.4812],[-73.7814,-42.4813],[-73.7813,-42.4815]]]},"properties":{"OID":440,"MANZENT":10201021001000,"n_per":0,"n_hombres":0,"n_mujeres":0,"n_edad_0_5":0,"n_edad_6_1":0,"n_edad_14_":0,"n_edad_18_":0,"n_edad_25_":0,"n_edad_45_":0,"n_edad_60_":0,"n_transpor":0,"n_transp_1":0,"n_transp_2":0,"n_transp_3":0,"n_transp_4":0,"n_transp_5":0,"n_transp_6":0,"dim_acc":0,"dim_soc":0}},{"type":"Feature","id":441,"geometry":{"type":"Polygon","coordinates":[[[-73.783,-42.4819],[-73.7829,-42.4819],[-73.7825,-42.4819],[-73.7814,-42.4816],[-73.7816,-42.481],[-73.7821,-42.481],[-73.7826,-42.481],[-73.783,-42.4819]]]},"properties":{"OID":441,"MANZENT":10201021001000,"n_per":0,"n_hombres":0,"n_mujeres":0,"n_edad_0_5":0,"n_edad_6_1":0,"n_edad_14_":0,"n_edad_18_":0,"n_edad_25_":0,"n_edad_45_":0,"n_edad_60_":0,"n_transpor":0,"n_transp_1":0,"n_transp_2":0,"n_transp_3":0,"n_transp_4":0,"n_transp_5":0,"n_transp_6":0,"dim_acc":0,"dim_soc":0}},{"type":"Feature","id":442,"geometry":{"type":"Polygon","coordinates":[[[-73.7823,-42.4854],[-73.7839,-42.4848],[-73.784,-42.4846],[-73.7839,-42.4848],[-73.7823,-42.4854]]]},"properties":{"OID":442,"MANZENT":10201021002000,"n_per":0,"n_hombres":0,"n_mujeres":0,"n_edad_0_5":0,"n_edad_6_1":0,"n_edad_14_":0,"n_edad_18_":0,"n_edad_25_":0,"n_edad_45_":0,"n_edad_60_":0,"n_transpor":0,"n_transp_1":0,"n_transp_2":0,"n_transp_3":0,"n_transp_4":0,"n_transp_5":0,"n_transp_6":0,"dim_acc":0,"dim_soc":0}},{"type":"Feature","id":443,"geometry":{"type":"Polygon","coordinates":[[[-73.7827,-42.4851],[-73.7823,-42.4853],[-73.7821,-42.4851],[-73.7825,-42.4847],[-73.7827,-42.4851]]]},"properties":{"OID":443,"MANZENT":10201021002000,"n_per":0,"n_hombres":0,"n_mujeres":0,"n_edad_0_5":0,"n_edad_6_1":0,"n_edad_14_":0,"n_edad_18_":0,"n_edad_25_":0,"n_edad_45_":0,"n_edad_60_":0,"n_transpor":0,"n_transp_1":0,"n_transp_2":0,"n_transp_3":0,"n_transp_4":0,"n_transp_5":0,"n_transp_6":0,"dim_acc":0,"dim_soc":0}},{"type":"Feature","id":444,"geometry":{"type":"Polygon","coordinates":[[[-73.7753,-42.4988],[-73.775,-42.4986],[-73.7753,-42.4987],[-73.7753,-42.4988]]]},"properties":{"OID":444,"MANZENT":10201021002000,"n_per":0,"n_hombres":0,"n_mujeres":0,"n_edad_0_5":0,"n_edad_6_1":0,"n_edad_14_":0,"n_edad_18_":0,"n_edad_25_":0,"n_edad_45_":0,"n_edad_60_":0,"n_transpor":0,"n_transp_1":0,"n_transp_2":0,"n_transp_3":0,"n_transp_4":0,"n_transp_5":0,"n_transp_6":0,"dim_acc":0,"dim_soc":0}},{"type":"Feature","id":445,"geometry":{"type":"Polygon","coordinates":[[[-73.7755,-42.4988],[-73.7755,-42.4988],[-73.7755,-42.4988],[-73.7755,-42.4988]]]},"properties":{"OID":445,"MANZENT":10201021002000,"n_per":0,"n_hombres":0,"n_mujeres":0,"n_edad_0_5":0,"n_edad_6_1":0,"n_edad_14_":0,"n_edad_18_":0,"n_edad_25_":0,"n_edad_45_":0,"n_edad_60_":0,"n_transpor":0,"n_transp_1":0,"n_transp_2":0,"n_transp_3":0,"n_transp_4":0,"n_transp_5":0,"n_transp_6":0,"dim_acc":0,"dim_soc":0}},{"type":"Feature","id":446,"geometry":{"type":"Polygon","coordinates":[[[-73.7861,-42.5019],[-73.7857,-42.5017],[-73.7865,-42.5016],[-73.7862,-42.502],[-73.7861,-42.5019]]]},"properties":{"OID":446,"MANZENT":10201021002000,"n_per":0,"n_hombres":0,"n_mujeres":0,"n_edad_0_5":0,"n_edad_6_1":0,"n_edad_14_":0,"n_edad_18_":0,"n_edad_25_":0,"n_edad_45_":0,"n_edad_60_":0,"n_transpor":0,"n_transp_1":0,"n_transp_2":0,"n_transp_3":0,"n_transp_4":0,"n_transp_5":0,"n_transp_6":0,"dim_acc":0,"dim_soc":0}},{"type":"Feature","id":447,"geometry":{"type":"Polygon","coordinates":[[[-73.7898,-42.4492],[-73.7914,-42.4485],[-73.793,-42.4494],[-73.7936,-42.4495],[-73.7937,-42.4499],[-73.7946,-42.4503],[-73.7925,-42.4511],[-73.7898,-42.4523],[-73.789,-42.4513],[-73.7894,-42.451],[-73.79,-42.4508],[-73.7904,-42.4505],[-73.7901,-42.4507],[-73.7898,-42.4492]]]},"properties":{"OID":447,"MANZENT":10201013004000,"n_per":34,"n_hombres":13,"n_mujeres":21,"n_edad_0_5":3,"n_edad_6_1":0,"n_edad_14_":2,"n_edad_18_":5,"n_edad_25_":5,"n_edad_45_":15,"n_edad_60_":4,"n_transpor":6,"n_transp_1":7,"n_transp_2":1,"n_transp_3":0,"n_transp_4":0,"n_transp_5":0,"n_transp_6":2,"dim_acc":0,"dim_soc":0}},{"type":"Feature","id":448,"geometry":{"type":"Polygon","coordinates":[[[-73.789,-42.4496],[-73.7898,-42.4492],[-73.7901,-42.4507],[-73.79,-42.4508],[-73.7896,-42.4509],[-73.7892,-42.4511],[-73.789,-42.4497],[-73.7892,-42.4511],[-73.789,-42.4513],[-73.7871,-42.451],[-73.7865,-42.451],[-73.7874,-42.4503],[-73.789,-42.4496]]]},"properties":{"OID":448,"MANZENT":10201013004000,"n_per":11,"n_hombres":6,"n_mujeres":5,"n_edad_0_5":2,"n_edad_6_1":0,"n_edad_14_":0,"n_edad_18_":1,"n_edad_25_":4,"n_edad_45_":4,"n_edad_60_":0,"n_transpor":4,"n_transp_1":1,"n_transp_2":1,"n_transp_3":0,"n_transp_4":0,"n_transp_5":0,"n_transp_6":0,"dim_acc":0,"dim_soc":0}},{"type":"Feature","id":449,"geometry":{"type":"Polygon","coordinates":[[[-73.7912,-42.4536],[-73.7907,-42.4534],[-73.789,-42.4531],[-73.7897,-42.4524],[-73.7926,-42.4511],[-73.7947,-42.4503],[-73.7952,-42.4505],[-73.7953,-42.4507],[-73.796,-42.4509],[-73.7962,-42.4512],[-73.7974,-42.4516],[-73.796,-42.4524],[-73.7941,-42.4531],[-73.7917,-42.4541],[-73.7915,-42.4542],[-73.7921,-42.4545],[-73.7916,-42.4552],[-73.7902,-42.456],[-73.7897,-42.4559],[-73.7887,-42.4551],[-73.7879,-42.455],[-73.7874,-42.455],[-73.7868,-42.4555],[-73.7861,-42.4558],[-73.7857,-42.4559],[-73.7854,-42.4558],[-73.7864,-42.4549],[-73.7868,-42.4546],[-73.7878,-42.4542],[-73.7883,-42.4537],[-73.7887,-42.4538],[-73.7883,-42.4545],[-73.7881,-42.4547],[-73.7874,-42.455],[-73.7881,-42.4548],[-73.7884,-42.4545],[-73.7887,-42.4538],[-73.7891,-42.4539],[-73.7888,-42.4546],[-73.7891,-42.4539],[-73.7896,-42.4541],[-73.7883,-42.4537],[-73.7889,-42.4531],[-73.7912,-42.4536]]]},"properties":{"OID":449,"MANZENT":10201013004000,"n_per":86,"n_hombres":46,"n_mujeres":40,"n_edad_0_5":4,"n_edad_6_1":12,"n_edad_14_":10,"n_edad_18_":9,"n_edad_25_":20,"n_edad_45_":16,"n_edad_60_":15,"n_transpor":14,"n_transp_1":5,"n_transp_2":1,"n_transp_3":0,"n_transp_4":0,"n_transp_5":0,"n_transp_6":3,"dim_acc":0,"dim_soc":0}},{"type":"Feature","id":450,"geometry":{"type":"Polygon","coordinates":[[[-73.7864,-42.4511],[-73.7872,-42.4511],[-73.789,-42.4514],[-73.7897,-42.4524],[-73.7893,-42.4527],[-73.7888,-42.4525],[-73.7888,-42.452],[-73.7879,-42.4515],[-73.7876,-42.4515],[-73.7888,-42.452],[-73.7888,-42.4525],[-73.787,-42.4517],[-73.7892,-42.4527],[-73.7887,-42.4533],[-73.7865,-42.4522],[-73.7887,-42.4533],[-73.7882,-42.4538],[-73.7878,-42.4536],[-73.7882,-42.4538],[-73.788,-42.454],[-73.7874,-42.4543],[-73.7858,-42.4536],[-73.7861,-42.4537],[-73.7856,-42.454],[-73.7861,-42.4537],[-73.7874,-42.4543],[-73.7865,-42.4547],[-73.7858,-42.4554],[-73.7848,-42.4553],[-73.7851,-42.4548],[-73.7849,-42.4544],[-73.7847,-42.4544],[-73.7845,-42.454],[-73.7842,-42.4538],[-73.7846,-42.4531],[-73.7843,-42.4535],[-73.7841,-42.4538],[-73.784,-42.4538],[-73.7845,-42.454],[-73.7846,-42.4544],[-73.7849,-42.4544],[-73.785,-42.4548],[-73.7848,-42.4552],[-73.7841,-42.4551],[-73.7848,-42.4553],[-73.7847,-42.4556],[-73.7855,-42.4557],[-73.7854,-42.4558],[-73.7852,-42.4558],[-73.7849,-42.4559],[-73.7844,-42.456],[-73.7839,-42.456],[-73.7828,-42.4554],[-73.7818,-42.4554],[-73.7816,-42.4553],[-73.7818,-42.455],[-73.7822,-42.4545],[-73.7837,-42.453],[-73.7847,-42.4524],[-73.7854,-42.4521],[-73.7864,-42.4511]]]},"properties":{"OID":450,"MANZENT":10201013004000,"n_per":179,"n_hombres":84,"n_mujeres":95,"n_edad_0_5":12,"n_edad_6_1":22,"n_edad_14_":16,"n_edad_18_":16,"n_edad_25_":58,"n_edad_45_":34,"n_edad_60_":21,"n_transpor":33,"n_transp_1":28,"n_transp_2":2,"n_transp_3":0,"n_transp_4":0,"n_transp_5":0,"n_transp_6":8,"dim_acc":0,"dim_soc":0}},{"type":"Feature","id":451,"geometry":{"type":"Polygon","coordinates":[[[-73.7855,-42.4557],[-73.7847,-42.4556],[-73.7848,-42.4553],[-73.7858,-42.4554],[-73.7855,-42.4557]]]},"properties":{"OID":451,"MANZENT":10201013004000,"n_per":0,"n_hombres":0,"n_mujeres":0,"n_edad_0_5":0,"n_edad_6_1":0,"n_edad_14_":0,"n_edad_18_":0,"n_edad_25_":0,"n_edad_45_":0,"n_edad_60_":0,"n_transpor":0,"n_transp_1":0,"n_transp_2":0,"n_transp_3":0,"n_transp_4":0,"n_transp_5":0,"n_transp_6":0,"dim_acc":0,"dim_soc":0}},{"type":"Feature","id":452,"geometry":{"type":"Polygon","coordinates":[[[-73.7944,-42.5042],[-73.795,-42.5041],[-73.7963,-42.5045],[-73.7969,-42.5045],[-73.7962,-42.5047],[-73.7947,-42.5048],[-73.7962,-42.5048],[-73.7969,-42.5045],[-73.7975,-42.5045],[-73.7975,-42.5048],[-73.7975,-42.5045],[-73.7994,-42.5046],[-73.7992,-42.5059],[-73.7983,-42.5058],[-73.7963,-42.5058],[-73.7957,-42.5058],[-73.7951,-42.5055],[-73.7948,-42.5056],[-73.7945,-42.5058],[-73.7944,-42.5061],[-73.7939,-42.5065],[-73.7942,-42.5068],[-73.7947,-42.5082],[-73.7946,-42.5093],[-73.7941,-42.5094],[-73.7941,-42.5092],[-73.794,-42.5091],[-73.7932,-42.5091],[-73.793,-42.5093],[-73.7931,-42.5097],[-73.7903,-42.5103],[-73.7903,-42.51],[-73.7909,-42.5099],[-73.7903,-42.51],[-73.7905,-42.5085],[-73.7907,-42.5086],[-73.7905,-42.5092],[-73.7905,-42.5095],[-73.7906,-42.5097],[-73.7906,-42.5092],[-73.7921,-42.5091],[-73.792,-42.5088],[-73.7921,-42.5091],[-73.7906,-42.5091],[-73.7908,-42.5086],[-73.791,-42.5086],[-73.7915,-42.5086],[-73.793,-42.5083],[-73.7934,-42.5087],[-73.793,-42.5083],[-73.7915,-42.5086],[-73.791,-42.5086],[-73.7908,-42.5085],[-73.7909,-42.5082],[-73.7911,-42.5082],[-73.7911,-42.5082],[-73.7915,-42.508],[-73.7915,-42.5077],[-73.7915,-42.508],[-73.7911,-42.5082],[-73.7911,-42.5077],[-73.7926,-42.5072],[-73.793,-42.5072],[-73.7926,-42.5072],[-73.7931,-42.507],[-73.7911,-42.5077],[-73.7912,-42.5074],[-73.7917,-42.5072],[-73.7912,-42.5074],[-73.7911,-42.5076],[-73.7911,-42.5081],[-73.7909,-42.5082],[-73.7907,-42.508],[-73.7897,-42.5077],[-73.7899,-42.5069],[-73.7904,-42.5071],[-73.7907,-42.5071],[-73.7904,-42.5068],[-73.7906,-42.507],[-73.7905,-42.5071],[-73.7899,-42.5069],[-73.7901,-42.5063],[-73.7904,-42.5062],[-73.7912,-42.5069],[-73.791,-42.5066],[-73.7905,-42.5062],[-73.7912,-42.5058],[-73.7917,-42.5057],[-73.792,-42.5061],[-73.7917,-42.5063],[-73.7919,-42.5065],[-73.7918,-42.5063],[-73.792,-42.5061],[-73.7917,-42.5057],[-73.7925,-42.5056],[-73.7928,-42.506],[-73.7925,-42.5056],[-73.7928,-42.5052],[-73.7931,-42.5051],[-73.7934,-42.5054],[-73.7935,-42.5058],[-73.7935,-42.5054],[-73.7941,-42.5058],[-73.794,-42.5057],[-73.7935,-42.5054],[-73.7932,-42.5051],[-73.7935,-42.5049],[-73.7939,-42.5045],[-73.7944,-42.5042]]]},"properties":{"OID":452,"MANZENT":10201023008000,"n_per":232,"n_hombres":120,"n_mujeres":112,"n_edad_0_5":11,"n_edad_6_1":25,"n_edad_14_":11,"n_edad_18_":18,"n_edad_25_":75,"n_edad_45_":61,"n_edad_60_":31,"n_transpor":58,"n_transp_1":31,"n_transp_2":1,"n_transp_3":1,"n_transp_4":0,"n_transp_5":0,"n_transp_6":14,"dim_acc":0,"dim_soc":0}},{"type":"Feature","id":453,"geometry":{"type":"Polygon","coordinates":[[[-73.7872,-42.5066],[-73.7882,-42.5073],[-73.7899,-42.508],[-73.7903,-42.5083],[-73.7904,-42.5087],[-73.7902,-42.5098],[-73.7903,-42.5104],[-73.7898,-42.5105],[-73.7903,-42.5104],[-73.7909,-42.512],[-73.7916,-42.5125],[-73.7925,-42.513],[-73.7925,-42.5131],[-73.7912,-42.5125],[-73.7904,-42.5124],[-73.79,-42.5115],[-73.7898,-42.5114],[-73.7899,-42.5113],[-73.7898,-42.5112],[-73.7893,-42.5103],[-73.7893,-42.5099],[-73.7895,-42.5099],[-73.7895,-42.5098],[-73.7894,-42.5092],[-73.7895,-42.5088],[-73.7893,-42.5085],[-73.7888,-42.508],[-73.7876,-42.5077],[-73.7875,-42.5072],[-73.7872,-42.5071],[-73.7872,-42.5066]]]},"properties":{"OID":453,"MANZENT":10201023008000,"n_per":29,"n_hombres":12,"n_mujeres":17,"n_edad_0_5":6,"n_edad_6_1":1,"n_edad_14_":2,"n_edad_18_":2,"n_edad_25_":13,"n_edad_45_":2,"n_edad_60_":3,"n_transpor":4,"n_transp_1":3,"n_transp_2":0,"n_transp_3":0,"n_transp_4":0,"n_transp_5":0,"n_transp_6":1,"dim_acc":0,"dim_soc":0}},{"type":"Feature","id":454,"geometry":{"type":"MultiPolygon","coordinates":[[[[-73.7991,-42.5027],[-73.7996,-42.5026],[-73.7994,-42.5045],[-73.7983,-42.5045],[-73.7983,-42.504],[-73.7987,-42.5039],[-73.7989,-42.5038],[-73.7991,-42.5036],[-73.7992,-42.5034],[-73.7989,-42.5032],[-73.7991,-42.5034],[-73.799,-42.5036],[-73.7986,-42.5038],[-73.7982,-42.5039],[-73.7978,-42.5032],[-73.7977,-42.5027],[-73.7991,-42.5027]]],[[[-73.7931,-42.5027],[-73.7941,-42.5024],[-73.795,-42.5022],[-73.7961,-42.5024],[-73.7968,-42.5027],[-73.7977,-42.5027],[-73.7977,-42.5034],[-73.7978,-42.5033],[-73.7982,-42.504],[-73.7982,-42.5045],[-73.7963,-42.5045],[-73.795,-42.5041],[-73.7944,-42.5042],[-73.7941,-42.504],[-73.7938,-42.5041],[-73.7937,-42.504],[-73.7939,-42.5038],[-73.7943,-42.5039],[-73.7948,-42.5038],[-73.7949,-42.5036],[-73.7948,-42.5038],[-73.7945,-42.5039],[-73.794,-42.5038],[-73.7937,-42.5039],[-73.794,-42.5033],[-73.7942,-42.5031],[-73.7942,-42.503],[-73.7939,-42.5035],[-73.7932,-42.5035],[-73.793,-42.5033],[-73.7932,-42.5035],[-73.7939,-42.5036],[-73.7937,-42.504],[-73.7938,-42.5041],[-73.7935,-42.5044],[-73.7939,-42.5041],[-73.7942,-42.5041],[-73.7943,-42.5042],[-73.7939,-42.5045],[-73.7935,-42.5049],[-73.7929,-42.5052],[-73.7929,-42.505],[-73.7926,-42.5048],[-73.7926,-42.5047],[-73.7922,-42.5042],[-73.7924,-42.5045],[-73.7918,-42.5046],[-73.7916,-42.5045],[-73.7918,-42.5046],[-73.7925,-42.5046],[-73.7926,-42.5047],[-73.7926,-42.5049],[-73.7928,-42.505],[-73.7929,-42.5052],[-73.7926,-42.5055],[-73.7912,-42.5058],[-73.7909,-42.5059],[-73.7914,-42.5055],[-73.791,-42.5054],[-73.7909,-42.5051],[-73.791,-42.5052],[-73.7908,-42.5049],[-73.7908,-42.5051],[-73.7909,-42.5054],[-73.7903,-42.5053],[-73.7901,-42.505],[-73.7902,-42.505],[-73.7908,-42.5047],[-73.7901,-42.5049],[-73.7903,-42.5053],[-73.7898,-42.5055],[-73.7902,-42.5054],[-73.7906,-42.5054],[-73.7913,-42.5055],[-73.7913,-42.5056],[-73.7909,-42.5058],[-73.7908,-42.506],[-73.7901,-42.5063],[-73.7898,-42.5073],[-73.7891,-42.5072],[-73.7897,-42.5073],[-73.7897,-42.5077],[-73.7889,-42.5074],[-73.7889,-42.5075],[-73.7901,-42.5079],[-73.79,-42.5079],[-73.7882,-42.5073],[-73.7873,-42.5065],[-73.7874,-42.5065],[-73.7889,-42.5065],[-73.7892,-42.5062],[-73.789,-42.5054],[-73.7888,-42.5052],[-73.7892,-42.5048],[-73.7892,-42.5045],[-73.7896,-42.5041],[-73.7897,-42.5038],[-73.7899,-42.5043],[-73.7911,-42.504],[-73.7918,-42.5036],[-73.7924,-42.5031],[-73.7931,-42.5027]]]]},"properties":{"OID":454,"MANZENT":10201023008000,"n_per":112,"n_hombres":60,"n_mujeres":52,"n_edad_0_5":7,"n_edad_6_1":15,"n_edad_14_":6,"n_edad_18_":9,"n_edad_25_":36,"n_edad_45_":23,"n_edad_60_":16,"n_transpor":13,"n_transp_1":10,"n_transp_2":6,"n_transp_3":0,"n_transp_4":0,"n_transp_5":0,"n_transp_6":6,"dim_acc":0,"dim_soc":0}},{"type":"Feature","id":455,"geometry":{"type":"MultiPolygon","coordinates":[[[[-73.7984,-42.5117],[-73.7982,-42.5119],[-73.7977,-42.5121],[-73.7971,-42.5121],[-73.7969,-42.5122],[-73.7968,-42.5124],[-73.7966,-42.5125],[-73.7956,-42.5125],[-73.795,-42.5124],[-73.7945,-42.5125],[-73.7942,-42.5125],[-73.7938,-42.5123],[-73.7933,-42.5122],[-73.7927,-42.5125],[-73.7926,-42.5126],[-73.7926,-42.5129],[-73.7912,-42.5122],[-73.791,-42.5119],[-73.7907,-42.5115],[-73.7907,-42.5114],[-73.7909,-42.5113],[-73.791,-42.5115],[-73.7908,-42.511],[-73.7915,-42.5108],[-73.7916,-42.5109],[-73.7917,-42.5114],[-73.7916,-42.5108],[-73.7913,-42.5108],[-73.7908,-42.511],[-73.7906,-42.5107],[-73.7908,-42.5105],[-73.7906,-42.5106],[-73.7909,-42.5113],[-73.7907,-42.5113],[-73.7903,-42.5103],[-73.7909,-42.5102],[-73.7909,-42.5104],[-73.7911,-42.5105],[-73.7919,-42.5103],[-73.7911,-42.5105],[-73.791,-42.5104],[-73.7909,-42.5103],[-73.7918,-42.5101],[-73.791,-42.5103],[-73.7909,-42.5102],[-73.7935,-42.5096],[-73.7936,-42.5098],[-73.7941,-42.5104],[-73.7946,-42.5104],[-73.7954,-42.5104],[-73.7984,-42.5117]]],[[[-73.7932,-42.5092],[-73.794,-42.5092],[-73.7941,-42.5094],[-73.7939,-42.5094],[-73.7946,-42.5093],[-73.7945,-42.5097],[-73.7946,-42.5099],[-73.7954,-42.5104],[-73.7946,-42.5103],[-73.7943,-42.5104],[-73.794,-42.5104],[-73.7935,-42.5097],[-73.7931,-42.5097],[-73.7931,-42.5093],[-73.7932,-42.5092]]]]},"properties":{"OID":455,"MANZENT":10201023008000,"n_per":20,"n_hombres":10,"n_mujeres":10,"n_edad_0_5":3,"n_edad_6_1":0,"n_edad_14_":0,"n_edad_18_":1,"n_edad_25_":7,"n_edad_45_":6,"n_edad_60_":3,"n_transpor":7,"n_transp_1":1,"n_transp_2":1,"n_transp_3":0,"n_transp_4":0,"n_transp_5":0,"n_transp_6":3,"dim_acc":0,"dim_soc":0}},{"type":"Feature","id":456,"geometry":{"type":"Polygon","coordinates":[[[-73.7701,-42.4476],[-73.7708,-42.4473],[-73.772,-42.4469],[-73.7722,-42.4466],[-73.7737,-42.4466],[-73.7738,-42.4472],[-73.7725,-42.4471],[-73.7738,-42.4473],[-73.774,-42.4481],[-73.7724,-42.4481],[-73.7711,-42.4489],[-73.7705,-42.4489],[-73.7705,-42.4484],[-73.7704,-42.4489],[-73.7713,-42.4489],[-73.7721,-42.4483],[-73.7724,-42.4482],[-73.774,-42.4481],[-73.7741,-42.4486],[-73.7737,-42.4495],[-73.7736,-42.4504],[-73.7723,-42.4502],[-73.7722,-42.4499],[-73.7721,-42.45],[-73.7722,-42.4503],[-73.7736,-42.4504],[-73.7736,-42.4507],[-73.7722,-42.4505],[-73.7735,-42.4508],[-73.7734,-42.4517],[-73.772,-42.4515],[-73.7703,-42.4511],[-73.7697,-42.451],[-73.7685,-42.4506],[-73.7701,-42.4479],[-73.7709,-42.4477],[-73.7701,-42.4479],[-73.7701,-42.4476]]]},"properties":{"OID":456,"MANZENT":10201033021000,"n_per":77,"n_hombres":36,"n_mujeres":41,"n_edad_0_5":5,"n_edad_6_1":9,"n_edad_14_":5,"n_edad_18_":2,"n_edad_25_":20,"n_edad_45_":20,"n_edad_60_":16,"n_transpor":24,"n_transp_1":9,"n_transp_2":4,"n_transp_3":1,"n_transp_4":0,"n_transp_5":0,"n_transp_6":3,"dim_acc":0,"dim_soc":0}},{"type":"Feature","id":457,"geometry":{"type":"Polygon","coordinates":[[[-73.7789,-42.4496],[-73.7782,-42.4498],[-73.7779,-42.4502],[-73.7778,-42.4498],[-73.7779,-42.4502],[-73.7778,-42.4504],[-73.7766,-42.4513],[-73.7759,-42.4515],[-73.7746,-42.4517],[-73.7745,-42.4508],[-73.7764,-42.4508],[-73.7766,-42.4507],[-73.7769,-42.45],[-73.7767,-42.4503],[-73.7762,-42.4502],[-73.7759,-42.4499],[-73.7762,-42.4502],[-73.7767,-42.4503],[-73.7766,-42.4507],[-73.7764,-42.4508],[-73.7745,-42.4508],[-73.7741,-42.4486],[-73.7751,-42.4476],[-73.7752,-42.4473],[-73.7753,-42.4471],[-73.7768,-42.4468],[-73.777,-42.4466],[-73.7771,-42.447],[-73.777,-42.4476],[-73.7767,-42.4482],[-73.7761,-42.4489],[-73.7764,-42.4494],[-73.7789,-42.4496]]]},"properties":{"OID":457,"MANZENT":10201033021000,"n_per":51,"n_hombres":29,"n_mujeres":22,"n_edad_0_5":3,"n_edad_6_1":5,"n_edad_14_":2,"n_edad_18_":3,"n_edad_25_":20,"n_edad_45_":11,"n_edad_60_":7,"n_transpor":10,"n_transp_1":12,"n_transp_2":4,"n_transp_3":0,"n_transp_4":0,"n_transp_5":0,"n_transp_6":1,"dim_acc":0,"dim_soc":0}},{"type":"Feature","id":458,"geometry":{"type":"Polygon","coordinates":[[[-73.7752,-42.447],[-73.7752,-42.4473],[-73.7751,-42.4475],[-73.7747,-42.4473],[-73.7746,-42.447],[-73.7746,-42.4473],[-73.7751,-42.4476],[-73.7741,-42.4486],[-73.7738,-42.4468],[-73.775,-42.4469],[-73.7752,-42.447]]]},"properties":{"OID":458,"MANZENT":10201033021000,"n_per":19,"n_hombres":12,"n_mujeres":7,"n_edad_0_5":0,"n_edad_6_1":0,"n_edad_14_":0,"n_edad_18_":0,"n_edad_25_":9,"n_edad_45_":5,"n_edad_60_":5,"n_transpor":8,"n_transp_1":2,"n_transp_2":0,"n_transp_3":0,"n_transp_4":0,"n_transp_5":0,"n_transp_6":3,"dim_acc":0,"dim_soc":0}},{"type":"Feature","id":459,"geometry":{"type":"Polygon","coordinates":[[[-73.7825,-42.4487],[-73.783,-42.4486],[-73.7827,-42.4488],[-73.7826,-42.4489],[-73.7828,-42.4493],[-73.7828,-42.4495],[-73.7826,-42.4498],[-73.7823,-42.4499],[-73.7821,-42.45],[-73.7817,-42.4498],[-73.7821,-42.4498],[-73.7824,-42.4496],[-73.7825,-42.4493],[-73.7824,-42.4491],[-73.7825,-42.4495],[-73.7824,-42.4496],[-73.7821,-42.4498],[-73.7816,-42.4497],[-73.7821,-42.4489],[-73.7819,-42.4493],[-73.7817,-42.4491],[-73.7819,-42.4493],[-73.7816,-42.4497],[-73.7812,-42.4494],[-73.7806,-42.4492],[-73.7801,-42.4494],[-73.7804,-42.4492],[-73.7825,-42.4487]]]},"properties":{"OID":459,"MANZENT":10201033021000,"n_per":15,"n_hombres":7,"n_mujeres":8,"n_edad_0_5":2,"n_edad_6_1":4,"n_edad_14_":0,"n_edad_18_":0,"n_edad_25_":4,"n_edad_45_":3,"n_edad_60_":2,"n_transpor":7,"n_transp_1":0,"n_transp_2":0,"n_transp_3":0,"n_transp_4":0,"n_transp_5":0,"n_transp_6":0,"dim_acc":0,"dim_soc":0}},{"type":"Feature","id":460,"geometry":{"type":"Polygon","coordinates":[[[-73.7826,-42.4498],[-73.7828,-42.4494],[-73.7827,-42.4489],[-73.7827,-42.4488],[-73.783,-42.4486],[-73.7828,-42.449],[-73.7831,-42.4496],[-73.7827,-42.4499],[-73.7826,-42.4503],[-73.7823,-42.4504],[-73.7822,-42.4508],[-73.782,-42.4508],[-73.7815,-42.4508],[-73.7812,-42.4509],[-73.7807,-42.451],[-73.7794,-42.4498],[-73.7792,-42.4498],[-73.779,-42.4496],[-73.7802,-42.4494],[-73.7806,-42.4493],[-73.7812,-42.4494],[-73.7821,-42.45],[-73.7823,-42.4499],[-73.7826,-42.4498]]]},"properties":{"OID":460,"MANZENT":10201033021000,"n_per":47,"n_hombres":24,"n_mujeres":23,"n_edad_0_5":3,"n_edad_6_1":8,"n_edad_14_":2,"n_edad_18_":2,"n_edad_25_":21,"n_edad_45_":9,"n_edad_60_":2,"n_transpor":13,"n_transp_1":5,"n_transp_2":4,"n_transp_3":0,"n_transp_4":0,"n_transp_5":0,"n_transp_6":3,"dim_acc":0,"dim_soc":0}},{"type":"Feature","id":461,"geometry":{"type":"Polygon","coordinates":[[[-73.7781,-42.45],[-73.7783,-42.4498],[-73.7789,-42.4496],[-73.7792,-42.4498],[-73.7794,-42.4498],[-73.7807,-42.451],[-73.78,-42.4512],[-73.7796,-42.4519],[-73.7784,-42.4519],[-73.778,-42.4532],[-73.778,-42.4535],[-73.7777,-42.4536],[-73.7777,-42.4538],[-73.7775,-42.4538],[-73.7774,-42.454],[-73.7769,-42.4543],[-73.7768,-42.455],[-73.7764,-42.4551],[-73.7762,-42.4552],[-73.7761,-42.4554],[-73.7758,-42.4554],[-73.7756,-42.4557],[-73.7752,-42.4558],[-73.775,-42.4559],[-73.7749,-42.4564],[-73.7747,-42.4567],[-73.7744,-42.4568],[-73.7739,-42.4568],[-73.7734,-42.4571],[-73.773,-42.4571],[-73.7739,-42.4563],[-73.7746,-42.4552],[-73.7754,-42.455],[-73.7757,-42.4546],[-73.7761,-42.4545],[-73.7757,-42.4546],[-73.7754,-42.455],[-73.7746,-42.4552],[-73.7748,-42.4546],[-73.7749,-42.4536],[-73.7746,-42.4517],[-73.7759,-42.4515],[-73.7765,-42.4513],[-73.7768,-42.4518],[-73.7765,-42.4513],[-73.7772,-42.4508],[-73.7775,-42.4511],[-73.7773,-42.4508],[-73.7776,-42.4506],[-73.7781,-42.451],[-73.7776,-42.4506],[-73.7778,-42.4504],[-73.779,-42.4501],[-73.7793,-42.4502],[-73.7798,-42.4506],[-73.7791,-42.4501],[-73.7778,-42.4504],[-73.7781,-42.45]]]},"properties":{"OID":461,"MANZENT":10201033021000,"n_per":52,"n_hombres":23,"n_mujeres":29,"n_edad_0_5":2,"n_edad_6_1":4,"n_edad_14_":5,"n_edad_18_":3,"n_edad_25_":18,"n_edad_45_":17,"n_edad_60_":3,"n_transpor":20,"n_transp_1":5,"n_transp_2":0,"n_transp_3":0,"n_transp_4":0,"n_transp_5":0,"n_transp_6":3,"dim_acc":0,"dim_soc":0}},{"type":"Feature","id":462,"geometry":{"type":"Polygon","coordinates":[[[-73.7718,-42.4544],[-73.7717,-42.4541],[-73.772,-42.454],[-73.7714,-42.4541],[-73.7708,-42.454],[-73.7712,-42.4541],[-73.7717,-42.4541],[-73.7718,-42.4544],[-73.7716,-42.4545],[-73.7723,-42.4543],[-73.7728,-42.4544],[-73.7728,-42.455],[-73.7711,-42.4551],[-73.7716,-42.4551],[-73.7728,-42.455],[-73.7727,-42.4564],[-73.7697,-42.4557],[-73.7682,-42.4552],[-73.7691,-42.4542],[-73.7702,-42.4545],[-73.7691,-42.4542],[-73.7692,-42.4539],[-73.7697,-42.4535],[-73.7715,-42.4535],[-73.7719,-42.4535],[-73.7724,-42.4533],[-73.7728,-42.4533],[-73.7728,-42.4544],[-73.7723,-42.4543],[-73.7718,-42.4544]]]},"properties":{"OID":462,"MANZENT":10201033021000,"n_per":110,"n_hombres":50,"n_mujeres":60,"n_edad_0_5":9,"n_edad_6_1":8,"n_edad_14_":9,"n_edad_18_":6,"n_edad_25_":35,"n_edad_45_":26,"n_edad_60_":17,"n_transpor":42,"n_transp_1":5,"n_transp_2":0,"n_transp_3":0,"n_transp_4":0,"n_transp_5":0,"n_transp_6":4,"dim_acc":0,"dim_soc":0}},{"type":"Feature","id":463,"geometry":{"type":"MultiPolygon","coordinates":[[[[-73.7684,-42.4519],[-73.7685,-42.4516],[-73.7687,-42.4513],[-73.7695,-42.4517],[-73.7693,-42.4522],[-73.7689,-42.4519],[-73.7684,-42.4519]]],[[[-73.7683,-42.451],[-73.7685,-42.4507],[-73.7696,-42.4511],[-73.7703,-42.4511],[-73.772,-42.4516],[-73.7734,-42.4517],[-73.7729,-42.4529],[-73.7715,-42.4528],[-73.7729,-42.453],[-73.7728,-42.4533],[-73.7724,-42.4532],[-73.7718,-42.4534],[-73.7715,-42.4535],[-73.7697,-42.4535],[-73.7691,-42.4538],[-73.7689,-42.4535],[-73.7694,-42.4532],[-73.7689,-42.4535],[-73.7684,-42.4532],[-73.7678,-42.4526],[-73.7678,-42.4523],[-73.7682,-42.452],[-73.7684,-42.4519],[-73.7688,-42.452],[-73.7693,-42.4523],[-73.7695,-42.4526],[-73.7706,-42.4527],[-73.7695,-42.4526],[-73.7694,-42.4523],[-73.7696,-42.4517],[-73.7687,-42.4513],[-73.7685,-42.4514],[-73.7683,-42.4519],[-73.7678,-42.4523],[-73.7679,-42.4516],[-73.7683,-42.451]]]]},"properties":{"OID":463,"MANZENT":10201033021000,"n_per":86,"n_hombres":43,"n_mujeres":43,"n_edad_0_5":11,"n_edad_6_1":13,"n_edad_14_":2,"n_edad_18_":7,"n_edad_25_":25,"n_edad_45_":22,"n_edad_60_":6,"n_transpor":29,"n_transp_1":6,"n_transp_2":2,"n_transp_3":0,"n_transp_4":0,"n_transp_5":0,"n_transp_6":1,"dim_acc":0,"dim_soc":0}},{"type":"Feature","id":464,"geometry":{"type":"MultiPolygon","coordinates":[[[[-73.7674,-42.4569],[-73.768,-42.4556],[-73.7682,-42.4552],[-73.7697,-42.4558],[-73.7729,-42.4565],[-73.7732,-42.4569],[-73.7729,-42.4571],[-73.7725,-42.4572],[-73.772,-42.4576],[-73.7718,-42.4576],[-73.7715,-42.4579],[-73.7713,-42.4578],[-73.7709,-42.4579],[-73.7705,-42.4579],[-73.7703,-42.4579],[-73.7702,-42.4577],[-73.7699,-42.4576],[-73.7698,-42.4574],[-73.7694,-42.4575],[-73.7692,-42.4576],[-73.7692,-42.4579],[-73.7688,-42.458],[-73.7684,-42.4584],[-73.7679,-42.4584],[-73.7678,-42.4588],[-73.7677,-42.459],[-73.7677,-42.4594],[-73.7671,-42.4588],[-73.7669,-42.4584],[-73.7674,-42.4569]]],[[[-73.7733,-42.4521],[-73.7735,-42.4515],[-73.7737,-42.4495],[-73.7741,-42.4487],[-73.7745,-42.4516],[-73.7738,-42.4522],[-73.7745,-42.4517],[-73.7747,-42.4527],[-73.7738,-42.4528],[-73.7747,-42.4527],[-73.7748,-42.4541],[-73.7746,-42.4552],[-73.774,-42.4561],[-73.7733,-42.4568],[-73.773,-42.4565],[-73.7728,-42.4561],[-73.7728,-42.4536],[-73.7733,-42.4521]]]]},"properties":{"OID":464,"MANZENT":10201033021000,"n_per":11,"n_hombres":5,"n_mujeres":6,"n_edad_0_5":0,"n_edad_6_1":0,"n_edad_14_":0,"n_edad_18_":1,"n_edad_25_":1,"n_edad_45_":3,"n_edad_60_":6,"n_transpor":4,"n_transp_1":0,"n_transp_2":0,"n_transp_3":0,"n_transp_4":0,"n_transp_5":0,"n_transp_6":0,"dim_acc":0,"dim_soc":0}},{"type":"Feature","id":465,"geometry":{"type":"Polygon","coordinates":[[[-73.7629,-42.4286],[-73.7637,-42.4283],[-73.7643,-42.4283],[-73.7648,-42.4286],[-73.7652,-42.4293],[-73.7649,-42.4285],[-73.7643,-42.4283],[-73.7637,-42.4283],[-73.7629,-42.4285],[-73.762,-42.428],[-73.7616,-42.4279],[-73.7614,-42.4279],[-73.7608,-42.4281],[-73.7605,-42.4282],[-73.7596,-42.428],[-73.7597,-42.428],[-73.7599,-42.4278],[-73.7604,-42.4279],[-73.7606,-42.4277],[-73.7608,-42.4277],[-73.7608,-42.4276],[-73.7609,-42.4276],[-73.7611,-42.4274],[-73.761,-42.4274],[-73.7614,-42.4274],[-73.7618,-42.4276],[-73.7621,-42.4276],[-73.7622,-42.4277],[-73.7622,-42.4279],[-73.7625,-42.4281],[-73.7628,-42.4282],[-73.7627,-42.4283],[-73.763,-42.4283],[-73.7632,-42.4284],[-73.7633,-42.4283],[-73.7635,-42.4283],[-73.7634,-42.4282],[-73.7636,-42.4281],[-73.7641,-42.428],[-73.7645,-42.4277],[-73.7647,-42.4276],[-73.7652,-42.4277],[-73.7653,-42.4279],[-73.7652,-42.4283],[-73.7652,-42.4285],[-73.7659,-42.429],[-73.7659,-42.4296],[-73.7662,-42.4297],[-73.7663,-42.4301],[-73.7666,-42.4301],[-73.7668,-42.43],[-73.7671,-42.4295],[-73.7671,-42.4292],[-73.7669,-42.429],[-73.7667,-42.4287],[-73.7667,-42.4285],[-73.7672,-42.4285],[-73.7675,-42.4285],[-73.7673,-42.4306],[-73.767,-42.4308],[-73.7665,-42.4325],[-73.7651,-42.4317],[-73.7647,-42.431],[-73.7655,-42.4306],[-73.7652,-42.4308],[-73.7652,-42.4306],[-73.7651,-42.4304],[-73.7651,-42.4308],[-73.7646,-42.4309],[-73.7636,-42.4294],[-73.7629,-42.429],[-73.7629,-42.4286]]]},"properties":{"OID":465,"MANZENT":10201033029000,"n_per":81,"n_hombres":35,"n_mujeres":46,"n_edad_0_5":5,"n_edad_6_1":7,"n_edad_14_":5,"n_edad_18_":13,"n_edad_25_":25,"n_edad_45_":17,"n_edad_60_":9,"n_transpor":20,"n_transp_1":7,"n_transp_2":6,"n_transp_3":0,"n_transp_4":0,"n_transp_5":0,"n_transp_6":2,"dim_acc":0,"dim_soc":0}},{"type":"Feature","id":466,"geometry":{"type":"Polygon","coordinates":[[[-73.7606,-42.4282],[-73.7612,-42.428],[-73.7616,-42.428],[-73.762,-42.4281],[-73.7628,-42.4285],[-73.7629,-42.4291],[-73.7635,-42.4294],[-73.765,-42.4315],[-73.7643,-42.4315],[-73.7642,-42.4311],[-73.7642,-42.4315],[-73.7639,-42.4314],[-73.7635,-42.4305],[-73.7638,-42.4314],[-73.7625,-42.4312],[-73.7627,-42.4302],[-73.7626,-42.43],[-73.7619,-42.4296],[-73.7617,-42.4293],[-73.7616,-42.429],[-73.7615,-42.4289],[-73.7607,-42.4291],[-73.7602,-42.4291],[-73.7596,-42.429],[-73.7585,-42.4286],[-73.7588,-42.4285],[-73.7589,-42.4285],[-73.7588,-42.4286],[-73.7591,-42.4286],[-73.7592,-42.4285],[-73.759,-42.4282],[-73.7596,-42.428],[-73.7606,-42.4282]]]},"properties":{"OID":466,"MANZENT":10201033029000,"n_per":104,"n_hombres":51,"n_mujeres":53,"n_edad_0_5":6,"n_edad_6_1":12,"n_edad_14_":9,"n_edad_18_":5,"n_edad_25_":33,"n_edad_45_":17,"n_edad_60_":22,"n_transpor":24,"n_transp_1":10,"n_transp_2":6,"n_transp_3":0,"n_transp_4":0,"n_transp_5":0,"n_transp_6":4,"dim_acc":0,"dim_soc":0}},{"type":"Feature","id":467,"geometry":{"type":"Polygon","coordinates":[[[-73.7671,-42.4308],[-73.7673,-42.4306],[-73.7673,-42.4308],[-73.7677,-42.4311],[-73.7685,-42.4311],[-73.7698,-42.4337],[-73.7682,-42.4346],[-73.7677,-42.4337],[-73.7668,-42.4328],[-73.7666,-42.4325],[-73.7671,-42.4308]]]},"properties":{"OID":467,"MANZENT":10201033029000,"n_per":60,"n_hombres":30,"n_mujeres":30,"n_edad_0_5":2,"n_edad_6_1":7,"n_edad_14_":0,"n_edad_18_":7,"n_edad_25_":14,"n_edad_45_":16,"n_edad_60_":14,"n_transpor":6,"n_transp_1":12,"n_transp_2":4,"n_transp_3":0,"n_transp_4":0,"n_transp_5":0,"n_transp_6":0,"dim_acc":0,"dim_soc":0}},{"type":"Feature","id":468,"geometry":{"type":"Polygon","coordinates":[[[-73.7636,-42.4319],[-73.7633,-42.4317],[-73.7631,-42.4314],[-73.7643,-42.4315],[-73.7645,-42.432],[-73.7647,-42.4322],[-73.7644,-42.4315],[-73.765,-42.4316],[-73.7653,-42.4319],[-73.7665,-42.4325],[-73.7667,-42.4328],[-73.7676,-42.4337],[-73.7679,-42.4341],[-73.7677,-42.434],[-73.7669,-42.434],[-73.7666,-42.4339],[-73.7669,-42.4341],[-73.7677,-42.4341],[-73.7679,-42.4342],[-73.768,-42.4343],[-73.7666,-42.4343],[-73.768,-42.4344],[-73.7682,-42.4347],[-73.7671,-42.4351],[-73.7667,-42.4351],[-73.7671,-42.4351],[-73.7682,-42.4347],[-73.7683,-42.4348],[-73.7677,-42.4357],[-73.7643,-42.4355],[-73.7647,-42.4332],[-73.7625,-42.4319],[-73.7631,-42.4315],[-73.7632,-42.4318],[-73.7641,-42.4323],[-73.7636,-42.4319]]]},"properties":{"OID":468,"MANZENT":10201033029000,"n_per":114,"n_hombres":63,"n_mujeres":51,"n_edad_0_5":7,"n_edad_6_1":11,"n_edad_14_":6,"n_edad_18_":7,"n_edad_25_":39,"n_edad_45_":22,"n_edad_60_":22,"n_transpor":26,"n_transp_1":9,"n_transp_2":10,"n_transp_3":0,"n_transp_4":0,"n_transp_5":0,"n_transp_6":4,"dim_acc":0,"dim_soc":0}},{"type":"Feature","id":469,"geometry":{"type":"Polygon","coordinates":[[[-73.7714,-42.4367],[-73.7716,-42.4371],[-73.7699,-42.4382],[-73.7699,-42.4368],[-73.769,-42.4357],[-73.7684,-42.4348],[-73.7686,-42.4344],[-73.7698,-42.4337],[-73.7713,-42.4365],[-73.7712,-42.4365],[-73.7707,-42.4359],[-73.7705,-42.4357],[-73.7702,-42.4358],[-73.7706,-42.4359],[-73.7711,-42.4365],[-73.7714,-42.4367]]]},"properties":{"OID":469,"MANZENT":10201033029000,"n_per":47,"n_hombres":21,"n_mujeres":26,"n_edad_0_5":1,"n_edad_6_1":3,"n_edad_14_":2,"n_edad_18_":4,"n_edad_25_":7,"n_edad_45_":18,"n_edad_60_":12,"n_transpor":10,"n_transp_1":6,"n_transp_2":3,"n_transp_3":0,"n_transp_4":0,"n_transp_5":0,"n_transp_6":1,"dim_acc":0,"dim_soc":0}},{"type":"Feature","id":470,"geometry":{"type":"Polygon","coordinates":[[[-73.7676,-42.4367],[-73.7673,-42.4366],[-73.7683,-42.4349],[-73.769,-42.4358],[-73.7685,-42.436],[-73.7679,-42.4366],[-73.7676,-42.4367]]]},"properties":{"OID":470,"MANZENT":10201033029000,"n_per":12,"n_hombres":5,"n_mujeres":7,"n_edad_0_5":1,"n_edad_6_1":1,"n_edad_14_":0,"n_edad_18_":0,"n_edad_25_":1,"n_edad_45_":3,"n_edad_60_":6,"n_transpor":3,"n_transp_1":0,"n_transp_2":0,"n_transp_3":0,"n_transp_4":0,"n_transp_5":0,"n_transp_6":1,"dim_acc":0,"dim_soc":0}},{"type":"Feature","id":471,"geometry":{"type":"Polygon","coordinates":[[[-73.7634,-42.4355],[-73.7677,-42.4358],[-73.7672,-42.4366],[-73.7662,-42.437],[-73.766,-42.4371],[-73.7655,-42.438],[-73.7644,-42.4383],[-73.7643,-42.4366],[-73.7633,-42.4366],[-73.7634,-42.4355]]]},"properties":{"OID":471,"MANZENT":10201033029000,"n_per":49,"n_hombres":25,"n_mujeres":24,"n_edad_0_5":3,"n_edad_6_1":8,"n_edad_14_":3,"n_edad_18_":2,"n_edad_25_":16,"n_edad_45_":4,"n_edad_60_":13,"n_transpor":11,"n_transp_1":1,"n_transp_2":4,"n_transp_3":0,"n_transp_4":0,"n_transp_5":0,"n_transp_6":1,"dim_acc":0,"dim_soc":0}},{"type":"Feature","id":472,"geometry":{"type":"Polygon","coordinates":[[[-73.7662,-42.439],[-73.7665,-42.4393],[-73.7662,-42.4389],[-73.7666,-42.4384],[-73.7666,-42.4382],[-73.7669,-42.4377],[-73.7666,-42.4382],[-73.7657,-42.4379],[-73.7658,-42.4376],[-73.7662,-42.4377],[-73.7658,-42.4376],[-73.7661,-42.4371],[-73.7673,-42.4366],[-73.7676,-42.4367],[-73.768,-42.4367],[-73.7686,-42.4361],[-73.769,-42.4359],[-73.7699,-42.4368],[-73.7698,-42.4381],[-73.77,-42.4384],[-73.7694,-42.4386],[-73.7691,-42.438],[-73.7691,-42.4381],[-73.7692,-42.4381],[-73.7694,-42.4386],[-73.7689,-42.4388],[-73.7685,-42.438],[-73.7688,-42.4388],[-73.7687,-42.4388],[-73.77,-42.4385],[-73.7705,-42.4393],[-73.7701,-42.4402],[-73.7702,-42.4406],[-73.7716,-42.442],[-73.7718,-42.4425],[-73.7713,-42.4432],[-73.771,-42.443],[-73.7706,-42.443],[-73.7702,-42.4428],[-73.7701,-42.4426],[-73.7702,-42.4428],[-73.7706,-42.443],[-73.7707,-42.4431],[-73.771,-42.443],[-73.7713,-42.4432],[-73.7709,-42.4436],[-73.7703,-42.4434],[-73.7693,-42.4436],[-73.7682,-42.4437],[-73.7693,-42.4436],[-73.7703,-42.4435],[-73.7709,-42.4436],[-73.7707,-42.444],[-73.7709,-42.4447],[-73.7708,-42.4451],[-73.7706,-42.4453],[-73.7699,-42.4456],[-73.7696,-42.4461],[-73.7685,-42.4454],[-73.7678,-42.4446],[-73.7673,-42.4437],[-73.7658,-42.4422],[-73.7652,-42.4408],[-73.7653,-42.4395],[-73.765,-42.4385],[-73.765,-42.4382],[-73.7655,-42.4381],[-73.7657,-42.4379],[-73.7666,-42.4383],[-73.7662,-42.4388],[-73.7658,-42.4395],[-73.7659,-42.4396],[-73.7655,-42.4399],[-73.7656,-42.4399],[-73.766,-42.4396],[-73.7659,-42.4395],[-73.7662,-42.439]]]},"properties":{"OID":472,"MANZENT":10201033029000,"n_per":316,"n_hombres":145,"n_mujeres":171,"n_edad_0_5":22,"n_edad_6_1":28,"n_edad_14_":20,"n_edad_18_":22,"n_edad_25_":108,"n_edad_45_":66,"n_edad_60_":50,"n_transpor":68,"n_transp_1":47,"n_transp_2":13,"n_transp_3":1,"n_transp_4":0,"n_transp_5":0,"n_transp_6":7,"dim_acc":0,"dim_soc":0}},{"type":"Feature","id":473,"geometry":{"type":"Polygon","coordinates":[[[-73.7727,-42.4398],[-73.7732,-42.4433],[-73.773,-42.4433],[-73.7726,-42.4432],[-73.7723,-42.4431],[-73.7716,-42.442],[-73.7702,-42.4405],[-73.7701,-42.4403],[-73.7705,-42.4393],[-73.7699,-42.4382],[-73.7717,-42.4371],[-73.7725,-42.439],[-73.7715,-42.4388],[-73.7725,-42.439],[-73.7726,-42.4397],[-73.7724,-42.4398],[-73.7723,-42.4394],[-73.7714,-42.4395],[-73.7713,-42.4391],[-73.7711,-42.439],[-73.7712,-42.4391],[-73.7714,-42.4395],[-73.7723,-42.4395],[-73.7724,-42.4398],[-73.7726,-42.4398],[-73.7727,-42.4398]]]},"properties":{"OID":473,"MANZENT":10201033029000,"n_per":69,"n_hombres":38,"n_mujeres":31,"n_edad_0_5":4,"n_edad_6_1":5,"n_edad_14_":2,"n_edad_18_":5,"n_edad_25_":20,"n_edad_45_":12,"n_edad_60_":21,"n_transpor":2,"n_transp_1":8,"n_transp_2":4,"n_transp_3":0,"n_transp_4":0,"n_transp_5":0,"n_transp_6":3,"dim_acc":0,"dim_soc":0}},{"type":"Feature","id":474,"geometry":{"type":"Polygon","coordinates":[[[-73.7905,-42.5085],[-73.7904,-42.5083],[-73.79,-42.508],[-73.7901,-42.5079],[-73.7907,-42.5081],[-73.7908,-42.5082],[-73.7908,-42.5085],[-73.7905,-42.5085]]]},"properties":{"OID":474,"MANZENT":10201023008000,"n_per":0,"n_hombres":0,"n_mujeres":0,"n_edad_0_5":0,"n_edad_6_1":0,"n_edad_14_":0,"n_edad_18_":0,"n_edad_25_":0,"n_edad_45_":0,"n_edad_60_":0,"n_transpor":0,"n_transp_1":0,"n_transp_2":0,"n_transp_3":0,"n_transp_4":0,"n_transp_5":0,"n_transp_6":0,"dim_acc":0,"dim_soc":0}},{"type":"Feature","id":475,"geometry":{"type":"Polygon","coordinates":[[[-73.7728,-42.4564],[-73.7728,-42.4561],[-73.7729,-42.4564],[-73.7728,-42.4564]]]},"properties":{"OID":475,"MANZENT":10201033021000,"n_per":0,"n_hombres":0,"n_mujeres":0,"n_edad_0_5":0,"n_edad_6_1":0,"n_edad_14_":0,"n_edad_18_":0,"n_edad_25_":0,"n_edad_45_":0,"n_edad_60_":0,"n_transpor":0,"n_transp_1":0,"n_transp_2":0,"n_transp_3":0,"n_transp_4":0,"n_transp_5":0,"n_transp_6":0,"dim_acc":0,"dim_soc":0}},{"type":"Feature","id":476,"geometry":{"type":"Polygon","coordinates":[[[-73.7679,-42.4311],[-73.7675,-42.4309],[-73.7674,-42.4308],[-73.7673,-42.4306],[-73.7676,-42.4285],[-73.7677,-42.4286],[-73.7678,-42.4297],[-73.7684,-42.431],[-73.7679,-42.4311]]]},"properties":{"OID":476,"MANZENT":10201033029000,"n_per":0,"n_hombres":0,"n_mujeres":0,"n_edad_0_5":0,"n_edad_6_1":0,"n_edad_14_":0,"n_edad_18_":0,"n_edad_25_":0,"n_edad_45_":0,"n_edad_60_":0,"n_transpor":0,"n_transp_1":0,"n_transp_2":0,"n_transp_3":0,"n_transp_4":0,"n_transp_5":0,"n_transp_6":0,"dim_acc":0,"dim_soc":0}},{"type":"Feature","id":477,"geometry":{"type":"Polygon","coordinates":[[[-73.7682,-42.4347],[-73.7685,-42.4345],[-73.7683,-42.4348],[-73.7682,-42.4347]]]},"properties":{"OID":477,"MANZENT":10201033029000,"n_per":0,"n_hombres":0,"n_mujeres":0,"n_edad_0_5":0,"n_edad_6_1":0,"n_edad_14_":0,"n_edad_18_":0,"n_edad_25_":0,"n_edad_45_":0,"n_edad_60_":0,"n_transpor":0,"n_transp_1":0,"n_transp_2":0,"n_transp_3":0,"n_transp_4":0,"n_transp_5":0,"n_transp_6":0,"dim_acc":0,"dim_soc":0}}]}