{"type":"FeatureCollection","crs":{"type":"name","properties":{"name":"EPSG:4674"}},"features":[{"type":"Feature","id":1,"geometry":{"type":"Polygon","coordinates":[[[-73.6433,-43.1122],[-73.6434,-43.112],[-73.6444,-43.1123],[-73.6445,-43.1122],[-73.6455,-43.1125],[-73.6444,-43.1139],[-73.6442,-43.1137],[-73.6447,-43.113],[-73.6446,-43.113],[-73.6441,-43.1137],[-73.6431,-43.1133],[-73.643,-43.1133],[-73.6443,-43.1138],[-73.6444,-43.1139],[-73.6438,-43.1147],[-73.6431,-43.1145],[-73.6431,-43.1144],[-73.6432,-43.1143],[-73.643,-43.1143],[-73.6431,-43.1145],[-73.642,-43.1143],[-73.642,-43.1143],[-73.6437,-43.1148],[-73.6431,-43.1156],[-73.6428,-43.1158],[-73.6417,-43.1172],[-73.641,-43.1176],[-73.6406,-43.1179],[-73.6405,-43.1178],[-73.6406,-43.1177],[-73.641,-43.1173],[-73.6412,-43.1174],[-73.641,-43.1173],[-73.6411,-43.1171],[-73.641,-43.1172],[-73.641,-43.1173],[-73.6405,-43.1178],[-73.6406,-43.118],[-73.6398,-43.1185],[-73.639,-43.1193],[-73.6382,-43.1188],[-73.6367,-43.1181],[-73.6371,-43.1179],[-73.6382,-43.1183],[-73.6385,-43.1179],[-73.638,-43.1177],[-73.6384,-43.1179],[-73.6381,-43.1182],[-73.6372,-43.1179],[-73.6373,-43.1179],[-73.6372,-43.1178],[-73.6372,-43.1177],[-73.6372,-43.1178],[-73.6367,-43.1181],[-73.6364,-43.118],[-73.6365,-43.1179],[-73.6381,-43.1156],[-73.6403,-43.1166],[-73.6424,-43.1132],[-73.6433,-43.1122]]]},"properties":{"OID":1,"MANZENT":10208011001000,"n_per":167,"n_hombres":88,"n_mujeres":79,"n_edad_0_5":21,"n_edad_6_1":20,"n_edad_14_":10,"n_edad_18_":10,"n_edad_25_":58,"n_edad_45_":30,"n_edad_60_":18,"n_transpor":30,"n_transp_1":8,"n_transp_2":1,"n_transp_3":0,"n_transp_4":0,"n_transp_5":1,"n_transp_6":3,"dim_acc":0,"dim_soc":0}},{"type":"Feature","id":2,"geometry":{"type":"Polygon","coordinates":[[[-73.6389,-43.1146],[-73.6387,-43.1148],[-73.6382,-43.1146],[-73.6387,-43.1148],[-73.6385,-43.115],[-73.6367,-43.1145],[-73.6366,-43.1143],[-73.6367,-43.114],[-73.6366,-43.1143],[-73.6367,-43.1145],[-73.6385,-43.115],[-73.6382,-43.1154],[-73.6364,-43.1147],[-73.6364,-43.1148],[-73.6382,-43.1155],[-73.6369,-43.1172],[-73.6366,-43.1172],[-73.6368,-43.1168],[-73.6362,-43.1166],[-73.6363,-43.1165],[-73.6365,-43.1165],[-73.6357,-43.1162],[-73.6363,-43.1165],[-73.6361,-43.1168],[-73.6353,-43.1165],[-73.6353,-43.1166],[-73.636,-43.1168],[-73.6359,-43.1172],[-73.6356,-43.1171],[-73.6359,-43.1173],[-73.6356,-43.1176],[-73.6351,-43.1174],[-73.635,-43.1169],[-73.6347,-43.1166],[-73.6347,-43.1166],[-73.635,-43.1169],[-73.635,-43.1172],[-73.6348,-43.1172],[-73.6332,-43.1165],[-73.6324,-43.1164],[-73.6324,-43.1162],[-73.6328,-43.1158],[-73.6332,-43.1149],[-73.6331,-43.1144],[-73.6329,-43.1141],[-73.633,-43.1138],[-73.6338,-43.1138],[-73.6348,-43.1141],[-73.6359,-43.1146],[-73.6364,-43.1133],[-73.638,-43.1136],[-73.6394,-43.114],[-73.6389,-43.1145],[-73.638,-43.1144],[-73.6377,-43.1141],[-73.6379,-43.1144],[-73.6385,-43.1145],[-73.6388,-43.1145],[-73.6389,-43.1146],[-73.6389,-43.1146]]]},"properties":{"OID":2,"MANZENT":10208011001000,"n_per":163,"n_hombres":78,"n_mujeres":85,"n_edad_0_5":18,"n_edad_6_1":22,"n_edad_14_":7,"n_edad_18_":11,"n_edad_25_":78,"n_edad_45_":15,"n_edad_60_":12,"n_transpor":23,"n_transp_1":21,"n_transp_2":10,"n_transp_3":0,"n_transp_4":0,"n_transp_5":2,"n_transp_6":22,"dim_acc":0,"dim_soc":0}},{"type":"Feature","id":3,"geometry":{"type":"Polygon","coordinates":[[[-73.6418,-43.1184],[-73.6419,-43.1178],[-73.6417,-43.1184],[-73.6414,-43.1183],[-73.6424,-43.1187],[-73.6419,-43.1193],[-73.6414,-43.1191],[-73.6411,-43.1192],[-73.641,-43.1187],[-73.6411,-43.1191],[-73.641,-43.1192],[-73.6408,-43.1191],[-73.6404,-43.1189],[-73.6408,-43.1192],[-73.6414,-43.1192],[-73.6419,-43.1194],[-73.6417,-43.1196],[-73.6414,-43.1197],[-73.6397,-43.1199],[-73.6391,-43.1193],[-73.6398,-43.1185],[-73.6405,-43.1181],[-73.6413,-43.1174],[-73.6414,-43.1174],[-73.6416,-43.1175],[-73.6419,-43.1175],[-73.6415,-43.1174],[-73.642,-43.117],[-73.6428,-43.1158],[-73.643,-43.1157],[-73.6449,-43.1172],[-73.6439,-43.1174],[-73.6431,-43.118],[-73.6425,-43.1187],[-73.6418,-43.1184]]]},"properties":{"OID":3,"MANZENT":10208011001000,"n_per":130,"n_hombres":68,"n_mujeres":62,"n_edad_0_5":15,"n_edad_6_1":15,"n_edad_14_":6,"n_edad_18_":9,"n_edad_25_":40,"n_edad_45_":30,"n_edad_60_":15,"n_transpor":7,"n_transp_1":16,"n_transp_2":9,"n_transp_3":0,"n_transp_4":0,"n_transp_5":2,"n_transp_6":5,"dim_acc":0,"dim_soc":0}},{"type":"Feature","id":4,"geometry":{"type":"Polygon","coordinates":[[[-73.6255,-43.1172],[-73.6285,-43.1166],[-73.6294,-43.1165],[-73.6297,-43.1176],[-73.6289,-43.1176],[-73.6288,-43.1172],[-73.6288,-43.1176],[-73.6283,-43.1176],[-73.6281,-43.1173],[-73.6283,-43.1177],[-73.6277,-43.1178],[-73.6275,-43.1177],[-73.6276,-43.1178],[-73.6275,-43.1179],[-73.6271,-43.1176],[-73.6274,-43.1179],[-73.6271,-43.1181],[-73.6268,-43.1178],[-73.6271,-43.1181],[-73.6267,-43.1184],[-73.626,-43.1179],[-73.6254,-43.1181],[-73.6256,-43.1179],[-73.6255,-43.1172]]]},"properties":{"OID":4,"MANZENT":10208011001000,"n_per":221,"n_hombres":115,"n_mujeres":106,"n_edad_0_5":8,"n_edad_6_1":24,"n_edad_14_":11,"n_edad_18_":24,"n_edad_25_":68,"n_edad_45_":49,"n_edad_60_":37,"n_transpor":13,"n_transp_1":21,"n_transp_2":22,"n_transp_3":0,"n_transp_4":0,"n_transp_5":3,"n_transp_6":7,"dim_acc":0,"dim_soc":0}},{"type":"Feature","id":5,"geometry":{"type":"Polygon","coordinates":[[[-73.6303,-43.1167],[-73.6302,-43.1177],[-73.6297,-43.1177],[-73.6294,-43.1165],[-73.6303,-43.1165],[-73.6303,-43.1167]]]},"properties":{"OID":5,"MANZENT":10208011001000,"n_per":79,"n_hombres":45,"n_mujeres":34,"n_edad_0_5":6,"n_edad_6_1":6,"n_edad_14_":3,"n_edad_18_":4,"n_edad_25_":32,"n_edad_45_":14,"n_edad_60_":14,"n_transpor":6,"n_transp_1":8,"n_transp_2":11,"n_transp_3":1,"n_transp_4":0,"n_transp_5":1,"n_transp_6":10,"dim_acc":0,"dim_soc":0}},{"type":"Feature","id":6,"geometry":{"type":"Polygon","coordinates":[[[-73.6309,-43.1175],[-73.6312,-43.1175],[-73.6312,-43.1177],[-73.6303,-43.1177],[-73.6303,-43.1165],[-73.6311,-43.1165],[-73.6311,-43.1169],[-73.6307,-43.1169],[-73.6306,-43.1167],[-73.6306,-43.1169],[-73.6311,-43.1169],[-73.6312,-43.1172],[-73.6307,-43.1172],[-73.6312,-43.1172],[-73.6312,-43.1175],[-73.6309,-43.1175]]]},"properties":{"OID":6,"MANZENT":10208011001000,"n_per":97,"n_hombres":55,"n_mujeres":42,"n_edad_0_5":4,"n_edad_6_1":16,"n_edad_14_":6,"n_edad_18_":6,"n_edad_25_":27,"n_edad_45_":18,"n_edad_60_":20,"n_transpor":0,"n_transp_1":9,"n_transp_2":4,"n_transp_3":0,"n_transp_4":0,"n_transp_5":0,"n_transp_6":3,"dim_acc":0,"dim_soc":0}},{"type":"Feature","id":7,"geometry":{"type":"Polygon","coordinates":[[[-73.6312,-43.1172],[-73.6311,-43.1165],[-73.6321,-43.1166],[-73.6321,-43.117],[-73.6317,-43.1176],[-73.6313,-43.1177],[-73.6312,-43.1172]]]},"properties":{"OID":7,"MANZENT":10208011001000,"n_per":80,"n_hombres":38,"n_mujeres":42,"n_edad_0_5":5,"n_edad_6_1":11,"n_edad_14_":6,"n_edad_18_":11,"n_edad_25_":20,"n_edad_45_":19,"n_edad_60_":8,"n_transpor":4,"n_transp_1":10,"n_transp_2":19,"n_transp_3":1,"n_transp_4":0,"n_transp_5":1,"n_transp_6":1,"dim_acc":0,"dim_soc":0}},{"type":"Feature","id":8,"geometry":{"type":"Polygon","coordinates":[[[-73.6337,-43.1168],[-73.635,-43.1174],[-73.6349,-43.1178],[-73.635,-43.118],[-73.6354,-43.1182],[-73.6349,-43.118],[-73.635,-43.1174],[-73.6365,-43.1181],[-73.6363,-43.1181],[-73.6359,-43.1187],[-73.6338,-43.1181],[-73.6338,-43.1178],[-73.6339,-43.1176],[-73.6338,-43.1178],[-73.6331,-43.1177],[-73.6328,-43.1175],[-73.6326,-43.1173],[-73.6324,-43.1168],[-73.6325,-43.1166],[-73.6329,-43.1165],[-73.6335,-43.1167],[-73.6332,-43.117],[-73.6335,-43.1167],[-73.6337,-43.1168]]]},"properties":{"OID":8,"MANZENT":10208011001000,"n_per":45,"n_hombres":20,"n_mujeres":25,"n_edad_0_5":6,"n_edad_6_1":3,"n_edad_14_":3,"n_edad_18_":4,"n_edad_25_":19,"n_edad_45_":7,"n_edad_60_":3,"n_transpor":7,"n_transp_1":10,"n_transp_2":2,"n_transp_3":0,"n_transp_4":0,"n_transp_5":0,"n_transp_6":5,"dim_acc":0,"dim_soc":0}},{"type":"Feature","id":9,"geometry":{"type":"Polygon","coordinates":[[[-73.6361,-43.1167],[-73.6362,-43.1166],[-73.6367,-43.1168],[-73.6365,-43.1172],[-73.636,-43.117],[-73.6361,-43.1167]]]},"properties":{"OID":9,"MANZENT":10208011001000,"n_per":23,"n_hombres":13,"n_mujeres":10,"n_edad_0_5":0,"n_edad_6_1":4,"n_edad_14_":2,"n_edad_18_":4,"n_edad_25_":8,"n_edad_45_":3,"n_edad_60_":2,"n_transpor":2,"n_transp_1":2,"n_transp_2":4,"n_transp_3":0,"n_transp_4":0,"n_transp_5":0,"n_transp_6":2,"dim_acc":0,"dim_soc":0}},{"type":"Feature","id":10,"geometry":{"type":"Polygon","coordinates":[[[-73.6475,-43.1178],[-73.6467,-43.117],[-73.647,-43.1169],[-73.6485,-43.1182],[-73.6474,-43.1186],[-73.6468,-43.1181],[-73.6473,-43.1186],[-73.6467,-43.1189],[-73.6452,-43.1179],[-73.6462,-43.1179],[-73.647,-43.1177],[-73.6462,-43.1179],[-73.6451,-43.1179],[-73.6444,-43.1174],[-73.6466,-43.117],[-73.6475,-43.1178]]]},"properties":{"OID":10,"MANZENT":10208011001000,"n_per":84,"n_hombres":42,"n_mujeres":42,"n_edad_0_5":4,"n_edad_6_1":13,"n_edad_14_":7,"n_edad_18_":6,"n_edad_25_":24,"n_edad_45_":24,"n_edad_60_":6,"n_transpor":4,"n_transp_1":2,"n_transp_2":0,"n_transp_3":0,"n_transp_4":0,"n_transp_5":0,"n_transp_6":0,"dim_acc":0,"dim_soc":0}},{"type":"Feature","id":11,"geometry":{"type":"Polygon","coordinates":[[[-73.6362,-43.1179],[-73.6356,-43.1176],[-73.636,-43.117],[-73.6369,-43.1173],[-73.6364,-43.118],[-73.6362,-43.1179]]]},"properties":{"OID":11,"MANZENT":10208011001000,"n_per":37,"n_hombres":20,"n_mujeres":17,"n_edad_0_5":1,"n_edad_6_1":5,"n_edad_14_":2,"n_edad_18_":6,"n_edad_25_":13,"n_edad_45_":8,"n_edad_60_":2,"n_transpor":0,"n_transp_1":1,"n_transp_2":1,"n_transp_3":0,"n_transp_4":0,"n_transp_5":0,"n_transp_6":0,"dim_acc":0,"dim_soc":0}},{"type":"Feature","id":12,"geometry":{"type":"Polygon","coordinates":[[[-73.6236,-43.1178],[-73.6236,-43.1173],[-73.6254,-43.1172],[-73.6255,-43.1177],[-73.6236,-43.1178]]]},"properties":{"OID":12,"MANZENT":10208011001000,"n_per":75,"n_hombres":40,"n_mujeres":35,"n_edad_0_5":4,"n_edad_6_1":6,"n_edad_14_":5,"n_edad_18_":7,"n_edad_25_":25,"n_edad_45_":9,"n_edad_60_":19,"n_transpor":4,"n_transp_1":9,"n_transp_2":13,"n_transp_3":1,"n_transp_4":0,"n_transp_5":0,"n_transp_6":1,"dim_acc":0,"dim_soc":0}},{"type":"Feature","id":13,"geometry":{"type":"Polygon","coordinates":[[[-73.6221,-43.1173],[-73.6235,-43.1173],[-73.6235,-43.1178],[-73.6222,-43.1179],[-73.6221,-43.1173]]]},"properties":{"OID":13,"MANZENT":10208011001000,"n_per":32,"n_hombres":19,"n_mujeres":13,"n_edad_0_5":0,"n_edad_6_1":2,"n_edad_14_":1,"n_edad_18_":4,"n_edad_25_":12,"n_edad_45_":5,"n_edad_60_":8,"n_transpor":3,"n_transp_1":2,"n_transp_2":4,"n_transp_3":0,"n_transp_4":0,"n_transp_5":1,"n_transp_6":0,"dim_acc":0,"dim_soc":0}},{"type":"Feature","id":14,"geometry":{"type":"Polygon","coordinates":[[[-73.6209,-43.1183],[-73.6212,-43.1174],[-73.622,-43.1174],[-73.6221,-43.1189],[-73.6211,-43.1191],[-73.6209,-43.1183]]]},"properties":{"OID":14,"MANZENT":10208011001000,"n_per":37,"n_hombres":20,"n_mujeres":17,"n_edad_0_5":0,"n_edad_6_1":1,"n_edad_14_":1,"n_edad_18_":1,"n_edad_25_":12,"n_edad_45_":8,"n_edad_60_":14,"n_transpor":7,"n_transp_1":0,"n_transp_2":3,"n_transp_3":0,"n_transp_4":0,"n_transp_5":0,"n_transp_6":0,"dim_acc":0,"dim_soc":0}},{"type":"Feature","id":15,"geometry":{"type":"Polygon","coordinates":[[[-73.6465,-43.119],[-73.6464,-43.1193],[-73.6462,-43.1193],[-73.6458,-43.1195],[-73.6451,-43.1199],[-73.6443,-43.1199],[-73.6436,-43.1203],[-73.6431,-43.1204],[-73.6425,-43.1204],[-73.641,-43.121],[-73.6406,-43.1206],[-73.6415,-43.1203],[-73.6423,-43.1198],[-73.6415,-43.1203],[-73.6406,-43.1206],[-73.64,-43.1201],[-73.6401,-43.1199],[-73.6412,-43.1199],[-73.6416,-43.1197],[-73.6429,-43.1182],[-73.644,-43.1175],[-73.6443,-43.1174],[-73.6466,-43.1189],[-73.6465,-43.119]]]},"properties":{"OID":15,"MANZENT":10208011001000,"n_per":168,"n_hombres":88,"n_mujeres":80,"n_edad_0_5":19,"n_edad_6_1":21,"n_edad_14_":8,"n_edad_18_":15,"n_edad_25_":56,"n_edad_45_":26,"n_edad_60_":23,"n_transpor":14,"n_transp_1":22,"n_transp_2":6,"n_transp_3":0,"n_transp_4":0,"n_transp_5":2,"n_transp_6":11,"dim_acc":0,"dim_soc":0}},{"type":"Feature","id":16,"geometry":{"type":"Polygon","coordinates":[[[-73.6209,-43.1175],[-73.6209,-43.1174],[-73.621,-43.1174],[-73.6207,-43.1183],[-73.6209,-43.1191],[-73.6198,-43.1191],[-73.6197,-43.1175],[-73.6208,-43.1174],[-73.6208,-43.1178],[-73.6209,-43.1175]]]},"properties":{"OID":16,"MANZENT":10208011001000,"n_per":41,"n_hombres":24,"n_mujeres":17,"n_edad_0_5":2,"n_edad_6_1":1,"n_edad_14_":1,"n_edad_18_":1,"n_edad_25_":14,"n_edad_45_":7,"n_edad_60_":15,"n_transpor":4,"n_transp_1":1,"n_transp_2":12,"n_transp_3":0,"n_transp_4":0,"n_transp_5":0,"n_transp_6":0,"dim_acc":0,"dim_soc":0}},{"type":"Feature","id":17,"geometry":{"type":"Polygon","coordinates":[[[-73.6236,-43.1179],[-73.6237,-43.1179],[-73.6254,-43.1178],[-73.6255,-43.1179],[-73.6253,-43.1182],[-73.6245,-43.1181],[-73.6253,-43.1183],[-73.6246,-43.1187],[-73.6238,-43.1188],[-73.6236,-43.1179]]]},"properties":{"OID":17,"MANZENT":10208011001000,"n_per":25,"n_hombres":12,"n_mujeres":13,"n_edad_0_5":1,"n_edad_6_1":0,"n_edad_14_":0,"n_edad_18_":2,"n_edad_25_":3,"n_edad_45_":12,"n_edad_60_":7,"n_transpor":1,"n_transp_1":3,"n_transp_2":2,"n_transp_3":0,"n_transp_4":0,"n_transp_5":0,"n_transp_6":1,"dim_acc":0,"dim_soc":0}},{"type":"Feature","id":18,"geometry":{"type":"Polygon","coordinates":[[[-73.6223,-43.1189],[-73.6222,-43.1179],[-73.6235,-43.1179],[-73.6236,-43.1188],[-73.6223,-43.1189]]]},"properties":{"OID":18,"MANZENT":10208011001000,"n_per":57,"n_hombres":22,"n_mujeres":35,"n_edad_0_5":5,"n_edad_6_1":2,"n_edad_14_":5,"n_edad_18_":3,"n_edad_25_":16,"n_edad_45_":15,"n_edad_60_":11,"n_transpor":8,"n_transp_1":5,"n_transp_2":8,"n_transp_3":0,"n_transp_4":0,"n_transp_5":0,"n_transp_6":0,"dim_acc":0,"dim_soc":0}},{"type":"Feature","id":19,"geometry":{"type":"Polygon","coordinates":[[[-73.6259,-43.1185],[-73.6256,-43.1182],[-73.626,-43.1179],[-73.6267,-43.1184],[-73.6261,-43.1189],[-73.6259,-43.1188],[-73.626,-43.119],[-73.6258,-43.1191],[-73.624,-43.1202],[-73.6237,-43.1202],[-73.6237,-43.1201],[-73.6226,-43.1204],[-73.6221,-43.1199],[-73.622,-43.1196],[-73.6223,-43.119],[-73.6244,-43.1189],[-73.6248,-43.1186],[-73.6251,-43.1189],[-73.6249,-43.1186],[-73.6251,-43.1185],[-73.6253,-43.1185],[-73.6252,-43.1184],[-73.6255,-43.1182],[-73.6259,-43.1185]]]},"properties":{"OID":19,"MANZENT":10208011001000,"n_per":57,"n_hombres":29,"n_mujeres":28,"n_edad_0_5":4,"n_edad_6_1":3,"n_edad_14_":1,"n_edad_18_":7,"n_edad_25_":16,"n_edad_45_":14,"n_edad_60_":12,"n_transpor":1,"n_transp_1":2,"n_transp_2":14,"n_transp_3":0,"n_transp_4":0,"n_transp_5":0,"n_transp_6":6,"dim_acc":0,"dim_soc":0}},{"type":"Feature","id":20,"geometry":{"type":"Polygon","coordinates":[[[-73.6366,-43.1192],[-73.6365,-43.119],[-73.6359,-43.1187],[-73.6363,-43.1181],[-73.6365,-43.1181],[-73.6374,-43.1185],[-73.6366,-43.1192]]]},"properties":{"OID":20,"MANZENT":10208011001000,"n_per":8,"n_hombres":5,"n_mujeres":3,"n_edad_0_5":1,"n_edad_6_1":1,"n_edad_14_":0,"n_edad_18_":0,"n_edad_25_":2,"n_edad_45_":4,"n_edad_60_":0,"n_transpor":0,"n_transp_1":0,"n_transp_2":0,"n_transp_3":0,"n_transp_4":0,"n_transp_5":0,"n_transp_6":0,"dim_acc":0,"dim_soc":0}},{"type":"Feature","id":21,"geometry":{"type":"Polygon","coordinates":[[[-73.6464,-43.1194],[-73.6467,-43.1189],[-73.6468,-43.119],[-73.6472,-43.1196],[-73.6469,-43.1189],[-73.6468,-43.1189],[-73.6473,-43.1187],[-73.6477,-43.1193],[-73.6474,-43.1186],[-73.6479,-43.1185],[-73.6484,-43.1194],[-73.6504,-43.1187],[-73.6505,-43.119],[-73.6478,-43.1199],[-73.6463,-43.1197],[-73.6464,-43.1194]]]},"properties":{"OID":21,"MANZENT":10208011001000,"n_per":44,"n_hombres":25,"n_mujeres":19,"n_edad_0_5":5,"n_edad_6_1":12,"n_edad_14_":1,"n_edad_18_":1,"n_edad_25_":18,"n_edad_45_":3,"n_edad_60_":4,"n_transpor":2,"n_transp_1":0,"n_transp_2":0,"n_transp_3":0,"n_transp_4":0,"n_transp_5":0,"n_transp_6":0,"dim_acc":0,"dim_soc":0}},{"type":"Feature","id":22,"geometry":{"type":"Polygon","coordinates":[[[-73.6366,-43.1192],[-73.6374,-43.1185],[-73.6386,-43.1191],[-73.6381,-43.1198],[-73.6384,-43.1195],[-73.6388,-43.1197],[-73.6387,-43.1199],[-73.6388,-43.1196],[-73.6384,-43.1195],[-73.6386,-43.1191],[-73.639,-43.1194],[-73.639,-43.12],[-73.6388,-43.1203],[-73.6381,-43.12],[-73.6373,-43.12],[-73.6369,-43.1198],[-73.6366,-43.1192]]]},"properties":{"OID":22,"MANZENT":10208011001000,"n_per":37,"n_hombres":19,"n_mujeres":18,"n_edad_0_5":1,"n_edad_6_1":4,"n_edad_14_":2,"n_edad_18_":5,"n_edad_25_":12,"n_edad_45_":2,"n_edad_60_":11,"n_transpor":0,"n_transp_1":1,"n_transp_2":2,"n_transp_3":0,"n_transp_4":0,"n_transp_5":0,"n_transp_6":0,"dim_acc":0,"dim_soc":0}},{"type":"Feature","id":23,"geometry":{"type":"Polygon","coordinates":[[[-73.6216,-43.1208],[-73.6211,-43.1192],[-73.6221,-43.119],[-73.6219,-43.1198],[-73.6225,-43.1205],[-73.6216,-43.1208]]]},"properties":{"OID":23,"MANZENT":10208011001000,"n_per":14,"n_hombres":7,"n_mujeres":7,"n_edad_0_5":0,"n_edad_6_1":0,"n_edad_14_":0,"n_edad_18_":0,"n_edad_25_":3,"n_edad_45_":7,"n_edad_60_":4,"n_transpor":2,"n_transp_1":1,"n_transp_2":3,"n_transp_3":0,"n_transp_4":0,"n_transp_5":1,"n_transp_6":0,"dim_acc":0,"dim_soc":0}},{"type":"Feature","id":24,"geometry":{"type":"Polygon","coordinates":[[[-73.6198,-43.1197],[-73.6198,-43.1192],[-73.6209,-43.1192],[-73.6212,-43.1199],[-73.6211,-43.1199],[-73.6206,-43.1197],[-73.6198,-43.1197]]]},"properties":{"OID":24,"MANZENT":10208011001000,"n_per":12,"n_hombres":3,"n_mujeres":9,"n_edad_0_5":0,"n_edad_6_1":1,"n_edad_14_":1,"n_edad_18_":0,"n_edad_25_":2,"n_edad_45_":4,"n_edad_60_":4,"n_transpor":1,"n_transp_1":1,"n_transp_2":1,"n_transp_3":0,"n_transp_4":0,"n_transp_5":0,"n_transp_6":1,"dim_acc":0,"dim_soc":0}},{"type":"Feature","id":25,"geometry":{"type":"Polygon","coordinates":[[[-73.645,-43.12],[-73.6458,-43.1195],[-73.6462,-43.1194],[-73.6464,-43.1194],[-73.6463,-43.1197],[-73.6458,-43.1198],[-73.6449,-43.1202],[-73.6447,-43.1202],[-73.6442,-43.1203],[-73.6437,-43.1205],[-73.6432,-43.1206],[-73.6442,-43.1225],[-73.6458,-43.1225],[-73.6479,-43.1223],[-73.6487,-43.1219],[-73.6494,-43.122],[-73.6494,-43.1225],[-73.6492,-43.1236],[-73.6486,-43.1235],[-73.6483,-43.1236],[-73.6481,-43.1237],[-73.6473,-43.1236],[-73.6471,-43.1234],[-73.6475,-43.1233],[-73.647,-43.1234],[-73.6468,-43.1231],[-73.6466,-43.1231],[-73.6463,-43.1232],[-73.6454,-43.1234],[-73.6455,-43.1226],[-73.6454,-43.1226],[-73.6453,-43.1234],[-73.6451,-43.1234],[-73.6441,-43.1233],[-73.6435,-43.1234],[-73.643,-43.1233],[-73.6429,-43.123],[-73.6435,-43.1231],[-73.6435,-43.123],[-73.6428,-43.123],[-73.6422,-43.122],[-73.6411,-43.121],[-73.6425,-43.1204],[-73.6431,-43.1205],[-73.6436,-43.1204],[-73.6443,-43.12],[-73.645,-43.12]]]},"properties":{"OID":25,"MANZENT":10208011001000,"n_per":149,"n_hombres":73,"n_mujeres":76,"n_edad_0_5":13,"n_edad_6_1":22,"n_edad_14_":8,"n_edad_18_":15,"n_edad_25_":63,"n_edad_45_":22,"n_edad_60_":6,"n_transpor":23,"n_transp_1":22,"n_transp_2":16,"n_transp_3":0,"n_transp_4":0,"n_transp_5":3,"n_transp_6":4,"dim_acc":0,"dim_soc":0}},{"type":"Feature","id":26,"geometry":{"type":"Polygon","coordinates":[[[-73.6388,-43.1203],[-73.6391,-43.12],[-73.6391,-43.1194],[-73.6412,-43.1212],[-73.6407,-43.1216],[-73.6405,-43.1214],[-73.6405,-43.1211],[-73.6404,-43.121],[-73.6398,-43.1207],[-73.6392,-43.1206],[-73.6388,-43.1203]]]},"properties":{"OID":26,"MANZENT":10208011001000,"n_per":41,"n_hombres":21,"n_mujeres":20,"n_edad_0_5":6,"n_edad_6_1":6,"n_edad_14_":1,"n_edad_18_":4,"n_edad_25_":10,"n_edad_45_":7,"n_edad_60_":7,"n_transpor":1,"n_transp_1":0,"n_transp_2":0,"n_transp_3":0,"n_transp_4":0,"n_transp_5":0,"n_transp_6":0,"dim_acc":0,"dim_soc":0}},{"type":"Feature","id":27,"geometry":{"type":"Polygon","coordinates":[[[-73.6209,-43.1208],[-73.6174,-43.1206],[-73.6174,-43.1203],[-73.6197,-43.1203],[-73.6198,-43.1203],[-73.6198,-43.1198],[-73.6206,-43.1197],[-73.6212,-43.1201],[-73.6214,-43.1208],[-73.6209,-43.1208]]]},"properties":{"OID":27,"MANZENT":10208011001000,"n_per":37,"n_hombres":21,"n_mujeres":16,"n_edad_0_5":1,"n_edad_6_1":3,"n_edad_14_":1,"n_edad_18_":1,"n_edad_25_":15,"n_edad_45_":4,"n_edad_60_":12,"n_transpor":0,"n_transp_1":2,"n_transp_2":3,"n_transp_3":0,"n_transp_4":0,"n_transp_5":0,"n_transp_6":0,"dim_acc":0,"dim_soc":0}},{"type":"Feature","id":28,"geometry":{"type":"Polygon","coordinates":[[[-73.6157,-43.1206],[-73.6157,-43.1205],[-73.6159,-43.1204],[-73.6174,-43.1203],[-73.6174,-43.1206],[-73.6157,-43.1207],[-73.6157,-43.1206]]]},"properties":{"OID":28,"MANZENT":10208011001000,"n_per":26,"n_hombres":11,"n_mujeres":15,"n_edad_0_5":2,"n_edad_6_1":2,"n_edad_14_":0,"n_edad_18_":1,"n_edad_25_":8,"n_edad_45_":3,"n_edad_60_":10,"n_transpor":0,"n_transp_1":2,"n_transp_2":1,"n_transp_3":0,"n_transp_4":0,"n_transp_5":0,"n_transp_6":0,"dim_acc":0,"dim_soc":0}},{"type":"Feature","id":29,"geometry":{"type":"Polygon","coordinates":[[[-73.6407,-43.1216],[-73.6412,-43.1212],[-73.6421,-43.122],[-73.6426,-43.1227],[-73.6421,-43.1229],[-73.6412,-43.1229],[-73.6411,-43.1222],[-73.6407,-43.1216]]]},"properties":{"OID":29,"MANZENT":10208011001000,"n_per":16,"n_hombres":11,"n_mujeres":5,"n_edad_0_5":1,"n_edad_6_1":1,"n_edad_14_":1,"n_edad_18_":3,"n_edad_25_":5,"n_edad_45_":3,"n_edad_60_":2,"n_transpor":0,"n_transp_1":0,"n_transp_2":3,"n_transp_3":0,"n_transp_4":0,"n_transp_5":0,"n_transp_6":1,"dim_acc":0,"dim_soc":0}},{"type":"Feature","id":30,"geometry":{"type":"Polygon","coordinates":[[[-73.6498,-43.1237],[-73.6492,-43.1236],[-73.6495,-43.1225],[-73.6495,-43.122],[-73.6504,-43.1221],[-73.6498,-43.1237]]]},"properties":{"OID":30,"MANZENT":10208011001000,"n_per":28,"n_hombres":11,"n_mujeres":17,"n_edad_0_5":2,"n_edad_6_1":4,"n_edad_14_":2,"n_edad_18_":0,"n_edad_25_":10,"n_edad_45_":8,"n_edad_60_":2,"n_transpor":11,"n_transp_1":1,"n_transp_2":0,"n_transp_3":0,"n_transp_4":0,"n_transp_5":0,"n_transp_6":2,"dim_acc":0,"dim_soc":0}},{"type":"Feature","id":31,"geometry":{"type":"Polygon","coordinates":[[[-73.6414,-43.1233],[-73.6412,-43.1233],[-73.6429,-43.1233],[-73.6432,-43.1242],[-73.6431,-43.1243],[-73.6423,-43.1242],[-73.6418,-43.1243],[-73.6415,-43.1246],[-73.6406,-43.1248],[-73.6406,-43.1251],[-73.6403,-43.1253],[-73.6403,-43.1254],[-73.6406,-43.1252],[-73.6406,-43.1255],[-73.6406,-43.1251],[-73.6406,-43.1258],[-73.6407,-43.1252],[-73.6406,-43.125],[-73.6407,-43.1248],[-73.6416,-43.1247],[-73.6419,-43.1243],[-73.6424,-43.1242],[-73.6432,-43.1243],[-73.6432,-43.1246],[-73.6433,-43.1272],[-73.6423,-43.1269],[-73.6425,-43.1265],[-73.6424,-43.1265],[-73.6422,-43.1269],[-73.6418,-43.1268],[-73.642,-43.1264],[-73.642,-43.1264],[-73.6417,-43.1267],[-73.6413,-43.1266],[-73.6414,-43.1262],[-73.6412,-43.1266],[-73.6408,-43.1265],[-73.641,-43.126],[-73.6409,-43.126],[-73.6407,-43.1264],[-73.6406,-43.1265],[-73.6433,-43.1273],[-73.6433,-43.1275],[-73.6428,-43.1274],[-73.6428,-43.1275],[-73.6433,-43.1276],[-73.6433,-43.1278],[-73.6425,-43.1276],[-73.6426,-43.1274],[-73.6426,-43.1273],[-73.6423,-43.1272],[-73.6425,-43.1273],[-73.6424,-43.1276],[-73.6422,-43.1275],[-73.6422,-43.1272],[-73.6421,-43.1272],[-73.6421,-43.1275],[-73.6418,-43.1274],[-73.6419,-43.1271],[-73.6418,-43.1271],[-73.6418,-43.1274],[-73.6404,-43.1269],[-73.6403,-43.1268],[-73.6394,-43.1265],[-73.6395,-43.1266],[-73.6403,-43.1269],[-73.6401,-43.1271],[-73.6398,-43.1277],[-73.6388,-43.1274],[-73.6388,-43.1275],[-73.6398,-43.1277],[-73.6395,-43.1282],[-73.6392,-43.1281],[-73.6384,-43.1283],[-73.6381,-43.1284],[-73.638,-43.1283],[-73.6381,-43.1282],[-73.6385,-43.128],[-73.6391,-43.1279],[-73.6391,-43.1278],[-73.6385,-43.1279],[-73.6379,-43.1282],[-73.6379,-43.1284],[-73.6381,-43.1284],[-73.6392,-43.1281],[-73.6394,-43.1282],[-73.6383,-43.1293],[-73.6381,-43.1297],[-73.6372,-43.1292],[-73.6366,-43.1292],[-73.6365,-43.1289],[-73.6365,-43.1291],[-73.6365,-43.1292],[-73.6372,-43.1293],[-73.6382,-43.1298],[-73.6388,-43.1299],[-73.6408,-43.1295],[-73.6409,-43.1303],[-73.6365,-43.1314],[-73.636,-43.1314],[-73.6347,-43.1303],[-73.6347,-43.1299],[-73.6349,-43.1292],[-73.6353,-43.129],[-73.6361,-43.1294],[-73.6362,-43.1293],[-73.6358,-43.1291],[-73.6354,-43.129],[-73.6354,-43.1289],[-73.6354,-43.1287],[-73.6358,-43.1287],[-73.6364,-43.1288],[-73.6376,-43.1281],[-73.6379,-43.1279],[-73.6384,-43.1274],[-73.6389,-43.1265],[-73.6395,-43.126],[-73.6399,-43.1252],[-73.6404,-43.1247],[-73.6408,-43.1238],[-73.6412,-43.1229],[-73.6421,-43.1229],[-73.6426,-43.1227],[-73.6428,-43.1232],[-73.6427,-43.1232],[-73.6414,-43.1233]]]},"properties":{"OID":31,"MANZENT":10208011001000,"n_per":285,"n_hombres":152,"n_mujeres":133,"n_edad_0_5":29,"n_edad_6_1":33,"n_edad_14_":18,"n_edad_18_":19,"n_edad_25_":129,"n_edad_45_":33,"n_edad_60_":24,"n_transpor":64,"n_transp_1":40,"n_transp_2":4,"n_transp_3":0,"n_transp_4":0,"n_transp_5":6,"n_transp_6":17,"dim_acc":0,"dim_soc":0}},{"type":"Feature","id":32,"geometry":{"type":"Polygon","coordinates":[[[-73.6474,-43.125],[-73.6473,-43.1247],[-73.6466,-43.1247],[-73.6463,-43.1246],[-73.6466,-43.1243],[-73.6467,-43.1239],[-73.6466,-43.1241],[-73.6458,-43.1239],[-73.6453,-43.1239],[-73.645,-43.1238],[-73.645,-43.1237],[-73.6454,-43.1237],[-73.645,-43.1237],[-73.645,-43.1235],[-73.6463,-43.1233],[-73.6467,-43.1231],[-73.6468,-43.1231],[-73.6467,-43.1236],[-73.6468,-43.1232],[-73.6471,-43.1236],[-73.6472,-43.1236],[-73.6481,-43.1238],[-73.6484,-43.1236],[-73.6486,-43.1236],[-73.6484,-43.1241],[-73.6491,-43.125],[-73.6474,-43.125]]]},"properties":{"OID":32,"MANZENT":10208011001000,"n_per":78,"n_hombres":41,"n_mujeres":37,"n_edad_0_5":7,"n_edad_6_1":12,"n_edad_14_":5,"n_edad_18_":6,"n_edad_25_":28,"n_edad_45_":14,"n_edad_60_":6,"n_transpor":12,"n_transp_1":10,"n_transp_2":1,"n_transp_3":0,"n_transp_4":1,"n_transp_5":0,"n_transp_6":0,"dim_acc":0,"dim_soc":0}},{"type":"Feature","id":33,"geometry":{"type":"Polygon","coordinates":[[[-73.6463,-43.1245],[-73.6442,-43.1254],[-73.6435,-43.1257],[-73.6434,-43.1256],[-73.6434,-43.1256],[-73.6442,-43.1253],[-73.6454,-43.1245],[-73.6452,-43.1246],[-73.6442,-43.1253],[-73.6434,-43.1255],[-73.6432,-43.1239],[-73.6436,-43.1239],[-73.6432,-43.1239],[-73.643,-43.1234],[-73.6435,-43.1235],[-73.6443,-43.1233],[-73.645,-43.1235],[-73.645,-43.1238],[-73.6466,-43.1242],[-73.6463,-43.1245]]]},"properties":{"OID":33,"MANZENT":10208011001000,"n_per":151,"n_hombres":73,"n_mujeres":78,"n_edad_0_5":9,"n_edad_6_1":18,"n_edad_14_":12,"n_edad_18_":9,"n_edad_25_":53,"n_edad_45_":39,"n_edad_60_":11,"n_transpor":36,"n_transp_1":19,"n_transp_2":5,"n_transp_3":0,"n_transp_4":0,"n_transp_5":0,"n_transp_6":13,"dim_acc":0,"dim_soc":0}},{"type":"Feature","id":34,"geometry":{"type":"Polygon","coordinates":[[[-73.6407,-43.1288],[-73.6394,-43.1284],[-73.6397,-43.128],[-73.6403,-43.127],[-73.6433,-43.1279],[-73.6433,-43.1286],[-73.6418,-43.1282],[-73.641,-43.1293],[-73.6407,-43.1294],[-73.6388,-43.1298],[-73.6382,-43.1297],[-73.6385,-43.1293],[-73.6394,-43.1284],[-73.6407,-43.1288]]]},"properties":{"OID":34,"MANZENT":10208011001000,"n_per":123,"n_hombres":60,"n_mujeres":63,"n_edad_0_5":17,"n_edad_6_1":13,"n_edad_14_":4,"n_edad_18_":6,"n_edad_25_":63,"n_edad_45_":17,"n_edad_60_":3,"n_transpor":52,"n_transp_1":10,"n_transp_2":0,"n_transp_3":0,"n_transp_4":0,"n_transp_5":0,"n_transp_6":9,"dim_acc":0,"dim_soc":0}},{"type":"Feature","id":35,"geometry":{"type":"Polygon","coordinates":[[[-73.6429,-43.1286],[-73.6433,-43.1287],[-73.6433,-43.1294],[-73.643,-43.1298],[-73.6426,-43.13],[-73.6411,-43.1303],[-73.6409,-43.1294],[-73.6411,-43.1293],[-73.6418,-43.1283],[-73.6427,-43.1285],[-73.6423,-43.1291],[-73.6427,-43.1285],[-73.6429,-43.1286]]]},"properties":{"OID":35,"MANZENT":10208011001000,"n_per":24,"n_hombres":12,"n_mujeres":12,"n_edad_0_5":2,"n_edad_6_1":2,"n_edad_14_":0,"n_edad_18_":0,"n_edad_25_":12,"n_edad_45_":7,"n_edad_60_":1,"n_transpor":6,"n_transp_1":5,"n_transp_2":1,"n_transp_3":0,"n_transp_4":0,"n_transp_5":0,"n_transp_6":3,"dim_acc":0,"dim_soc":0}},{"type":"Feature","id":36,"geometry":{"type":"Polygon","coordinates":[[[-73.6389,-43.1315],[-73.6389,-43.1312],[-73.6388,-43.1309],[-73.643,-43.1299],[-73.6432,-43.13],[-73.6433,-43.1301],[-73.6434,-43.1328],[-73.6337,-43.1349],[-73.6325,-43.135],[-73.6284,-43.1325],[-73.6277,-43.1319],[-73.6272,-43.1315],[-73.6281,-43.1314],[-73.6285,-43.1314],[-73.6299,-43.132],[-73.6317,-43.1324],[-73.6334,-43.1322],[-73.6324,-43.133],[-73.6327,-43.1329],[-73.6332,-43.1324],[-73.6336,-43.1322],[-73.6335,-43.1324],[-73.6334,-43.1326],[-73.6337,-43.1335],[-73.6337,-43.1335],[-73.6335,-43.1326],[-73.6335,-43.1324],[-73.6337,-43.1321],[-73.6339,-43.1322],[-73.6339,-43.1326],[-73.6345,-43.133],[-73.6345,-43.1329],[-73.6339,-43.1326],[-73.634,-43.1322],[-73.6338,-43.1321],[-73.6348,-43.1319],[-73.635,-43.1324],[-73.6354,-43.1327],[-73.6354,-43.1326],[-73.6351,-43.1324],[-73.6348,-43.1319],[-73.6361,-43.1316],[-73.637,-43.132],[-73.6371,-43.132],[-73.6368,-43.1318],[-73.6362,-43.1315],[-73.6387,-43.131],[-73.6388,-43.1312],[-73.6388,-43.1313],[-73.6378,-43.1317],[-73.6384,-43.1316],[-73.6388,-43.1314],[-73.6389,-43.1315]]]},"properties":{"OID":36,"MANZENT":10208011001000,"n_per":103,"n_hombres":49,"n_mujeres":54,"n_edad_0_5":13,"n_edad_6_1":13,"n_edad_14_":1,"n_edad_18_":7,"n_edad_25_":50,"n_edad_45_":12,"n_edad_60_":7,"n_transpor":31,"n_transp_1":10,"n_transp_2":3,"n_transp_3":1,"n_transp_4":0,"n_transp_5":0,"n_transp_6":6,"dim_acc":0,"dim_soc":0}},{"type":"Feature","id":37,"geometry":{"type":"Polygon","coordinates":[[[-73.6347,-43.1303],[-73.6358,-43.1314],[-73.6361,-43.1315],[-73.6348,-43.1318],[-73.6345,-43.1313],[-73.6346,-43.1308],[-73.6344,-43.1303],[-73.6345,-43.13],[-73.6346,-43.13],[-73.6347,-43.1303]]]},"properties":{"OID":37,"MANZENT":10208011001000,"n_per":21,"n_hombres":11,"n_mujeres":10,"n_edad_0_5":0,"n_edad_6_1":2,"n_edad_14_":0,"n_edad_18_":3,"n_edad_25_":9,"n_edad_45_":3,"n_edad_60_":4,"n_transpor":0,"n_transp_1":4,"n_transp_2":1,"n_transp_3":0,"n_transp_4":0,"n_transp_5":0,"n_transp_6":4,"dim_acc":0,"dim_soc":0}},{"type":"Feature","id":38,"geometry":{"type":"Polygon","coordinates":[[[-73.6435,-43.1311],[-73.6445,-43.131],[-73.6455,-43.1306],[-73.6459,-43.1312],[-73.6452,-43.1313],[-73.6453,-43.1316],[-73.6451,-43.1315],[-73.6435,-43.1317],[-73.6435,-43.1311]]]},"properties":{"OID":38,"MANZENT":10208011001100,"n_per":22,"n_hombres":12,"n_mujeres":10,"n_edad_0_5":1,"n_edad_6_1":1,"n_edad_14_":0,"n_edad_18_":0,"n_edad_25_":10,"n_edad_45_":7,"n_edad_60_":3,"n_transpor":3,"n_transp_1":2,"n_transp_2":0,"n_transp_3":0,"n_transp_4":0,"n_transp_5":0,"n_transp_6":3,"dim_acc":0,"dim_soc":0}},{"type":"Feature","id":39,"geometry":{"type":"Polygon","coordinates":[[[-73.6435,-43.1318],[-73.6452,-43.1316],[-73.6453,-43.1316],[-73.6454,-43.132],[-73.6435,-43.1321],[-73.6435,-43.1318]]]},"properties":{"OID":39,"MANZENT":10208011001100,"n_per":12,"n_hombres":7,"n_mujeres":5,"n_edad_0_5":1,"n_edad_6_1":2,"n_edad_14_":0,"n_edad_18_":0,"n_edad_25_":6,"n_edad_45_":2,"n_edad_60_":1,"n_transpor":4,"n_transp_1":2,"n_transp_2":1,"n_transp_3":0,"n_transp_4":0,"n_transp_5":0,"n_transp_6":0,"dim_acc":0,"dim_soc":0}},{"type":"Feature","id":40,"geometry":{"type":"Polygon","coordinates":[[[-73.6266,-43.1345],[-73.6268,-43.1343],[-73.6264,-43.1335],[-73.6257,-43.1341],[-73.6251,-43.1337],[-73.6247,-43.1332],[-73.6249,-43.1329],[-73.6255,-43.1326],[-73.6259,-43.1322],[-73.6265,-43.1332],[-73.6266,-43.1331],[-73.6259,-43.1321],[-73.6263,-43.1317],[-73.6268,-43.1316],[-73.627,-43.1317],[-73.6278,-43.1321],[-73.6283,-43.1326],[-73.6285,-43.1327],[-73.6282,-43.1332],[-73.6283,-43.1336],[-73.6284,-43.1339],[-73.6288,-43.134],[-73.6292,-43.134],[-73.6299,-43.1338],[-73.6292,-43.1339],[-73.6288,-43.1339],[-73.6285,-43.1338],[-73.6283,-43.1336],[-73.6283,-43.1333],[-73.6285,-43.1329],[-73.6285,-43.1326],[-73.6299,-43.1335],[-73.6301,-43.134],[-73.6293,-43.1347],[-73.6287,-43.1351],[-73.6281,-43.1347],[-73.6264,-43.1351],[-73.6265,-43.1349],[-73.6264,-43.1346],[-73.6266,-43.1345]]]},"properties":{"OID":40,"MANZENT":10208011001100,"n_per":51,"n_hombres":28,"n_mujeres":23,"n_edad_0_5":8,"n_edad_6_1":4,"n_edad_14_":1,"n_edad_18_":2,"n_edad_25_":25,"n_edad_45_":5,"n_edad_60_":6,"n_transpor":16,"n_transp_1":6,"n_transp_2":0,"n_transp_3":0,"n_transp_4":0,"n_transp_5":0,"n_transp_6":6,"dim_acc":0,"dim_soc":0}},{"type":"Feature","id":41,"geometry":{"type":"Polygon","coordinates":[[[-73.6288,-43.1351],[-73.6294,-43.1348],[-73.6302,-43.1342],[-73.6302,-43.134],[-73.6301,-43.1337],[-73.6317,-43.1346],[-73.6308,-43.1353],[-73.6314,-43.135],[-73.632,-43.1353],[-73.632,-43.1353],[-73.6315,-43.1349],[-73.6316,-43.1348],[-73.6322,-43.1352],[-73.6322,-43.1351],[-73.6316,-43.1348],[-73.6317,-43.1347],[-73.6324,-43.1351],[-73.6307,-43.1363],[-73.6288,-43.1351]]]},"properties":{"OID":41,"MANZENT":10208011001100,"n_per":56,"n_hombres":31,"n_mujeres":25,"n_edad_0_5":0,"n_edad_6_1":6,"n_edad_14_":1,"n_edad_18_":8,"n_edad_25_":22,"n_edad_45_":14,"n_edad_60_":5,"n_transpor":20,"n_transp_1":3,"n_transp_2":0,"n_transp_3":0,"n_transp_4":0,"n_transp_5":0,"n_transp_6":12,"dim_acc":0,"dim_soc":0}},{"type":"Feature","id":42,"geometry":{"type":"MultiPolygon","coordinates":[[[[-73.6468,-43.1258],[-73.6465,-43.1256],[-73.6465,-43.1255],[-73.6468,-43.1254],[-73.6469,-43.1256],[-73.6469,-43.1258],[-73.6468,-43.1258]]],[[[-73.6463,-43.1249],[-73.6462,-43.1246],[-73.6466,-43.1247],[-73.6467,-43.1251],[-73.6466,-43.1247],[-73.6472,-43.1247],[-73.6473,-43.1249],[-73.6471,-43.1293],[-73.6464,-43.1294],[-73.646,-43.1296],[-73.6464,-43.1303],[-73.6445,-43.1309],[-73.6435,-43.131],[-73.6437,-43.131],[-73.6435,-43.131],[-73.6435,-43.1299],[-73.6442,-43.1299],[-73.6442,-43.1299],[-73.6435,-43.1299],[-73.6435,-43.1294],[-73.6446,-43.1294],[-73.6446,-43.1294],[-73.6435,-43.1293],[-73.6434,-43.129],[-73.6437,-43.129],[-73.644,-43.1289],[-73.6434,-43.1289],[-73.6434,-43.1274],[-73.6436,-43.1276],[-73.6438,-43.1277],[-73.6446,-43.1278],[-73.6445,-43.1277],[-73.6441,-43.1277],[-73.6436,-43.1275],[-73.6435,-43.1274],[-73.6439,-43.1274],[-73.6434,-43.1273],[-73.6434,-43.1268],[-73.6446,-43.1273],[-73.6452,-43.1272],[-73.6446,-43.1273],[-73.6434,-43.1267],[-73.6434,-43.1257],[-73.6444,-43.1254],[-73.6453,-43.125],[-73.6454,-43.1251],[-73.6453,-43.1254],[-73.6458,-43.1259],[-73.6458,-43.126],[-73.6459,-43.1259],[-73.6453,-43.1254],[-73.6455,-43.1251],[-73.6454,-43.125],[-73.6461,-43.1247],[-73.6465,-43.1257],[-73.6469,-43.1258],[-73.647,-43.1258],[-73.647,-43.1256],[-73.6468,-43.1254],[-73.6471,-43.1252],[-73.6464,-43.1254],[-73.6463,-43.1249]]]]},"properties":{"OID":42,"MANZENT":10208011001000,"n_per":278,"n_hombres":134,"n_mujeres":144,"n_edad_0_5":19,"n_edad_6_1":37,"n_edad_14_":16,"n_edad_18_":25,"n_edad_25_":115,"n_edad_45_":43,"n_edad_60_":23,"n_transpor":43,"n_transp_1":42,"n_transp_2":6,"n_transp_3":0,"n_transp_4":0,"n_transp_5":0,"n_transp_6":13,"dim_acc":0,"dim_soc":0}},{"type":"Feature","id":43,"geometry":{"type":"MultiPolygon","coordinates":[[[[-73.6494,-43.118],[-73.6496,-43.1179],[-73.6503,-43.1187],[-73.6484,-43.1193],[-73.648,-43.1184],[-73.6494,-43.118]]],[[[-73.6471,-43.1169],[-73.6484,-43.1164],[-73.65,-43.1179],[-73.6496,-43.1179],[-73.6486,-43.1182],[-73.6471,-43.1169]]]]},"properties":{"OID":43,"MANZENT":10208011001000,"n_per":21,"n_hombres":11,"n_mujeres":10,"n_edad_0_5":3,"n_edad_6_1":4,"n_edad_14_":0,"n_edad_18_":0,"n_edad_25_":11,"n_edad_45_":3,"n_edad_60_":0,"n_transpor":1,"n_transp_1":1,"n_transp_2":0,"n_transp_3":0,"n_transp_4":0,"n_transp_5":0,"n_transp_6":0,"dim_acc":0,"dim_soc":0}},{"type":"Feature","id":44,"geometry":{"type":"MultiPolygon","coordinates":[[[[-73.6254,-43.1352],[-73.6244,-43.1335],[-73.6246,-43.1332],[-73.625,-43.1337],[-73.6263,-43.1346],[-73.6264,-43.1351],[-73.6254,-43.1353],[-73.6254,-43.1352]]],[[[-73.6334,-43.1294],[-73.634,-43.1291],[-73.6354,-43.1287],[-73.6353,-43.1289],[-73.6348,-43.1292],[-73.6345,-43.1299],[-73.6344,-43.13],[-73.6342,-43.1303],[-73.6338,-43.1304],[-73.6333,-43.1303],[-73.6332,-43.1302],[-73.6334,-43.1301],[-73.6343,-43.13],[-73.6344,-43.1299],[-73.6334,-43.13],[-73.6332,-43.1302],[-73.6333,-43.1303],[-73.6336,-43.1304],[-73.6339,-43.1304],[-73.6343,-43.1303],[-73.6345,-43.1309],[-73.6344,-43.1313],[-73.6347,-43.1318],[-73.6336,-43.132],[-73.6333,-43.1313],[-73.6336,-43.132],[-73.6325,-43.1322],[-73.6313,-43.1319],[-73.6317,-43.1321],[-73.6324,-43.1322],[-73.6318,-43.1323],[-73.6305,-43.132],[-73.6305,-43.1318],[-73.6308,-43.1314],[-73.6307,-43.1314],[-73.6305,-43.1317],[-73.6304,-43.1313],[-73.6308,-43.1309],[-73.6308,-43.1309],[-73.6303,-43.1312],[-73.6305,-43.132],[-73.6293,-43.1316],[-73.6292,-43.1311],[-73.6291,-43.1311],[-73.6292,-43.1316],[-73.6286,-43.1313],[-73.6278,-43.1313],[-73.6263,-43.1317],[-73.6259,-43.132],[-73.6254,-43.1326],[-73.6248,-43.1329],[-73.6244,-43.1334],[-73.6242,-43.1332],[-73.6248,-43.1326],[-73.6249,-43.1323],[-73.6253,-43.1319],[-73.6286,-43.1308],[-73.6312,-43.1303],[-73.6334,-43.1294]]]]},"properties":{"OID":44,"MANZENT":10208011001000,"n_per":54,"n_hombres":28,"n_mujeres":26,"n_edad_0_5":3,"n_edad_6_1":4,"n_edad_14_":3,"n_edad_18_":4,"n_edad_25_":26,"n_edad_45_":7,"n_edad_60_":7,"n_transpor":14,"n_transp_1":7,"n_transp_2":1,"n_transp_3":3,"n_transp_4":1,"n_transp_5":0,"n_transp_6":1,"dim_acc":0,"dim_soc":0}},{"type":"Feature","id":45,"geometry":{"type":"Polygon","coordinates":[[[-73.6011,-43.1094],[-73.6011,-43.1105],[-73.6013,-43.1107],[-73.6012,-43.1109],[-73.6008,-43.1111],[-73.6006,-43.1115],[-73.6004,-43.1117],[-73.6,-43.1118],[-73.5998,-43.112],[-73.5995,-43.112],[-73.5993,-43.112],[-73.5991,-43.1117],[-73.5996,-43.1116],[-73.5997,-43.1118],[-73.5998,-43.1118],[-73.5996,-43.1115],[-73.5999,-43.1114],[-73.5999,-43.1115],[-73.6,-43.1115],[-73.5999,-43.1114],[-73.6004,-43.1113],[-73.6004,-43.1113],[-73.5996,-43.1115],[-73.5995,-43.1113],[-73.6008,-43.111],[-73.6007,-43.1107],[-73.601,-43.1107],[-73.601,-43.1105],[-73.6009,-43.1106],[-73.6007,-43.1107],[-73.6007,-43.111],[-73.5998,-43.1111],[-73.5996,-43.1107],[-73.5996,-43.11],[-73.6005,-43.1098],[-73.6005,-43.1097],[-73.5995,-43.1099],[-73.5995,-43.1107],[-73.5997,-43.1111],[-73.599,-43.1113],[-73.5987,-43.1112],[-73.5984,-43.1109],[-73.5984,-43.1109],[-73.5985,-43.111],[-73.598,-43.1112],[-73.5978,-43.1109],[-73.5977,-43.1109],[-73.5979,-43.1112],[-73.5978,-43.1113],[-73.5979,-43.1113],[-73.5985,-43.111],[-73.5987,-43.1113],[-73.598,-43.1116],[-73.598,-43.1116],[-73.5988,-43.1113],[-73.599,-43.1114],[-73.5994,-43.1113],[-73.5996,-43.1115],[-73.5986,-43.1119],[-73.5986,-43.1119],[-73.5991,-43.1118],[-73.5992,-43.112],[-73.5988,-43.1121],[-73.598,-43.112],[-73.5975,-43.112],[-73.5975,-43.1114],[-73.5973,-43.1108],[-73.5987,-43.1107],[-73.5986,-43.1103],[-73.5988,-43.1099],[-73.6011,-43.1094]]]},"properties":{"OID":45,"MANZENT":10208011002000,"n_per":181,"n_hombres":94,"n_mujeres":87,"n_edad_0_5":15,"n_edad_6_1":26,"n_edad_14_":4,"n_edad_18_":17,"n_edad_25_":66,"n_edad_45_":31,"n_edad_60_":22,"n_transpor":12,"n_transp_1":26,"n_transp_2":11,"n_transp_3":0,"n_transp_4":0,"n_transp_5":1,"n_transp_6":4,"dim_acc":0,"dim_soc":0}},{"type":"Feature","id":46,"geometry":{"type":"Polygon","coordinates":[[[-73.5995,-43.1122],[-73.5996,-43.112],[-73.5998,-43.112],[-73.6,-43.1118],[-73.6004,-43.1117],[-73.6006,-43.1115],[-73.6008,-43.1111],[-73.6056,-43.1119],[-73.6045,-43.1147],[-73.6041,-43.1145],[-73.6039,-43.1143],[-73.6034,-43.1136],[-73.6038,-43.1143],[-73.603,-43.1141],[-73.6027,-43.114],[-73.6028,-43.1135],[-73.6027,-43.1133],[-73.6023,-43.113],[-73.6013,-43.1125],[-73.6013,-43.1123],[-73.6015,-43.1123],[-73.6013,-43.1123],[-73.6013,-43.1125],[-73.6026,-43.1132],[-73.6028,-43.1135],[-73.6027,-43.1138],[-73.6026,-43.1139],[-73.6016,-43.1138],[-73.6008,-43.1138],[-73.6005,-43.1137],[-73.5996,-43.1127],[-73.5995,-43.1125],[-73.5995,-43.1122]]]},"properties":{"OID":46,"MANZENT":10208011002000,"n_per":31,"n_hombres":17,"n_mujeres":14,"n_edad_0_5":2,"n_edad_6_1":5,"n_edad_14_":1,"n_edad_18_":6,"n_edad_25_":10,"n_edad_45_":4,"n_edad_60_":3,"n_transpor":3,"n_transp_1":1,"n_transp_2":5,"n_transp_3":0,"n_transp_4":0,"n_transp_5":0,"n_transp_6":3,"dim_acc":0,"dim_soc":0}},{"type":"Feature","id":47,"geometry":{"type":"Polygon","coordinates":[[[-73.5988,-43.1121],[-73.5992,-43.112],[-73.5992,-43.1125],[-73.5984,-43.1127],[-73.598,-43.112],[-73.5988,-43.1121]]]},"properties":{"OID":47,"MANZENT":10208011002000,"n_per":10,"n_hombres":6,"n_mujeres":4,"n_edad_0_5":0,"n_edad_6_1":3,"n_edad_14_":0,"n_edad_18_":0,"n_edad_25_":4,"n_edad_45_":2,"n_edad_60_":1,"n_transpor":4,"n_transp_1":0,"n_transp_2":0,"n_transp_3":0,"n_transp_4":0,"n_transp_5":0,"n_transp_6":2,"dim_acc":0,"dim_soc":0}},{"type":"Feature","id":48,"geometry":{"type":"Polygon","coordinates":[[[-73.6034,-43.1143],[-73.6038,-43.1143],[-73.6045,-43.1148],[-73.6045,-43.1154],[-73.6038,-43.1155],[-73.6034,-43.1146],[-73.6038,-43.1156],[-73.6034,-43.1156],[-73.6029,-43.1147],[-73.6033,-43.1157],[-73.6026,-43.1158],[-73.6019,-43.1144],[-73.602,-43.1148],[-73.6011,-43.115],[-73.6011,-43.1142],[-73.6005,-43.1139],[-73.5998,-43.114],[-73.5993,-43.1126],[-73.5993,-43.112],[-73.5995,-43.112],[-73.5994,-43.1125],[-73.5995,-43.1127],[-73.6005,-43.1137],[-73.6008,-43.1138],[-73.6026,-43.1139],[-73.603,-43.1142],[-73.6029,-43.1145],[-73.6031,-43.1142],[-73.6034,-43.1143]]]},"properties":{"OID":48,"MANZENT":10208011002000,"n_per":270,"n_hombres":130,"n_mujeres":140,"n_edad_0_5":20,"n_edad_6_1":39,"n_edad_14_":16,"n_edad_18_":28,"n_edad_25_":94,"n_edad_45_":51,"n_edad_60_":22,"n_transpor":35,"n_transp_1":53,"n_transp_2":21,"n_transp_3":0,"n_transp_4":0,"n_transp_5":2,"n_transp_6":3,"dim_acc":0,"dim_soc":0}},{"type":"Feature","id":49,"geometry":{"type":"Polygon","coordinates":[[[-73.5987,-43.1127],[-73.5992,-43.1125],[-73.5993,-43.1129],[-73.5987,-43.1132],[-73.5984,-43.1127],[-73.5987,-43.1127]]]},"properties":{"OID":49,"MANZENT":10208011002000,"n_per":14,"n_hombres":5,"n_mujeres":9,"n_edad_0_5":2,"n_edad_6_1":0,"n_edad_14_":0,"n_edad_18_":3,"n_edad_25_":6,"n_edad_45_":3,"n_edad_60_":0,"n_transpor":4,"n_transp_1":5,"n_transp_2":0,"n_transp_3":0,"n_transp_4":0,"n_transp_5":0,"n_transp_6":3,"dim_acc":0,"dim_soc":0}},{"type":"Feature","id":50,"geometry":{"type":"Polygon","coordinates":[[[-73.6,-43.115],[-73.5994,-43.115],[-73.5994,-43.1145],[-73.5988,-43.1132],[-73.5988,-43.1132],[-73.5993,-43.113],[-73.6,-43.1145],[-73.6001,-43.1151],[-73.6,-43.115]]]},"properties":{"OID":50,"MANZENT":10208011002000,"n_per":84,"n_hombres":44,"n_mujeres":40,"n_edad_0_5":3,"n_edad_6_1":20,"n_edad_14_":3,"n_edad_18_":7,"n_edad_25_":34,"n_edad_45_":13,"n_edad_60_":4,"n_transpor":14,"n_transp_1":2,"n_transp_2":2,"n_transp_3":1,"n_transp_4":0,"n_transp_5":2,"n_transp_6":14,"dim_acc":0,"dim_soc":0}},{"type":"Feature","id":51,"geometry":{"type":"Polygon","coordinates":[[[-73.5984,-43.1139],[-73.5982,-43.1134],[-73.5987,-43.1132],[-73.5993,-43.1146],[-73.5987,-43.1147],[-73.5984,-43.1139]]]},"properties":{"OID":51,"MANZENT":10208011002000,"n_per":30,"n_hombres":16,"n_mujeres":14,"n_edad_0_5":7,"n_edad_6_1":4,"n_edad_14_":0,"n_edad_18_":2,"n_edad_25_":13,"n_edad_45_":2,"n_edad_60_":2,"n_transpor":4,"n_transp_1":4,"n_transp_2":3,"n_transp_3":0,"n_transp_4":0,"n_transp_5":0,"n_transp_6":4,"dim_acc":0,"dim_soc":0}},{"type":"Feature","id":52,"geometry":{"type":"Polygon","coordinates":[[[-73.5965,-43.114],[-73.5982,-43.1136],[-73.5987,-43.1147],[-73.5983,-43.1149],[-73.5979,-43.1141],[-73.5973,-43.1142],[-73.5974,-43.1157],[-73.5967,-43.1155],[-73.5967,-43.1149],[-73.5967,-43.1155],[-73.5975,-43.1158],[-73.5977,-43.1175],[-73.597,-43.1176],[-73.5971,-43.117],[-73.5971,-43.1171],[-73.5968,-43.1172],[-73.597,-43.1174],[-73.597,-43.1176],[-73.5935,-43.118],[-73.5934,-43.1177],[-73.5941,-43.1176],[-73.5934,-43.1176],[-73.5934,-43.1171],[-73.5942,-43.1169],[-73.5934,-43.117],[-73.5933,-43.1169],[-73.5934,-43.118],[-73.591,-43.1181],[-73.5912,-43.1175],[-73.5915,-43.1175],[-73.592,-43.1173],[-73.5928,-43.1167],[-73.5934,-43.1165],[-73.5946,-43.1162],[-73.5966,-43.1159],[-73.5965,-43.114]]]},"properties":{"OID":52,"MANZENT":10208011002000,"n_per":237,"n_hombres":122,"n_mujeres":115,"n_edad_0_5":16,"n_edad_6_1":38,"n_edad_14_":15,"n_edad_18_":25,"n_edad_25_":83,"n_edad_45_":41,"n_edad_60_":19,"n_transpor":25,"n_transp_1":24,"n_transp_2":17,"n_transp_3":0,"n_transp_4":1,"n_transp_5":5,"n_transp_6":26,"dim_acc":0,"dim_soc":0}},{"type":"Feature","id":53,"geometry":{"type":"Polygon","coordinates":[[[-73.601,-43.1143],[-73.601,-43.1144],[-73.6004,-43.1144],[-73.601,-43.1144],[-73.6011,-43.115],[-73.6002,-43.1151],[-73.5999,-43.114],[-73.6005,-43.114],[-73.601,-43.1142],[-73.601,-43.1143]]]},"properties":{"OID":53,"MANZENT":10208011002000,"n_per":69,"n_hombres":31,"n_mujeres":38,"n_edad_0_5":5,"n_edad_6_1":10,"n_edad_14_":5,"n_edad_18_":10,"n_edad_25_":23,"n_edad_45_":13,"n_edad_60_":3,"n_transpor":5,"n_transp_1":3,"n_transp_2":5,"n_transp_3":0,"n_transp_4":0,"n_transp_5":0,"n_transp_6":5,"dim_acc":0,"dim_soc":0}},{"type":"Feature","id":54,"geometry":{"type":"Polygon","coordinates":[[[-73.5979,-43.1142],[-73.5982,-43.1148],[-73.5983,-43.1154],[-73.5975,-43.1155],[-73.5973,-43.1142],[-73.5979,-43.1142]]]},"properties":{"OID":54,"MANZENT":10208011002000,"n_per":45,"n_hombres":23,"n_mujeres":22,"n_edad_0_5":5,"n_edad_6_1":5,"n_edad_14_":3,"n_edad_18_":2,"n_edad_25_":20,"n_edad_45_":5,"n_edad_60_":5,"n_transpor":4,"n_transp_1":4,"n_transp_2":1,"n_transp_3":0,"n_transp_4":0,"n_transp_5":1,"n_transp_6":9,"dim_acc":0,"dim_soc":0}},{"type":"Feature","id":55,"geometry":{"type":"Polygon","coordinates":[[[-73.5983,-43.115],[-73.5984,-43.1148],[-73.5993,-43.1147],[-73.5994,-43.1151],[-73.5983,-43.1154],[-73.5983,-43.115]]]},"properties":{"OID":55,"MANZENT":10208011002000,"n_per":26,"n_hombres":12,"n_mujeres":14,"n_edad_0_5":2,"n_edad_6_1":5,"n_edad_14_":1,"n_edad_18_":1,"n_edad_25_":10,"n_edad_45_":4,"n_edad_60_":3,"n_transpor":4,"n_transp_1":0,"n_transp_2":2,"n_transp_3":0,"n_transp_4":0,"n_transp_5":0,"n_transp_6":7,"dim_acc":0,"dim_soc":0}},{"type":"Feature","id":56,"geometry":{"type":"Polygon","coordinates":[[[-73.6014,-43.1156],[-73.6012,-43.115],[-73.602,-43.1148],[-73.6023,-43.1154],[-73.6022,-43.1154],[-73.6023,-43.1154],[-73.6025,-43.1158],[-73.6013,-43.116],[-73.6004,-43.116],[-73.6002,-43.1151],[-73.6012,-43.115],[-73.6014,-43.1156]]]},"properties":{"OID":56,"MANZENT":10208011002000,"n_per":126,"n_hombres":57,"n_mujeres":69,"n_edad_0_5":10,"n_edad_6_1":15,"n_edad_14_":7,"n_edad_18_":20,"n_edad_25_":37,"n_edad_45_":23,"n_edad_60_":14,"n_transpor":20,"n_transp_1":11,"n_transp_2":7,"n_transp_3":0,"n_transp_4":0,"n_transp_5":2,"n_transp_6":10,"dim_acc":0,"dim_soc":0}},{"type":"Feature","id":57,"geometry":{"type":"Polygon","coordinates":[[[-73.5975,-43.1161],[-73.5975,-43.1155],[-73.5983,-43.1155],[-73.5994,-43.1151],[-73.6002,-43.1151],[-73.6003,-43.116],[-73.5976,-43.1162],[-73.5975,-43.1161]]]},"properties":{"OID":57,"MANZENT":10208011002000,"n_per":70,"n_hombres":34,"n_mujeres":36,"n_edad_0_5":3,"n_edad_6_1":9,"n_edad_14_":7,"n_edad_18_":7,"n_edad_25_":26,"n_edad_45_":13,"n_edad_60_":5,"n_transpor":6,"n_transp_1":9,"n_transp_2":9,"n_transp_3":0,"n_transp_4":0,"n_transp_5":0,"n_transp_6":5,"dim_acc":0,"dim_soc":0}},{"type":"Feature","id":58,"geometry":{"type":"Polygon","coordinates":[[[-73.6048,-43.1162],[-73.6042,-43.1165],[-73.6039,-43.1161],[-73.6041,-43.116],[-73.6039,-43.1161],[-73.6036,-43.1158],[-73.6042,-43.1165],[-73.6025,-43.1173],[-73.6021,-43.1175],[-73.6018,-43.1163],[-73.6017,-43.1162],[-73.6021,-43.1175],[-73.6018,-43.1175],[-73.6012,-43.1174],[-73.6013,-43.1168],[-73.6012,-43.1163],[-73.6012,-43.1174],[-73.6005,-43.1173],[-73.6004,-43.1161],[-73.6026,-43.1158],[-73.6045,-43.1154],[-73.6045,-43.1155],[-73.6043,-43.1156],[-73.6043,-43.1157],[-73.6045,-43.1156],[-73.6048,-43.1162]]]},"properties":{"OID":58,"MANZENT":10208011002000,"n_per":300,"n_hombres":156,"n_mujeres":144,"n_edad_0_5":17,"n_edad_6_1":35,"n_edad_14_":26,"n_edad_18_":33,"n_edad_25_":119,"n_edad_45_":51,"n_edad_60_":19,"n_transpor":42,"n_transp_1":35,"n_transp_2":24,"n_transp_3":1,"n_transp_4":0,"n_transp_5":3,"n_transp_6":36,"dim_acc":0,"dim_soc":0}},{"type":"Feature","id":59,"geometry":{"type":"Polygon","coordinates":[[[-73.5977,-43.1168],[-73.5976,-43.1162],[-73.6,-43.116],[-73.6003,-43.116],[-73.6004,-43.1173],[-73.5986,-43.1175],[-73.5985,-43.1171],[-73.5986,-43.1175],[-73.5978,-43.1175],[-73.5977,-43.117],[-73.5985,-43.1169],[-73.5977,-43.1169],[-73.5977,-43.1168]]]},"properties":{"OID":59,"MANZENT":10208011002000,"n_per":80,"n_hombres":44,"n_mujeres":36,"n_edad_0_5":3,"n_edad_6_1":13,"n_edad_14_":4,"n_edad_18_":7,"n_edad_25_":29,"n_edad_45_":18,"n_edad_60_":6,"n_transpor":4,"n_transp_1":5,"n_transp_2":2,"n_transp_3":0,"n_transp_4":0,"n_transp_5":1,"n_transp_6":2,"dim_acc":0,"dim_soc":0}},{"type":"Feature","id":60,"geometry":{"type":"Polygon","coordinates":[[[-73.6046,-43.1171],[-73.6042,-43.1165],[-73.6046,-43.1163],[-73.6052,-43.1169],[-73.6046,-43.1171]]]},"properties":{"OID":60,"MANZENT":10208011002000,"n_per":55,"n_hombres":26,"n_mujeres":29,"n_edad_0_5":4,"n_edad_6_1":5,"n_edad_14_":1,"n_edad_18_":8,"n_edad_25_":20,"n_edad_45_":8,"n_edad_60_":9,"n_transpor":4,"n_transp_1":5,"n_transp_2":4,"n_transp_3":0,"n_transp_4":0,"n_transp_5":1,"n_transp_6":8,"dim_acc":0,"dim_soc":0}},{"type":"Feature","id":61,"geometry":{"type":"Polygon","coordinates":[[[-73.602,-43.1181],[-73.6019,-43.1181],[-73.6023,-43.1175],[-73.6041,-43.1166],[-73.6045,-43.1171],[-73.6029,-43.1179],[-73.6023,-43.1181],[-73.602,-43.1181]]]},"properties":{"OID":61,"MANZENT":10208011002000,"n_per":68,"n_hombres":33,"n_mujeres":35,"n_edad_0_5":5,"n_edad_6_1":11,"n_edad_14_":4,"n_edad_18_":7,"n_edad_25_":14,"n_edad_45_":15,"n_edad_60_":12,"n_transpor":13,"n_transp_1":2,"n_transp_2":6,"n_transp_3":0,"n_transp_4":0,"n_transp_5":1,"n_transp_6":1,"dim_acc":0,"dim_soc":0}},{"type":"Feature","id":62,"geometry":{"type":"Polygon","coordinates":[[[-73.6054,-43.1172],[-73.6052,-43.1173],[-73.6051,-43.1172],[-73.6052,-43.1173],[-73.6048,-43.1175],[-73.6046,-43.1171],[-73.6052,-43.117],[-73.6054,-43.1172]]]},"properties":{"OID":62,"MANZENT":10208011002000,"n_per":49,"n_hombres":21,"n_mujeres":28,"n_edad_0_5":3,"n_edad_6_1":5,"n_edad_14_":3,"n_edad_18_":6,"n_edad_25_":15,"n_edad_45_":6,"n_edad_60_":11,"n_transpor":4,"n_transp_1":7,"n_transp_2":3,"n_transp_3":0,"n_transp_4":0,"n_transp_5":1,"n_transp_6":0,"dim_acc":0,"dim_soc":0}},{"type":"Feature","id":63,"geometry":{"type":"Polygon","coordinates":[[[-73.604,-43.1184],[-73.6043,-43.1178],[-73.6043,-43.1176],[-73.6042,-43.1173],[-73.6045,-43.1172],[-73.6047,-43.1176],[-73.6043,-43.1184],[-73.604,-43.1184]]]},"properties":{"OID":63,"MANZENT":10208011002000,"n_per":40,"n_hombres":17,"n_mujeres":23,"n_edad_0_5":3,"n_edad_6_1":9,"n_edad_14_":6,"n_edad_18_":2,"n_edad_25_":12,"n_edad_45_":8,"n_edad_60_":0,"n_transpor":4,"n_transp_1":2,"n_transp_2":2,"n_transp_3":0,"n_transp_4":0,"n_transp_5":0,"n_transp_6":5,"dim_acc":0,"dim_soc":0}},{"type":"Feature","id":64,"geometry":{"type":"Polygon","coordinates":[[[-73.6047,-43.1177],[-73.6048,-43.1176],[-73.6055,-43.1172],[-73.6058,-43.1174],[-73.605,-43.1177],[-73.6053,-43.1177],[-73.605,-43.1196],[-73.6046,-43.1195],[-73.6047,-43.1184],[-73.6046,-43.1195],[-73.604,-43.1196],[-73.6043,-43.1185],[-73.6047,-43.1177]]]},"properties":{"OID":64,"MANZENT":10208011002000,"n_per":228,"n_hombres":118,"n_mujeres":110,"n_edad_0_5":20,"n_edad_6_1":27,"n_edad_14_":13,"n_edad_18_":23,"n_edad_25_":75,"n_edad_45_":39,"n_edad_60_":31,"n_transpor":12,"n_transp_1":5,"n_transp_2":13,"n_transp_3":2,"n_transp_4":0,"n_transp_5":1,"n_transp_6":21,"dim_acc":0,"dim_soc":0}},{"type":"Feature","id":65,"geometry":{"type":"Polygon","coordinates":[[[-73.5968,-43.1199],[-73.5967,-43.1192],[-73.5973,-43.1192],[-73.5974,-43.1199],[-73.5973,-43.1192],[-73.5967,-43.1192],[-73.5966,-43.1177],[-73.5977,-43.1176],[-73.5978,-43.1191],[-73.5978,-43.1176],[-73.5995,-43.1174],[-73.5995,-43.118],[-73.5995,-43.1174],[-73.6004,-43.1174],[-73.6004,-43.1176],[-73.6001,-43.1182],[-73.6,-43.1186],[-73.5996,-43.1193],[-73.5989,-43.1197],[-73.5995,-43.1193],[-73.5998,-43.1194],[-73.5997,-43.1198],[-73.6003,-43.1198],[-73.6,-43.12],[-73.5999,-43.1202],[-73.5976,-43.1202],[-73.596,-43.12],[-73.5958,-43.1191],[-73.5945,-43.1191],[-73.5942,-43.118],[-73.5965,-43.1177],[-73.5968,-43.1199]]]},"properties":{"OID":65,"MANZENT":10208011002000,"n_per":213,"n_hombres":112,"n_mujeres":101,"n_edad_0_5":14,"n_edad_6_1":24,"n_edad_14_":10,"n_edad_18_":20,"n_edad_25_":83,"n_edad_45_":33,"n_edad_60_":29,"n_transpor":25,"n_transp_1":35,"n_transp_2":22,"n_transp_3":2,"n_transp_4":0,"n_transp_5":4,"n_transp_6":23,"dim_acc":0,"dim_soc":0}},{"type":"Feature","id":66,"geometry":{"type":"Polygon","coordinates":[[[-73.6052,-43.1181],[-73.6054,-43.1176],[-73.6059,-43.1174],[-73.6068,-43.1177],[-73.6056,-43.1198],[-73.6052,-43.1198],[-73.6051,-43.1197],[-73.6051,-43.1194],[-73.6054,-43.1194],[-73.6051,-43.1194],[-73.6051,-43.1191],[-73.6054,-43.1191],[-73.6052,-43.1191],[-73.6052,-43.1189],[-73.6054,-43.1189],[-73.6052,-43.1188],[-73.6052,-43.1181],[-73.6054,-43.1181],[-73.6052,-43.1181]]]},"properties":{"OID":66,"MANZENT":10208011002000,"n_per":139,"n_hombres":68,"n_mujeres":71,"n_edad_0_5":15,"n_edad_6_1":16,"n_edad_14_":8,"n_edad_18_":11,"n_edad_25_":55,"n_edad_45_":22,"n_edad_60_":12,"n_transpor":6,"n_transp_1":20,"n_transp_2":15,"n_transp_3":1,"n_transp_4":0,"n_transp_5":3,"n_transp_6":12,"dim_acc":0,"dim_soc":0}},{"type":"Feature","id":67,"geometry":{"type":"Polygon","coordinates":[[[-73.6005,-43.1175],[-73.6005,-43.1174],[-73.6016,-43.1175],[-73.6022,-43.1175],[-73.6008,-43.1195],[-73.6004,-43.1198],[-73.5998,-43.1198],[-73.5998,-43.1194],[-73.6001,-43.1194],[-73.5997,-43.1194],[-73.5996,-43.1193],[-73.6,-43.1186],[-73.6001,-43.1182],[-73.6005,-43.1175]]]},"properties":{"OID":67,"MANZENT":10208011002000,"n_per":67,"n_hombres":35,"n_mujeres":32,"n_edad_0_5":3,"n_edad_6_1":5,"n_edad_14_":4,"n_edad_18_":14,"n_edad_25_":15,"n_edad_45_":16,"n_edad_60_":10,"n_transpor":9,"n_transp_1":10,"n_transp_2":7,"n_transp_3":0,"n_transp_4":0,"n_transp_5":3,"n_transp_6":0,"dim_acc":0,"dim_soc":0}},{"type":"Feature","id":68,"geometry":{"type":"Polygon","coordinates":[[[-73.6029,-43.118],[-73.6041,-43.1174],[-73.6042,-43.1177],[-73.604,-43.1181],[-73.6036,-43.118],[-73.6034,-43.1183],[-73.6031,-43.1182],[-73.6027,-43.1187],[-73.6027,-43.1189],[-73.6026,-43.1192],[-73.6019,-43.1192],[-73.6019,-43.1192],[-73.6035,-43.1194],[-73.6034,-43.1197],[-73.6038,-43.1198],[-73.604,-43.1196],[-73.6046,-43.1196],[-73.605,-43.1196],[-73.6052,-43.1201],[-73.6056,-43.1203],[-73.6056,-43.1205],[-73.6047,-43.1204],[-73.6035,-43.1204],[-73.6015,-43.1201],[-73.6,-43.1202],[-73.6,-43.12],[-73.6002,-43.1199],[-73.6009,-43.1198],[-73.6005,-43.1198],[-73.601,-43.1194],[-73.6019,-43.1181],[-73.602,-43.1182],[-73.6024,-43.1182],[-73.6029,-43.118]]]},"properties":{"OID":68,"MANZENT":10208011002000,"n_per":177,"n_hombres":92,"n_mujeres":85,"n_edad_0_5":10,"n_edad_6_1":15,"n_edad_14_":10,"n_edad_18_":26,"n_edad_25_":47,"n_edad_45_":43,"n_edad_60_":26,"n_transpor":18,"n_transp_1":9,"n_transp_2":13,"n_transp_3":1,"n_transp_4":0,"n_transp_5":7,"n_transp_6":19,"dim_acc":0,"dim_soc":0}},{"type":"Feature","id":69,"geometry":{"type":"Polygon","coordinates":[[[-73.6182,-43.1181],[-73.6182,-43.1175],[-73.6195,-43.1175],[-73.6195,-43.1191],[-73.6182,-43.1191],[-73.6182,-43.1182],[-73.6188,-43.1182],[-73.6188,-43.1181],[-73.6182,-43.1181]]]},"properties":{"OID":69,"MANZENT":10208011002000,"n_per":73,"n_hombres":37,"n_mujeres":36,"n_edad_0_5":1,"n_edad_6_1":5,"n_edad_14_":5,"n_edad_18_":5,"n_edad_25_":21,"n_edad_45_":19,"n_edad_60_":17,"n_transpor":10,"n_transp_1":5,"n_transp_2":19,"n_transp_3":1,"n_transp_4":0,"n_transp_5":0,"n_transp_6":4,"dim_acc":0,"dim_soc":0}},{"type":"Feature","id":70,"geometry":{"type":"Polygon","coordinates":[[[-73.617,-43.1185],[-73.617,-43.1176],[-73.618,-43.1175],[-73.6181,-43.1186],[-73.6178,-43.1187],[-73.6181,-43.1187],[-73.6181,-43.119],[-73.6177,-43.119],[-73.6181,-43.119],[-73.6181,-43.1192],[-73.617,-43.1192],[-73.617,-43.1185]]]},"properties":{"OID":70,"MANZENT":10208011002000,"n_per":63,"n_hombres":29,"n_mujeres":34,"n_edad_0_5":6,"n_edad_6_1":6,"n_edad_14_":3,"n_edad_18_":2,"n_edad_25_":25,"n_edad_45_":8,"n_edad_60_":13,"n_transpor":4,"n_transp_1":5,"n_transp_2":18,"n_transp_3":0,"n_transp_4":0,"n_transp_5":0,"n_transp_6":1,"dim_acc":0,"dim_soc":0}},{"type":"Feature","id":71,"geometry":{"type":"Polygon","coordinates":[[[-73.6147,-43.1177],[-73.6168,-43.1176],[-73.6169,-43.1192],[-73.6146,-43.1192],[-73.6147,-43.1177]]]},"properties":{"OID":71,"MANZENT":10208011002000,"n_per":26,"n_hombres":14,"n_mujeres":12,"n_edad_0_5":1,"n_edad_6_1":1,"n_edad_14_":1,"n_edad_18_":3,"n_edad_25_":7,"n_edad_45_":9,"n_edad_60_":4,"n_transpor":0,"n_transp_1":1,"n_transp_2":0,"n_transp_3":0,"n_transp_4":0,"n_transp_5":0,"n_transp_6":0,"dim_acc":0,"dim_soc":0}},{"type":"Feature","id":72,"geometry":{"type":"Polygon","coordinates":[[[-73.6143,-43.1192],[-73.6121,-43.1191],[-73.6123,-43.1178],[-73.6145,-43.1177],[-73.6145,-43.1192],[-73.6143,-43.1192]]]},"properties":{"OID":72,"MANZENT":10208011002000,"n_per":99,"n_hombres":49,"n_mujeres":50,"n_edad_0_5":9,"n_edad_6_1":9,"n_edad_14_":6,"n_edad_18_":6,"n_edad_25_":33,"n_edad_45_":18,"n_edad_60_":18,"n_transpor":0,"n_transp_1":2,"n_transp_2":1,"n_transp_3":0,"n_transp_4":0,"n_transp_5":0,"n_transp_6":0,"dim_acc":0,"dim_soc":0}},{"type":"Feature","id":73,"geometry":{"type":"Polygon","coordinates":[[[-73.6066,-43.1182],[-73.6069,-43.1177],[-73.6079,-43.1179],[-73.6079,-43.1184],[-73.6074,-43.1183],[-73.6073,-43.1182],[-73.6073,-43.1184],[-73.6079,-43.1184],[-73.6078,-43.1188],[-73.6063,-43.1187],[-73.6066,-43.1182]]]},"properties":{"OID":73,"MANZENT":10208011002000,"n_per":40,"n_hombres":14,"n_mujeres":26,"n_edad_0_5":2,"n_edad_6_1":3,"n_edad_14_":2,"n_edad_18_":2,"n_edad_25_":13,"n_edad_45_":11,"n_edad_60_":7,"n_transpor":1,"n_transp_1":0,"n_transp_2":0,"n_transp_3":0,"n_transp_4":0,"n_transp_5":0,"n_transp_6":0,"dim_acc":0,"dim_soc":0}},{"type":"Feature","id":74,"geometry":{"type":"Polygon","coordinates":[[[-73.6105,-43.119],[-73.6096,-43.119],[-73.6096,-43.1179],[-73.6121,-43.1178],[-73.612,-43.1191],[-73.6109,-43.1191],[-73.6109,-43.1186],[-73.6109,-43.1191],[-73.6106,-43.1191],[-73.6106,-43.1187],[-73.6105,-43.119]]]},"properties":{"OID":74,"MANZENT":10208011002000,"n_per":177,"n_hombres":88,"n_mujeres":89,"n_edad_0_5":9,"n_edad_6_1":11,"n_edad_14_":6,"n_edad_18_":8,"n_edad_25_":62,"n_edad_45_":33,"n_edad_60_":48,"n_transpor":15,"n_transp_1":18,"n_transp_2":32,"n_transp_3":1,"n_transp_4":0,"n_transp_5":0,"n_transp_6":13,"dim_acc":0,"dim_soc":0}},{"type":"Feature","id":75,"geometry":{"type":"Polygon","coordinates":[[[-73.608,-43.1179],[-73.6094,-43.1179],[-73.6095,-43.1179],[-73.6095,-43.119],[-73.6093,-43.119],[-73.6087,-43.1192],[-73.6083,-43.1196],[-73.6087,-43.1193],[-73.6093,-43.119],[-73.6095,-43.119],[-73.6095,-43.1194],[-73.6094,-43.1198],[-73.6083,-43.1199],[-73.6082,-43.1205],[-73.6081,-43.1206],[-73.6077,-43.1206],[-73.6077,-43.1201],[-73.608,-43.1185],[-73.608,-43.1179]]]},"properties":{"OID":75,"MANZENT":10208011002000,"n_per":159,"n_hombres":75,"n_mujeres":84,"n_edad_0_5":8,"n_edad_6_1":18,"n_edad_14_":5,"n_edad_18_":10,"n_edad_25_":55,"n_edad_45_":35,"n_edad_60_":28,"n_transpor":9,"n_transp_1":6,"n_transp_2":15,"n_transp_3":0,"n_transp_4":0,"n_transp_5":1,"n_transp_6":11,"dim_acc":0,"dim_soc":0}},{"type":"Feature","id":76,"geometry":{"type":"Polygon","coordinates":[[[-73.5931,-43.119],[-73.5939,-43.119],[-73.5932,-43.119],[-73.5934,-43.1181],[-73.5942,-43.118],[-73.5946,-43.12],[-73.5976,-43.1202],[-73.6,-43.1202],[-73.6,-43.1203],[-73.5957,-43.1202],[-73.5953,-43.1201],[-73.5926,-43.1202],[-73.5922,-43.1203],[-73.592,-43.1203],[-73.591,-43.1204],[-73.5904,-43.1202],[-73.5909,-43.1182],[-73.591,-43.1182],[-73.591,-43.1188],[-73.5911,-43.1182],[-73.5915,-43.1182],[-73.5914,-43.1191],[-73.5916,-43.1182],[-73.5934,-43.1181],[-73.5931,-43.119],[-73.5927,-43.119],[-73.5931,-43.1191],[-73.5929,-43.1197],[-73.5923,-43.1197],[-73.5929,-43.1197],[-73.5929,-43.1199],[-73.5924,-43.12],[-73.5928,-43.1199],[-73.5937,-43.1199],[-73.5929,-43.1199],[-73.593,-43.1196],[-73.5932,-43.1196],[-73.593,-43.1195],[-73.5931,-43.119]]]},"properties":{"OID":76,"MANZENT":10208011002000,"n_per":222,"n_hombres":111,"n_mujeres":111,"n_edad_0_5":17,"n_edad_6_1":38,"n_edad_14_":15,"n_edad_18_":14,"n_edad_25_":86,"n_edad_45_":33,"n_edad_60_":19,"n_transpor":23,"n_transp_1":38,"n_transp_2":22,"n_transp_3":0,"n_transp_4":0,"n_transp_5":1,"n_transp_6":8,"dim_acc":0,"dim_soc":0}},{"type":"Feature","id":77,"geometry":{"type":"Polygon","coordinates":[[[-73.6035,-43.1183],[-73.6035,-43.1181],[-73.6039,-43.1181],[-73.6038,-43.1184],[-73.6035,-43.1183]]]},"properties":{"OID":77,"MANZENT":10208011002000,"n_per":23,"n_hombres":9,"n_mujeres":14,"n_edad_0_5":2,"n_edad_6_1":3,"n_edad_14_":1,"n_edad_18_":4,"n_edad_25_":9,"n_edad_45_":4,"n_edad_60_":0,"n_transpor":4,"n_transp_1":5,"n_transp_2":1,"n_transp_3":0,"n_transp_4":0,"n_transp_5":0,"n_transp_6":2,"dim_acc":0,"dim_soc":0}},{"type":"Feature","id":78,"geometry":{"type":"Polygon","coordinates":[[[-73.603,-43.1192],[-73.6026,-43.1192],[-73.6028,-43.1187],[-73.6031,-43.1183],[-73.6034,-43.1184],[-73.603,-43.1192]]]},"properties":{"OID":78,"MANZENT":10208011002000,"n_per":98,"n_hombres":40,"n_mujeres":58,"n_edad_0_5":11,"n_edad_6_1":18,"n_edad_14_":9,"n_edad_18_":16,"n_edad_25_":26,"n_edad_45_":15,"n_edad_60_":3,"n_transpor":9,"n_transp_1":14,"n_transp_2":8,"n_transp_3":1,"n_transp_4":0,"n_transp_5":1,"n_transp_6":4,"dim_acc":0,"dim_soc":0}},{"type":"Feature","id":79,"geometry":{"type":"Polygon","coordinates":[[[-73.6031,-43.1192],[-73.6034,-43.1184],[-73.6038,-43.1185],[-73.6035,-43.1193],[-73.6031,-43.1192]]]},"properties":{"OID":79,"MANZENT":10208011002000,"n_per":84,"n_hombres":39,"n_mujeres":45,"n_edad_0_5":4,"n_edad_6_1":10,"n_edad_14_":7,"n_edad_18_":13,"n_edad_25_":29,"n_edad_45_":17,"n_edad_60_":4,"n_transpor":8,"n_transp_1":5,"n_transp_2":12,"n_transp_3":0,"n_transp_4":0,"n_transp_5":1,"n_transp_6":14,"dim_acc":0,"dim_soc":0}},{"type":"Feature","id":80,"geometry":{"type":"Polygon","coordinates":[[[-73.6036,-43.1193],[-73.6039,-43.1185],[-73.6042,-43.1186],[-73.604,-43.1194],[-73.6036,-43.1193]]]},"properties":{"OID":80,"MANZENT":10208011002000,"n_per":70,"n_hombres":33,"n_mujeres":37,"n_edad_0_5":4,"n_edad_6_1":11,"n_edad_14_":4,"n_edad_18_":8,"n_edad_25_":21,"n_edad_45_":12,"n_edad_60_":10,"n_transpor":6,"n_transp_1":5,"n_transp_2":12,"n_transp_3":0,"n_transp_4":0,"n_transp_5":0,"n_transp_6":1,"dim_acc":0,"dim_soc":0}},{"type":"Feature","id":81,"geometry":{"type":"Polygon","coordinates":[[[-73.6062,-43.1188],[-73.6078,-43.1189],[-73.6077,-43.1193],[-73.6073,-43.1193],[-73.6072,-43.1196],[-73.6072,-43.1199],[-73.6072,-43.1193],[-73.6077,-43.1193],[-73.6078,-43.1194],[-73.6078,-43.1197],[-73.6075,-43.1197],[-73.6077,-43.1197],[-73.6076,-43.1201],[-73.6077,-43.1206],[-73.6072,-43.1207],[-73.6061,-43.1207],[-73.6056,-43.1205],[-73.6057,-43.1203],[-73.6052,-43.1201],[-73.6051,-43.1198],[-73.606,-43.1199],[-73.6058,-43.1197],[-73.6062,-43.1188]]]},"properties":{"OID":81,"MANZENT":10208011002000,"n_per":118,"n_hombres":58,"n_mujeres":60,"n_edad_0_5":12,"n_edad_6_1":13,"n_edad_14_":6,"n_edad_18_":13,"n_edad_25_":42,"n_edad_45_":16,"n_edad_60_":16,"n_transpor":11,"n_transp_1":13,"n_transp_2":7,"n_transp_3":0,"n_transp_4":0,"n_transp_5":0,"n_transp_6":2,"dim_acc":0,"dim_soc":0}},{"type":"Feature","id":82,"geometry":{"type":"Polygon","coordinates":[[[-73.612,-43.1195],[-73.6119,-43.1199],[-73.6115,-43.1198],[-73.6119,-43.1199],[-73.6119,-43.1203],[-73.6113,-43.1203],[-73.6119,-43.1204],[-73.6118,-43.1207],[-73.6106,-43.1209],[-73.6105,-43.1202],[-73.6105,-43.1209],[-73.61,-43.121],[-73.6099,-43.1207],[-73.6099,-43.121],[-73.6094,-43.121],[-73.6096,-43.1191],[-73.6106,-43.1191],[-73.6102,-43.1198],[-73.6103,-43.1199],[-73.6106,-43.1191],[-73.6119,-43.1192],[-73.612,-43.1195]]]},"properties":{"OID":82,"MANZENT":10208011002000,"n_per":272,"n_hombres":137,"n_mujeres":135,"n_edad_0_5":14,"n_edad_6_1":25,"n_edad_14_":9,"n_edad_18_":24,"n_edad_25_":99,"n_edad_45_":53,"n_edad_60_":48,"n_transpor":15,"n_transp_1":5,"n_transp_2":16,"n_transp_3":0,"n_transp_4":0,"n_transp_5":3,"n_transp_6":26,"dim_acc":0,"dim_soc":0}},{"type":"Feature","id":83,"geometry":{"type":"Polygon","coordinates":[[[-73.5957,-43.12],[-73.5947,-43.12],[-73.5945,-43.1191],[-73.5958,-43.1191],[-73.5959,-43.12],[-73.5957,-43.12]]]},"properties":{"OID":83,"MANZENT":10208011002000,"n_per":39,"n_hombres":20,"n_mujeres":19,"n_edad_0_5":3,"n_edad_6_1":3,"n_edad_14_":1,"n_edad_18_":6,"n_edad_25_":12,"n_edad_45_":5,"n_edad_60_":9,"n_transpor":6,"n_transp_1":8,"n_transp_2":6,"n_transp_3":0,"n_transp_4":0,"n_transp_5":0,"n_transp_6":0,"dim_acc":0,"dim_soc":0}},{"type":"Feature","id":84,"geometry":{"type":"Polygon","coordinates":[[[-73.6121,-43.1195],[-73.6121,-43.1192],[-73.6133,-43.1193],[-73.6133,-43.1197],[-73.6133,-43.1193],[-73.6144,-43.1193],[-73.6144,-43.1208],[-73.6132,-43.1208],[-73.6133,-43.1199],[-73.6131,-43.1208],[-73.6119,-43.1207],[-73.6121,-43.1195]]]},"properties":{"OID":84,"MANZENT":10208011002000,"n_per":129,"n_hombres":73,"n_mujeres":56,"n_edad_0_5":11,"n_edad_6_1":13,"n_edad_14_":6,"n_edad_18_":7,"n_edad_25_":48,"n_edad_45_":16,"n_edad_60_":28,"n_transpor":21,"n_transp_1":8,"n_transp_2":16,"n_transp_3":0,"n_transp_4":0,"n_transp_5":0,"n_transp_6":16,"dim_acc":0,"dim_soc":0}},{"type":"Feature","id":85,"geometry":{"type":"Polygon","coordinates":[[[-73.6196,-43.1197],[-73.6183,-43.1197],[-73.6182,-43.1193],[-73.6195,-43.1192],[-73.6196,-43.1197]]]},"properties":{"OID":85,"MANZENT":10208011002000,"n_per":23,"n_hombres":8,"n_mujeres":15,"n_edad_0_5":0,"n_edad_6_1":1,"n_edad_14_":1,"n_edad_18_":2,"n_edad_25_":9,"n_edad_45_":5,"n_edad_60_":5,"n_transpor":2,"n_transp_1":0,"n_transp_2":4,"n_transp_3":0,"n_transp_4":0,"n_transp_5":0,"n_transp_6":1,"dim_acc":0,"dim_soc":0}},{"type":"Feature","id":86,"geometry":{"type":"Polygon","coordinates":[[[-73.6182,-43.12],[-73.6181,-43.1203],[-73.617,-43.1203],[-73.617,-43.1193],[-73.6181,-43.1193],[-73.6182,-43.12]]]},"properties":{"OID":86,"MANZENT":10208011002000,"n_per":25,"n_hombres":12,"n_mujeres":13,"n_edad_0_5":2,"n_edad_6_1":1,"n_edad_14_":2,"n_edad_18_":2,"n_edad_25_":9,"n_edad_45_":4,"n_edad_60_":5,"n_transpor":4,"n_transp_1":1,"n_transp_2":9,"n_transp_3":0,"n_transp_4":0,"n_transp_5":0,"n_transp_6":2,"dim_acc":0,"dim_soc":0}},{"type":"Feature","id":87,"geometry":{"type":"Polygon","coordinates":[[[-73.6157,-43.1193],[-73.6169,-43.1193],[-73.6169,-43.1203],[-73.6159,-43.1204],[-73.6156,-43.1204],[-73.6155,-43.1207],[-73.6145,-43.1208],[-73.6146,-43.1193],[-73.6157,-43.1193]]]},"properties":{"OID":87,"MANZENT":10208011002000,"n_per":50,"n_hombres":27,"n_mujeres":23,"n_edad_0_5":2,"n_edad_6_1":6,"n_edad_14_":5,"n_edad_18_":2,"n_edad_25_":15,"n_edad_45_":13,"n_edad_60_":7,"n_transpor":9,"n_transp_1":4,"n_transp_2":10,"n_transp_3":0,"n_transp_4":0,"n_transp_5":0,"n_transp_6":2,"dim_acc":0,"dim_soc":0}},{"type":"Feature","id":88,"geometry":{"type":"Polygon","coordinates":[[[-73.6035,-43.1196],[-73.6035,-43.1194],[-73.6039,-43.1195],[-73.6038,-43.1197],[-73.6035,-43.1196]]]},"properties":{"OID":88,"MANZENT":10208011002000,"n_per":21,"n_hombres":11,"n_mujeres":10,"n_edad_0_5":2,"n_edad_6_1":1,"n_edad_14_":3,"n_edad_18_":2,"n_edad_25_":6,"n_edad_45_":5,"n_edad_60_":2,"n_transpor":5,"n_transp_1":2,"n_transp_2":0,"n_transp_3":0,"n_transp_4":0,"n_transp_5":0,"n_transp_6":2,"dim_acc":0,"dim_soc":0}},{"type":"Feature","id":89,"geometry":{"type":"Polygon","coordinates":[[[-73.6196,-43.1198],[-73.6196,-43.1202],[-73.6183,-43.1203],[-73.6183,-43.1198],[-73.6196,-43.1198]]]},"properties":{"OID":89,"MANZENT":10208011002000,"n_per":27,"n_hombres":14,"n_mujeres":13,"n_edad_0_5":4,"n_edad_6_1":2,"n_edad_14_":2,"n_edad_18_":3,"n_edad_25_":8,"n_edad_45_":3,"n_edad_60_":5,"n_transpor":3,"n_transp_1":1,"n_transp_2":4,"n_transp_3":1,"n_transp_4":0,"n_transp_5":0,"n_transp_6":0,"dim_acc":0,"dim_soc":0}},{"type":"Feature","id":90,"geometry":{"type":"Polygon","coordinates":[[[-73.6092,-43.1211],[-73.6087,-43.121],[-73.6083,-43.1207],[-73.6083,-43.1201],[-73.6084,-43.12],[-73.6094,-43.1198],[-73.6092,-43.1211]]]},"properties":{"OID":90,"MANZENT":10208011002100,"n_per":63,"n_hombres":30,"n_mujeres":33,"n_edad_0_5":1,"n_edad_6_1":3,"n_edad_14_":5,"n_edad_18_":11,"n_edad_25_":11,"n_edad_45_":14,"n_edad_60_":18,"n_transpor":5,"n_transp_1":7,"n_transp_2":12,"n_transp_3":0,"n_transp_4":0,"n_transp_5":1,"n_transp_6":1,"dim_acc":0,"dim_soc":0}},{"type":"Feature","id":91,"geometry":{"type":"Polygon","coordinates":[[[-73.6081,-43.1207],[-73.6081,-43.1207],[-73.6086,-43.121],[-73.6091,-43.1211],[-73.6102,-43.1211],[-73.611,-43.1209],[-73.6121,-43.1208],[-73.6143,-43.1209],[-73.6156,-43.1208],[-73.6156,-43.1209],[-73.6142,-43.121],[-73.6119,-43.1209],[-73.6111,-43.121],[-73.6103,-43.1212],[-73.6099,-43.1212],[-73.6088,-43.1211],[-73.6085,-43.121],[-73.6081,-43.1207]]]},"properties":{"OID":91,"MANZENT":10208011002100,"n_per":33,"n_hombres":19,"n_mujeres":14,"n_edad_0_5":3,"n_edad_6_1":5,"n_edad_14_":1,"n_edad_18_":1,"n_edad_25_":13,"n_edad_45_":8,"n_edad_60_":2,"n_transpor":7,"n_transp_1":2,"n_transp_2":1,"n_transp_3":0,"n_transp_4":0,"n_transp_5":0,"n_transp_6":7,"dim_acc":0,"dim_soc":0}},{"type":"Feature","id":92,"geometry":{"type":"Polygon","coordinates":[[[-73.6161,-43.1084],[-73.6162,-43.1087],[-73.6157,-43.1087],[-73.6157,-43.1085],[-73.6156,-43.1087],[-73.6154,-43.1087],[-73.6154,-43.1088],[-73.6157,-43.1088],[-73.6158,-43.1093],[-73.6157,-43.1096],[-73.6156,-43.1096],[-73.6156,-43.1096],[-73.6161,-43.1097],[-73.616,-43.11],[-73.6155,-43.11],[-73.616,-43.1101],[-73.6159,-43.1104],[-73.6153,-43.1103],[-73.6158,-43.1104],[-73.6158,-43.1107],[-73.6157,-43.1108],[-73.6149,-43.1107],[-73.6147,-43.1108],[-73.6146,-43.1107],[-73.6147,-43.1109],[-73.6155,-43.1114],[-73.6153,-43.1117],[-73.6147,-43.1115],[-73.6173,-43.1124],[-73.6173,-43.1126],[-73.6162,-43.1122],[-73.6148,-43.1116],[-73.6139,-43.1115],[-73.6138,-43.1113],[-73.6139,-43.1107],[-73.6132,-43.1102],[-73.613,-43.1102],[-73.6127,-43.1105],[-73.6126,-43.1105],[-73.6123,-43.1102],[-73.6133,-43.1083],[-73.6161,-43.1083],[-73.6161,-43.1084]]]},"properties":{"OID":92,"MANZENT":10208011003000,"n_per":276,"n_hombres":120,"n_mujeres":156,"n_edad_0_5":29,"n_edad_6_1":34,"n_edad_14_":31,"n_edad_18_":26,"n_edad_25_":101,"n_edad_45_":43,"n_edad_60_":12,"n_transpor":21,"n_transp_1":26,"n_transp_2":18,"n_transp_3":0,"n_transp_4":0,"n_transp_5":1,"n_transp_6":28,"dim_acc":0,"dim_soc":0}},{"type":"Feature","id":93,"geometry":{"type":"Polygon","coordinates":[[[-73.6209,-43.1091],[-73.6209,-43.1102],[-73.6209,-43.1104],[-73.6203,-43.1111],[-73.6185,-43.11],[-73.6184,-43.1098],[-73.6182,-43.1093],[-73.6169,-43.1084],[-73.6168,-43.1084],[-73.6172,-43.1088],[-73.6163,-43.1087],[-73.6162,-43.1085],[-73.6163,-43.1085],[-73.6162,-43.1085],[-73.6161,-43.1083],[-73.6209,-43.1083],[-73.621,-43.1086],[-73.6209,-43.1087],[-73.6216,-43.1088],[-73.6222,-43.1091],[-73.6216,-43.1095],[-73.621,-43.1095],[-73.621,-43.109],[-73.6199,-43.1088],[-73.6191,-43.1089],[-73.6198,-43.1088],[-73.6209,-43.109],[-73.6209,-43.1091]]]},"properties":{"OID":93,"MANZENT":10208011003000,"n_per":45,"n_hombres":20,"n_mujeres":25,"n_edad_0_5":1,"n_edad_6_1":7,"n_edad_14_":6,"n_edad_18_":8,"n_edad_25_":16,"n_edad_45_":7,"n_edad_60_":0,"n_transpor":2,"n_transp_1":1,"n_transp_2":5,"n_transp_3":0,"n_transp_4":0,"n_transp_5":0,"n_transp_6":0,"dim_acc":0,"dim_soc":0}},{"type":"Feature","id":94,"geometry":{"type":"Polygon","coordinates":[[[-73.6157,-43.1096],[-73.6158,-43.1093],[-73.6157,-43.1088],[-73.6162,-43.1088],[-73.6163,-43.1092],[-73.6162,-43.1096],[-73.6157,-43.1096]]]},"properties":{"OID":94,"MANZENT":10208011003000,"n_per":54,"n_hombres":23,"n_mujeres":31,"n_edad_0_5":4,"n_edad_6_1":8,"n_edad_14_":3,"n_edad_18_":11,"n_edad_25_":15,"n_edad_45_":9,"n_edad_60_":4,"n_transpor":3,"n_transp_1":14,"n_transp_2":2,"n_transp_3":0,"n_transp_4":0,"n_transp_5":0,"n_transp_6":0,"dim_acc":0,"dim_soc":0}},{"type":"Feature","id":95,"geometry":{"type":"Polygon","coordinates":[[[-73.6165,-43.1091],[-73.6163,-43.1091],[-73.6163,-43.1088],[-73.6174,-43.1088],[-73.6181,-43.1094],[-73.6184,-43.1101],[-73.6178,-43.1099],[-73.6178,-43.1096],[-73.6173,-43.1092],[-73.6165,-43.1091]]]},"properties":{"OID":95,"MANZENT":10208011003000,"n_per":131,"n_hombres":62,"n_mujeres":69,"n_edad_0_5":9,"n_edad_6_1":11,"n_edad_14_":18,"n_edad_18_":22,"n_edad_25_":41,"n_edad_45_":24,"n_edad_60_":6,"n_transpor":9,"n_transp_1":10,"n_transp_2":4,"n_transp_3":0,"n_transp_4":0,"n_transp_5":0,"n_transp_6":9,"dim_acc":0,"dim_soc":0}},{"type":"Feature","id":96,"geometry":{"type":"Polygon","coordinates":[[[-73.6163,-43.1097],[-73.6164,-43.1092],[-73.6173,-43.1092],[-73.6177,-43.1095],[-73.6168,-43.1095],[-73.6167,-43.1097],[-73.6163,-43.1097]]]},"properties":{"OID":96,"MANZENT":10208011003000,"n_per":75,"n_hombres":33,"n_mujeres":42,"n_edad_0_5":7,"n_edad_6_1":11,"n_edad_14_":6,"n_edad_18_":9,"n_edad_25_":26,"n_edad_45_":8,"n_edad_60_":8,"n_transpor":3,"n_transp_1":8,"n_transp_2":5,"n_transp_3":0,"n_transp_4":0,"n_transp_5":0,"n_transp_6":7,"dim_acc":0,"dim_soc":0}},{"type":"Feature","id":97,"geometry":{"type":"Polygon","coordinates":[[[-73.6171,-43.1102],[-73.6161,-43.11],[-73.6162,-43.1097],[-73.6184,-43.1101],[-73.6182,-43.1104],[-73.6171,-43.1102]]]},"properties":{"OID":97,"MANZENT":10208011003000,"n_per":127,"n_hombres":56,"n_mujeres":71,"n_edad_0_5":11,"n_edad_6_1":19,"n_edad_14_":11,"n_edad_18_":17,"n_edad_25_":41,"n_edad_45_":21,"n_edad_60_":7,"n_transpor":10,"n_transp_1":9,"n_transp_2":7,"n_transp_3":0,"n_transp_4":0,"n_transp_5":2,"n_transp_6":5,"dim_acc":0,"dim_soc":0}},{"type":"Feature","id":98,"geometry":{"type":"Polygon","coordinates":[[[-73.6167,-43.1106],[-73.616,-43.1104],[-73.6161,-43.1101],[-73.6182,-43.1105],[-73.6181,-43.1108],[-73.6167,-43.1106]]]},"properties":{"OID":98,"MANZENT":10208011003000,"n_per":94,"n_hombres":47,"n_mujeres":47,"n_edad_0_5":5,"n_edad_6_1":12,"n_edad_14_":11,"n_edad_18_":13,"n_edad_25_":29,"n_edad_45_":21,"n_edad_60_":3,"n_transpor":5,"n_transp_1":10,"n_transp_2":9,"n_transp_3":0,"n_transp_4":0,"n_transp_5":0,"n_transp_6":0,"dim_acc":0,"dim_soc":0}},{"type":"Feature","id":99,"geometry":{"type":"Polygon","coordinates":[[[-73.6184,-43.1112],[-73.6188,-43.1102],[-73.6192,-43.1105],[-73.6189,-43.1113],[-73.6184,-43.1112]]]},"properties":{"OID":99,"MANZENT":10208011003000,"n_per":69,"n_hombres":30,"n_mujeres":39,"n_edad_0_5":4,"n_edad_6_1":9,"n_edad_14_":2,"n_edad_18_":7,"n_edad_25_":21,"n_edad_45_":19,"n_edad_60_":7,"n_transpor":4,"n_transp_1":8,"n_transp_2":3,"n_transp_3":0,"n_transp_4":0,"n_transp_5":2,"n_transp_6":4,"dim_acc":0,"dim_soc":0}},{"type":"Feature","id":100,"geometry":{"type":"Polygon","coordinates":[[[-73.6165,-43.1109],[-73.6159,-43.1108],[-73.616,-43.1105],[-73.6181,-43.1109],[-73.618,-43.1112],[-73.6165,-43.1109]]]},"properties":{"OID":100,"MANZENT":10208011003000,"n_per":121,"n_hombres":58,"n_mujeres":63,"n_edad_0_5":14,"n_edad_6_1":17,"n_edad_14_":19,"n_edad_18_":9,"n_edad_25_":46,"n_edad_45_":13,"n_edad_60_":3,"n_transpor":5,"n_transp_1":9,"n_transp_2":9,"n_transp_3":0,"n_transp_4":0,"n_transp_5":0,"n_transp_6":4,"dim_acc":0,"dim_soc":0}},{"type":"Feature","id":101,"geometry":{"type":"Polygon","coordinates":[[[-73.6196,-43.1114],[-73.6196,-43.1112],[-73.6195,-43.1114],[-73.6189,-43.1113],[-73.6192,-43.1107],[-73.6201,-43.1113],[-73.6201,-43.1114],[-73.6196,-43.1114]]]},"properties":{"OID":101,"MANZENT":10208011003000,"n_per":76,"n_hombres":34,"n_mujeres":42,"n_edad_0_5":5,"n_edad_6_1":14,"n_edad_14_":7,"n_edad_18_":10,"n_edad_25_":25,"n_edad_45_":10,"n_edad_60_":5,"n_transpor":5,"n_transp_1":0,"n_transp_2":2,"n_transp_3":0,"n_transp_4":0,"n_transp_5":2,"n_transp_6":0,"dim_acc":0,"dim_soc":0}},{"type":"Feature","id":102,"geometry":{"type":"Polygon","coordinates":[[[-73.6167,-43.1117],[-73.6156,-43.1113],[-73.6157,-43.111],[-73.6178,-43.1117],[-73.6176,-43.112],[-73.6167,-43.1117]]]},"properties":{"OID":102,"MANZENT":10208011003000,"n_per":125,"n_hombres":61,"n_mujeres":64,"n_edad_0_5":19,"n_edad_6_1":15,"n_edad_14_":13,"n_edad_18_":15,"n_edad_25_":40,"n_edad_45_":19,"n_edad_60_":4,"n_transpor":9,"n_transp_1":16,"n_transp_2":12,"n_transp_3":0,"n_transp_4":0,"n_transp_5":1,"n_transp_6":7,"dim_acc":0,"dim_soc":0}},{"type":"Feature","id":103,"geometry":{"type":"Polygon","coordinates":[[[-73.6203,-43.1115],[-73.6202,-43.1118],[-73.619,-43.1117],[-73.619,-43.1114],[-73.6202,-43.1115],[-73.6203,-43.1115]]]},"properties":{"OID":103,"MANZENT":10208011003000,"n_per":71,"n_hombres":30,"n_mujeres":41,"n_edad_0_5":2,"n_edad_6_1":13,"n_edad_14_":10,"n_edad_18_":6,"n_edad_25_":20,"n_edad_45_":15,"n_edad_60_":5,"n_transpor":0,"n_transp_1":1,"n_transp_2":1,"n_transp_3":0,"n_transp_4":0,"n_transp_5":0,"n_transp_6":1,"dim_acc":0,"dim_soc":0}},{"type":"Feature","id":104,"geometry":{"type":"Polygon","coordinates":[[[-73.6169,-43.1122],[-73.6154,-43.1117],[-73.6156,-43.1114],[-73.6175,-43.1121],[-73.6173,-43.1123],[-73.6169,-43.1122]]]},"properties":{"OID":104,"MANZENT":10208011003000,"n_per":116,"n_hombres":58,"n_mujeres":58,"n_edad_0_5":11,"n_edad_6_1":11,"n_edad_14_":13,"n_edad_18_":15,"n_edad_25_":40,"n_edad_45_":17,"n_edad_60_":9,"n_transpor":12,"n_transp_1":14,"n_transp_2":6,"n_transp_3":0,"n_transp_4":0,"n_transp_5":2,"n_transp_6":0,"dim_acc":0,"dim_soc":0}},{"type":"Feature","id":105,"geometry":{"type":"Polygon","coordinates":[[[-73.6202,-43.1119],[-73.6202,-43.1125],[-73.6197,-43.1124],[-73.6197,-43.1121],[-73.6197,-43.1121],[-73.6196,-43.1125],[-73.6189,-43.1124],[-73.6189,-43.1121],[-73.6192,-43.1121],[-73.6193,-43.1121],[-73.6189,-43.112],[-73.619,-43.1118],[-73.6202,-43.1119]]]},"properties":{"OID":105,"MANZENT":10208011003000,"n_per":127,"n_hombres":59,"n_mujeres":68,"n_edad_0_5":8,"n_edad_6_1":15,"n_edad_14_":15,"n_edad_18_":12,"n_edad_25_":46,"n_edad_45_":18,"n_edad_60_":13,"n_transpor":16,"n_transp_1":12,"n_transp_2":12,"n_transp_3":0,"n_transp_4":0,"n_transp_5":4,"n_transp_6":2,"dim_acc":0,"dim_soc":0}},{"type":"Feature","id":106,"geometry":{"type":"Polygon","coordinates":[[[-73.6172,-43.1128],[-73.6176,-43.1121],[-73.6179,-43.1122],[-73.6177,-43.1125],[-73.6187,-43.1129],[-73.6188,-43.1125],[-73.6202,-43.1125],[-73.6199,-43.1147],[-73.6181,-43.1146],[-73.6199,-43.1147],[-73.6198,-43.1154],[-73.619,-43.1154],[-73.6189,-43.115],[-73.619,-43.1154],[-73.6163,-43.1154],[-73.6164,-43.1146],[-73.6165,-43.1146],[-73.6164,-43.1146],[-73.6165,-43.1141],[-73.6167,-43.114],[-73.6178,-43.1141],[-73.6178,-43.1141],[-73.6176,-43.114],[-73.6178,-43.1136],[-73.6176,-43.114],[-73.6171,-43.114],[-73.6172,-43.1136],[-73.6171,-43.114],[-73.6165,-43.114],[-73.6168,-43.1132],[-73.6167,-43.1132],[-73.6164,-43.114],[-73.616,-43.1139],[-73.6163,-43.1131],[-73.6162,-43.1131],[-73.6159,-43.1139],[-73.6155,-43.1138],[-73.6158,-43.1131],[-73.6157,-43.1132],[-73.6148,-43.113],[-73.6148,-43.1127],[-73.6138,-43.1125],[-73.6138,-43.1124],[-73.6141,-43.1123],[-73.6151,-43.1123],[-73.6172,-43.1128]]]},"properties":{"OID":106,"MANZENT":10208011003000,"n_per":439,"n_hombres":209,"n_mujeres":230,"n_edad_0_5":25,"n_edad_6_1":56,"n_edad_14_":43,"n_edad_18_":31,"n_edad_25_":146,"n_edad_45_":99,"n_edad_60_":39,"n_transpor":40,"n_transp_1":22,"n_transp_2":48,"n_transp_3":0,"n_transp_4":0,"n_transp_5":3,"n_transp_6":18,"dim_acc":0,"dim_soc":0}},{"type":"Feature","id":107,"geometry":{"type":"Polygon","coordinates":[[[-73.6179,-43.1122],[-73.6187,-43.1125],[-73.6187,-43.1128],[-73.6177,-43.1125],[-73.6179,-43.1122]]]},"properties":{"OID":107,"MANZENT":10208011003000,"n_per":54,"n_hombres":20,"n_mujeres":34,"n_edad_0_5":2,"n_edad_6_1":7,"n_edad_14_":3,"n_edad_18_":8,"n_edad_25_":16,"n_edad_45_":9,"n_edad_60_":9,"n_transpor":8,"n_transp_1":4,"n_transp_2":8,"n_transp_3":1,"n_transp_4":0,"n_transp_5":0,"n_transp_6":0,"dim_acc":0,"dim_soc":0}},{"type":"Feature","id":108,"geometry":{"type":"Polygon","coordinates":[[[-73.6157,-43.1132],[-73.6155,-43.1135],[-73.6147,-43.1133],[-73.6148,-43.113],[-73.6157,-43.1132]]]},"properties":{"OID":108,"MANZENT":10208011003000,"n_per":59,"n_hombres":26,"n_mujeres":33,"n_edad_0_5":4,"n_edad_6_1":8,"n_edad_14_":6,"n_edad_18_":4,"n_edad_25_":17,"n_edad_45_":16,"n_edad_60_":4,"n_transpor":3,"n_transp_1":9,"n_transp_2":9,"n_transp_3":0,"n_transp_4":0,"n_transp_5":1,"n_transp_6":6,"dim_acc":0,"dim_soc":0}},{"type":"Feature","id":109,"geometry":{"type":"Polygon","coordinates":[[[-73.6155,-43.1135],[-73.6154,-43.1138],[-73.6146,-43.1136],[-73.6147,-43.1133],[-73.6155,-43.1135]]]},"properties":{"OID":109,"MANZENT":10208011003000,"n_per":56,"n_hombres":28,"n_mujeres":28,"n_edad_0_5":1,"n_edad_6_1":5,"n_edad_14_":6,"n_edad_18_":6,"n_edad_25_":14,"n_edad_45_":18,"n_edad_60_":6,"n_transpor":4,"n_transp_1":8,"n_transp_2":2,"n_transp_3":0,"n_transp_4":0,"n_transp_5":2,"n_transp_6":3,"dim_acc":0,"dim_soc":0}},{"type":"Feature","id":110,"geometry":{"type":"Polygon","coordinates":[[[-73.6154,-43.1139],[-73.6153,-43.1142],[-73.6144,-43.114],[-73.6145,-43.1137],[-73.6154,-43.1139]]]},"properties":{"OID":110,"MANZENT":10208011003000,"n_per":60,"n_hombres":32,"n_mujeres":28,"n_edad_0_5":3,"n_edad_6_1":8,"n_edad_14_":6,"n_edad_18_":6,"n_edad_25_":16,"n_edad_45_":17,"n_edad_60_":4,"n_transpor":8,"n_transp_1":2,"n_transp_2":7,"n_transp_3":1,"n_transp_4":0,"n_transp_5":0,"n_transp_6":7,"dim_acc":0,"dim_soc":0}},{"type":"Feature","id":111,"geometry":{"type":"Polygon","coordinates":[[[-73.6155,-43.1144],[-73.6153,-43.1143],[-73.6155,-43.1139],[-73.6159,-43.114],[-73.6158,-43.1154],[-73.6153,-43.1154],[-73.6153,-43.1147],[-73.6143,-43.1147],[-73.6143,-43.1144],[-73.6155,-43.1144]]]},"properties":{"OID":111,"MANZENT":10208011003000,"n_per":102,"n_hombres":47,"n_mujeres":55,"n_edad_0_5":7,"n_edad_6_1":14,"n_edad_14_":7,"n_edad_18_":8,"n_edad_25_":35,"n_edad_45_":18,"n_edad_60_":13,"n_transpor":2,"n_transp_1":11,"n_transp_2":15,"n_transp_3":0,"n_transp_4":0,"n_transp_5":0,"n_transp_6":1,"dim_acc":0,"dim_soc":0}},{"type":"Feature","id":112,"geometry":{"type":"Polygon","coordinates":[[[-73.6164,-43.1143],[-73.6164,-43.1147],[-73.6159,-43.1146],[-73.6159,-43.1143],[-73.616,-43.114],[-73.6164,-43.1141],[-73.6164,-43.1143]]]},"properties":{"OID":112,"MANZENT":10208011003000,"n_per":9,"n_hombres":6,"n_mujeres":3,"n_edad_0_5":0,"n_edad_6_1":1,"n_edad_14_":0,"n_edad_18_":0,"n_edad_25_":2,"n_edad_45_":3,"n_edad_60_":3,"n_transpor":0,"n_transp_1":0,"n_transp_2":0,"n_transp_3":0,"n_transp_4":0,"n_transp_5":0,"n_transp_6":0,"dim_acc":0,"dim_soc":0}},{"type":"Feature","id":113,"geometry":{"type":"Polygon","coordinates":[[[-73.6153,-43.1142],[-73.6151,-43.1143],[-73.6143,-43.1143],[-73.6144,-43.114],[-73.6153,-43.1142]]]},"properties":{"OID":113,"MANZENT":10208011003000,"n_per":20,"n_hombres":7,"n_mujeres":13,"n_edad_0_5":3,"n_edad_6_1":0,"n_edad_14_":0,"n_edad_18_":4,"n_edad_25_":7,"n_edad_45_":4,"n_edad_60_":2,"n_transpor":1,"n_transp_1":4,"n_transp_2":3,"n_transp_3":0,"n_transp_4":0,"n_transp_5":0,"n_transp_6":3,"dim_acc":0,"dim_soc":0}},{"type":"Feature","id":114,"geometry":{"type":"Polygon","coordinates":[[[-73.6159,-43.1154],[-73.6159,-43.1147],[-73.6164,-43.1147],[-73.6163,-43.1154],[-73.6159,-43.1154]]]},"properties":{"OID":114,"MANZENT":10208011003000,"n_per":41,"n_hombres":24,"n_mujeres":17,"n_edad_0_5":5,"n_edad_6_1":4,"n_edad_14_":1,"n_edad_18_":4,"n_edad_25_":19,"n_edad_45_":7,"n_edad_60_":1,"n_transpor":4,"n_transp_1":3,"n_transp_2":12,"n_transp_3":0,"n_transp_4":0,"n_transp_5":1,"n_transp_6":7,"dim_acc":0,"dim_soc":0}},{"type":"Feature","id":115,"geometry":{"type":"Polygon","coordinates":[[[-73.6148,-43.1154],[-73.6148,-43.1147],[-73.6152,-43.1148],[-73.6152,-43.1154],[-73.6148,-43.1154]]]},"properties":{"OID":115,"MANZENT":10208011003000,"n_per":38,"n_hombres":17,"n_mujeres":21,"n_edad_0_5":1,"n_edad_6_1":3,"n_edad_14_":1,"n_edad_18_":5,"n_edad_25_":9,"n_edad_45_":9,"n_edad_60_":10,"n_transpor":2,"n_transp_1":2,"n_transp_2":0,"n_transp_3":0,"n_transp_4":0,"n_transp_5":0,"n_transp_6":0,"dim_acc":0,"dim_soc":0}},{"type":"Feature","id":116,"geometry":{"type":"Polygon","coordinates":[[[-73.6143,-43.1154],[-73.6142,-43.1148],[-73.6147,-43.1147],[-73.6147,-43.1154],[-73.6143,-43.1154]]]},"properties":{"OID":116,"MANZENT":10208011003000,"n_per":53,"n_hombres":27,"n_mujeres":26,"n_edad_0_5":2,"n_edad_6_1":7,"n_edad_14_":5,"n_edad_18_":4,"n_edad_25_":12,"n_edad_45_":8,"n_edad_60_":15,"n_transpor":0,"n_transp_1":0,"n_transp_2":0,"n_transp_3":0,"n_transp_4":0,"n_transp_5":0,"n_transp_6":0,"dim_acc":0,"dim_soc":0}},{"type":"Feature","id":117,"geometry":{"type":"MultiPolygon","coordinates":[[[[-73.6187,-43.1124],[-73.618,-43.1121],[-73.6182,-43.1118],[-73.6188,-43.1121],[-73.6188,-43.1124],[-73.6187,-43.1124]]],[[[-73.6179,-43.1117],[-73.6181,-43.1113],[-73.6189,-43.1114],[-73.6188,-43.112],[-73.6182,-43.1118],[-73.6181,-43.1118],[-73.6179,-43.1121],[-73.6177,-43.112],[-73.6179,-43.1117]]]]},"properties":{"OID":117,"MANZENT":10208011003000,"n_per":62,"n_hombres":26,"n_mujeres":36,"n_edad_0_5":2,"n_edad_6_1":12,"n_edad_14_":10,"n_edad_18_":8,"n_edad_25_":22,"n_edad_45_":6,"n_edad_60_":2,"n_transpor":2,"n_transp_1":5,"n_transp_2":0,"n_transp_3":0,"n_transp_4":0,"n_transp_5":1,"n_transp_6":4,"dim_acc":0,"dim_soc":0}},{"type":"Feature","id":118,"geometry":{"type":"Polygon","coordinates":[[[-73.6246,-43.1119],[-73.6251,-43.1116],[-73.6257,-43.1121],[-73.6255,-43.1123],[-73.6252,-43.1121],[-73.6255,-43.1123],[-73.6251,-43.1125],[-73.6248,-43.1122],[-73.6251,-43.1125],[-73.6244,-43.1127],[-73.6239,-43.1124],[-73.6244,-43.1127],[-73.6242,-43.1128],[-73.6238,-43.1126],[-73.6241,-43.1128],[-73.6233,-43.1132],[-73.6219,-43.1146],[-73.6218,-43.1149],[-73.6218,-43.1154],[-73.6215,-43.1159],[-73.6214,-43.1164],[-73.6212,-43.1165],[-73.6215,-43.1145],[-73.6219,-43.1138],[-73.6221,-43.1137],[-73.6222,-43.1134],[-73.6226,-43.1131],[-73.6227,-43.1127],[-73.6229,-43.1124],[-73.6233,-43.1121],[-73.6233,-43.1119],[-73.6244,-43.1112],[-73.6251,-43.1111],[-73.6259,-43.1105],[-73.626,-43.11],[-73.6264,-43.1097],[-73.6265,-43.1094],[-73.6264,-43.1079],[-73.6264,-43.1076],[-73.6267,-43.1072],[-73.6273,-43.1065],[-73.6277,-43.1053],[-73.6284,-43.1053],[-73.6282,-43.1056],[-73.6283,-43.106],[-73.6285,-43.1066],[-73.6284,-43.1074],[-73.6277,-43.1072],[-73.628,-43.1074],[-73.6284,-43.1074],[-73.6283,-43.108],[-73.6278,-43.1085],[-73.6276,-43.109],[-73.6272,-43.1092],[-73.6271,-43.1098],[-73.6271,-43.1104],[-73.6268,-43.1114],[-73.6265,-43.1116],[-73.6259,-43.1111],[-73.6265,-43.1116],[-73.6265,-43.1117],[-73.6258,-43.1121],[-73.6251,-43.1115],[-73.6244,-43.1121],[-73.6246,-43.112],[-73.6248,-43.1121],[-73.6246,-43.1119]]]},"properties":{"OID":118,"MANZENT":10208011004000,"n_per":360,"n_hombres":171,"n_mujeres":189,"n_edad_0_5":28,"n_edad_6_1":42,"n_edad_14_":25,"n_edad_18_":45,"n_edad_25_":105,"n_edad_45_":70,"n_edad_60_":45,"n_transpor":28,"n_transp_1":27,"n_transp_2":43,"n_transp_3":0,"n_transp_4":0,"n_transp_5":0,"n_transp_6":32,"dim_acc":0,"dim_soc":0}},{"type":"Feature","id":119,"geometry":{"type":"Polygon","coordinates":[[[-73.6298,-43.1068],[-73.6298,-43.107],[-73.6291,-43.1069],[-73.629,-43.1075],[-73.6284,-43.1075],[-73.6285,-43.1066],[-73.6298,-43.1066],[-73.6298,-43.1068]]]},"properties":{"OID":119,"MANZENT":10208011004000,"n_per":43,"n_hombres":24,"n_mujeres":19,"n_edad_0_5":5,"n_edad_6_1":8,"n_edad_14_":3,"n_edad_18_":4,"n_edad_25_":13,"n_edad_45_":7,"n_edad_60_":3,"n_transpor":6,"n_transp_1":2,"n_transp_2":3,"n_transp_3":0,"n_transp_4":0,"n_transp_5":0,"n_transp_6":0,"dim_acc":0,"dim_soc":0}},{"type":"Feature","id":120,"geometry":{"type":"Polygon","coordinates":[[[-73.6208,-43.1107],[-73.621,-43.1105],[-73.6211,-43.1103],[-73.6211,-43.1096],[-73.6216,-43.1095],[-73.6223,-43.1092],[-73.6227,-43.1093],[-73.624,-43.1095],[-73.6258,-43.1105],[-73.6251,-43.1111],[-73.6244,-43.1112],[-73.6233,-43.1119],[-73.6232,-43.1121],[-73.6228,-43.1124],[-73.6226,-43.1127],[-73.6226,-43.113],[-73.6221,-43.1134],[-73.6221,-43.1137],[-73.6218,-43.1138],[-73.6214,-43.1145],[-73.6212,-43.1165],[-73.6209,-43.1164],[-73.6198,-43.1163],[-73.6198,-43.116],[-73.6207,-43.116],[-73.6199,-43.1159],[-73.6199,-43.1155],[-73.621,-43.1154],[-73.6199,-43.1154],[-73.62,-43.1151],[-73.6208,-43.1151],[-73.62,-43.1151],[-73.62,-43.1146],[-73.6213,-43.1146],[-73.62,-43.1146],[-73.6201,-43.1141],[-73.621,-43.1141],[-73.6201,-43.1141],[-73.6201,-43.1136],[-73.6212,-43.1136],[-73.6201,-43.1136],[-73.6202,-43.1129],[-73.622,-43.1129],[-73.6222,-43.1128],[-73.6223,-43.1111],[-73.6223,-43.1111],[-73.6222,-43.1127],[-73.6219,-43.1128],[-73.6211,-43.1129],[-73.6202,-43.1129],[-73.6204,-43.1111],[-73.6208,-43.1107]]]},"properties":{"OID":120,"MANZENT":10208011004000,"n_per":324,"n_hombres":170,"n_mujeres":154,"n_edad_0_5":25,"n_edad_6_1":30,"n_edad_14_":23,"n_edad_18_":33,"n_edad_25_":99,"n_edad_45_":67,"n_edad_60_":47,"n_transpor":36,"n_transp_1":28,"n_transp_2":28,"n_transp_3":0,"n_transp_4":0,"n_transp_5":0,"n_transp_6":2,"dim_acc":0,"dim_soc":0}},{"type":"Feature","id":121,"geometry":{"type":"Polygon","coordinates":[[[-73.6274,-43.1126],[-73.6274,-43.1129],[-73.6273,-43.113],[-73.6274,-43.1134],[-73.6271,-43.1134],[-73.6274,-43.1134],[-73.6275,-43.1138],[-73.6259,-43.1141],[-73.6258,-43.1151],[-73.6234,-43.1152],[-73.6233,-43.1143],[-73.6234,-43.1139],[-73.6245,-43.1138],[-73.6235,-43.1138],[-73.6235,-43.1134],[-73.6245,-43.1133],[-73.6235,-43.1134],[-73.6233,-43.1145],[-73.6222,-43.1144],[-73.6234,-43.1132],[-73.6248,-43.1126],[-73.6253,-43.1125],[-73.6267,-43.1115],[-73.627,-43.111],[-73.6271,-43.1102],[-73.6275,-43.111],[-73.6271,-43.1116],[-73.6275,-43.111],[-73.6278,-43.1113],[-73.6273,-43.1117],[-73.6279,-43.1113],[-73.6282,-43.1115],[-73.6279,-43.1119],[-73.6274,-43.1121],[-73.6274,-43.1125],[-73.6271,-43.1125],[-73.6271,-43.1122],[-73.627,-43.1122],[-73.6262,-43.1125],[-73.627,-43.1122],[-73.6271,-43.1125],[-73.6274,-43.1126]]]},"properties":{"OID":121,"MANZENT":10208011004000,"n_per":342,"n_hombres":174,"n_mujeres":168,"n_edad_0_5":20,"n_edad_6_1":39,"n_edad_14_":22,"n_edad_18_":31,"n_edad_25_":114,"n_edad_45_":70,"n_edad_60_":46,"n_transpor":43,"n_transp_1":35,"n_transp_2":31,"n_transp_3":1,"n_transp_4":0,"n_transp_5":7,"n_transp_6":11,"dim_acc":0,"dim_soc":0}},{"type":"Feature","id":122,"geometry":{"type":"Polygon","coordinates":[[[-73.6279,-43.1119],[-73.6296,-43.1114],[-73.6311,-43.1114],[-73.6309,-43.1138],[-73.633,-43.1138],[-73.6329,-43.1141],[-73.6331,-43.1144],[-73.6331,-43.1149],[-73.6328,-43.1158],[-73.6324,-43.1162],[-73.6323,-43.1164],[-73.6317,-43.1164],[-73.6318,-43.1159],[-73.632,-43.1159],[-73.6317,-43.1159],[-73.6317,-43.1164],[-73.6311,-43.1164],[-73.6315,-43.1146],[-73.6314,-43.1146],[-73.6301,-43.1146],[-73.6301,-43.1143],[-73.6306,-43.1142],[-73.6301,-43.1142],[-73.6301,-43.114],[-73.6303,-43.1139],[-73.6301,-43.1139],[-73.6301,-43.1136],[-73.6295,-43.1136],[-73.63,-43.1136],[-73.63,-43.1139],[-73.6295,-43.1139],[-73.6295,-43.114],[-73.63,-43.114],[-73.63,-43.1142],[-73.6296,-43.1143],[-73.63,-43.1143],[-73.63,-43.1146],[-73.6292,-43.1145],[-73.6288,-43.1146],[-73.6277,-43.1148],[-73.6276,-43.1144],[-73.6281,-43.1143],[-73.6276,-43.1143],[-73.6276,-43.1139],[-73.6283,-43.1137],[-73.6276,-43.1138],[-73.6275,-43.1134],[-73.6283,-43.1133],[-73.6275,-43.1134],[-73.6275,-43.113],[-73.6282,-43.1129],[-73.6274,-43.113],[-73.6274,-43.1126],[-73.6282,-43.1125],[-73.6274,-43.1125],[-73.6274,-43.1121],[-73.6279,-43.1119]]]},"properties":{"OID":122,"MANZENT":10208011004000,"n_per":264,"n_hombres":123,"n_mujeres":141,"n_edad_0_5":19,"n_edad_6_1":30,"n_edad_14_":22,"n_edad_18_":24,"n_edad_25_":85,"n_edad_45_":59,"n_edad_60_":25,"n_transpor":17,"n_transp_1":9,"n_transp_2":14,"n_transp_3":0,"n_transp_4":0,"n_transp_5":1,"n_transp_6":18,"dim_acc":0,"dim_soc":0}},{"type":"Feature","id":123,"geometry":{"type":"Polygon","coordinates":[[[-73.6271,-43.1149],[-73.6271,-43.114],[-73.6275,-43.1139],[-73.6276,-43.1148],[-73.6271,-43.1149]]]},"properties":{"OID":123,"MANZENT":10208011004000,"n_per":53,"n_hombres":26,"n_mujeres":27,"n_edad_0_5":5,"n_edad_6_1":5,"n_edad_14_":3,"n_edad_18_":5,"n_edad_25_":13,"n_edad_45_":17,"n_edad_60_":5,"n_transpor":11,"n_transp_1":3,"n_transp_2":7,"n_transp_3":1,"n_transp_4":0,"n_transp_5":1,"n_transp_6":0,"dim_acc":0,"dim_soc":0}},{"type":"Feature","id":124,"geometry":{"type":"Polygon","coordinates":[[[-73.6265,-43.115],[-73.6266,-43.1141],[-73.6271,-43.114],[-73.627,-43.1149],[-73.6265,-43.115]]]},"properties":{"OID":124,"MANZENT":10208011004000,"n_per":48,"n_hombres":24,"n_mujeres":24,"n_edad_0_5":3,"n_edad_6_1":2,"n_edad_14_":3,"n_edad_18_":9,"n_edad_25_":11,"n_edad_45_":14,"n_edad_60_":6,"n_transpor":7,"n_transp_1":8,"n_transp_2":9,"n_transp_3":0,"n_transp_4":0,"n_transp_5":0,"n_transp_6":3,"dim_acc":0,"dim_soc":0}},{"type":"Feature","id":125,"geometry":{"type":"Polygon","coordinates":[[[-73.6259,-43.1151],[-73.626,-43.1142],[-73.6265,-43.1141],[-73.6264,-43.115],[-73.6259,-43.1151]]]},"properties":{"OID":125,"MANZENT":10208011004000,"n_per":57,"n_hombres":29,"n_mujeres":28,"n_edad_0_5":3,"n_edad_6_1":6,"n_edad_14_":4,"n_edad_18_":11,"n_edad_25_":19,"n_edad_45_":12,"n_edad_60_":2,"n_transpor":7,"n_transp_1":4,"n_transp_2":6,"n_transp_3":0,"n_transp_4":0,"n_transp_5":3,"n_transp_6":5,"dim_acc":0,"dim_soc":0}},{"type":"Feature","id":126,"geometry":{"type":"Polygon","coordinates":[[[-73.6219,-43.1148],[-73.6221,-43.1145],[-73.6232,-43.1146],[-73.6233,-43.1151],[-73.6218,-43.1157],[-73.6219,-43.1148],[-73.6224,-43.1148],[-73.6219,-43.1148]]]},"properties":{"OID":126,"MANZENT":10208011004000,"n_per":88,"n_hombres":39,"n_mujeres":49,"n_edad_0_5":3,"n_edad_6_1":17,"n_edad_14_":5,"n_edad_18_":2,"n_edad_25_":31,"n_edad_45_":15,"n_edad_60_":15,"n_transpor":15,"n_transp_1":7,"n_transp_2":13,"n_transp_3":0,"n_transp_4":0,"n_transp_5":1,"n_transp_6":0,"dim_acc":0,"dim_soc":0}},{"type":"Feature","id":127,"geometry":{"type":"Polygon","coordinates":[[[-73.6292,-43.1146],[-73.63,-43.1146],[-73.63,-43.1149],[-73.6296,-43.1149],[-73.63,-43.115],[-73.6301,-43.1153],[-73.6297,-43.1153],[-73.6301,-43.1153],[-73.6301,-43.1156],[-73.6298,-43.1156],[-73.6301,-43.1156],[-73.6302,-43.1159],[-73.6298,-43.1159],[-73.6301,-43.1159],[-73.6302,-43.1163],[-73.6305,-43.1164],[-73.6305,-43.1164],[-73.6285,-43.1165],[-73.6284,-43.1155],[-73.6282,-43.1148],[-73.6292,-43.1146]]]},"properties":{"OID":127,"MANZENT":10208011004000,"n_per":154,"n_hombres":73,"n_mujeres":81,"n_edad_0_5":8,"n_edad_6_1":21,"n_edad_14_":14,"n_edad_18_":13,"n_edad_25_":52,"n_edad_45_":30,"n_edad_60_":16,"n_transpor":22,"n_transp_1":37,"n_transp_2":13,"n_transp_3":0,"n_transp_4":0,"n_transp_5":2,"n_transp_6":6,"dim_acc":0,"dim_soc":0}},{"type":"Feature","id":128,"geometry":{"type":"Polygon","coordinates":[[[-73.6301,-43.1149],[-73.6301,-43.1146],[-73.6315,-43.1146],[-73.631,-43.1164],[-73.6307,-43.1164],[-73.6306,-43.1163],[-73.6303,-43.1163],[-73.6302,-43.1156],[-73.6305,-43.1156],[-73.6302,-43.1156],[-73.6302,-43.1153],[-73.6305,-43.1153],[-73.6302,-43.1152],[-73.6301,-43.115],[-73.6305,-43.1149],[-73.6301,-43.1149]]]},"properties":{"OID":128,"MANZENT":10208011004000,"n_per":110,"n_hombres":62,"n_mujeres":48,"n_edad_0_5":7,"n_edad_6_1":14,"n_edad_14_":4,"n_edad_18_":16,"n_edad_25_":36,"n_edad_45_":24,"n_edad_60_":9,"n_transpor":16,"n_transp_1":24,"n_transp_2":12,"n_transp_3":0,"n_transp_4":1,"n_transp_5":0,"n_transp_6":2,"dim_acc":0,"dim_soc":0}},{"type":"Feature","id":129,"geometry":{"type":"Polygon","coordinates":[[[-73.6277,-43.1148],[-73.6281,-43.1148],[-73.6284,-43.1156],[-73.6278,-43.1156],[-73.6277,-43.1148]]]},"properties":{"OID":129,"MANZENT":10208011004000,"n_per":76,"n_hombres":30,"n_mujeres":46,"n_edad_0_5":5,"n_edad_6_1":13,"n_edad_14_":6,"n_edad_18_":5,"n_edad_25_":21,"n_edad_45_":11,"n_edad_60_":15,"n_transpor":1,"n_transp_1":1,"n_transp_2":7,"n_transp_3":0,"n_transp_4":0,"n_transp_5":1,"n_transp_6":5,"dim_acc":0,"dim_soc":0}},{"type":"Feature","id":130,"geometry":{"type":"Polygon","coordinates":[[[-73.6275,-43.1155],[-73.6275,-43.1153],[-73.6271,-43.1153],[-73.627,-43.1149],[-73.6276,-43.1148],[-73.6278,-43.1157],[-73.6278,-43.1166],[-73.6273,-43.1168],[-73.6272,-43.1158],[-73.6275,-43.1155]]]},"properties":{"OID":130,"MANZENT":10208011004000,"n_per":80,"n_hombres":44,"n_mujeres":36,"n_edad_0_5":4,"n_edad_6_1":8,"n_edad_14_":8,"n_edad_18_":3,"n_edad_25_":23,"n_edad_45_":9,"n_edad_60_":25,"n_transpor":7,"n_transp_1":7,"n_transp_2":7,"n_transp_3":0,"n_transp_4":0,"n_transp_5":1,"n_transp_6":0,"dim_acc":0,"dim_soc":0}},{"type":"Feature","id":131,"geometry":{"type":"Polygon","coordinates":[[[-73.6267,-43.1158],[-73.6265,-43.1151],[-73.6262,-43.115],[-73.6269,-43.1149],[-73.6271,-43.1157],[-73.6267,-43.1158]]]},"properties":{"OID":131,"MANZENT":10208011004000,"n_per":80,"n_hombres":41,"n_mujeres":39,"n_edad_0_5":2,"n_edad_6_1":8,"n_edad_14_":5,"n_edad_18_":13,"n_edad_25_":17,"n_edad_45_":21,"n_edad_60_":14,"n_transpor":7,"n_transp_1":11,"n_transp_2":18,"n_transp_3":0,"n_transp_4":0,"n_transp_5":0,"n_transp_6":0,"dim_acc":0,"dim_soc":0}},{"type":"Feature","id":132,"geometry":{"type":"Polygon","coordinates":[[[-73.6259,-43.1155],[-73.6258,-43.1151],[-73.6262,-43.115],[-73.6265,-43.1151],[-73.6266,-43.1158],[-73.626,-43.1159],[-73.626,-43.1157],[-73.6261,-43.1157],[-73.626,-43.1157],[-73.6259,-43.1155]]]},"properties":{"OID":132,"MANZENT":10208011004000,"n_per":97,"n_hombres":49,"n_mujeres":48,"n_edad_0_5":2,"n_edad_6_1":10,"n_edad_14_":9,"n_edad_18_":10,"n_edad_25_":30,"n_edad_45_":15,"n_edad_60_":21,"n_transpor":6,"n_transp_1":15,"n_transp_2":7,"n_transp_3":1,"n_transp_4":0,"n_transp_5":0,"n_transp_6":6,"dim_acc":0,"dim_soc":0}},{"type":"Feature","id":133,"geometry":{"type":"Polygon","coordinates":[[[-73.6257,-43.1151],[-73.6258,-43.1151],[-73.6259,-43.116],[-73.6254,-43.116],[-73.6235,-43.1161],[-73.6235,-43.1155],[-73.6246,-43.1155],[-73.6235,-43.1155],[-73.6234,-43.1153],[-73.6257,-43.1151]]]},"properties":{"OID":133,"MANZENT":10208011004000,"n_per":150,"n_hombres":75,"n_mujeres":75,"n_edad_0_5":10,"n_edad_6_1":21,"n_edad_14_":9,"n_edad_18_":20,"n_edad_25_":33,"n_edad_45_":35,"n_edad_60_":22,"n_transpor":7,"n_transp_1":11,"n_transp_2":25,"n_transp_3":0,"n_transp_4":0,"n_transp_5":2,"n_transp_6":14,"dim_acc":0,"dim_soc":0}},{"type":"Feature","id":134,"geometry":{"type":"Polygon","coordinates":[[[-73.6215,-43.1161],[-73.6217,-43.1158],[-73.6233,-43.1152],[-73.6234,-43.1161],[-73.6215,-43.1161]]]},"properties":{"OID":134,"MANZENT":10208011004000,"n_per":128,"n_hombres":56,"n_mujeres":72,"n_edad_0_5":9,"n_edad_6_1":5,"n_edad_14_":5,"n_edad_18_":13,"n_edad_25_":38,"n_edad_45_":18,"n_edad_60_":40,"n_transpor":5,"n_transp_1":18,"n_transp_2":19,"n_transp_3":0,"n_transp_4":0,"n_transp_5":1,"n_transp_6":4,"dim_acc":0,"dim_soc":0}},{"type":"Feature","id":135,"geometry":{"type":"Polygon","coordinates":[[[-73.6275,-43.1153],[-73.6275,-43.1155],[-73.6272,-43.1157],[-73.6271,-43.1154],[-73.6275,-43.1153]]]},"properties":{"OID":135,"MANZENT":10208011004000,"n_per":19,"n_hombres":12,"n_mujeres":7,"n_edad_0_5":1,"n_edad_6_1":1,"n_edad_14_":3,"n_edad_18_":4,"n_edad_25_":4,"n_edad_45_":4,"n_edad_60_":2,"n_transpor":2,"n_transp_1":1,"n_transp_2":0,"n_transp_3":0,"n_transp_4":0,"n_transp_5":1,"n_transp_6":1,"dim_acc":0,"dim_soc":0}},{"type":"Feature","id":136,"geometry":{"type":"Polygon","coordinates":[[[-73.6279,-43.1166],[-73.6278,-43.1157],[-73.6284,-43.1156],[-73.6285,-43.1165],[-73.6279,-43.1166]]]},"properties":{"OID":136,"MANZENT":10208011004000,"n_per":47,"n_hombres":23,"n_mujeres":24,"n_edad_0_5":0,"n_edad_6_1":2,"n_edad_14_":5,"n_edad_18_":1,"n_edad_25_":6,"n_edad_45_":9,"n_edad_60_":24,"n_transpor":1,"n_transp_1":3,"n_transp_2":4,"n_transp_3":0,"n_transp_4":0,"n_transp_5":0,"n_transp_6":2,"dim_acc":0,"dim_soc":0}},{"type":"Feature","id":137,"geometry":{"type":"Polygon","coordinates":[[[-73.6268,-43.1159],[-73.6271,-43.1158],[-73.6272,-43.1159],[-73.6273,-43.1168],[-73.6268,-43.1169],[-73.6267,-43.1159],[-73.6268,-43.1159]]]},"properties":{"OID":137,"MANZENT":10208011004000,"n_per":39,"n_hombres":18,"n_mujeres":21,"n_edad_0_5":3,"n_edad_6_1":2,"n_edad_14_":4,"n_edad_18_":4,"n_edad_25_":9,"n_edad_45_":5,"n_edad_60_":12,"n_transpor":2,"n_transp_1":2,"n_transp_2":4,"n_transp_3":0,"n_transp_4":0,"n_transp_5":1,"n_transp_6":1,"dim_acc":0,"dim_soc":0}},{"type":"Feature","id":138,"geometry":{"type":"Polygon","coordinates":[[[-73.6264,-43.1164],[-73.6263,-43.116],[-73.6266,-43.1159],[-73.6267,-43.1169],[-73.6257,-43.1171],[-73.6256,-43.1161],[-73.6262,-43.116],[-73.6264,-43.1164]]]},"properties":{"OID":138,"MANZENT":10208011004000,"n_per":104,"n_hombres":52,"n_mujeres":52,"n_edad_0_5":7,"n_edad_6_1":9,"n_edad_14_":6,"n_edad_18_":4,"n_edad_25_":41,"n_edad_45_":17,"n_edad_60_":20,"n_transpor":2,"n_transp_1":6,"n_transp_2":13,"n_transp_3":0,"n_transp_4":0,"n_transp_5":0,"n_transp_6":8,"dim_acc":0,"dim_soc":0}},{"type":"Feature","id":139,"geometry":{"type":"Polygon","coordinates":[[[-73.6236,-43.1166],[-73.6235,-43.1161],[-73.6255,-43.1161],[-73.6255,-43.1165],[-73.6236,-43.1166]]]},"properties":{"OID":139,"MANZENT":10208011004000,"n_per":134,"n_hombres":66,"n_mujeres":68,"n_edad_0_5":12,"n_edad_6_1":11,"n_edad_14_":7,"n_edad_18_":10,"n_edad_25_":43,"n_edad_45_":25,"n_edad_60_":26,"n_transpor":6,"n_transp_1":10,"n_transp_2":9,"n_transp_3":0,"n_transp_4":0,"n_transp_5":4,"n_transp_6":0,"dim_acc":0,"dim_soc":0}},{"type":"Feature","id":140,"geometry":{"type":"Polygon","coordinates":[[[-73.6223,-43.1162],[-73.6234,-43.1162],[-73.6234,-43.1166],[-73.622,-43.1167],[-73.6221,-43.1172],[-73.6213,-43.1173],[-73.6215,-43.1162],[-73.6223,-43.1162]]]},"properties":{"OID":140,"MANZENT":10208011004000,"n_per":103,"n_hombres":60,"n_mujeres":43,"n_edad_0_5":4,"n_edad_6_1":11,"n_edad_14_":3,"n_edad_18_":13,"n_edad_25_":37,"n_edad_45_":14,"n_edad_60_":21,"n_transpor":6,"n_transp_1":4,"n_transp_2":8,"n_transp_3":0,"n_transp_4":0,"n_transp_5":2,"n_transp_6":1,"dim_acc":0,"dim_soc":0}},{"type":"Feature","id":141,"geometry":{"type":"Polygon","coordinates":[[[-73.6197,-43.1174],[-73.6198,-43.1164],[-73.6212,-43.1165],[-73.6211,-43.1169],[-73.6209,-43.1173],[-73.6197,-43.1174]]]},"properties":{"OID":141,"MANZENT":10208011004000,"n_per":11,"n_hombres":7,"n_mujeres":4,"n_edad_0_5":0,"n_edad_6_1":0,"n_edad_14_":1,"n_edad_18_":2,"n_edad_25_":4,"n_edad_45_":2,"n_edad_60_":2,"n_transpor":0,"n_transp_1":1,"n_transp_2":0,"n_transp_3":0,"n_transp_4":0,"n_transp_5":0,"n_transp_6":0,"dim_acc":0,"dim_soc":0}},{"type":"Feature","id":142,"geometry":{"type":"Polygon","coordinates":[[[-73.6236,-43.1172],[-73.6236,-43.1167],[-73.6255,-43.1166],[-73.6256,-43.1171],[-73.6236,-43.1172]]]},"properties":{"OID":142,"MANZENT":10208011004000,"n_per":77,"n_hombres":38,"n_mujeres":39,"n_edad_0_5":4,"n_edad_6_1":8,"n_edad_14_":4,"n_edad_18_":2,"n_edad_25_":27,"n_edad_45_":16,"n_edad_60_":16,"n_transpor":6,"n_transp_1":9,"n_transp_2":19,"n_transp_3":0,"n_transp_4":0,"n_transp_5":0,"n_transp_6":4,"dim_acc":0,"dim_soc":0}},{"type":"Feature","id":143,"geometry":{"type":"Polygon","coordinates":[[[-73.6221,-43.1167],[-73.6234,-43.1167],[-73.6235,-43.1172],[-73.6222,-43.1172],[-73.6221,-43.1167]]]},"properties":{"OID":143,"MANZENT":10208011004000,"n_per":40,"n_hombres":23,"n_mujeres":17,"n_edad_0_5":0,"n_edad_6_1":3,"n_edad_14_":4,"n_edad_18_":6,"n_edad_25_":10,"n_edad_45_":10,"n_edad_60_":7,"n_transpor":2,"n_transp_1":5,"n_transp_2":2,"n_transp_3":0,"n_transp_4":0,"n_transp_5":1,"n_transp_6":0,"dim_acc":0,"dim_soc":0}},{"type":"Feature","id":144,"geometry":{"type":"MultiPolygon","coordinates":[[[[-73.628,-43.1089],[-73.6282,-43.1087],[-73.629,-43.1088],[-73.629,-43.109],[-73.6285,-43.109],[-73.6281,-43.1092],[-73.628,-43.1089]]],[[[-73.6283,-43.1056],[-73.6284,-43.1053],[-73.6301,-43.1052],[-73.63,-43.1058],[-73.6304,-43.1057],[-73.6304,-43.1077],[-73.6314,-43.1077],[-73.6305,-43.1092],[-73.631,-43.1092],[-73.6312,-43.1095],[-73.6311,-43.1114],[-73.6296,-43.1114],[-73.6279,-43.1119],[-73.6285,-43.1113],[-73.63,-43.1106],[-73.6304,-43.1107],[-73.6304,-43.111],[-73.6305,-43.1107],[-73.63,-43.1106],[-73.6298,-43.1107],[-73.6293,-43.1105],[-73.6297,-43.1107],[-73.6292,-43.1109],[-73.629,-43.1106],[-73.6292,-43.1109],[-73.6289,-43.111],[-73.6287,-43.1107],[-73.6289,-43.1111],[-73.6286,-43.1112],[-73.6284,-43.1108],[-73.6286,-43.1112],[-73.6283,-43.1114],[-73.6279,-43.1113],[-73.6276,-43.1111],[-73.6279,-43.1103],[-73.6276,-43.111],[-73.6273,-43.1106],[-73.6271,-43.1099],[-73.6272,-43.1093],[-73.6273,-43.1092],[-73.6277,-43.109],[-73.6279,-43.1085],[-73.628,-43.1092],[-73.6283,-43.1091],[-73.6293,-43.1092],[-73.6304,-43.1092],[-73.6293,-43.1092],[-73.6284,-43.1091],[-73.6285,-43.109],[-73.6293,-43.1091],[-73.6303,-43.109],[-73.629,-43.109],[-73.629,-43.1087],[-73.6282,-43.1087],[-73.628,-43.1089],[-73.6279,-43.1084],[-73.6288,-43.108],[-73.6288,-43.1078],[-73.6292,-43.1079],[-73.6299,-43.1079],[-73.6292,-43.1079],[-73.6288,-43.1078],[-73.6287,-43.1079],[-73.6285,-43.1082],[-73.628,-43.1083],[-73.6283,-43.108],[-73.6284,-43.1075],[-73.6291,-43.1075],[-73.6292,-43.1069],[-73.6297,-43.107],[-73.6297,-43.1075],[-73.6298,-43.1068],[-73.6298,-43.1066],[-73.6285,-43.1066],[-73.6285,-43.1063],[-73.6293,-43.1062],[-73.6284,-43.1063],[-73.6283,-43.1056]]]]},"properties":{"OID":144,"MANZENT":10208011004000,"n_per":203,"n_hombres":111,"n_mujeres":92,"n_edad_0_5":14,"n_edad_6_1":26,"n_edad_14_":15,"n_edad_18_":22,"n_edad_25_":83,"n_edad_45_":29,"n_edad_60_":14,"n_transpor":38,"n_transp_1":33,"n_transp_2":22,"n_transp_3":0,"n_transp_4":0,"n_transp_5":2,"n_transp_6":5,"dim_acc":0,"dim_soc":0}},{"type":"Feature","id":145,"geometry":{"type":"Polygon","coordinates":[[[-73.6075,-43.1147],[-73.6076,-43.1146],[-73.6078,-43.1146],[-73.6075,-43.1146],[-73.6074,-43.1147],[-73.607,-43.1147],[-73.6073,-43.1142],[-73.6074,-43.1128],[-73.6084,-43.113],[-73.6084,-43.1129],[-73.6074,-43.1128],[-73.6074,-43.1126],[-73.6085,-43.1127],[-73.6085,-43.1118],[-73.6093,-43.1119],[-73.6093,-43.1118],[-73.6089,-43.1118],[-73.6089,-43.1109],[-73.6095,-43.1109],[-73.6073,-43.1109],[-73.6073,-43.1108],[-73.6121,-43.1106],[-73.6123,-43.1103],[-73.6126,-43.1105],[-73.6127,-43.1105],[-73.613,-43.1102],[-73.6132,-43.1102],[-73.6139,-43.1107],[-73.6138,-43.1113],[-73.6138,-43.1115],[-73.6149,-43.1117],[-73.6161,-43.1123],[-73.6159,-43.1124],[-73.6148,-43.1122],[-73.6141,-43.1122],[-73.6135,-43.1124],[-73.6133,-43.1128],[-73.6129,-43.1127],[-73.613,-43.1124],[-73.6129,-43.1127],[-73.6126,-43.1127],[-73.6133,-43.1128],[-73.6132,-43.1131],[-73.6118,-43.1128],[-73.6117,-43.1128],[-73.6116,-43.1131],[-73.6113,-43.1131],[-73.6113,-43.1131],[-73.6115,-43.1132],[-73.6114,-43.1135],[-73.6107,-43.1133],[-73.6107,-43.1134],[-73.6114,-43.1135],[-73.6113,-43.1138],[-73.6106,-43.1136],[-73.6106,-43.1137],[-73.6127,-43.1141],[-73.6126,-43.1148],[-73.6117,-43.1147],[-73.6116,-43.1146],[-73.6097,-43.1142],[-73.609,-43.1153],[-73.6115,-43.1154],[-73.6113,-43.1168],[-73.6113,-43.1168],[-73.6114,-43.1166],[-73.6121,-43.1166],[-73.6121,-43.1176],[-73.6121,-43.1176],[-73.6103,-43.1177],[-73.61,-43.1177],[-73.6098,-43.1176],[-73.6094,-43.1171],[-73.6096,-43.1168],[-73.6095,-43.1164],[-73.6096,-43.1167],[-73.6094,-43.117],[-73.6082,-43.1157],[-73.6078,-43.1154],[-73.6069,-43.1151],[-73.6069,-43.115],[-73.607,-43.1147],[-73.6075,-43.1147]]]},"properties":{"OID":145,"MANZENT":10208011005000,"n_per":605,"n_hombres":295,"n_mujeres":310,"n_edad_0_5":45,"n_edad_6_1":63,"n_edad_14_":32,"n_edad_18_":55,"n_edad_25_":187,"n_edad_45_":113,"n_edad_60_":110,"n_transpor":61,"n_transp_1":72,"n_transp_2":81,"n_transp_3":0,"n_transp_4":0,"n_transp_5":7,"n_transp_6":31,"dim_acc":0,"dim_soc":0}},{"type":"Feature","id":146,"geometry":{"type":"Polygon","coordinates":[[[-73.6085,-43.1118],[-73.6084,-43.1118],[-73.6084,-43.1109],[-73.6089,-43.1109],[-73.6089,-43.1118],[-73.6085,-43.1118]]]},"properties":{"OID":146,"MANZENT":10208011005000,"n_per":55,"n_hombres":29,"n_mujeres":26,"n_edad_0_5":4,"n_edad_6_1":13,"n_edad_14_":5,"n_edad_18_":3,"n_edad_25_":20,"n_edad_45_":8,"n_edad_60_":2,"n_transpor":2,"n_transp_1":5,"n_transp_2":2,"n_transp_3":0,"n_transp_4":0,"n_transp_5":0,"n_transp_6":4,"dim_acc":0,"dim_soc":0}},{"type":"Feature","id":147,"geometry":{"type":"Polygon","coordinates":[[[-73.608,-43.1118],[-73.608,-43.111],[-73.6084,-43.111],[-73.6084,-43.1118],[-73.608,-43.1118]]]},"properties":{"OID":147,"MANZENT":10208011005000,"n_per":59,"n_hombres":26,"n_mujeres":33,"n_edad_0_5":8,"n_edad_6_1":13,"n_edad_14_":3,"n_edad_18_":2,"n_edad_25_":22,"n_edad_45_":5,"n_edad_60_":6,"n_transpor":2,"n_transp_1":3,"n_transp_2":1,"n_transp_3":0,"n_transp_4":0,"n_transp_5":0,"n_transp_6":5,"dim_acc":0,"dim_soc":0}},{"type":"Feature","id":148,"geometry":{"type":"Polygon","coordinates":[[[-73.6074,-43.1118],[-73.6073,-43.111],[-73.6079,-43.111],[-73.6079,-43.1118],[-73.6074,-43.1118]]]},"properties":{"OID":148,"MANZENT":10208011005000,"n_per":63,"n_hombres":28,"n_mujeres":35,"n_edad_0_5":5,"n_edad_6_1":12,"n_edad_14_":6,"n_edad_18_":3,"n_edad_25_":19,"n_edad_45_":14,"n_edad_60_":4,"n_transpor":2,"n_transp_1":1,"n_transp_2":1,"n_transp_3":0,"n_transp_4":0,"n_transp_5":1,"n_transp_6":5,"dim_acc":0,"dim_soc":0}},{"type":"Feature","id":149,"geometry":{"type":"Polygon","coordinates":[[[-73.6074,-43.1126],[-73.6075,-43.1118],[-73.6079,-43.1118],[-73.6079,-43.1126],[-73.6074,-43.1126]]]},"properties":{"OID":149,"MANZENT":10208011005000,"n_per":55,"n_hombres":24,"n_mujeres":31,"n_edad_0_5":6,"n_edad_6_1":5,"n_edad_14_":7,"n_edad_18_":4,"n_edad_25_":23,"n_edad_45_":8,"n_edad_60_":2,"n_transpor":4,"n_transp_1":8,"n_transp_2":2,"n_transp_3":0,"n_transp_4":0,"n_transp_5":1,"n_transp_6":2,"dim_acc":0,"dim_soc":0}},{"type":"Feature","id":150,"geometry":{"type":"Polygon","coordinates":[[[-73.608,-43.1126],[-73.608,-43.1118],[-73.6085,-43.1118],[-73.6084,-43.1127],[-73.608,-43.1126]]]},"properties":{"OID":150,"MANZENT":10208011005000,"n_per":48,"n_hombres":24,"n_mujeres":24,"n_edad_0_5":4,"n_edad_6_1":5,"n_edad_14_":2,"n_edad_18_":6,"n_edad_25_":19,"n_edad_45_":8,"n_edad_60_":4,"n_transpor":5,"n_transp_1":1,"n_transp_2":5,"n_transp_3":0,"n_transp_4":0,"n_transp_5":0,"n_transp_6":5,"dim_acc":0,"dim_soc":0}},{"type":"Feature","id":151,"geometry":{"type":"Polygon","coordinates":[[[-73.6059,-43.112],[-73.6074,-43.1123],[-73.6073,-43.1142],[-73.6068,-43.115],[-73.607,-43.1153],[-73.6077,-43.1155],[-73.607,-43.1156],[-73.6057,-43.1159],[-73.6052,-43.1154],[-73.605,-43.1155],[-73.6053,-43.1155],[-73.6056,-43.1159],[-73.6049,-43.1161],[-73.6046,-43.1154],[-73.6046,-43.1149],[-73.6057,-43.112],[-73.6059,-43.112]]]},"properties":{"OID":151,"MANZENT":10208011005000,"n_per":52,"n_hombres":29,"n_mujeres":23,"n_edad_0_5":3,"n_edad_6_1":5,"n_edad_14_":5,"n_edad_18_":5,"n_edad_25_":17,"n_edad_45_":13,"n_edad_60_":4,"n_transpor":3,"n_transp_1":0,"n_transp_2":7,"n_transp_3":0,"n_transp_4":0,"n_transp_5":0,"n_transp_6":3,"dim_acc":0,"dim_soc":0}},{"type":"Feature","id":152,"geometry":{"type":"Polygon","coordinates":[[[-73.6164,-43.1124],[-73.6173,-43.1126],[-73.6172,-43.1128],[-73.6161,-43.1124],[-73.6162,-43.1123],[-73.6164,-43.1124]]]},"properties":{"OID":152,"MANZENT":10208011005000,"n_per":31,"n_hombres":12,"n_mujeres":19,"n_edad_0_5":4,"n_edad_6_1":7,"n_edad_14_":3,"n_edad_18_":1,"n_edad_25_":12,"n_edad_45_":2,"n_edad_60_":2,"n_transpor":1,"n_transp_1":4,"n_transp_2":3,"n_transp_3":0,"n_transp_4":1,"n_transp_5":0,"n_transp_6":0,"dim_acc":0,"dim_soc":0}},{"type":"Feature","id":153,"geometry":{"type":"Polygon","coordinates":[[[-73.6135,-43.1125],[-73.6139,-43.1126],[-73.6138,-43.1129],[-73.6134,-43.1128],[-73.6135,-43.1125]]]},"properties":{"OID":153,"MANZENT":10208011005000,"n_per":13,"n_hombres":6,"n_mujeres":7,"n_edad_0_5":0,"n_edad_6_1":0,"n_edad_14_":0,"n_edad_18_":1,"n_edad_25_":3,"n_edad_45_":5,"n_edad_60_":4,"n_transpor":0,"n_transp_1":2,"n_transp_2":0,"n_transp_3":0,"n_transp_4":0,"n_transp_5":0,"n_transp_6":0,"dim_acc":0,"dim_soc":0}},{"type":"Feature","id":154,"geometry":{"type":"Polygon","coordinates":[[[-73.6139,-43.1129],[-73.614,-43.1126],[-73.6147,-43.1127],[-73.6148,-43.1128],[-73.6147,-43.113],[-73.6143,-43.1129],[-73.6147,-43.113],[-73.6146,-43.1133],[-73.6141,-43.1133],[-73.6146,-43.1134],[-73.6145,-43.1136],[-73.614,-43.1136],[-73.614,-43.1136],[-73.6144,-43.1137],[-73.6143,-43.114],[-73.6138,-43.1139],[-73.6143,-43.114],[-73.6142,-43.1143],[-73.6137,-43.1143],[-73.6142,-43.1144],[-73.6142,-43.1147],[-73.6133,-43.1147],[-73.6134,-43.1143],[-73.6133,-43.1147],[-73.6131,-43.1147],[-73.6132,-43.1143],[-73.6131,-43.1147],[-73.6128,-43.1146],[-73.6127,-43.1146],[-73.6129,-43.1141],[-73.6136,-43.1142],[-73.6129,-43.1141],[-73.613,-43.1138],[-73.6137,-43.1139],[-73.6137,-43.1139],[-73.613,-43.1137],[-73.6131,-43.1135],[-73.6139,-43.1136],[-73.6139,-43.1136],[-73.6131,-43.1134],[-73.6133,-43.1132],[-73.6139,-43.1133],[-73.614,-43.1133],[-73.6133,-43.1131],[-73.6134,-43.1128],[-73.614,-43.113],[-73.6139,-43.1129]]]},"properties":{"OID":154,"MANZENT":10208011005000,"n_per":428,"n_hombres":204,"n_mujeres":224,"n_edad_0_5":32,"n_edad_6_1":47,"n_edad_14_":25,"n_edad_18_":54,"n_edad_25_":120,"n_edad_45_":111,"n_edad_60_":39,"n_transpor":33,"n_transp_1":56,"n_transp_2":49,"n_transp_3":1,"n_transp_4":0,"n_transp_5":6,"n_transp_6":5,"dim_acc":0,"dim_soc":0}},{"type":"Feature","id":155,"geometry":{"type":"Polygon","coordinates":[[[-73.6117,-43.1129],[-73.6131,-43.1131],[-73.613,-43.1134],[-73.6117,-43.1131],[-73.6117,-43.1129]]]},"properties":{"OID":155,"MANZENT":10208011005000,"n_per":79,"n_hombres":38,"n_mujeres":41,"n_edad_0_5":4,"n_edad_6_1":12,"n_edad_14_":2,"n_edad_18_":11,"n_edad_25_":23,"n_edad_45_":17,"n_edad_60_":10,"n_transpor":4,"n_transp_1":8,"n_transp_2":10,"n_transp_3":0,"n_transp_4":0,"n_transp_5":1,"n_transp_6":1,"dim_acc":0,"dim_soc":0}},{"type":"Feature","id":156,"geometry":{"type":"Polygon","coordinates":[[[-73.6116,-43.1132],[-73.613,-43.1135],[-73.6129,-43.1138],[-73.6115,-43.1135],[-73.6116,-43.1132]]]},"properties":{"OID":156,"MANZENT":10208011005000,"n_per":100,"n_hombres":48,"n_mujeres":52,"n_edad_0_5":6,"n_edad_6_1":14,"n_edad_14_":11,"n_edad_18_":13,"n_edad_25_":28,"n_edad_45_":22,"n_edad_60_":6,"n_transpor":1,"n_transp_1":9,"n_transp_2":8,"n_transp_3":0,"n_transp_4":0,"n_transp_5":2,"n_transp_6":0,"dim_acc":0,"dim_soc":0}},{"type":"Feature","id":157,"geometry":{"type":"Polygon","coordinates":[[[-73.6122,-43.114],[-73.6114,-43.1138],[-73.6115,-43.1135],[-73.6129,-43.1138],[-73.6128,-43.1141],[-73.6122,-43.114]]]},"properties":{"OID":157,"MANZENT":10208011005000,"n_per":88,"n_hombres":47,"n_mujeres":41,"n_edad_0_5":6,"n_edad_6_1":11,"n_edad_14_":10,"n_edad_18_":10,"n_edad_25_":27,"n_edad_45_":17,"n_edad_60_":7,"n_transpor":13,"n_transp_1":18,"n_transp_2":13,"n_transp_3":0,"n_transp_4":0,"n_transp_5":1,"n_transp_6":0,"dim_acc":0,"dim_soc":0}},{"type":"Feature","id":158,"geometry":{"type":"Polygon","coordinates":[[[-73.6098,-43.1143],[-73.6101,-43.1144],[-73.6101,-43.1153],[-73.6097,-43.1152],[-73.6098,-43.1143]]]},"properties":{"OID":158,"MANZENT":10208011005000,"n_per":76,"n_hombres":34,"n_mujeres":42,"n_edad_0_5":5,"n_edad_6_1":9,"n_edad_14_":3,"n_edad_18_":13,"n_edad_25_":22,"n_edad_45_":17,"n_edad_60_":7,"n_transpor":13,"n_transp_1":6,"n_transp_2":12,"n_transp_3":0,"n_transp_4":0,"n_transp_5":1,"n_transp_6":11,"dim_acc":0,"dim_soc":0}},{"type":"Feature","id":159,"geometry":{"type":"Polygon","coordinates":[[[-73.6127,-43.1147],[-73.6137,-43.1148],[-73.6136,-43.1154],[-73.6131,-43.1154],[-73.6126,-43.1153],[-73.6126,-43.1149],[-73.6132,-43.115],[-73.6127,-43.1149],[-73.6127,-43.1147]]]},"properties":{"OID":159,"MANZENT":10208011005000,"n_per":82,"n_hombres":40,"n_mujeres":42,"n_edad_0_5":6,"n_edad_6_1":7,"n_edad_14_":1,"n_edad_18_":11,"n_edad_25_":26,"n_edad_45_":14,"n_edad_60_":17,"n_transpor":10,"n_transp_1":11,"n_transp_2":8,"n_transp_3":0,"n_transp_4":0,"n_transp_5":0,"n_transp_6":6,"dim_acc":0,"dim_soc":0}},{"type":"Feature","id":160,"geometry":{"type":"Polygon","coordinates":[[[-73.6111,-43.1147],[-73.6116,-43.1148],[-73.6115,-43.1153],[-73.6111,-43.1153],[-73.6111,-43.1147]]]},"properties":{"OID":160,"MANZENT":10208011005000,"n_per":43,"n_hombres":22,"n_mujeres":21,"n_edad_0_5":4,"n_edad_6_1":5,"n_edad_14_":2,"n_edad_18_":1,"n_edad_25_":14,"n_edad_45_":6,"n_edad_60_":11,"n_transpor":2,"n_transp_1":2,"n_transp_2":1,"n_transp_3":0,"n_transp_4":0,"n_transp_5":0,"n_transp_6":0,"dim_acc":0,"dim_soc":0}},{"type":"Feature","id":161,"geometry":{"type":"Polygon","coordinates":[[[-73.6117,-43.1147],[-73.6121,-43.1148],[-73.612,-43.1153],[-73.6116,-43.1153],[-73.6117,-43.1147]]]},"properties":{"OID":161,"MANZENT":10208011005000,"n_per":40,"n_hombres":22,"n_mujeres":18,"n_edad_0_5":2,"n_edad_6_1":6,"n_edad_14_":0,"n_edad_18_":3,"n_edad_25_":13,"n_edad_45_":8,"n_edad_60_":8,"n_transpor":4,"n_transp_1":5,"n_transp_2":5,"n_transp_3":0,"n_transp_4":0,"n_transp_5":0,"n_transp_6":3,"dim_acc":0,"dim_soc":0}},{"type":"Feature","id":162,"geometry":{"type":"Polygon","coordinates":[[[-73.6102,-43.1153],[-73.6102,-43.1148],[-73.6106,-43.1147],[-73.6106,-43.1153],[-73.6102,-43.1153]]]},"properties":{"OID":162,"MANZENT":10208011005000,"n_per":45,"n_hombres":22,"n_mujeres":23,"n_edad_0_5":1,"n_edad_6_1":9,"n_edad_14_":0,"n_edad_18_":10,"n_edad_25_":11,"n_edad_45_":7,"n_edad_60_":7,"n_transpor":4,"n_transp_1":4,"n_transp_2":6,"n_transp_3":0,"n_transp_4":0,"n_transp_5":0,"n_transp_6":0,"dim_acc":0,"dim_soc":0}},{"type":"Feature","id":163,"geometry":{"type":"Polygon","coordinates":[[[-73.6107,-43.1147],[-73.6111,-43.1148],[-73.6111,-43.1153],[-73.6107,-43.1153],[-73.6107,-43.1147]]]},"properties":{"OID":163,"MANZENT":10208011005000,"n_per":54,"n_hombres":27,"n_mujeres":27,"n_edad_0_5":3,"n_edad_6_1":4,"n_edad_14_":3,"n_edad_18_":6,"n_edad_25_":17,"n_edad_45_":11,"n_edad_60_":10,"n_transpor":7,"n_transp_1":7,"n_transp_2":9,"n_transp_3":0,"n_transp_4":0,"n_transp_5":6,"n_transp_6":1,"dim_acc":0,"dim_soc":0}},{"type":"Feature","id":164,"geometry":{"type":"Polygon","coordinates":[[[-73.6142,-43.1148],[-73.6142,-43.1154],[-73.6137,-43.1154],[-73.6137,-43.1148],[-73.6142,-43.1148]]]},"properties":{"OID":164,"MANZENT":10208011005000,"n_per":65,"n_hombres":30,"n_mujeres":35,"n_edad_0_5":3,"n_edad_6_1":9,"n_edad_14_":6,"n_edad_18_":5,"n_edad_25_":19,"n_edad_45_":13,"n_edad_60_":10,"n_transpor":0,"n_transp_1":12,"n_transp_2":19,"n_transp_3":0,"n_transp_4":0,"n_transp_5":0,"n_transp_6":1,"dim_acc":0,"dim_soc":0}},{"type":"Feature","id":165,"geometry":{"type":"Polygon","coordinates":[[[-73.6121,-43.1148],[-73.6126,-43.1148],[-73.6125,-43.1153],[-73.6121,-43.1153],[-73.6121,-43.1148]]]},"properties":{"OID":165,"MANZENT":10208011005000,"n_per":28,"n_hombres":15,"n_mujeres":13,"n_edad_0_5":1,"n_edad_6_1":3,"n_edad_14_":1,"n_edad_18_":4,"n_edad_25_":8,"n_edad_45_":8,"n_edad_60_":3,"n_transpor":1,"n_transp_1":4,"n_transp_2":6,"n_transp_3":0,"n_transp_4":0,"n_transp_5":0,"n_transp_6":0,"dim_acc":0,"dim_soc":0}},{"type":"Feature","id":166,"geometry":{"type":"Polygon","coordinates":[[[-73.6093,-43.115],[-73.6097,-43.115],[-73.6097,-43.1153],[-73.6092,-43.1152],[-73.6093,-43.115]]]},"properties":{"OID":166,"MANZENT":10208011005000,"n_per":18,"n_hombres":10,"n_mujeres":8,"n_edad_0_5":1,"n_edad_6_1":0,"n_edad_14_":2,"n_edad_18_":2,"n_edad_25_":6,"n_edad_45_":4,"n_edad_60_":3,"n_transpor":4,"n_transp_1":2,"n_transp_2":0,"n_transp_3":0,"n_transp_4":0,"n_transp_5":0,"n_transp_6":0,"dim_acc":0,"dim_soc":0}},{"type":"Feature","id":167,"geometry":{"type":"Polygon","coordinates":[[[-73.6124,-43.1154],[-73.6123,-43.1157],[-73.6115,-43.1157],[-73.6116,-43.1154],[-73.6124,-43.1154]]]},"properties":{"OID":167,"MANZENT":10208011005000,"n_per":57,"n_hombres":29,"n_mujeres":28,"n_edad_0_5":8,"n_edad_6_1":6,"n_edad_14_":4,"n_edad_18_":4,"n_edad_25_":14,"n_edad_45_":17,"n_edad_60_":4,"n_transpor":4,"n_transp_1":5,"n_transp_2":13,"n_transp_3":0,"n_transp_4":0,"n_transp_5":0,"n_transp_6":2,"dim_acc":0,"dim_soc":0}},{"type":"Feature","id":168,"geometry":{"type":"Polygon","coordinates":[[[-73.6125,-43.1154],[-73.6132,-43.1155],[-73.6132,-43.1158],[-73.6124,-43.1157],[-73.6125,-43.1154]]]},"properties":{"OID":168,"MANZENT":10208011005000,"n_per":55,"n_hombres":24,"n_mujeres":31,"n_edad_0_5":1,"n_edad_6_1":5,"n_edad_14_":4,"n_edad_18_":6,"n_edad_25_":15,"n_edad_45_":18,"n_edad_60_":6,"n_transpor":2,"n_transp_1":10,"n_transp_2":13,"n_transp_3":0,"n_transp_4":0,"n_transp_5":0,"n_transp_6":3,"dim_acc":0,"dim_soc":0}},{"type":"Feature","id":169,"geometry":{"type":"Polygon","coordinates":[[[-73.6193,-43.1165],[-73.6169,-43.1163],[-73.6169,-43.1155],[-73.6198,-43.1154],[-73.6197,-43.1165],[-73.6193,-43.1165]]]},"properties":{"OID":169,"MANZENT":10208011005000,"n_per":93,"n_hombres":48,"n_mujeres":45,"n_edad_0_5":12,"n_edad_6_1":13,"n_edad_14_":4,"n_edad_18_":5,"n_edad_25_":34,"n_edad_45_":13,"n_edad_60_":12,"n_transpor":7,"n_transp_1":6,"n_transp_2":10,"n_transp_3":0,"n_transp_4":0,"n_transp_5":0,"n_transp_6":0,"dim_acc":0,"dim_soc":0}},{"type":"Feature","id":170,"geometry":{"type":"Polygon","coordinates":[[[-73.6133,-43.1155],[-73.6144,-43.1155],[-73.6145,-43.1158],[-73.6133,-43.1158],[-73.6133,-43.1155]]]},"properties":{"OID":170,"MANZENT":10208011005000,"n_per":81,"n_hombres":34,"n_mujeres":47,"n_edad_0_5":7,"n_edad_6_1":8,"n_edad_14_":5,"n_edad_18_":11,"n_edad_25_":21,"n_edad_45_":24,"n_edad_60_":5,"n_transpor":7,"n_transp_1":6,"n_transp_2":17,"n_transp_3":0,"n_transp_4":0,"n_transp_5":1,"n_transp_6":9,"dim_acc":0,"dim_soc":0}},{"type":"Feature","id":171,"geometry":{"type":"Polygon","coordinates":[[[-73.616,-43.1175],[-73.6147,-43.1175],[-73.6147,-43.1163],[-73.6155,-43.1164],[-73.6157,-43.116],[-73.616,-43.116],[-73.616,-43.1155],[-73.6168,-43.1155],[-73.6168,-43.1172],[-73.6164,-43.1172],[-73.6168,-43.1172],[-73.6168,-43.1174],[-73.616,-43.1175]]]},"properties":{"OID":171,"MANZENT":10208011005000,"n_per":98,"n_hombres":47,"n_mujeres":51,"n_edad_0_5":2,"n_edad_6_1":8,"n_edad_14_":5,"n_edad_18_":7,"n_edad_25_":23,"n_edad_45_":18,"n_edad_60_":35,"n_transpor":7,"n_transp_1":5,"n_transp_2":11,"n_transp_3":0,"n_transp_4":0,"n_transp_5":3,"n_transp_6":8,"dim_acc":0,"dim_soc":0}},{"type":"Feature","id":172,"geometry":{"type":"Polygon","coordinates":[[[-73.6159,-43.1155],[-73.6159,-43.116],[-73.6155,-43.116],[-73.6157,-43.1161],[-73.6155,-43.1163],[-73.6155,-43.1163],[-73.6152,-43.1163],[-73.6151,-43.1155],[-73.6159,-43.1155]]]},"properties":{"OID":172,"MANZENT":10208011005000,"n_per":31,"n_hombres":12,"n_mujeres":19,"n_edad_0_5":0,"n_edad_6_1":3,"n_edad_14_":3,"n_edad_18_":3,"n_edad_25_":6,"n_edad_45_":9,"n_edad_60_":7,"n_transpor":3,"n_transp_1":0,"n_transp_2":3,"n_transp_3":0,"n_transp_4":0,"n_transp_5":0,"n_transp_6":0,"dim_acc":0,"dim_soc":0}},{"type":"Feature","id":173,"geometry":{"type":"Polygon","coordinates":[[[-73.615,-43.1155],[-73.6151,-43.1163],[-73.6147,-43.1163],[-73.6145,-43.1155],[-73.615,-43.1155]]]},"properties":{"OID":173,"MANZENT":10208011005000,"n_per":25,"n_hombres":13,"n_mujeres":12,"n_edad_0_5":0,"n_edad_6_1":1,"n_edad_14_":2,"n_edad_18_":4,"n_edad_25_":8,"n_edad_45_":8,"n_edad_60_":2,"n_transpor":1,"n_transp_1":2,"n_transp_2":6,"n_transp_3":0,"n_transp_4":0,"n_transp_5":0,"n_transp_6":2,"dim_acc":0,"dim_soc":0}},{"type":"Feature","id":174,"geometry":{"type":"Polygon","coordinates":[[[-73.6066,-43.1162],[-73.6065,-43.1158],[-73.6074,-43.1156],[-73.6082,-43.1158],[-73.6092,-43.1169],[-73.6093,-43.1172],[-73.6086,-43.1173],[-73.6093,-43.1172],[-73.6095,-43.1177],[-73.6088,-43.1178],[-73.6087,-43.1174],[-73.6088,-43.1178],[-73.608,-43.1178],[-73.6078,-43.1172],[-73.6083,-43.1171],[-73.6078,-43.1172],[-73.6074,-43.1164],[-73.6074,-43.1164],[-73.6077,-43.1172],[-73.6071,-43.1172],[-73.6069,-43.1169],[-73.6071,-43.1172],[-73.6071,-43.1176],[-73.6068,-43.1176],[-73.606,-43.1173],[-73.6055,-43.117],[-73.6051,-43.1165],[-73.6049,-43.1162],[-73.6056,-43.116],[-73.6057,-43.1162],[-73.6052,-43.1164],[-73.6052,-43.1164],[-73.6058,-43.1162],[-73.6057,-43.116],[-73.6064,-43.1158],[-73.6066,-43.1166],[-73.6066,-43.1162]]]},"properties":{"OID":174,"MANZENT":10208011005000,"n_per":260,"n_hombres":125,"n_mujeres":135,"n_edad_0_5":20,"n_edad_6_1":31,"n_edad_14_":8,"n_edad_18_":37,"n_edad_25_":82,"n_edad_45_":50,"n_edad_60_":32,"n_transpor":19,"n_transp_1":12,"n_transp_2":27,"n_transp_3":1,"n_transp_4":0,"n_transp_5":5,"n_transp_6":13,"dim_acc":0,"dim_soc":0}},{"type":"Feature","id":175,"geometry":{"type":"Polygon","coordinates":[[[-73.6123,-43.1158],[-73.6122,-43.116],[-73.6115,-43.116],[-73.6115,-43.1157],[-73.6123,-43.1158]]]},"properties":{"OID":175,"MANZENT":10208011005000,"n_per":29,"n_hombres":17,"n_mujeres":12,"n_edad_0_5":0,"n_edad_6_1":1,"n_edad_14_":2,"n_edad_18_":5,"n_edad_25_":11,"n_edad_45_":6,"n_edad_60_":4,"n_transpor":9,"n_transp_1":1,"n_transp_2":5,"n_transp_3":0,"n_transp_4":0,"n_transp_5":0,"n_transp_6":3,"dim_acc":0,"dim_soc":0}},{"type":"Feature","id":176,"geometry":{"type":"Polygon","coordinates":[[[-73.6124,-43.1158],[-73.6132,-43.1159],[-73.6131,-43.1161],[-73.6123,-43.1161],[-73.6124,-43.1158]]]},"properties":{"OID":176,"MANZENT":10208011005000,"n_per":48,"n_hombres":29,"n_mujeres":19,"n_edad_0_5":3,"n_edad_6_1":2,"n_edad_14_":3,"n_edad_18_":2,"n_edad_25_":24,"n_edad_45_":9,"n_edad_60_":5,"n_transpor":6,"n_transp_1":8,"n_transp_2":8,"n_transp_3":0,"n_transp_4":0,"n_transp_5":4,"n_transp_6":1,"dim_acc":0,"dim_soc":0}},{"type":"Feature","id":177,"geometry":{"type":"Polygon","coordinates":[[[-73.6133,-43.1159],[-73.6145,-43.1159],[-73.6146,-43.1163],[-73.6132,-43.1162],[-73.6133,-43.1159]]]},"properties":{"OID":177,"MANZENT":10208011005000,"n_per":91,"n_hombres":42,"n_mujeres":49,"n_edad_0_5":3,"n_edad_6_1":11,"n_edad_14_":3,"n_edad_18_":10,"n_edad_25_":30,"n_edad_45_":15,"n_edad_60_":19,"n_transpor":2,"n_transp_1":1,"n_transp_2":1,"n_transp_3":0,"n_transp_4":0,"n_transp_5":2,"n_transp_6":0,"dim_acc":0,"dim_soc":0}},{"type":"Feature","id":178,"geometry":{"type":"Polygon","coordinates":[[[-73.6122,-43.1161],[-73.6121,-43.1165],[-73.6114,-43.1165],[-73.6115,-43.116],[-73.6122,-43.1161]]]},"properties":{"OID":178,"MANZENT":10208011005000,"n_per":37,"n_hombres":20,"n_mujeres":17,"n_edad_0_5":1,"n_edad_6_1":3,"n_edad_14_":4,"n_edad_18_":4,"n_edad_25_":14,"n_edad_45_":6,"n_edad_60_":5,"n_transpor":5,"n_transp_1":4,"n_transp_2":7,"n_transp_3":0,"n_transp_4":0,"n_transp_5":0,"n_transp_6":3,"dim_acc":0,"dim_soc":0}},{"type":"Feature","id":179,"geometry":{"type":"Polygon","coordinates":[[[-73.6127,-43.1165],[-73.6122,-43.1164],[-73.6123,-43.1161],[-73.6146,-43.1163],[-73.6145,-43.1175],[-73.6131,-43.1176],[-73.6132,-43.1169],[-73.6141,-43.1169],[-73.6133,-43.1169],[-73.6133,-43.1165],[-73.613,-43.1176],[-73.6122,-43.1176],[-73.6122,-43.1168],[-73.6126,-43.1168],[-73.6122,-43.1168],[-73.6122,-43.1165],[-73.6127,-43.1165]]]},"properties":{"OID":179,"MANZENT":10208011005000,"n_per":189,"n_hombres":77,"n_mujeres":112,"n_edad_0_5":7,"n_edad_6_1":18,"n_edad_14_":9,"n_edad_18_":17,"n_edad_25_":60,"n_edad_45_":50,"n_edad_60_":28,"n_transpor":17,"n_transp_1":14,"n_transp_2":46,"n_transp_3":0,"n_transp_4":0,"n_transp_5":4,"n_transp_6":2,"dim_acc":0,"dim_soc":0}},{"type":"Feature","id":180,"geometry":{"type":"Polygon","coordinates":[[[-73.6169,-43.1164],[-73.6172,-43.1164],[-73.6171,-43.1166],[-73.6172,-43.1164],[-73.6186,-43.1165],[-73.6186,-43.1167],[-73.619,-43.1168],[-73.6191,-43.1169],[-73.6191,-43.1168],[-73.6192,-43.1168],[-73.6186,-43.1167],[-73.6186,-43.1165],[-73.6196,-43.1166],[-73.6195,-43.1173],[-73.6169,-43.1174],[-73.6169,-43.1164]]]},"properties":{"OID":180,"MANZENT":10208011005000,"n_per":53,"n_hombres":27,"n_mujeres":26,"n_edad_0_5":2,"n_edad_6_1":5,"n_edad_14_":3,"n_edad_18_":2,"n_edad_25_":18,"n_edad_45_":14,"n_edad_60_":9,"n_transpor":9,"n_transp_1":1,"n_transp_2":12,"n_transp_3":0,"n_transp_4":0,"n_transp_5":2,"n_transp_6":3,"dim_acc":0,"dim_soc":0}},{"type":"Feature","id":181,"geometry":{"type":"Polygon","coordinates":[[[-73.6077,-43.1173],[-73.6079,-43.1178],[-73.6071,-43.1177],[-73.6071,-43.1173],[-73.6077,-43.1173]]]},"properties":{"OID":181,"MANZENT":10208011005000,"n_per":12,"n_hombres":7,"n_mujeres":5,"n_edad_0_5":1,"n_edad_6_1":1,"n_edad_14_":0,"n_edad_18_":3,"n_edad_25_":4,"n_edad_45_":3,"n_edad_60_":0,"n_transpor":4,"n_transp_1":0,"n_transp_2":0,"n_transp_3":0,"n_transp_4":0,"n_transp_5":0,"n_transp_6":0,"dim_acc":0,"dim_soc":0}},{"type":"Feature","id":182,"geometry":{"type":"Polygon","coordinates":[[[-73.6324,-43.1171],[-73.6323,-43.1168],[-73.6324,-43.1165],[-73.6328,-43.1165],[-73.6325,-43.1166],[-73.6324,-43.1168],[-73.6326,-43.1174],[-73.6328,-43.1176],[-73.6331,-43.1177],[-73.6332,-43.1183],[-73.6333,-43.1181],[-73.6337,-43.1181],[-73.6337,-43.1184],[-73.6338,-43.1181],[-73.6342,-43.1182],[-73.6344,-43.1183],[-73.6344,-43.1186],[-73.6345,-43.1183],[-73.6361,-43.1188],[-73.6365,-43.119],[-73.6365,-43.1191],[-73.6361,-43.1189],[-73.635,-43.1187],[-73.6341,-43.1187],[-73.6339,-43.1188],[-73.6335,-43.1187],[-73.6335,-43.1188],[-73.6339,-43.1188],[-73.6341,-43.1187],[-73.635,-43.1187],[-73.635,-43.119],[-73.6348,-43.119],[-73.6349,-43.1191],[-73.6346,-43.1192],[-73.6347,-43.1192],[-73.6348,-43.1193],[-73.6354,-43.1192],[-73.6355,-43.1193],[-73.6352,-43.1196],[-73.6348,-43.1196],[-73.6337,-43.1198],[-73.6337,-43.12],[-73.6335,-43.1197],[-73.6333,-43.1197],[-73.6333,-43.1197],[-73.6325,-43.1193],[-73.6325,-43.1192],[-73.6326,-43.1192],[-73.6327,-43.1189],[-73.6329,-43.1188],[-73.6334,-43.1189],[-73.6328,-43.1187],[-73.6328,-43.1185],[-73.633,-43.1184],[-73.6327,-43.1184],[-73.6324,-43.1184],[-73.6324,-43.1182],[-73.6326,-43.1179],[-73.6324,-43.1171]]]},"properties":{"OID":182,"MANZENT":10208011001000,"n_per":0,"n_hombres":0,"n_mujeres":0,"n_edad_0_5":0,"n_edad_6_1":0,"n_edad_14_":0,"n_edad_18_":0,"n_edad_25_":0,"n_edad_45_":0,"n_edad_60_":0,"n_transpor":0,"n_transp_1":0,"n_transp_2":0,"n_transp_3":0,"n_transp_4":0,"n_transp_5":0,"n_transp_6":0,"dim_acc":0,"dim_soc":0}},{"type":"Feature","id":183,"geometry":{"type":"Polygon","coordinates":[[[-73.632,-43.1165],[-73.6323,-43.1165],[-73.6322,-43.1167],[-73.6323,-43.1172],[-73.632,-43.1176],[-73.6322,-43.1177],[-73.632,-43.1182],[-73.6318,-43.1181],[-73.6319,-43.1179],[-73.6316,-43.1181],[-73.6314,-43.118],[-73.6312,-43.1182],[-73.6309,-43.1184],[-73.6307,-43.1185],[-73.6304,-43.1183],[-73.6288,-43.1178],[-73.6288,-43.118],[-73.6285,-43.1179],[-73.6282,-43.118],[-73.628,-43.1179],[-73.6277,-43.118],[-73.6266,-43.1187],[-73.6259,-43.1193],[-73.6255,-43.1196],[-73.6254,-43.1199],[-73.6255,-43.12],[-73.6255,-43.1203],[-73.6254,-43.1204],[-73.6249,-43.1198],[-73.6275,-43.1179],[-73.6287,-43.1176],[-73.6303,-43.1177],[-73.6312,-43.1177],[-73.6317,-43.1177],[-73.632,-43.1173],[-73.6321,-43.1169],[-73.6321,-43.1166],[-73.6316,-43.1165],[-73.632,-43.1165]]]},"properties":{"OID":183,"MANZENT":10208011001000,"n_per":0,"n_hombres":0,"n_mujeres":0,"n_edad_0_5":0,"n_edad_6_1":0,"n_edad_14_":0,"n_edad_18_":0,"n_edad_25_":0,"n_edad_45_":0,"n_edad_60_":0,"n_transpor":0,"n_transp_1":0,"n_transp_2":0,"n_transp_3":0,"n_transp_4":0,"n_transp_5":0,"n_transp_6":0,"dim_acc":0,"dim_soc":0}},{"type":"Feature","id":184,"geometry":{"type":"Polygon","coordinates":[[[-73.6349,-43.1173],[-73.6349,-43.1173],[-73.635,-43.1173],[-73.635,-43.1173],[-73.6349,-43.1173]]]},"properties":{"OID":184,"MANZENT":10208011001000,"n_per":0,"n_hombres":0,"n_mujeres":0,"n_edad_0_5":0,"n_edad_6_1":0,"n_edad_14_":0,"n_edad_18_":0,"n_edad_25_":0,"n_edad_45_":0,"n_edad_60_":0,"n_transpor":0,"n_transp_1":0,"n_transp_2":0,"n_transp_3":0,"n_transp_4":0,"n_transp_5":0,"n_transp_6":0,"dim_acc":0,"dim_soc":0}},{"type":"Feature","id":185,"geometry":{"type":"Polygon","coordinates":[[[-73.6333,-43.118],[-73.6332,-43.1179],[-73.6332,-43.1177],[-73.6338,-43.1178],[-73.6337,-43.1181],[-73.6333,-43.118]]]},"properties":{"OID":185,"MANZENT":10208011001000,"n_per":0,"n_hombres":0,"n_mujeres":0,"n_edad_0_5":0,"n_edad_6_1":0,"n_edad_14_":0,"n_edad_18_":0,"n_edad_25_":0,"n_edad_45_":0,"n_edad_60_":0,"n_transpor":0,"n_transp_1":0,"n_transp_2":0,"n_transp_3":0,"n_transp_4":0,"n_transp_5":0,"n_transp_6":0,"dim_acc":0,"dim_soc":0}},{"type":"Feature","id":186,"geometry":{"type":"Polygon","coordinates":[[[-73.6506,-43.119],[-73.6505,-43.1188],[-73.6497,-43.1179],[-73.6501,-43.118],[-73.651,-43.1188],[-73.6506,-43.119]]]},"properties":{"OID":186,"MANZENT":10208011001000,"n_per":0,"n_hombres":0,"n_mujeres":0,"n_edad_0_5":0,"n_edad_6_1":0,"n_edad_14_":0,"n_edad_18_":0,"n_edad_25_":0,"n_edad_45_":0,"n_edad_60_":0,"n_transpor":0,"n_transp_1":0,"n_transp_2":0,"n_transp_3":0,"n_transp_4":0,"n_transp_5":0,"n_transp_6":0,"dim_acc":0,"dim_soc":0}},{"type":"Feature","id":187,"geometry":{"type":"Polygon","coordinates":[[[-73.6238,-43.1202],[-73.624,-43.1202],[-73.6248,-43.1198],[-73.6254,-43.1204],[-73.6245,-43.1203],[-73.6237,-43.1207],[-73.6231,-43.1208],[-73.6228,-43.121],[-73.6227,-43.121],[-73.6222,-43.121],[-73.6221,-43.1211],[-73.6216,-43.1211],[-73.6216,-43.1209],[-73.6215,-43.1209],[-73.619,-43.1209],[-73.6174,-43.1207],[-73.6156,-43.1209],[-73.6156,-43.1208],[-73.6173,-43.1207],[-73.6215,-43.1209],[-73.6225,-43.1205],[-73.6226,-43.1206],[-73.6227,-43.1205],[-73.6233,-43.1203],[-73.6238,-43.1202]]]},"properties":{"OID":187,"MANZENT":10208011001000,"n_per":0,"n_hombres":0,"n_mujeres":0,"n_edad_0_5":0,"n_edad_6_1":0,"n_edad_14_":0,"n_edad_18_":0,"n_edad_25_":0,"n_edad_45_":0,"n_edad_60_":0,"n_transpor":0,"n_transp_1":0,"n_transp_2":0,"n_transp_3":0,"n_transp_4":0,"n_transp_5":0,"n_transp_6":0,"dim_acc":0,"dim_soc":0}},{"type":"Feature","id":188,"geometry":{"type":"Polygon","coordinates":[[[-73.6399,-43.12],[-73.6398,-43.1199],[-73.6399,-43.1199],[-73.6399,-43.12]]]},"properties":{"OID":188,"MANZENT":10208011001000,"n_per":0,"n_hombres":0,"n_mujeres":0,"n_edad_0_5":0,"n_edad_6_1":0,"n_edad_14_":0,"n_edad_18_":0,"n_edad_25_":0,"n_edad_45_":0,"n_edad_60_":0,"n_transpor":0,"n_transp_1":0,"n_transp_2":0,"n_transp_3":0,"n_transp_4":0,"n_transp_5":0,"n_transp_6":0,"dim_acc":0,"dim_soc":0}},{"type":"Feature","id":189,"geometry":{"type":"Polygon","coordinates":[[[-73.6433,-43.1299],[-73.6431,-43.1298],[-73.6433,-43.1295],[-73.6433,-43.1299]]]},"properties":{"OID":189,"MANZENT":10208011001000,"n_per":0,"n_hombres":0,"n_mujeres":0,"n_edad_0_5":0,"n_edad_6_1":0,"n_edad_14_":0,"n_edad_18_":0,"n_edad_25_":0,"n_edad_45_":0,"n_edad_60_":0,"n_transpor":0,"n_transp_1":0,"n_transp_2":0,"n_transp_3":0,"n_transp_4":0,"n_transp_5":0,"n_transp_6":0,"dim_acc":0,"dim_soc":0}},{"type":"Feature","id":190,"geometry":{"type":"Polygon","coordinates":[[[-73.6276,-43.132],[-73.627,-43.1317],[-73.6269,-43.1316],[-73.6271,-43.1315],[-73.6276,-43.132]]]},"properties":{"OID":190,"MANZENT":10208011001100,"n_per":0,"n_hombres":0,"n_mujeres":0,"n_edad_0_5":0,"n_edad_6_1":0,"n_edad_14_":0,"n_edad_18_":0,"n_edad_25_":0,"n_edad_45_":0,"n_edad_60_":0,"n_transpor":0,"n_transp_1":0,"n_transp_2":0,"n_transp_3":0,"n_transp_4":0,"n_transp_5":0,"n_transp_6":0,"dim_acc":0,"dim_soc":0}},{"type":"Feature","id":191,"geometry":{"type":"Polygon","coordinates":[[[-73.6257,-43.1341],[-73.6264,-43.1336],[-73.6268,-43.1343],[-73.6263,-43.1346],[-73.6257,-43.1341]]]},"properties":{"OID":191,"MANZENT":10208011001100,"n_per":0,"n_hombres":0,"n_mujeres":0,"n_edad_0_5":0,"n_edad_6_1":0,"n_edad_14_":0,"n_edad_18_":0,"n_edad_25_":0,"n_edad_45_":0,"n_edad_60_":0,"n_transpor":0,"n_transp_1":0,"n_transp_2":0,"n_transp_3":0,"n_transp_4":0,"n_transp_5":0,"n_transp_6":0,"dim_acc":0,"dim_soc":0}},{"type":"Feature","id":192,"geometry":{"type":"Polygon","coordinates":[[[-73.5983,-43.1127],[-73.5986,-43.1132],[-73.5981,-43.1134],[-73.5978,-43.1128],[-73.5983,-43.1127]]]},"properties":{"OID":192,"MANZENT":10208011002000,"n_per":0,"n_hombres":0,"n_mujeres":0,"n_edad_0_5":0,"n_edad_6_1":0,"n_edad_14_":0,"n_edad_18_":0,"n_edad_25_":0,"n_edad_45_":0,"n_edad_60_":0,"n_transpor":0,"n_transp_1":0,"n_transp_2":0,"n_transp_3":0,"n_transp_4":0,"n_transp_5":0,"n_transp_6":0,"dim_acc":0,"dim_soc":0}},{"type":"Feature","id":193,"geometry":{"type":"Polygon","coordinates":[[[-73.5969,-43.1173],[-73.5969,-43.1172],[-73.5971,-43.1171],[-73.5971,-43.1173],[-73.5969,-43.1173]]]},"properties":{"OID":193,"MANZENT":10208011002000,"n_per":0,"n_hombres":0,"n_mujeres":0,"n_edad_0_5":0,"n_edad_6_1":0,"n_edad_14_":0,"n_edad_18_":0,"n_edad_25_":0,"n_edad_45_":0,"n_edad_60_":0,"n_transpor":0,"n_transp_1":0,"n_transp_2":0,"n_transp_3":0,"n_transp_4":0,"n_transp_5":0,"n_transp_6":0,"dim_acc":0,"dim_soc":0}},{"type":"Feature","id":194,"geometry":{"type":"Polygon","coordinates":[[[-73.6196,-43.1183],[-73.6196,-43.1175],[-73.6196,-43.1182],[-73.6196,-43.1183]]]},"properties":{"OID":194,"MANZENT":10208011002000,"n_per":0,"n_hombres":0,"n_mujeres":0,"n_edad_0_5":0,"n_edad_6_1":0,"n_edad_14_":0,"n_edad_18_":0,"n_edad_25_":0,"n_edad_45_":0,"n_edad_60_":0,"n_transpor":0,"n_transp_1":0,"n_transp_2":0,"n_transp_3":0,"n_transp_4":0,"n_transp_5":0,"n_transp_6":0,"dim_acc":0,"dim_soc":0}},{"type":"Feature","id":195,"geometry":{"type":"Polygon","coordinates":[[[-73.6196,-43.1191],[-73.6196,-43.1183],[-73.6197,-43.1191],[-73.6196,-43.1191]]]},"properties":{"OID":195,"MANZENT":10208011002000,"n_per":0,"n_hombres":0,"n_mujeres":0,"n_edad_0_5":0,"n_edad_6_1":0,"n_edad_14_":0,"n_edad_18_":0,"n_edad_25_":0,"n_edad_45_":0,"n_edad_60_":0,"n_transpor":0,"n_transp_1":0,"n_transp_2":0,"n_transp_3":0,"n_transp_4":0,"n_transp_5":0,"n_transp_6":0,"dim_acc":0,"dim_soc":0}},{"type":"Feature","id":196,"geometry":{"type":"Polygon","coordinates":[[[-73.6197,-43.1196],[-73.6197,-43.1193],[-73.6197,-43.1196],[-73.6197,-43.1196]]]},"properties":{"OID":196,"MANZENT":10208011002000,"n_per":0,"n_hombres":0,"n_mujeres":0,"n_edad_0_5":0,"n_edad_6_1":0,"n_edad_14_":0,"n_edad_18_":0,"n_edad_25_":0,"n_edad_45_":0,"n_edad_60_":0,"n_transpor":0,"n_transp_1":0,"n_transp_2":0,"n_transp_3":0,"n_transp_4":0,"n_transp_5":0,"n_transp_6":0,"dim_acc":0,"dim_soc":0}},{"type":"Feature","id":197,"geometry":{"type":"Polygon","coordinates":[[[-73.6,-43.1202],[-73.6015,-43.1201],[-73.6034,-43.1204],[-73.6048,-43.1205],[-73.6064,-43.1207],[-73.6073,-43.1207],[-73.6078,-43.1206],[-73.6081,-43.1207],[-73.6078,-43.1208],[-73.6063,-43.1209],[-73.6049,-43.1205],[-73.6034,-43.1205],[-73.6017,-43.1202],[-73.6,-43.1203],[-73.6,-43.1202]]]},"properties":{"OID":197,"MANZENT":10208011002100,"n_per":0,"n_hombres":0,"n_mujeres":0,"n_edad_0_5":0,"n_edad_6_1":0,"n_edad_14_":0,"n_edad_18_":0,"n_edad_25_":0,"n_edad_45_":0,"n_edad_60_":0,"n_transpor":0,"n_transp_1":0,"n_transp_2":0,"n_transp_3":0,"n_transp_4":0,"n_transp_5":0,"n_transp_6":0,"dim_acc":0,"dim_soc":0}},{"type":"Feature","id":198,"geometry":{"type":"Polygon","coordinates":[[[-73.6168,-43.1097],[-73.6168,-43.1096],[-73.6177,-43.1096],[-73.6177,-43.1099],[-73.6168,-43.1097]]]},"properties":{"OID":198,"MANZENT":10208011003000,"n_per":0,"n_hombres":0,"n_mujeres":0,"n_edad_0_5":0,"n_edad_6_1":0,"n_edad_14_":0,"n_edad_18_":0,"n_edad_25_":0,"n_edad_45_":0,"n_edad_60_":0,"n_transpor":0,"n_transp_1":0,"n_transp_2":0,"n_transp_3":0,"n_transp_4":0,"n_transp_5":0,"n_transp_6":0,"dim_acc":0,"dim_soc":0}},{"type":"Feature","id":199,"geometry":{"type":"Polygon","coordinates":[[[-73.6183,-43.1112],[-73.6181,-43.1112],[-73.6185,-43.1101],[-73.6186,-43.1101],[-73.6188,-43.1102],[-73.6184,-43.1112],[-73.6183,-43.1112]]]},"properties":{"OID":199,"MANZENT":10208011003000,"n_per":0,"n_hombres":0,"n_mujeres":0,"n_edad_0_5":0,"n_edad_6_1":0,"n_edad_14_":0,"n_edad_18_":0,"n_edad_25_":0,"n_edad_45_":0,"n_edad_60_":0,"n_transpor":0,"n_transp_1":0,"n_transp_2":0,"n_transp_3":0,"n_transp_4":0,"n_transp_5":0,"n_transp_6":0,"dim_acc":0,"dim_soc":0}},{"type":"Feature","id":200,"geometry":{"type":"Polygon","coordinates":[[[-73.6203,-43.1112],[-73.6203,-43.1114],[-73.6201,-43.1114],[-73.6201,-43.1113],[-73.6192,-43.1107],[-73.6192,-43.1105],[-73.6203,-43.1112]]]},"properties":{"OID":200,"MANZENT":10208011003000,"n_per":0,"n_hombres":0,"n_mujeres":0,"n_edad_0_5":0,"n_edad_6_1":0,"n_edad_14_":0,"n_edad_18_":0,"n_edad_25_":0,"n_edad_45_":0,"n_edad_60_":0,"n_transpor":0,"n_transp_1":0,"n_transp_2":0,"n_transp_3":0,"n_transp_4":0,"n_transp_5":0,"n_transp_6":0,"dim_acc":0,"dim_soc":0}},{"type":"Feature","id":201,"geometry":{"type":"Polygon","coordinates":[[[-73.6157,-43.1108],[-73.6155,-43.1113],[-73.6148,-43.1108],[-73.6149,-43.1107],[-73.6157,-43.1108]]]},"properties":{"OID":201,"MANZENT":10208011003000,"n_per":0,"n_hombres":0,"n_mujeres":0,"n_edad_0_5":0,"n_edad_6_1":0,"n_edad_14_":0,"n_edad_18_":0,"n_edad_25_":0,"n_edad_45_":0,"n_edad_60_":0,"n_transpor":0,"n_transp_1":0,"n_transp_2":0,"n_transp_3":0,"n_transp_4":0,"n_transp_5":0,"n_transp_6":0,"dim_acc":0,"dim_soc":0}},{"type":"Feature","id":202,"geometry":{"type":"Polygon","coordinates":[[[-73.6166,-43.1113],[-73.6158,-43.111],[-73.6158,-43.1109],[-73.6179,-43.1113],[-73.6178,-43.1116],[-73.6166,-43.1113]]]},"properties":{"OID":202,"MANZENT":10208011003000,"n_per":0,"n_hombres":0,"n_mujeres":0,"n_edad_0_5":0,"n_edad_6_1":0,"n_edad_14_":0,"n_edad_18_":0,"n_edad_25_":0,"n_edad_45_":0,"n_edad_60_":0,"n_transpor":0,"n_transp_1":0,"n_transp_2":0,"n_transp_3":0,"n_transp_4":0,"n_transp_5":0,"n_transp_6":0,"dim_acc":0,"dim_soc":0}},{"type":"Feature","id":203,"geometry":{"type":"Polygon","coordinates":[[[-73.6137,-43.1125],[-73.6135,-43.1124],[-73.6138,-43.1123],[-73.6137,-43.1125]]]},"properties":{"OID":203,"MANZENT":10208011003000,"n_per":0,"n_hombres":0,"n_mujeres":0,"n_edad_0_5":0,"n_edad_6_1":0,"n_edad_14_":0,"n_edad_18_":0,"n_edad_25_":0,"n_edad_45_":0,"n_edad_60_":0,"n_transpor":0,"n_transp_1":0,"n_transp_2":0,"n_transp_3":0,"n_transp_4":0,"n_transp_5":0,"n_transp_6":0,"dim_acc":0,"dim_soc":0}},{"type":"Feature","id":204,"geometry":{"type":"Polygon","coordinates":[[[-73.6213,-43.1165],[-73.6214,-43.1164],[-73.6212,-43.1173],[-73.6209,-43.1173],[-73.6212,-43.1169],[-73.6213,-43.1165]]]},"properties":{"OID":204,"MANZENT":10208011004000,"n_per":0,"n_hombres":0,"n_mujeres":0,"n_edad_0_5":0,"n_edad_6_1":0,"n_edad_14_":0,"n_edad_18_":0,"n_edad_25_":0,"n_edad_45_":0,"n_edad_60_":0,"n_transpor":0,"n_transp_1":0,"n_transp_2":0,"n_transp_3":0,"n_transp_4":0,"n_transp_5":0,"n_transp_6":0,"dim_acc":0,"dim_soc":0}},{"type":"Feature","id":205,"geometry":{"type":"Polygon","coordinates":[[[-73.6103,-43.1147],[-73.6102,-43.1144],[-73.6115,-43.1147],[-73.6103,-43.1147]]]},"properties":{"OID":205,"MANZENT":10208011005000,"n_per":0,"n_hombres":0,"n_mujeres":0,"n_edad_0_5":0,"n_edad_6_1":0,"n_edad_14_":0,"n_edad_18_":0,"n_edad_25_":0,"n_edad_45_":0,"n_edad_60_":0,"n_transpor":0,"n_transp_1":0,"n_transp_2":0,"n_transp_3":0,"n_transp_4":0,"n_transp_5":0,"n_transp_6":0,"dim_acc":0,"dim_soc":0}},{"type":"Feature","id":206,"geometry":{"type":"Polygon","coordinates":[[[-73.6094,-43.1149],[-73.6097,-43.1145],[-73.6097,-43.1149],[-73.6094,-43.1149]]]},"properties":{"OID":206,"MANZENT":10208011005000,"n_per":0,"n_hombres":0,"n_mujeres":0,"n_edad_0_5":0,"n_edad_6_1":0,"n_edad_14_":0,"n_edad_18_":0,"n_edad_25_":0,"n_edad_45_":0,"n_edad_60_":0,"n_transpor":0,"n_transp_1":0,"n_transp_2":0,"n_transp_3":0,"n_transp_4":0,"n_transp_5":0,"n_transp_6":0,"dim_acc":0,"dim_soc":0}},{"type":"Feature","id":207,"geometry":{"type":"Polygon","coordinates":[[[-73.6057,-43.1173],[-73.6052,-43.1169],[-73.6047,-43.1163],[-73.6048,-43.1163],[-73.6055,-43.117],[-73.606,-43.1173],[-73.6057,-43.1173]]]},"properties":{"OID":207,"MANZENT":10208011005000,"n_per":0,"n_hombres":0,"n_mujeres":0,"n_edad_0_5":0,"n_edad_6_1":0,"n_edad_14_":0,"n_edad_18_":0,"n_edad_25_":0,"n_edad_45_":0,"n_edad_60_":0,"n_transpor":0,"n_transp_1":0,"n_transp_2":0,"n_transp_3":0,"n_transp_4":0,"n_transp_5":0,"n_transp_6":0,"dim_acc":0,"dim_soc":0}},{"type":"Feature","id":208,"geometry":{"type":"Polygon","coordinates":[[[-73.6096,-43.1177],[-73.6096,-43.1175],[-73.6098,-43.1177],[-73.6096,-43.1177]]]},"properties":{"OID":208,"MANZENT":10208011005000,"n_per":0,"n_hombres":0,"n_mujeres":0,"n_edad_0_5":0,"n_edad_6_1":0,"n_edad_14_":0,"n_edad_18_":0,"n_edad_25_":0,"n_edad_45_":0,"n_edad_60_":0,"n_transpor":0,"n_transp_1":0,"n_transp_2":0,"n_transp_3":0,"n_transp_4":0,"n_transp_5":0,"n_transp_6":0,"dim_acc":0,"dim_soc":0}}]}