{"type":"FeatureCollection","crs":{"type":"name","properties":{"name":"EPSG:4674"}},"features":[{"type":"Feature","id":1,"geometry":{"type":"Polygon","coordinates":[[[-70.2002,-22.0912],[-70.201,-22.0919],[-70.2003,-22.0926],[-70.1995,-22.092],[-70.2002,-22.0912]]]},"properties":{"OID":1,"MANZENT":2301011001000,"n_per":68,"n_hombres":39,"n_mujeres":29,"n_edad_0_5":3,"n_edad_6_1":8,"n_edad_14_":2,"n_edad_18_":3,"n_edad_25_":25,"n_edad_45_":17,"n_edad_60_":10,"n_transpor":2,"n_transp_1":7,"n_transp_2":2,"n_transp_3":0,"n_transp_4":0,"n_transp_5":0,"n_transp_6":0,"dim_acc":0,"dim_soc":0}},{"type":"Feature","id":2,"geometry":{"type":"Polygon","coordinates":[[[-70.201,-22.0919],[-70.2016,-22.0923],[-70.2014,-22.0926],[-70.2013,-22.0925],[-70.2015,-22.0927],[-70.2014,-22.0926],[-70.2016,-22.0924],[-70.2019,-22.0927],[-70.2012,-22.0933],[-70.2004,-22.0927],[-70.201,-22.0919]]]},"properties":{"OID":2,"MANZENT":2301011001000,"n_per":96,"n_hombres":43,"n_mujeres":53,"n_edad_0_5":1,"n_edad_6_1":11,"n_edad_14_":7,"n_edad_18_":7,"n_edad_25_":25,"n_edad_45_":23,"n_edad_60_":22,"n_transpor":2,"n_transp_1":3,"n_transp_2":5,"n_transp_3":0,"n_transp_4":0,"n_transp_5":0,"n_transp_6":1,"dim_acc":0,"dim_soc":0}},{"type":"Feature","id":3,"geometry":{"type":"Polygon","coordinates":[[[-70.1994,-22.0921],[-70.1994,-22.092],[-70.2002,-22.0927],[-70.1994,-22.0936],[-70.1986,-22.0929],[-70.1994,-22.0921]]]},"properties":{"OID":3,"MANZENT":2301011001000,"n_per":50,"n_hombres":28,"n_mujeres":22,"n_edad_0_5":2,"n_edad_6_1":2,"n_edad_14_":2,"n_edad_18_":2,"n_edad_25_":16,"n_edad_45_":11,"n_edad_60_":15,"n_transpor":4,"n_transp_1":7,"n_transp_2":10,"n_transp_3":0,"n_transp_4":0,"n_transp_5":0,"n_transp_6":1,"dim_acc":0,"dim_soc":0}},{"type":"Feature","id":4,"geometry":{"type":"Polygon","coordinates":[[[-70.2003,-22.0928],[-70.2003,-22.0927],[-70.2011,-22.0934],[-70.2003,-22.0943],[-70.1995,-22.0936],[-70.2003,-22.0928]]]},"properties":{"OID":4,"MANZENT":2301011001010,"n_per":84,"n_hombres":45,"n_mujeres":39,"n_edad_0_5":12,"n_edad_6_1":9,"n_edad_14_":5,"n_edad_18_":6,"n_edad_25_":36,"n_edad_45_":12,"n_edad_60_":4,"n_transpor":2,"n_transp_1":2,"n_transp_2":20,"n_transp_3":0,"n_transp_4":0,"n_transp_5":0,"n_transp_6":1,"dim_acc":0,"dim_soc":0}},{"type":"Feature","id":5,"geometry":{"type":"Polygon","coordinates":[[[-70.1986,-22.0944],[-70.1978,-22.0937],[-70.1985,-22.093],[-70.1993,-22.0936],[-70.1986,-22.0944]]]},"properties":{"OID":5,"MANZENT":2301011001010,"n_per":104,"n_hombres":51,"n_mujeres":53,"n_edad_0_5":6,"n_edad_6_1":8,"n_edad_14_":2,"n_edad_18_":10,"n_edad_25_":27,"n_edad_45_":20,"n_edad_60_":31,"n_transpor":13,"n_transp_1":9,"n_transp_2":14,"n_transp_3":0,"n_transp_4":0,"n_transp_5":0,"n_transp_6":1,"dim_acc":0,"dim_soc":0}},{"type":"Feature","id":6,"geometry":{"type":"Polygon","coordinates":[[[-70.2027,-22.0945],[-70.2022,-22.0941],[-70.2029,-22.0934],[-70.2036,-22.094],[-70.203,-22.0947],[-70.2027,-22.0945]]]},"properties":{"OID":6,"MANZENT":2301011001010,"n_per":18,"n_hombres":9,"n_mujeres":9,"n_edad_0_5":2,"n_edad_6_1":0,"n_edad_14_":2,"n_edad_18_":2,"n_edad_25_":6,"n_edad_45_":3,"n_edad_60_":3,"n_transpor":0,"n_transp_1":0,"n_transp_2":3,"n_transp_3":0,"n_transp_4":0,"n_transp_5":0,"n_transp_6":3,"dim_acc":0,"dim_soc":0}},{"type":"Feature","id":7,"geometry":{"type":"Polygon","coordinates":[[[-70.1995,-22.0951],[-70.1987,-22.0944],[-70.1994,-22.0937],[-70.2002,-22.0943],[-70.1995,-22.0951]]]},"properties":{"OID":7,"MANZENT":2301011001020,"n_per":118,"n_hombres":64,"n_mujeres":54,"n_edad_0_5":5,"n_edad_6_1":9,"n_edad_14_":8,"n_edad_18_":10,"n_edad_25_":28,"n_edad_45_":27,"n_edad_60_":31,"n_transpor":10,"n_transp_1":18,"n_transp_2":19,"n_transp_3":0,"n_transp_4":0,"n_transp_5":0,"n_transp_6":3,"dim_acc":0.705471,"dim_soc":0.718895}},{"type":"Feature","id":8,"geometry":{"type":"Polygon","coordinates":[[[-70.2045,-22.0948],[-70.2038,-22.0955],[-70.203,-22.0948],[-70.2037,-22.0941],[-70.2045,-22.0947],[-70.2045,-22.0948]]]},"properties":{"OID":8,"MANZENT":2301011001020,"n_per":38,"n_hombres":18,"n_mujeres":20,"n_edad_0_5":4,"n_edad_6_1":4,"n_edad_14_":0,"n_edad_18_":6,"n_edad_25_":11,"n_edad_45_":2,"n_edad_60_":11,"n_transpor":1,"n_transp_1":3,"n_transp_2":7,"n_transp_3":0,"n_transp_4":0,"n_transp_5":0,"n_transp_6":0,"dim_acc":0.705471,"dim_soc":0.718895}},{"type":"Feature","id":9,"geometry":{"type":"Polygon","coordinates":[[[-70.2027,-22.0951],[-70.2024,-22.0948],[-70.2027,-22.0951],[-70.2021,-22.0956],[-70.2013,-22.095],[-70.2021,-22.0942],[-70.2029,-22.0948],[-70.2027,-22.0951]]]},"properties":{"OID":9,"MANZENT":2301011001020,"n_per":106,"n_hombres":54,"n_mujeres":52,"n_edad_0_5":11,"n_edad_6_1":14,"n_edad_14_":4,"n_edad_18_":10,"n_edad_25_":19,"n_edad_45_":18,"n_edad_60_":30,"n_transpor":6,"n_transp_1":5,"n_transp_2":2,"n_transp_3":0,"n_transp_4":0,"n_transp_5":0,"n_transp_6":1,"dim_acc":0.705471,"dim_soc":0.718895}},{"type":"Feature","id":10,"geometry":{"type":"Polygon","coordinates":[[[-70.201,-22.0918],[-70.2003,-22.0912],[-70.2007,-22.0915],[-70.201,-22.0918]]]},"properties":{"OID":10,"MANZENT":2301011001000,"n_per":0,"n_hombres":0,"n_mujeres":0,"n_edad_0_5":0,"n_edad_6_1":0,"n_edad_14_":0,"n_edad_18_":0,"n_edad_25_":0,"n_edad_45_":0,"n_edad_60_":0,"n_transpor":0,"n_transp_1":0,"n_transp_2":0,"n_transp_3":0,"n_transp_4":0,"n_transp_5":0,"n_transp_6":0,"dim_acc":0,"dim_soc":0}},{"type":"Feature","id":11,"geometry":{"type":"Polygon","coordinates":[[[-70.202,-22.0926],[-70.2011,-22.0919],[-70.202,-22.0926],[-70.202,-22.0926]]]},"properties":{"OID":11,"MANZENT":2301011001000,"n_per":0,"n_hombres":0,"n_mujeres":0,"n_edad_0_5":0,"n_edad_6_1":0,"n_edad_14_":0,"n_edad_18_":0,"n_edad_25_":0,"n_edad_45_":0,"n_edad_60_":0,"n_transpor":0,"n_transp_1":0,"n_transp_2":0,"n_transp_3":0,"n_transp_4":0,"n_transp_5":0,"n_transp_6":0,"dim_acc":0,"dim_soc":0}},{"type":"Feature","id":12,"geometry":{"type":"Polygon","coordinates":[[[-70.2045,-22.0925],[-70.2046,-22.0924],[-70.205,-22.0926],[-70.2052,-22.0925],[-70.2059,-22.0926],[-70.2061,-22.0927],[-70.2063,-22.0927],[-70.2062,-22.0928],[-70.2062,-22.0929],[-70.2066,-22.0933],[-70.207,-22.0928],[-70.2072,-22.0929],[-70.2058,-22.0942],[-70.2054,-22.094],[-70.2055,-22.0937],[-70.2058,-22.0937],[-70.2043,-22.0932],[-70.2045,-22.0925]]]},"properties":{"OID":12,"MANZENT":2301011001010,"n_per":0,"n_hombres":0,"n_mujeres":0,"n_edad_0_5":0,"n_edad_6_1":0,"n_edad_14_":0,"n_edad_18_":0,"n_edad_25_":0,"n_edad_45_":0,"n_edad_60_":0,"n_transpor":0,"n_transp_1":0,"n_transp_2":0,"n_transp_3":0,"n_transp_4":0,"n_transp_5":0,"n_transp_6":0,"dim_acc":0,"dim_soc":0}},{"type":"Feature","id":13,"geometry":{"type":"Polygon","coordinates":[[[-70.2028,-22.0932],[-70.2021,-22.0927],[-70.2028,-22.0932],[-70.2028,-22.0932]]]},"properties":{"OID":13,"MANZENT":2301011001010,"n_per":0,"n_hombres":0,"n_mujeres":0,"n_edad_0_5":0,"n_edad_6_1":0,"n_edad_14_":0,"n_edad_18_":0,"n_edad_25_":0,"n_edad_45_":0,"n_edad_60_":0,"n_transpor":0,"n_transp_1":0,"n_transp_2":0,"n_transp_3":0,"n_transp_4":0,"n_transp_5":0,"n_transp_6":0,"dim_acc":0,"dim_soc":0}},{"type":"Feature","id":14,"geometry":{"type":"Polygon","coordinates":[[[-70.2029,-22.0932],[-70.2039,-22.0937],[-70.2037,-22.0939],[-70.2029,-22.0932]]]},"properties":{"OID":14,"MANZENT":2301011001010,"n_per":0,"n_hombres":0,"n_mujeres":0,"n_edad_0_5":0,"n_edad_6_1":0,"n_edad_14_":0,"n_edad_18_":0,"n_edad_25_":0,"n_edad_45_":0,"n_edad_60_":0,"n_transpor":0,"n_transp_1":0,"n_transp_2":0,"n_transp_3":0,"n_transp_4":0,"n_transp_5":0,"n_transp_6":0,"dim_acc":0,"dim_soc":0}},{"type":"Feature","id":15,"geometry":{"type":"Polygon","coordinates":[[[-70.2037,-22.094],[-70.2029,-22.0933],[-70.2037,-22.0939],[-70.2037,-22.094]]]},"properties":{"OID":15,"MANZENT":2301011001010,"n_per":0,"n_hombres":0,"n_mujeres":0,"n_edad_0_5":0,"n_edad_6_1":0,"n_edad_14_":0,"n_edad_18_":0,"n_edad_25_":0,"n_edad_45_":0,"n_edad_60_":0,"n_transpor":0,"n_transp_1":0,"n_transp_2":0,"n_transp_3":0,"n_transp_4":0,"n_transp_5":0,"n_transp_6":0,"dim_acc":0,"dim_soc":0}},{"type":"Feature","id":16,"geometry":{"type":"Polygon","coordinates":[[[-70.2008,-22.0947],[-70.2004,-22.0943],[-70.2012,-22.0934],[-70.2016,-22.0938],[-70.2008,-22.0947]]]},"properties":{"OID":16,"MANZENT":2301011001020,"n_per":0,"n_hombres":0,"n_mujeres":0,"n_edad_0_5":0,"n_edad_6_1":0,"n_edad_14_":0,"n_edad_18_":0,"n_edad_25_":0,"n_edad_45_":0,"n_edad_60_":0,"n_transpor":0,"n_transp_1":0,"n_transp_2":0,"n_transp_3":0,"n_transp_4":0,"n_transp_5":0,"n_transp_6":0,"dim_acc":0.705471,"dim_soc":0.718895}},{"type":"Feature","id":17,"geometry":{"type":"Polygon","coordinates":[[[-70.2051,-22.0941],[-70.2046,-22.0946],[-70.2038,-22.094],[-70.204,-22.0937],[-70.2051,-22.094],[-70.2051,-22.0941]]]},"properties":{"OID":17,"MANZENT":2301011001020,"n_per":0,"n_hombres":0,"n_mujeres":0,"n_edad_0_5":0,"n_edad_6_1":0,"n_edad_14_":0,"n_edad_18_":0,"n_edad_25_":0,"n_edad_45_":0,"n_edad_60_":0,"n_transpor":0,"n_transp_1":0,"n_transp_2":0,"n_transp_3":0,"n_transp_4":0,"n_transp_5":0,"n_transp_6":0,"dim_acc":0.705471,"dim_soc":0.718895}},{"type":"Feature","id":18,"geometry":{"type":"Polygon","coordinates":[[[-70.2047,-22.0947],[-70.2053,-22.0941],[-70.2063,-22.0944],[-70.2055,-22.0953],[-70.2047,-22.0947]]]},"properties":{"OID":18,"MANZENT":2301011001020,"n_per":0,"n_hombres":0,"n_mujeres":0,"n_edad_0_5":0,"n_edad_6_1":0,"n_edad_14_":0,"n_edad_18_":0,"n_edad_25_":0,"n_edad_45_":0,"n_edad_60_":0,"n_transpor":0,"n_transp_1":0,"n_transp_2":0,"n_transp_3":0,"n_transp_4":0,"n_transp_5":0,"n_transp_6":0,"dim_acc":0.705471,"dim_soc":0.718895}},{"type":"Feature","id":19,"geometry":{"type":"Polygon","coordinates":[[[-70.2045,-22.0946],[-70.2038,-22.0941],[-70.2045,-22.0946],[-70.2045,-22.0946]]]},"properties":{"OID":19,"MANZENT":2301011001020,"n_per":0,"n_hombres":0,"n_mujeres":0,"n_edad_0_5":0,"n_edad_6_1":0,"n_edad_14_":0,"n_edad_18_":0,"n_edad_25_":0,"n_edad_45_":0,"n_edad_60_":0,"n_transpor":0,"n_transp_1":0,"n_transp_2":0,"n_transp_3":0,"n_transp_4":0,"n_transp_5":0,"n_transp_6":0,"dim_acc":0.705471,"dim_soc":0.718895}},{"type":"Feature","id":20,"geometry":{"type":"Polygon","coordinates":[[[-70.2004,-22.0958],[-70.1996,-22.0952],[-70.2003,-22.0944],[-70.2012,-22.095],[-70.2004,-22.0958]]]},"properties":{"OID":20,"MANZENT":2301011001020,"n_per":76,"n_hombres":46,"n_mujeres":30,"n_edad_0_5":2,"n_edad_6_1":8,"n_edad_14_":1,"n_edad_18_":6,"n_edad_25_":21,"n_edad_45_":19,"n_edad_60_":19,"n_transpor":12,"n_transp_1":8,"n_transp_2":6,"n_transp_3":0,"n_transp_4":0,"n_transp_5":0,"n_transp_6":6,"dim_acc":0.705471,"dim_soc":0.718895}},{"type":"Feature","id":21,"geometry":{"type":"Polygon","coordinates":[[[-70.2053,-22.0956],[-70.2047,-22.0962],[-70.2039,-22.0955],[-70.2046,-22.0948],[-70.2054,-22.0954],[-70.2053,-22.0956]]]},"properties":{"OID":21,"MANZENT":2301011001020,"n_per":32,"n_hombres":18,"n_mujeres":14,"n_edad_0_5":3,"n_edad_6_1":3,"n_edad_14_":4,"n_edad_18_":5,"n_edad_25_":9,"n_edad_45_":3,"n_edad_60_":5,"n_transpor":0,"n_transp_1":2,"n_transp_2":4,"n_transp_3":0,"n_transp_4":0,"n_transp_5":0,"n_transp_6":1,"dim_acc":0.705471,"dim_soc":0.718895}},{"type":"Feature","id":22,"geometry":{"type":"Polygon","coordinates":[[[-70.2036,-22.0957],[-70.2031,-22.0963],[-70.2022,-22.0957],[-70.203,-22.0949],[-70.2038,-22.0955],[-70.2036,-22.0957]]]},"properties":{"OID":22,"MANZENT":2301011001030,"n_per":40,"n_hombres":18,"n_mujeres":22,"n_edad_0_5":2,"n_edad_6_1":4,"n_edad_14_":3,"n_edad_18_":2,"n_edad_25_":9,"n_edad_45_":11,"n_edad_60_":9,"n_transpor":2,"n_transp_1":2,"n_transp_2":3,"n_transp_3":0,"n_transp_4":0,"n_transp_5":0,"n_transp_6":0,"dim_acc":0,"dim_soc":0}},{"type":"Feature","id":23,"geometry":{"type":"Polygon","coordinates":[[[-70.201,-22.0964],[-70.2007,-22.0961],[-70.2008,-22.0961],[-70.2007,-22.0961],[-70.2005,-22.0959],[-70.2012,-22.0951],[-70.2021,-22.0957],[-70.2016,-22.0962],[-70.2017,-22.0962],[-70.2022,-22.0957],[-70.203,-22.0963],[-70.2028,-22.0966],[-70.2028,-22.0966],[-70.2031,-22.0964],[-70.2038,-22.097],[-70.2035,-22.0972],[-70.2026,-22.0966],[-70.202,-22.0964],[-70.2016,-22.0963],[-70.201,-22.0964]]]},"properties":{"OID":23,"MANZENT":2301011001030,"n_per":184,"n_hombres":76,"n_mujeres":108,"n_edad_0_5":8,"n_edad_6_1":21,"n_edad_14_":15,"n_edad_18_":7,"n_edad_25_":46,"n_edad_45_":37,"n_edad_60_":50,"n_transpor":7,"n_transp_1":10,"n_transp_2":8,"n_transp_3":0,"n_transp_4":0,"n_transp_5":0,"n_transp_6":0,"dim_acc":0,"dim_soc":0}},{"type":"Feature","id":24,"geometry":{"type":"Polygon","coordinates":[[[-70.2062,-22.0961],[-70.2055,-22.0968],[-70.2048,-22.0962],[-70.2055,-22.0955],[-70.2062,-22.0961]]]},"properties":{"OID":24,"MANZENT":2301011001030,"n_per":39,"n_hombres":20,"n_mujeres":19,"n_edad_0_5":0,"n_edad_6_1":2,"n_edad_14_":1,"n_edad_18_":4,"n_edad_25_":11,"n_edad_45_":11,"n_edad_60_":10,"n_transpor":2,"n_transp_1":7,"n_transp_2":1,"n_transp_3":0,"n_transp_4":0,"n_transp_5":0,"n_transp_6":0,"dim_acc":0,"dim_soc":0}},{"type":"Feature","id":25,"geometry":{"type":"Polygon","coordinates":[[[-70.2043,-22.0965],[-70.2038,-22.0969],[-70.2031,-22.0963],[-70.2038,-22.0956],[-70.2046,-22.0962],[-70.2043,-22.0965]]]},"properties":{"OID":25,"MANZENT":2301011001030,"n_per":66,"n_hombres":33,"n_mujeres":33,"n_edad_0_5":8,"n_edad_6_1":4,"n_edad_14_":3,"n_edad_18_":8,"n_edad_25_":16,"n_edad_45_":5,"n_edad_60_":22,"n_transpor":0,"n_transp_1":4,"n_transp_2":8,"n_transp_3":0,"n_transp_4":0,"n_transp_5":0,"n_transp_6":0,"dim_acc":0,"dim_soc":0}},{"type":"Feature","id":26,"geometry":{"type":"Polygon","coordinates":[[[-70.2059,-22.0971],[-70.2063,-22.0968],[-70.2058,-22.0966],[-70.2062,-22.0961],[-70.2075,-22.0971],[-70.2051,-22.0973],[-70.2055,-22.097],[-70.2057,-22.0972],[-70.2058,-22.0971],[-70.2059,-22.0971]]]},"properties":{"OID":26,"MANZENT":2301011001030,"n_per":28,"n_hombres":11,"n_mujeres":17,"n_edad_0_5":3,"n_edad_6_1":2,"n_edad_14_":1,"n_edad_18_":3,"n_edad_25_":9,"n_edad_45_":2,"n_edad_60_":8,"n_transpor":0,"n_transp_1":1,"n_transp_2":0,"n_transp_3":0,"n_transp_4":0,"n_transp_5":0,"n_transp_6":0,"dim_acc":0,"dim_soc":0}},{"type":"Feature","id":27,"geometry":{"type":"Polygon","coordinates":[[[-70.2042,-22.0968],[-70.2047,-22.0963],[-70.2054,-22.0969],[-70.205,-22.0973],[-70.2039,-22.0973],[-70.2035,-22.0972],[-70.204,-22.0969],[-70.2041,-22.097],[-70.2041,-22.0971],[-70.2042,-22.0972],[-70.2044,-22.097],[-70.2041,-22.0968],[-70.2042,-22.0968]]]},"properties":{"OID":27,"MANZENT":2301011001030,"n_per":79,"n_hombres":41,"n_mujeres":38,"n_edad_0_5":3,"n_edad_6_1":5,"n_edad_14_":5,"n_edad_18_":3,"n_edad_25_":24,"n_edad_45_":7,"n_edad_60_":32,"n_transpor":0,"n_transp_1":1,"n_transp_2":0,"n_transp_3":0,"n_transp_4":0,"n_transp_5":0,"n_transp_6":0,"dim_acc":0,"dim_soc":0}},{"type":"Feature","id":28,"geometry":{"type":"Polygon","coordinates":[[[-70.2058,-22.097],[-70.2056,-22.0968],[-70.2058,-22.0966],[-70.2063,-22.0968],[-70.206,-22.097],[-70.2059,-22.0971],[-70.2058,-22.097]]]},"properties":{"OID":28,"MANZENT":2301011001030,"n_per":31,"n_hombres":12,"n_mujeres":19,"n_edad_0_5":2,"n_edad_6_1":4,"n_edad_14_":2,"n_edad_18_":1,"n_edad_25_":5,"n_edad_45_":6,"n_edad_60_":11,"n_transpor":2,"n_transp_1":0,"n_transp_2":0,"n_transp_3":0,"n_transp_4":0,"n_transp_5":0,"n_transp_6":0,"dim_acc":0,"dim_soc":0}},{"type":"Feature","id":29,"geometry":{"type":"MultiPolygon","coordinates":[[[[-70.2012,-22.095],[-70.2009,-22.0947],[-70.2017,-22.0938],[-70.202,-22.0941],[-70.2012,-22.095]]],[[[-70.2021,-22.094],[-70.2013,-22.0934],[-70.202,-22.0927],[-70.2028,-22.0933],[-70.2021,-22.094]]],[[[-70.2043,-22.0926],[-70.2044,-22.0928],[-70.2043,-22.0932],[-70.2053,-22.0936],[-70.2052,-22.094],[-70.2033,-22.0934],[-70.2029,-22.0932],[-70.2035,-22.0926],[-70.2037,-22.0928],[-70.2041,-22.0929],[-70.2042,-22.0928],[-70.2043,-22.0926]]]]},"properties":{"OID":29,"MANZENT":2301011001010,"n_per":25,"n_hombres":12,"n_mujeres":13,"n_edad_0_5":0,"n_edad_6_1":3,"n_edad_14_":2,"n_edad_18_":4,"n_edad_25_":7,"n_edad_45_":4,"n_edad_60_":5,"n_transpor":2,"n_transp_1":1,"n_transp_2":2,"n_transp_3":0,"n_transp_4":0,"n_transp_5":0,"n_transp_6":0,"dim_acc":0,"dim_soc":0}},{"type":"Feature","id":30,"geometry":{"type":"Polygon","coordinates":[[[-70.1967,-22.0899],[-70.1959,-22.0907],[-70.1951,-22.0901],[-70.1959,-22.0892],[-70.1967,-22.0898],[-70.1967,-22.0899]]]},"properties":{"OID":30,"MANZENT":2301021001000,"n_per":97,"n_hombres":46,"n_mujeres":51,"n_edad_0_5":6,"n_edad_6_1":11,"n_edad_14_":2,"n_edad_18_":0,"n_edad_25_":29,"n_edad_45_":22,"n_edad_60_":27,"n_transpor":12,"n_transp_1":12,"n_transp_2":23,"n_transp_3":1,"n_transp_4":0,"n_transp_5":0,"n_transp_6":4,"dim_acc":0,"dim_soc":0}},{"type":"Feature","id":31,"geometry":{"type":"Polygon","coordinates":[[[-70.1923,-22.0899],[-70.1926,-22.0895],[-70.1934,-22.0902],[-70.1931,-22.0905],[-70.1923,-22.0899]]]},"properties":{"OID":31,"MANZENT":2301021001010,"n_per":69,"n_hombres":27,"n_mujeres":42,"n_edad_0_5":2,"n_edad_6_1":9,"n_edad_14_":7,"n_edad_18_":9,"n_edad_25_":16,"n_edad_45_":11,"n_edad_60_":15,"n_transpor":4,"n_transp_1":10,"n_transp_2":7,"n_transp_3":0,"n_transp_4":0,"n_transp_5":0,"n_transp_6":1,"dim_acc":0.726978,"dim_soc":0.760393}},{"type":"Feature","id":32,"geometry":{"type":"Polygon","coordinates":[[[-70.1967,-22.0899],[-70.1968,-22.0899],[-70.1976,-22.0906],[-70.1968,-22.0914],[-70.196,-22.0908],[-70.1967,-22.0899]]]},"properties":{"OID":32,"MANZENT":2301021001010,"n_per":76,"n_hombres":41,"n_mujeres":35,"n_edad_0_5":4,"n_edad_6_1":6,"n_edad_14_":6,"n_edad_18_":8,"n_edad_25_":11,"n_edad_45_":25,"n_edad_60_":16,"n_transpor":12,"n_transp_1":12,"n_transp_2":10,"n_transp_3":0,"n_transp_4":0,"n_transp_5":0,"n_transp_6":0,"dim_acc":0.726978,"dim_soc":0.760393}},{"type":"Feature","id":33,"geometry":{"type":"Polygon","coordinates":[[[-70.193,-22.0905],[-70.193,-22.0906],[-70.1927,-22.0909],[-70.1919,-22.0902],[-70.1923,-22.0899],[-70.193,-22.0905]]]},"properties":{"OID":33,"MANZENT":2301021001010,"n_per":112,"n_hombres":56,"n_mujeres":56,"n_edad_0_5":9,"n_edad_6_1":11,"n_edad_14_":3,"n_edad_18_":9,"n_edad_25_":38,"n_edad_45_":23,"n_edad_60_":19,"n_transpor":6,"n_transp_1":8,"n_transp_2":2,"n_transp_3":0,"n_transp_4":0,"n_transp_5":0,"n_transp_6":3,"dim_acc":0.726978,"dim_soc":0.760393}},{"type":"Feature","id":34,"geometry":{"type":"Polygon","coordinates":[[[-70.1982,-22.09],[-70.1992,-22.0905],[-70.1985,-22.0912],[-70.1977,-22.0905],[-70.1982,-22.09]]]},"properties":{"OID":34,"MANZENT":2301021001010,"n_per":70,"n_hombres":35,"n_mujeres":35,"n_edad_0_5":4,"n_edad_6_1":10,"n_edad_14_":2,"n_edad_18_":8,"n_edad_25_":26,"n_edad_45_":11,"n_edad_60_":9,"n_transpor":2,"n_transp_1":10,"n_transp_2":8,"n_transp_3":0,"n_transp_4":0,"n_transp_5":0,"n_transp_6":0,"dim_acc":0.726978,"dim_soc":0.760393}},{"type":"Feature","id":35,"geometry":{"type":"Polygon","coordinates":[[[-70.1947,-22.0905],[-70.195,-22.0901],[-70.1954,-22.0905],[-70.1951,-22.0908],[-70.1947,-22.0905]]]},"properties":{"OID":35,"MANZENT":2301021001010,"n_per":44,"n_hombres":18,"n_mujeres":26,"n_edad_0_5":2,"n_edad_6_1":8,"n_edad_14_":2,"n_edad_18_":4,"n_edad_25_":13,"n_edad_45_":5,"n_edad_60_":10,"n_transpor":5,"n_transp_1":3,"n_transp_2":9,"n_transp_3":0,"n_transp_4":0,"n_transp_5":0,"n_transp_6":0,"dim_acc":0.726978,"dim_soc":0.760393}},{"type":"Feature","id":36,"geometry":{"type":"Polygon","coordinates":[[[-70.1931,-22.0905],[-70.1935,-22.0902],[-70.1943,-22.0909],[-70.1939,-22.0912],[-70.1931,-22.0905]]]},"properties":{"OID":36,"MANZENT":2301021001010,"n_per":65,"n_hombres":28,"n_mujeres":37,"n_edad_0_5":4,"n_edad_6_1":10,"n_edad_14_":2,"n_edad_18_":4,"n_edad_25_":20,"n_edad_45_":12,"n_edad_60_":13,"n_transpor":2,"n_transp_1":7,"n_transp_2":6,"n_transp_3":0,"n_transp_4":1,"n_transp_5":0,"n_transp_6":3,"dim_acc":0.726978,"dim_soc":0.760393}},{"type":"Feature","id":37,"geometry":{"type":"Polygon","coordinates":[[[-70.1923,-22.0913],[-70.1916,-22.0907],[-70.1918,-22.0903],[-70.1927,-22.0909],[-70.1923,-22.0913]]]},"properties":{"OID":37,"MANZENT":2301021001010,"n_per":72,"n_hombres":35,"n_mujeres":37,"n_edad_0_5":4,"n_edad_6_1":10,"n_edad_14_":6,"n_edad_18_":9,"n_edad_25_":24,"n_edad_45_":7,"n_edad_60_":12,"n_transpor":6,"n_transp_1":5,"n_transp_2":3,"n_transp_3":0,"n_transp_4":0,"n_transp_5":0,"n_transp_6":2,"dim_acc":0.726978,"dim_soc":0.760393}},{"type":"Feature","id":38,"geometry":{"type":"Polygon","coordinates":[[[-70.1947,-22.0905],[-70.1951,-22.0908],[-70.1948,-22.0912],[-70.1944,-22.0909],[-70.1947,-22.0905]]]},"properties":{"OID":38,"MANZENT":2301021001020,"n_per":33,"n_hombres":19,"n_mujeres":14,"n_edad_0_5":0,"n_edad_6_1":1,"n_edad_14_":0,"n_edad_18_":8,"n_edad_25_":10,"n_edad_45_":7,"n_edad_60_":7,"n_transpor":0,"n_transp_1":4,"n_transp_2":2,"n_transp_3":0,"n_transp_4":0,"n_transp_5":0,"n_transp_6":0,"dim_acc":0.735472,"dim_soc":0.769626}},{"type":"Feature","id":39,"geometry":{"type":"Polygon","coordinates":[[[-70.1992,-22.0906],[-70.2001,-22.0912],[-70.1994,-22.0919],[-70.1986,-22.0912],[-70.1992,-22.0906]]]},"properties":{"OID":39,"MANZENT":2301021001020,"n_per":119,"n_hombres":54,"n_mujeres":65,"n_edad_0_5":11,"n_edad_6_1":12,"n_edad_14_":7,"n_edad_18_":6,"n_edad_25_":30,"n_edad_45_":22,"n_edad_60_":31,"n_transpor":15,"n_transp_1":6,"n_transp_2":7,"n_transp_3":0,"n_transp_4":0,"n_transp_5":0,"n_transp_6":1,"dim_acc":0.735472,"dim_soc":0.769626}},{"type":"Feature","id":40,"geometry":{"type":"Polygon","coordinates":[[[-70.1976,-22.0906],[-70.1985,-22.0913],[-70.1976,-22.0922],[-70.1968,-22.0915],[-70.1976,-22.0906]]]},"properties":{"OID":40,"MANZENT":2301021001020,"n_per":73,"n_hombres":42,"n_mujeres":31,"n_edad_0_5":4,"n_edad_6_1":4,"n_edad_14_":2,"n_edad_18_":8,"n_edad_25_":23,"n_edad_45_":11,"n_edad_60_":21,"n_transpor":4,"n_transp_1":5,"n_transp_2":9,"n_transp_3":0,"n_transp_4":0,"n_transp_5":0,"n_transp_6":0,"dim_acc":0.735472,"dim_soc":0.769626}},{"type":"Feature","id":41,"geometry":{"type":"Polygon","coordinates":[[[-70.1931,-22.0906],[-70.1939,-22.0913],[-70.1936,-22.0916],[-70.1928,-22.0909],[-70.1931,-22.0906]]]},"properties":{"OID":41,"MANZENT":2301021001020,"n_per":70,"n_hombres":26,"n_mujeres":44,"n_edad_0_5":2,"n_edad_6_1":10,"n_edad_14_":2,"n_edad_18_":6,"n_edad_25_":20,"n_edad_45_":9,"n_edad_60_":21,"n_transpor":5,"n_transp_1":10,"n_transp_2":5,"n_transp_3":0,"n_transp_4":0,"n_transp_5":0,"n_transp_6":3,"dim_acc":0.735472,"dim_soc":0.769626}},{"type":"Feature","id":42,"geometry":{"type":"Polygon","coordinates":[[[-70.1945,-22.0943],[-70.1941,-22.0941],[-70.1928,-22.0929],[-70.1917,-22.0921],[-70.1908,-22.0913],[-70.1915,-22.0906],[-70.192,-22.0911],[-70.194,-22.0927],[-70.1939,-22.0929],[-70.1938,-22.0931],[-70.1941,-22.0934],[-70.1942,-22.0934],[-70.1938,-22.0931],[-70.194,-22.0927],[-70.1941,-22.0928],[-70.1941,-22.0929],[-70.1942,-22.0928],[-70.1949,-22.0935],[-70.1946,-22.0939],[-70.1944,-22.0938],[-70.1945,-22.0939],[-70.1946,-22.0939],[-70.1947,-22.0937],[-70.1955,-22.0944],[-70.1957,-22.0944],[-70.1959,-22.0943],[-70.1964,-22.0947],[-70.1962,-22.0948],[-70.1956,-22.0946],[-70.1957,-22.0947],[-70.1962,-22.0949],[-70.1964,-22.0947],[-70.1967,-22.0948],[-70.1966,-22.095],[-70.1961,-22.0949],[-70.1945,-22.0943]]]},"properties":{"OID":42,"MANZENT":2301021001020,"n_per":281,"n_hombres":133,"n_mujeres":148,"n_edad_0_5":20,"n_edad_6_1":48,"n_edad_14_":12,"n_edad_18_":17,"n_edad_25_":82,"n_edad_45_":47,"n_edad_60_":55,"n_transpor":12,"n_transp_1":23,"n_transp_2":11,"n_transp_3":0,"n_transp_4":0,"n_transp_5":0,"n_transp_6":4,"dim_acc":0.735472,"dim_soc":0.769626}},{"type":"Feature","id":43,"geometry":{"type":"Polygon","coordinates":[[[-70.196,-22.0922],[-70.1953,-22.0916],[-70.1959,-22.0909],[-70.1967,-22.0915],[-70.196,-22.0922]]]},"properties":{"OID":43,"MANZENT":2301021001020,"n_per":118,"n_hombres":62,"n_mujeres":56,"n_edad_0_5":9,"n_edad_6_1":15,"n_edad_14_":6,"n_edad_18_":12,"n_edad_25_":24,"n_edad_45_":19,"n_edad_60_":33,"n_transpor":10,"n_transp_1":11,"n_transp_2":17,"n_transp_3":0,"n_transp_4":0,"n_transp_5":0,"n_transp_6":2,"dim_acc":0.735472,"dim_soc":0.769626}},{"type":"Feature","id":44,"geometry":{"type":"Polygon","coordinates":[[[-70.1948,-22.0912],[-70.1951,-22.0909],[-70.1955,-22.0912],[-70.1952,-22.0915],[-70.1948,-22.0912]]]},"properties":{"OID":44,"MANZENT":2301021001020,"n_per":23,"n_hombres":9,"n_mujeres":14,"n_edad_0_5":2,"n_edad_6_1":2,"n_edad_14_":0,"n_edad_18_":1,"n_edad_25_":6,"n_edad_45_":3,"n_edad_60_":9,"n_transpor":1,"n_transp_1":1,"n_transp_2":1,"n_transp_3":0,"n_transp_4":0,"n_transp_5":0,"n_transp_6":0,"dim_acc":0.735472,"dim_soc":0.769626}},{"type":"Feature","id":45,"geometry":{"type":"Polygon","coordinates":[[[-70.1947,-22.0912],[-70.1944,-22.0916],[-70.194,-22.0913],[-70.1943,-22.0909],[-70.1947,-22.0912]]]},"properties":{"OID":45,"MANZENT":2301021001020,"n_per":40,"n_hombres":18,"n_mujeres":22,"n_edad_0_5":3,"n_edad_6_1":5,"n_edad_14_":4,"n_edad_18_":2,"n_edad_25_":11,"n_edad_45_":7,"n_edad_60_":8,"n_transpor":3,"n_transp_1":4,"n_transp_2":4,"n_transp_3":0,"n_transp_4":0,"n_transp_5":0,"n_transp_6":0,"dim_acc":0.735472,"dim_soc":0.769626}},{"type":"Feature","id":46,"geometry":{"type":"Polygon","coordinates":[[[-70.1928,-22.091],[-70.1935,-22.0916],[-70.1933,-22.092],[-70.1924,-22.0914],[-70.1927,-22.091],[-70.1928,-22.091]]]},"properties":{"OID":46,"MANZENT":2301021001020,"n_per":68,"n_hombres":33,"n_mujeres":35,"n_edad_0_5":7,"n_edad_6_1":6,"n_edad_14_":5,"n_edad_18_":4,"n_edad_25_":22,"n_edad_45_":11,"n_edad_60_":13,"n_transpor":7,"n_transp_1":6,"n_transp_2":4,"n_transp_3":0,"n_transp_4":0,"n_transp_5":0,"n_transp_6":1,"dim_acc":0.735472,"dim_soc":0.769626}},{"type":"Feature","id":47,"geometry":{"type":"Polygon","coordinates":[[[-70.1948,-22.0913],[-70.1951,-22.0916],[-70.1948,-22.092],[-70.1944,-22.0917],[-70.1948,-22.0913]]]},"properties":{"OID":47,"MANZENT":2301021001030,"n_per":24,"n_hombres":16,"n_mujeres":8,"n_edad_0_5":1,"n_edad_6_1":2,"n_edad_14_":2,"n_edad_18_":2,"n_edad_25_":8,"n_edad_45_":4,"n_edad_60_":5,"n_transpor":4,"n_transp_1":3,"n_transp_2":3,"n_transp_3":0,"n_transp_4":0,"n_transp_5":0,"n_transp_6":0,"dim_acc":0.71692,"dim_soc":0.682351}},{"type":"Feature","id":48,"geometry":{"type":"Polygon","coordinates":[[[-70.1985,-22.0913],[-70.1986,-22.0913],[-70.1993,-22.092],[-70.1985,-22.0929],[-70.1977,-22.0922],[-70.1985,-22.0913]]]},"properties":{"OID":48,"MANZENT":2301021001030,"n_per":70,"n_hombres":35,"n_mujeres":35,"n_edad_0_5":4,"n_edad_6_1":9,"n_edad_14_":10,"n_edad_18_":7,"n_edad_25_":20,"n_edad_45_":10,"n_edad_60_":10,"n_transpor":4,"n_transp_1":5,"n_transp_2":7,"n_transp_3":0,"n_transp_4":0,"n_transp_5":0,"n_transp_6":2,"dim_acc":0.71692,"dim_soc":0.682351}},{"type":"Feature","id":49,"geometry":{"type":"Polygon","coordinates":[[[-70.194,-22.092],[-70.1937,-22.0917],[-70.1939,-22.0914],[-70.1943,-22.0917],[-70.194,-22.092]]]},"properties":{"OID":49,"MANZENT":2301021001030,"n_per":26,"n_hombres":12,"n_mujeres":14,"n_edad_0_5":1,"n_edad_6_1":3,"n_edad_14_":4,"n_edad_18_":0,"n_edad_25_":3,"n_edad_45_":9,"n_edad_60_":6,"n_transpor":1,"n_transp_1":4,"n_transp_2":2,"n_transp_3":0,"n_transp_4":0,"n_transp_5":0,"n_transp_6":0,"dim_acc":0.71692,"dim_soc":0.682351}},{"type":"Feature","id":50,"geometry":{"type":"Polygon","coordinates":[[[-70.1969,-22.0929],[-70.1961,-22.0923],[-70.1968,-22.0916],[-70.1976,-22.0922],[-70.1969,-22.0929]]]},"properties":{"OID":50,"MANZENT":2301021001030,"n_per":96,"n_hombres":46,"n_mujeres":50,"n_edad_0_5":5,"n_edad_6_1":12,"n_edad_14_":6,"n_edad_18_":2,"n_edad_25_":26,"n_edad_45_":18,"n_edad_60_":27,"n_transpor":7,"n_transp_1":11,"n_transp_2":12,"n_transp_3":0,"n_transp_4":0,"n_transp_5":0,"n_transp_6":3,"dim_acc":0.71692,"dim_soc":0.682351}},{"type":"Feature","id":51,"geometry":{"type":"Polygon","coordinates":[[[-70.1956,-22.0927],[-70.1948,-22.092],[-70.1952,-22.0916],[-70.196,-22.0923],[-70.1956,-22.0927]]]},"properties":{"OID":51,"MANZENT":2301021001030,"n_per":80,"n_hombres":38,"n_mujeres":42,"n_edad_0_5":5,"n_edad_6_1":9,"n_edad_14_":3,"n_edad_18_":7,"n_edad_25_":26,"n_edad_45_":14,"n_edad_60_":16,"n_transpor":8,"n_transp_1":12,"n_transp_2":10,"n_transp_3":0,"n_transp_4":0,"n_transp_5":0,"n_transp_6":1,"dim_acc":0.71692,"dim_soc":0.682351}},{"type":"Feature","id":52,"geometry":{"type":"Polygon","coordinates":[[[-70.1948,-22.092],[-70.1945,-22.0924],[-70.1941,-22.092],[-70.1944,-22.0917],[-70.1948,-22.092]]]},"properties":{"OID":52,"MANZENT":2301021001030,"n_per":17,"n_hombres":6,"n_mujeres":11,"n_edad_0_5":1,"n_edad_6_1":0,"n_edad_14_":1,"n_edad_18_":0,"n_edad_25_":2,"n_edad_45_":3,"n_edad_60_":10,"n_transpor":1,"n_transp_1":2,"n_transp_2":0,"n_transp_3":0,"n_transp_4":0,"n_transp_5":0,"n_transp_6":0,"dim_acc":0.71692,"dim_soc":0.682351}},{"type":"Feature","id":53,"geometry":{"type":"Polygon","coordinates":[[[-70.1936,-22.0917],[-70.1944,-22.0924],[-70.1941,-22.0927],[-70.1933,-22.0921],[-70.1933,-22.092],[-70.1936,-22.0917]]]},"properties":{"OID":53,"MANZENT":2301021001030,"n_per":77,"n_hombres":37,"n_mujeres":40,"n_edad_0_5":3,"n_edad_6_1":6,"n_edad_14_":6,"n_edad_18_":10,"n_edad_25_":16,"n_edad_45_":15,"n_edad_60_":21,"n_transpor":7,"n_transp_1":9,"n_transp_2":9,"n_transp_3":0,"n_transp_4":0,"n_transp_5":0,"n_transp_6":0,"dim_acc":0.71692,"dim_soc":0.682351}},{"type":"Feature","id":54,"geometry":{"type":"Polygon","coordinates":[[[-70.1956,-22.0927],[-70.1953,-22.093],[-70.1945,-22.0924],[-70.1948,-22.0921],[-70.1956,-22.0927]]]},"properties":{"OID":54,"MANZENT":2301021001030,"n_per":48,"n_hombres":23,"n_mujeres":25,"n_edad_0_5":2,"n_edad_6_1":4,"n_edad_14_":5,"n_edad_18_":2,"n_edad_25_":18,"n_edad_45_":3,"n_edad_60_":14,"n_transpor":6,"n_transp_1":4,"n_transp_2":4,"n_transp_3":0,"n_transp_4":0,"n_transp_5":0,"n_transp_6":0,"dim_acc":0.71692,"dim_soc":0.682351}},{"type":"Feature","id":55,"geometry":{"type":"Polygon","coordinates":[[[-70.1978,-22.0937],[-70.197,-22.093],[-70.1976,-22.0923],[-70.1985,-22.0929],[-70.1978,-22.0937]]]},"properties":{"OID":55,"MANZENT":2301021001030,"n_per":92,"n_hombres":47,"n_mujeres":45,"n_edad_0_5":4,"n_edad_6_1":8,"n_edad_14_":6,"n_edad_18_":12,"n_edad_25_":24,"n_edad_45_":21,"n_edad_60_":17,"n_transpor":6,"n_transp_1":11,"n_transp_2":8,"n_transp_3":1,"n_transp_4":0,"n_transp_5":0,"n_transp_6":0,"dim_acc":0.71692,"dim_soc":0.682351}},{"type":"Feature","id":56,"geometry":{"type":"Polygon","coordinates":[[[-70.1962,-22.0929],[-70.1958,-22.0926],[-70.1961,-22.0924],[-70.1964,-22.0926],[-70.1962,-22.0929]]]},"properties":{"OID":56,"MANZENT":2301021001040,"n_per":31,"n_hombres":16,"n_mujeres":15,"n_edad_0_5":3,"n_edad_6_1":3,"n_edad_14_":0,"n_edad_18_":2,"n_edad_25_":13,"n_edad_45_":5,"n_edad_60_":5,"n_transpor":5,"n_transp_1":4,"n_transp_2":7,"n_transp_3":0,"n_transp_4":0,"n_transp_5":0,"n_transp_6":0,"dim_acc":0.684748,"dim_soc":0.70429}},{"type":"Feature","id":57,"geometry":{"type":"Polygon","coordinates":[[[-70.195,-22.0934],[-70.1942,-22.0928],[-70.1945,-22.0924],[-70.1953,-22.0931],[-70.195,-22.0934]]]},"properties":{"OID":57,"MANZENT":2301021001040,"n_per":53,"n_hombres":24,"n_mujeres":29,"n_edad_0_5":3,"n_edad_6_1":4,"n_edad_14_":5,"n_edad_18_":4,"n_edad_25_":11,"n_edad_45_":7,"n_edad_60_":19,"n_transpor":7,"n_transp_1":6,"n_transp_2":7,"n_transp_3":0,"n_transp_4":0,"n_transp_5":0,"n_transp_6":2,"dim_acc":0.684748,"dim_soc":0.70429}},{"type":"Feature","id":58,"geometry":{"type":"Polygon","coordinates":[[[-70.1962,-22.0937],[-70.1954,-22.0931],[-70.1956,-22.0929],[-70.1959,-22.0931],[-70.1956,-22.0928],[-70.1958,-22.0926],[-70.1962,-22.0929],[-70.1965,-22.0926],[-70.1969,-22.093],[-70.1962,-22.0937]]]},"properties":{"OID":58,"MANZENT":2301021001040,"n_per":95,"n_hombres":42,"n_mujeres":53,"n_edad_0_5":7,"n_edad_6_1":8,"n_edad_14_":3,"n_edad_18_":4,"n_edad_25_":30,"n_edad_45_":18,"n_edad_60_":25,"n_transpor":9,"n_transp_1":11,"n_transp_2":11,"n_transp_3":0,"n_transp_4":0,"n_transp_5":0,"n_transp_6":2,"dim_acc":0.684748,"dim_soc":0.70429}},{"type":"Feature","id":59,"geometry":{"type":"Polygon","coordinates":[[[-70.197,-22.0945],[-70.1962,-22.0938],[-70.1969,-22.0931],[-70.1977,-22.0937],[-70.197,-22.0945]]]},"properties":{"OID":59,"MANZENT":2301021001040,"n_per":68,"n_hombres":31,"n_mujeres":37,"n_edad_0_5":6,"n_edad_6_1":11,"n_edad_14_":4,"n_edad_18_":6,"n_edad_25_":21,"n_edad_45_":5,"n_edad_60_":15,"n_transpor":1,"n_transp_1":0,"n_transp_2":0,"n_transp_3":0,"n_transp_4":0,"n_transp_5":0,"n_transp_6":1,"dim_acc":0.684748,"dim_soc":0.70429}},{"type":"Feature","id":60,"geometry":{"type":"Polygon","coordinates":[[[-70.195,-22.0935],[-70.1954,-22.0932],[-70.1961,-22.0938],[-70.1958,-22.0941],[-70.195,-22.0935]]]},"properties":{"OID":60,"MANZENT":2301021001040,"n_per":54,"n_hombres":26,"n_mujeres":28,"n_edad_0_5":1,"n_edad_6_1":7,"n_edad_14_":2,"n_edad_18_":7,"n_edad_25_":12,"n_edad_45_":10,"n_edad_60_":15,"n_transpor":0,"n_transp_1":2,"n_transp_2":0,"n_transp_3":0,"n_transp_4":0,"n_transp_5":0,"n_transp_6":0,"dim_acc":0.684748,"dim_soc":0.70429}},{"type":"Feature","id":61,"geometry":{"type":"Polygon","coordinates":[[[-70.1956,-22.0944],[-70.1948,-22.0938],[-70.195,-22.0936],[-70.1958,-22.0942],[-70.1958,-22.0943],[-70.1956,-22.0944]]]},"properties":{"OID":61,"MANZENT":2301021001040,"n_per":35,"n_hombres":12,"n_mujeres":23,"n_edad_0_5":2,"n_edad_6_1":2,"n_edad_14_":0,"n_edad_18_":3,"n_edad_25_":9,"n_edad_45_":9,"n_edad_60_":10,"n_transpor":4,"n_transp_1":8,"n_transp_2":5,"n_transp_3":0,"n_transp_4":0,"n_transp_5":0,"n_transp_6":1,"dim_acc":0.684748,"dim_soc":0.70429}},{"type":"Feature","id":62,"geometry":{"type":"Polygon","coordinates":[[[-70.1976,-22.094],[-70.1975,-22.094],[-70.1978,-22.0938],[-70.1986,-22.0944],[-70.1979,-22.0952],[-70.1971,-22.0945],[-70.1975,-22.094],[-70.1976,-22.094]]]},"properties":{"OID":62,"MANZENT":2301021001040,"n_per":210,"n_hombres":101,"n_mujeres":109,"n_edad_0_5":20,"n_edad_6_1":31,"n_edad_14_":9,"n_edad_18_":14,"n_edad_25_":84,"n_edad_45_":27,"n_edad_60_":25,"n_transpor":14,"n_transp_1":12,"n_transp_2":22,"n_transp_3":2,"n_transp_4":0,"n_transp_5":0,"n_transp_6":1,"dim_acc":0.684748,"dim_soc":0.70429}},{"type":"Feature","id":63,"geometry":{"type":"Polygon","coordinates":[[[-70.1959,-22.0942],[-70.1958,-22.0941],[-70.1962,-22.0939],[-70.197,-22.0945],[-70.1967,-22.0944],[-70.1964,-22.0946],[-70.1959,-22.0942]]]},"properties":{"OID":63,"MANZENT":2301021001040,"n_per":44,"n_hombres":18,"n_mujeres":26,"n_edad_0_5":1,"n_edad_6_1":7,"n_edad_14_":2,"n_edad_18_":5,"n_edad_25_":11,"n_edad_45_":7,"n_edad_60_":11,"n_transpor":2,"n_transp_1":10,"n_transp_2":8,"n_transp_3":0,"n_transp_4":0,"n_transp_5":0,"n_transp_6":0,"dim_acc":0.684748,"dim_soc":0.70429}},{"type":"Feature","id":64,"geometry":{"type":"Polygon","coordinates":[[[-70.1966,-22.0948],[-70.1965,-22.0947],[-70.1967,-22.0944],[-70.1969,-22.0946],[-70.1967,-22.0948],[-70.1966,-22.0948]]]},"properties":{"OID":64,"MANZENT":2301021001040,"n_per":18,"n_hombres":11,"n_mujeres":7,"n_edad_0_5":2,"n_edad_6_1":3,"n_edad_14_":1,"n_edad_18_":0,"n_edad_25_":5,"n_edad_45_":1,"n_edad_60_":6,"n_transpor":0,"n_transp_1":1,"n_transp_2":0,"n_transp_3":0,"n_transp_4":0,"n_transp_5":0,"n_transp_6":0,"dim_acc":0.684748,"dim_soc":0.70429}},{"type":"Feature","id":65,"geometry":{"type":"Polygon","coordinates":[[[-70.1976,-22.0953],[-70.1967,-22.0951],[-70.1967,-22.0949],[-70.197,-22.0946],[-70.1978,-22.0952],[-70.1977,-22.0954],[-70.1976,-22.0953]]]},"properties":{"OID":65,"MANZENT":2301021001040,"n_per":28,"n_hombres":14,"n_mujeres":14,"n_edad_0_5":1,"n_edad_6_1":7,"n_edad_14_":0,"n_edad_18_":2,"n_edad_25_":9,"n_edad_45_":1,"n_edad_60_":8,"n_transpor":2,"n_transp_1":5,"n_transp_2":2,"n_transp_3":0,"n_transp_4":0,"n_transp_5":0,"n_transp_6":0,"dim_acc":0.684748,"dim_soc":0.70429}},{"type":"Feature","id":66,"geometry":{"type":"Polygon","coordinates":[[[-70.1951,-22.0963],[-70.1951,-22.0954],[-70.1952,-22.0946],[-70.1965,-22.095],[-70.1964,-22.0955],[-70.1965,-22.0956],[-70.1965,-22.0961],[-70.1967,-22.0963],[-70.1959,-22.097],[-70.1951,-22.0963]]]},"properties":{"OID":66,"MANZENT":2301021001040,"n_per":58,"n_hombres":29,"n_mujeres":29,"n_edad_0_5":6,"n_edad_6_1":10,"n_edad_14_":2,"n_edad_18_":1,"n_edad_25_":15,"n_edad_45_":4,"n_edad_60_":20,"n_transpor":4,"n_transp_1":4,"n_transp_2":4,"n_transp_3":0,"n_transp_4":0,"n_transp_5":0,"n_transp_6":1,"dim_acc":0.684748,"dim_soc":0.70429}},{"type":"Feature","id":67,"geometry":{"type":"Polygon","coordinates":[[[-70.1966,-22.0951],[-70.1965,-22.0955],[-70.1964,-22.0955],[-70.1965,-22.095],[-70.1966,-22.0951]]]},"properties":{"OID":67,"MANZENT":2301021001050,"n_per":15,"n_hombres":9,"n_mujeres":6,"n_edad_0_5":1,"n_edad_6_1":1,"n_edad_14_":2,"n_edad_18_":2,"n_edad_25_":3,"n_edad_45_":6,"n_edad_60_":0,"n_transpor":0,"n_transp_1":2,"n_transp_2":1,"n_transp_3":0,"n_transp_4":0,"n_transp_5":0,"n_transp_6":0,"dim_acc":0,"dim_soc":0}},{"type":"Feature","id":68,"geometry":{"type":"Polygon","coordinates":[[[-70.1966,-22.0952],[-70.1967,-22.0951],[-70.1977,-22.0954],[-70.1967,-22.0962],[-70.1966,-22.0961],[-70.1966,-22.0952]]]},"properties":{"OID":68,"MANZENT":2301021001050,"n_per":115,"n_hombres":57,"n_mujeres":58,"n_edad_0_5":6,"n_edad_6_1":11,"n_edad_14_":5,"n_edad_18_":9,"n_edad_25_":32,"n_edad_45_":19,"n_edad_60_":33,"n_transpor":16,"n_transp_1":16,"n_transp_2":6,"n_transp_3":0,"n_transp_4":0,"n_transp_5":0,"n_transp_6":3,"dim_acc":0,"dim_soc":0}},{"type":"Feature","id":69,"geometry":{"type":"MultiPolygon","coordinates":[[[[-70.197,-22.0896],[-70.1972,-22.0895],[-70.1981,-22.09],[-70.1976,-22.0905],[-70.1968,-22.0898],[-70.197,-22.0896]]],[[[-70.1968,-22.0898],[-70.196,-22.0891],[-70.1961,-22.0889],[-70.1962,-22.0889],[-70.1971,-22.0894],[-70.1968,-22.0898]]]]},"properties":{"OID":69,"MANZENT":2301021001000,"n_per":35,"n_hombres":20,"n_mujeres":15,"n_edad_0_5":2,"n_edad_6_1":1,"n_edad_14_":1,"n_edad_18_":3,"n_edad_25_":9,"n_edad_45_":7,"n_edad_60_":12,"n_transpor":0,"n_transp_1":3,"n_transp_2":1,"n_transp_3":0,"n_transp_4":0,"n_transp_5":0,"n_transp_6":0,"dim_acc":0,"dim_soc":0}},{"type":"Feature","id":70,"geometry":{"type":"Polygon","coordinates":[[[-70.191,-22.0863],[-70.192,-22.0867],[-70.1916,-22.0872],[-70.1907,-22.0865],[-70.191,-22.0863]]]},"properties":{"OID":70,"MANZENT":2301031001000,"n_per":58,"n_hombres":25,"n_mujeres":33,"n_edad_0_5":1,"n_edad_6_1":10,"n_edad_14_":7,"n_edad_18_":3,"n_edad_25_":12,"n_edad_45_":12,"n_edad_60_":13,"n_transpor":0,"n_transp_1":2,"n_transp_2":0,"n_transp_3":0,"n_transp_4":0,"n_transp_5":0,"n_transp_6":0,"dim_acc":0,"dim_soc":0}},{"type":"Feature","id":71,"geometry":{"type":"Polygon","coordinates":[[[-70.1912,-22.0876],[-70.1904,-22.0869],[-70.1907,-22.0866],[-70.1915,-22.0872],[-70.1912,-22.0876]]]},"properties":{"OID":71,"MANZENT":2301031001000,"n_per":92,"n_hombres":38,"n_mujeres":54,"n_edad_0_5":8,"n_edad_6_1":11,"n_edad_14_":7,"n_edad_18_":6,"n_edad_25_":18,"n_edad_45_":18,"n_edad_60_":24,"n_transpor":13,"n_transp_1":13,"n_transp_2":7,"n_transp_3":0,"n_transp_4":0,"n_transp_5":0,"n_transp_6":0,"dim_acc":0,"dim_soc":0}},{"type":"Feature","id":72,"geometry":{"type":"Polygon","coordinates":[[[-70.1919,-22.087],[-70.192,-22.0868],[-70.193,-22.0873],[-70.1928,-22.0875],[-70.1919,-22.087]]]},"properties":{"OID":72,"MANZENT":2301031001010,"n_per":26,"n_hombres":14,"n_mujeres":12,"n_edad_0_5":2,"n_edad_6_1":4,"n_edad_14_":0,"n_edad_18_":3,"n_edad_25_":9,"n_edad_45_":3,"n_edad_60_":5,"n_transpor":1,"n_transp_1":2,"n_transp_2":5,"n_transp_3":0,"n_transp_4":0,"n_transp_5":0,"n_transp_6":1,"dim_acc":0.691739,"dim_soc":0.649814}},{"type":"Feature","id":73,"geometry":{"type":"Polygon","coordinates":[[[-70.1903,-22.087],[-70.1911,-22.0876],[-70.1909,-22.088],[-70.19,-22.0873],[-70.1903,-22.087]]]},"properties":{"OID":73,"MANZENT":2301031001010,"n_per":77,"n_hombres":38,"n_mujeres":39,"n_edad_0_5":5,"n_edad_6_1":7,"n_edad_14_":4,"n_edad_18_":5,"n_edad_25_":23,"n_edad_45_":12,"n_edad_60_":21,"n_transpor":7,"n_transp_1":13,"n_transp_2":9,"n_transp_3":0,"n_transp_4":0,"n_transp_5":0,"n_transp_6":4,"dim_acc":0.691739,"dim_soc":0.649814}},{"type":"Feature","id":74,"geometry":{"type":"Polygon","coordinates":[[[-70.1918,-22.087],[-70.1928,-22.0875],[-70.1925,-22.0879],[-70.1916,-22.0873],[-70.1918,-22.087]]]},"properties":{"OID":74,"MANZENT":2301031001010,"n_per":56,"n_hombres":29,"n_mujeres":27,"n_edad_0_5":2,"n_edad_6_1":7,"n_edad_14_":2,"n_edad_18_":1,"n_edad_25_":23,"n_edad_45_":6,"n_edad_60_":15,"n_transpor":9,"n_transp_1":7,"n_transp_2":6,"n_transp_3":0,"n_transp_4":0,"n_transp_5":0,"n_transp_6":3,"dim_acc":0.691739,"dim_soc":0.649814}},{"type":"Feature","id":75,"geometry":{"type":"Polygon","coordinates":[[[-70.1912,-22.0876],[-70.1916,-22.0873],[-70.1924,-22.088],[-70.1921,-22.0883],[-70.1912,-22.0876]]]},"properties":{"OID":75,"MANZENT":2301031001010,"n_per":66,"n_hombres":35,"n_mujeres":31,"n_edad_0_5":6,"n_edad_6_1":3,"n_edad_14_":5,"n_edad_18_":4,"n_edad_25_":20,"n_edad_45_":12,"n_edad_60_":16,"n_transpor":4,"n_transp_1":10,"n_transp_2":0,"n_transp_3":0,"n_transp_4":0,"n_transp_5":0,"n_transp_6":0,"dim_acc":0.691739,"dim_soc":0.649814}},{"type":"Feature","id":76,"geometry":{"type":"Polygon","coordinates":[[[-70.1934,-22.0875],[-70.193,-22.0879],[-70.1928,-22.0877],[-70.1931,-22.0873],[-70.1934,-22.0875]]]},"properties":{"OID":76,"MANZENT":2301031001010,"n_per":28,"n_hombres":11,"n_mujeres":17,"n_edad_0_5":0,"n_edad_6_1":6,"n_edad_14_":0,"n_edad_18_":0,"n_edad_25_":5,"n_edad_45_":5,"n_edad_60_":12,"n_transpor":0,"n_transp_1":3,"n_transp_2":2,"n_transp_3":0,"n_transp_4":0,"n_transp_5":0,"n_transp_6":0,"dim_acc":0.691739,"dim_soc":0.649814}},{"type":"Feature","id":77,"geometry":{"type":"Polygon","coordinates":[[[-70.1908,-22.088],[-70.1904,-22.0884],[-70.1897,-22.0877],[-70.19,-22.0874],[-70.1908,-22.088]]]},"properties":{"OID":77,"MANZENT":2301031001010,"n_per":55,"n_hombres":29,"n_mujeres":26,"n_edad_0_5":1,"n_edad_6_1":4,"n_edad_14_":2,"n_edad_18_":2,"n_edad_25_":13,"n_edad_45_":11,"n_edad_60_":22,"n_transpor":4,"n_transp_1":6,"n_transp_2":3,"n_transp_3":1,"n_transp_4":0,"n_transp_5":0,"n_transp_6":2,"dim_acc":0.691739,"dim_soc":0.649814}},{"type":"Feature","id":78,"geometry":{"type":"Polygon","coordinates":[[[-70.1941,-22.0878],[-70.1936,-22.0883],[-70.1933,-22.0881],[-70.1937,-22.0876],[-70.1941,-22.0878]]]},"properties":{"OID":78,"MANZENT":2301031001010,"n_per":33,"n_hombres":18,"n_mujeres":15,"n_edad_0_5":1,"n_edad_6_1":2,"n_edad_14_":0,"n_edad_18_":2,"n_edad_25_":6,"n_edad_45_":12,"n_edad_60_":10,"n_transpor":1,"n_transp_1":6,"n_transp_2":2,"n_transp_3":0,"n_transp_4":0,"n_transp_5":0,"n_transp_6":1,"dim_acc":0.691739,"dim_soc":0.649814}},{"type":"Feature","id":79,"geometry":{"type":"Polygon","coordinates":[[[-70.1933,-22.0877],[-70.1935,-22.0878],[-70.1933,-22.0881],[-70.193,-22.0879],[-70.1933,-22.0877]]]},"properties":{"OID":79,"MANZENT":2301031001020,"n_per":17,"n_hombres":9,"n_mujeres":8,"n_edad_0_5":0,"n_edad_6_1":1,"n_edad_14_":2,"n_edad_18_":0,"n_edad_25_":5,"n_edad_45_":0,"n_edad_60_":9,"n_transpor":0,"n_transp_1":2,"n_transp_2":1,"n_transp_3":0,"n_transp_4":0,"n_transp_5":0,"n_transp_6":0,"dim_acc":0.713025,"dim_soc":0.829171}},{"type":"Feature","id":80,"geometry":{"type":"Polygon","coordinates":[[[-70.1912,-22.0877],[-70.192,-22.0883],[-70.1917,-22.0887],[-70.1909,-22.088],[-70.1912,-22.0877]]]},"properties":{"OID":80,"MANZENT":2301031001020,"n_per":68,"n_hombres":33,"n_mujeres":35,"n_edad_0_5":6,"n_edad_6_1":5,"n_edad_14_":6,"n_edad_18_":3,"n_edad_25_":19,"n_edad_45_":12,"n_edad_60_":17,"n_transpor":2,"n_transp_1":7,"n_transp_2":0,"n_transp_3":0,"n_transp_4":0,"n_transp_5":0,"n_transp_6":0,"dim_acc":0.713025,"dim_soc":0.829171}},{"type":"Feature","id":81,"geometry":{"type":"Polygon","coordinates":[[[-70.1896,-22.0877],[-70.1904,-22.0884],[-70.1901,-22.0888],[-70.1893,-22.0881],[-70.1896,-22.0877]]]},"properties":{"OID":81,"MANZENT":2301031001020,"n_per":69,"n_hombres":29,"n_mujeres":40,"n_edad_0_5":3,"n_edad_6_1":6,"n_edad_14_":4,"n_edad_18_":5,"n_edad_25_":16,"n_edad_45_":16,"n_edad_60_":19,"n_transpor":1,"n_transp_1":6,"n_transp_2":0,"n_transp_3":0,"n_transp_4":0,"n_transp_5":0,"n_transp_6":0,"dim_acc":0.713025,"dim_soc":0.829171}},{"type":"Feature","id":82,"geometry":{"type":"Polygon","coordinates":[[[-70.1905,-22.0884],[-70.1909,-22.0881],[-70.1917,-22.0888],[-70.1913,-22.0891],[-70.1905,-22.0884]]]},"properties":{"OID":82,"MANZENT":2301031001020,"n_per":66,"n_hombres":31,"n_mujeres":35,"n_edad_0_5":3,"n_edad_6_1":8,"n_edad_14_":7,"n_edad_18_":2,"n_edad_25_":20,"n_edad_45_":12,"n_edad_60_":14,"n_transpor":13,"n_transp_1":5,"n_transp_2":3,"n_transp_3":0,"n_transp_4":0,"n_transp_5":0,"n_transp_6":3,"dim_acc":0.713025,"dim_soc":0.829171}},{"type":"Feature","id":83,"geometry":{"type":"Polygon","coordinates":[[[-70.1898,-22.0908],[-70.1891,-22.0905],[-70.1886,-22.0901],[-70.1888,-22.0899],[-70.1889,-22.0899],[-70.1889,-22.0898],[-70.1886,-22.0891],[-70.1891,-22.089],[-70.1894,-22.0898],[-70.1892,-22.0899],[-70.1895,-22.0899],[-70.1891,-22.089],[-70.1889,-22.089],[-70.1888,-22.0886],[-70.1889,-22.0884],[-70.1891,-22.0885],[-70.1896,-22.0898],[-70.1897,-22.0901],[-70.1898,-22.09],[-70.1895,-22.0896],[-70.1892,-22.0885],[-70.189,-22.0884],[-70.1892,-22.0882],[-70.19,-22.0888],[-70.1897,-22.0892],[-70.1915,-22.0906],[-70.1908,-22.0913],[-70.1898,-22.0908]]]},"properties":{"OID":83,"MANZENT":2301031001020,"n_per":273,"n_hombres":139,"n_mujeres":134,"n_edad_0_5":13,"n_edad_6_1":27,"n_edad_14_":18,"n_edad_18_":28,"n_edad_25_":77,"n_edad_45_":61,"n_edad_60_":49,"n_transpor":16,"n_transp_1":42,"n_transp_2":13,"n_transp_3":0,"n_transp_4":0,"n_transp_5":0,"n_transp_6":2,"dim_acc":0.713025,"dim_soc":0.829171}},{"type":"Feature","id":84,"geometry":{"type":"Polygon","coordinates":[[[-70.1913,-22.0891],[-70.191,-22.0895],[-70.1902,-22.0888],[-70.1905,-22.0885],[-70.1913,-22.0891]]]},"properties":{"OID":84,"MANZENT":2301031001020,"n_per":67,"n_hombres":33,"n_mujeres":34,"n_edad_0_5":7,"n_edad_6_1":9,"n_edad_14_":6,"n_edad_18_":2,"n_edad_25_":23,"n_edad_45_":9,"n_edad_60_":11,"n_transpor":6,"n_transp_1":13,"n_transp_2":2,"n_transp_3":0,"n_transp_4":0,"n_transp_5":0,"n_transp_6":0,"dim_acc":0.713025,"dim_soc":0.829171}},{"type":"Feature","id":85,"geometry":{"type":"Polygon","coordinates":[[[-70.1922,-22.0898],[-70.1914,-22.0891],[-70.1917,-22.0888],[-70.1926,-22.0895],[-70.1922,-22.0898]]]},"properties":{"OID":85,"MANZENT":2301031001030,"n_per":85,"n_hombres":38,"n_mujeres":47,"n_edad_0_5":10,"n_edad_6_1":13,"n_edad_14_":2,"n_edad_18_":6,"n_edad_25_":33,"n_edad_45_":7,"n_edad_60_":14,"n_transpor":5,"n_transp_1":13,"n_transp_2":5,"n_transp_3":0,"n_transp_4":0,"n_transp_5":0,"n_transp_6":2,"dim_acc":0.723109,"dim_soc":0.752899}},{"type":"Feature","id":86,"geometry":{"type":"Polygon","coordinates":[[[-70.1883,-22.0889],[-70.1885,-22.0889],[-70.1889,-22.0899],[-70.1888,-22.0899],[-70.1888,-22.0897],[-70.1884,-22.0894],[-70.1883,-22.0889]]]},"properties":{"OID":86,"MANZENT":2301031001030,"n_per":23,"n_hombres":9,"n_mujeres":14,"n_edad_0_5":2,"n_edad_6_1":6,"n_edad_14_":0,"n_edad_18_":0,"n_edad_25_":11,"n_edad_45_":3,"n_edad_60_":1,"n_transpor":4,"n_transp_1":1,"n_transp_2":2,"n_transp_3":0,"n_transp_4":0,"n_transp_5":0,"n_transp_6":0,"dim_acc":0.723109,"dim_soc":0.752899}},{"type":"Feature","id":87,"geometry":{"type":"Polygon","coordinates":[[[-70.1902,-22.0895],[-70.1898,-22.0892],[-70.1901,-22.0889],[-70.1909,-22.0896],[-70.1906,-22.0899],[-70.1902,-22.0895]]]},"properties":{"OID":87,"MANZENT":2301031001030,"n_per":75,"n_hombres":37,"n_mujeres":38,"n_edad_0_5":5,"n_edad_6_1":9,"n_edad_14_":4,"n_edad_18_":7,"n_edad_25_":18,"n_edad_45_":16,"n_edad_60_":16,"n_transpor":1,"n_transp_1":9,"n_transp_2":1,"n_transp_3":0,"n_transp_4":0,"n_transp_5":0,"n_transp_6":1,"dim_acc":0.723109,"dim_soc":0.752899}},{"type":"Feature","id":88,"geometry":{"type":"Polygon","coordinates":[[[-70.1914,-22.0892],[-70.1922,-22.0898],[-70.1919,-22.0902],[-70.1911,-22.0896],[-70.1914,-22.0892]]]},"properties":{"OID":88,"MANZENT":2301031001030,"n_per":80,"n_hombres":44,"n_mujeres":36,"n_edad_0_5":1,"n_edad_6_1":14,"n_edad_14_":4,"n_edad_18_":5,"n_edad_25_":16,"n_edad_45_":16,"n_edad_60_":24,"n_transpor":3,"n_transp_1":11,"n_transp_2":6,"n_transp_3":0,"n_transp_4":0,"n_transp_5":0,"n_transp_6":4,"dim_acc":0.723109,"dim_soc":0.752899}},{"type":"Feature","id":89,"geometry":{"type":"Polygon","coordinates":[[[-70.1947,-22.0904],[-70.1939,-22.0898],[-70.1941,-22.0894],[-70.195,-22.0901],[-70.1947,-22.0904]]]},"properties":{"OID":89,"MANZENT":2301031001030,"n_per":69,"n_hombres":38,"n_mujeres":31,"n_edad_0_5":6,"n_edad_6_1":7,"n_edad_14_":3,"n_edad_18_":2,"n_edad_25_":20,"n_edad_45_":12,"n_edad_60_":19,"n_transpor":1,"n_transp_1":10,"n_transp_2":8,"n_transp_3":0,"n_transp_4":0,"n_transp_5":0,"n_transp_6":1,"dim_acc":0.723109,"dim_soc":0.752899}},{"type":"Feature","id":90,"geometry":{"type":"Polygon","coordinates":[[[-70.1907,-22.0899],[-70.191,-22.0896],[-70.1918,-22.0903],[-70.1915,-22.0905],[-70.1907,-22.0899]]]},"properties":{"OID":90,"MANZENT":2301031001040,"n_per":70,"n_hombres":28,"n_mujeres":42,"n_edad_0_5":5,"n_edad_6_1":12,"n_edad_14_":5,"n_edad_18_":6,"n_edad_25_":20,"n_edad_45_":8,"n_edad_60_":14,"n_transpor":4,"n_transp_1":9,"n_transp_2":1,"n_transp_3":0,"n_transp_4":0,"n_transp_5":0,"n_transp_6":0,"dim_acc":0,"dim_soc":0}},{"type":"Feature","id":91,"geometry":{"type":"Polygon","coordinates":[[[-70.1946,-22.0905],[-70.1943,-22.0908],[-70.1935,-22.0901],[-70.1938,-22.0898],[-70.1946,-22.0905]]]},"properties":{"OID":91,"MANZENT":2301031001040,"n_per":39,"n_hombres":23,"n_mujeres":16,"n_edad_0_5":3,"n_edad_6_1":2,"n_edad_14_":2,"n_edad_18_":0,"n_edad_25_":13,"n_edad_45_":6,"n_edad_60_":13,"n_transpor":1,"n_transp_1":7,"n_transp_2":3,"n_transp_3":0,"n_transp_4":0,"n_transp_5":0,"n_transp_6":3,"dim_acc":0,"dim_soc":0}},{"type":"Feature","id":92,"geometry":{"type":"MultiPolygon","coordinates":[[[[-70.1936,-22.0892],[-70.1939,-22.0889],[-70.1941,-22.0891],[-70.1939,-22.0894],[-70.1936,-22.0892]]],[[[-70.1935,-22.0886],[-70.1937,-22.0883],[-70.194,-22.0886],[-70.1938,-22.0886],[-70.1936,-22.0888],[-70.194,-22.0886],[-70.1945,-22.089],[-70.1941,-22.0893],[-70.1941,-22.0893],[-70.1942,-22.089],[-70.1939,-22.0888],[-70.1935,-22.0892],[-70.1938,-22.0895],[-70.194,-22.0893],[-70.1941,-22.0894],[-70.1938,-22.0897],[-70.193,-22.0891],[-70.1935,-22.0886]]]]},"properties":{"OID":92,"MANZENT":2301031001020,"n_per":170,"n_hombres":85,"n_mujeres":85,"n_edad_0_5":9,"n_edad_6_1":10,"n_edad_14_":7,"n_edad_18_":14,"n_edad_25_":74,"n_edad_45_":26,"n_edad_60_":30,"n_transpor":15,"n_transp_1":26,"n_transp_2":36,"n_transp_3":0,"n_transp_4":0,"n_transp_5":0,"n_transp_6":1,"dim_acc":0.713025,"dim_soc":0.829171}},{"type":"Feature","id":93,"geometry":{"type":"MultiPolygon","coordinates":[[[[-70.1934,-22.0901],[-70.1931,-22.0899],[-70.1934,-22.0895],[-70.1937,-22.0898],[-70.1934,-22.0901]]],[[[-70.1928,-22.0896],[-70.1927,-22.0895],[-70.193,-22.0891],[-70.1934,-22.0895],[-70.1931,-22.0898],[-70.1928,-22.0896]]]]},"properties":{"OID":93,"MANZENT":2301031001030,"n_per":51,"n_hombres":25,"n_mujeres":26,"n_edad_0_5":2,"n_edad_6_1":9,"n_edad_14_":2,"n_edad_18_":3,"n_edad_25_":15,"n_edad_45_":6,"n_edad_60_":14,"n_transpor":4,"n_transp_1":3,"n_transp_2":4,"n_transp_3":0,"n_transp_4":0,"n_transp_5":0,"n_transp_6":1,"dim_acc":0.723109,"dim_soc":0.752899}},{"type":"Feature","id":94,"geometry":{"type":"Polygon","coordinates":[[[-70.1816,-22.0831],[-70.1806,-22.0829],[-70.1806,-22.0829],[-70.1831,-22.0828],[-70.1832,-22.0829],[-70.1823,-22.0829],[-70.1823,-22.0839],[-70.1818,-22.0838],[-70.1818,-22.0831],[-70.1818,-22.0834],[-70.1806,-22.0832],[-70.1806,-22.083],[-70.1816,-22.0831]]]},"properties":{"OID":94,"MANZENT":2301031002000,"n_per":138,"n_hombres":67,"n_mujeres":71,"n_edad_0_5":14,"n_edad_6_1":21,"n_edad_14_":9,"n_edad_18_":17,"n_edad_25_":54,"n_edad_45_":16,"n_edad_60_":7,"n_transpor":2,"n_transp_1":33,"n_transp_2":4,"n_transp_3":0,"n_transp_4":0,"n_transp_5":0,"n_transp_6":0,"dim_acc":0,"dim_soc":0}},{"type":"Feature","id":95,"geometry":{"type":"Polygon","coordinates":[[[-70.1809,-22.0838],[-70.1798,-22.0838],[-70.1797,-22.0836],[-70.1795,-22.0836],[-70.1791,-22.0835],[-70.1791,-22.0828],[-70.1798,-22.0829],[-70.1806,-22.0829],[-70.1806,-22.0832],[-70.1818,-22.0835],[-70.1817,-22.0838],[-70.1807,-22.0836],[-70.1811,-22.0837],[-70.1819,-22.0839],[-70.1832,-22.0839],[-70.1834,-22.084],[-70.1831,-22.0841],[-70.1829,-22.0842],[-70.1826,-22.0841],[-70.1819,-22.0841],[-70.1809,-22.0838]]]},"properties":{"OID":95,"MANZENT":2301031002000,"n_per":155,"n_hombres":81,"n_mujeres":74,"n_edad_0_5":21,"n_edad_6_1":15,"n_edad_14_":12,"n_edad_18_":23,"n_edad_25_":66,"n_edad_45_":13,"n_edad_60_":5,"n_transpor":0,"n_transp_1":23,"n_transp_2":2,"n_transp_3":1,"n_transp_4":0,"n_transp_5":0,"n_transp_6":0,"dim_acc":0,"dim_soc":0}},{"type":"Feature","id":96,"geometry":{"type":"Polygon","coordinates":[[[-70.1837,-22.083],[-70.1839,-22.0839],[-70.1835,-22.084],[-70.1832,-22.083],[-70.1837,-22.083]]]},"properties":{"OID":96,"MANZENT":2301031002000,"n_per":68,"n_hombres":30,"n_mujeres":38,"n_edad_0_5":8,"n_edad_6_1":10,"n_edad_14_":3,"n_edad_18_":9,"n_edad_25_":18,"n_edad_45_":10,"n_edad_60_":10,"n_transpor":4,"n_transp_1":2,"n_transp_2":0,"n_transp_3":0,"n_transp_4":0,"n_transp_5":0,"n_transp_6":0,"dim_acc":0,"dim_soc":0}},{"type":"Feature","id":97,"geometry":{"type":"Polygon","coordinates":[[[-70.1832,-22.083],[-70.1833,-22.0834],[-70.1824,-22.0834],[-70.1824,-22.083],[-70.1832,-22.083]]]},"properties":{"OID":97,"MANZENT":2301031002010,"n_per":57,"n_hombres":31,"n_mujeres":26,"n_edad_0_5":3,"n_edad_6_1":8,"n_edad_14_":5,"n_edad_18_":6,"n_edad_25_":14,"n_edad_45_":11,"n_edad_60_":10,"n_transpor":8,"n_transp_1":8,"n_transp_2":1,"n_transp_3":0,"n_transp_4":0,"n_transp_5":0,"n_transp_6":0,"dim_acc":0.593627,"dim_soc":0.700329}},{"type":"Feature","id":98,"geometry":{"type":"Polygon","coordinates":[[[-70.185,-22.0832],[-70.1853,-22.0833],[-70.1853,-22.0836],[-70.1856,-22.0838],[-70.1852,-22.0842],[-70.1849,-22.0832],[-70.185,-22.0832]]]},"properties":{"OID":98,"MANZENT":2301031002010,"n_per":36,"n_hombres":20,"n_mujeres":16,"n_edad_0_5":0,"n_edad_6_1":3,"n_edad_14_":4,"n_edad_18_":5,"n_edad_25_":10,"n_edad_45_":6,"n_edad_60_":8,"n_transpor":7,"n_transp_1":5,"n_transp_2":0,"n_transp_3":0,"n_transp_4":0,"n_transp_5":0,"n_transp_6":1,"dim_acc":0.593627,"dim_soc":0.700329}},{"type":"Feature","id":99,"geometry":{"type":"Polygon","coordinates":[[[-70.1847,-22.0843],[-70.1844,-22.0833],[-70.1848,-22.0832],[-70.1851,-22.0842],[-70.1847,-22.0843]]]},"properties":{"OID":99,"MANZENT":2301031002010,"n_per":76,"n_hombres":41,"n_mujeres":35,"n_edad_0_5":1,"n_edad_6_1":8,"n_edad_14_":5,"n_edad_18_":6,"n_edad_25_":22,"n_edad_45_":15,"n_edad_60_":19,"n_transpor":5,"n_transp_1":21,"n_transp_2":7,"n_transp_3":0,"n_transp_4":0,"n_transp_5":0,"n_transp_6":0,"dim_acc":0.593627,"dim_soc":0.700329}},{"type":"Feature","id":100,"geometry":{"type":"Polygon","coordinates":[[[-70.1858,-22.0836],[-70.1856,-22.0838],[-70.1854,-22.0836],[-70.1853,-22.0833],[-70.1858,-22.0836]]]},"properties":{"OID":100,"MANZENT":2301031002010,"n_per":9,"n_hombres":5,"n_mujeres":4,"n_edad_0_5":1,"n_edad_6_1":0,"n_edad_14_":0,"n_edad_18_":1,"n_edad_25_":5,"n_edad_45_":2,"n_edad_60_":0,"n_transpor":1,"n_transp_1":3,"n_transp_2":0,"n_transp_3":0,"n_transp_4":0,"n_transp_5":0,"n_transp_6":0,"dim_acc":0.593627,"dim_soc":0.700329}},{"type":"Feature","id":101,"geometry":{"type":"Polygon","coordinates":[[[-70.1845,-22.0839],[-70.1841,-22.084],[-70.1839,-22.0834],[-70.1844,-22.0833],[-70.1845,-22.0839]]]},"properties":{"OID":101,"MANZENT":2301031002010,"n_per":50,"n_hombres":23,"n_mujeres":27,"n_edad_0_5":4,"n_edad_6_1":7,"n_edad_14_":2,"n_edad_18_":5,"n_edad_25_":15,"n_edad_45_":6,"n_edad_60_":11,"n_transpor":5,"n_transp_1":7,"n_transp_2":2,"n_transp_3":0,"n_transp_4":0,"n_transp_5":0,"n_transp_6":0,"dim_acc":0.593627,"dim_soc":0.700329}},{"type":"Feature","id":102,"geometry":{"type":"Polygon","coordinates":[[[-70.1824,-22.0835],[-70.1833,-22.0835],[-70.1834,-22.0839],[-70.1824,-22.0839],[-70.1824,-22.0835]]]},"properties":{"OID":102,"MANZENT":2301031002010,"n_per":40,"n_hombres":18,"n_mujeres":22,"n_edad_0_5":3,"n_edad_6_1":5,"n_edad_14_":2,"n_edad_18_":4,"n_edad_25_":9,"n_edad_45_":10,"n_edad_60_":7,"n_transpor":1,"n_transp_1":1,"n_transp_2":1,"n_transp_3":0,"n_transp_4":0,"n_transp_5":0,"n_transp_6":0,"dim_acc":0.593627,"dim_soc":0.700329}},{"type":"Feature","id":103,"geometry":{"type":"Polygon","coordinates":[[[-70.1859,-22.0836],[-70.1865,-22.0839],[-70.1864,-22.084],[-70.1865,-22.0839],[-70.1868,-22.0841],[-70.1865,-22.0844],[-70.1857,-22.0838],[-70.1859,-22.0836]]]},"properties":{"OID":103,"MANZENT":2301031002010,"n_per":76,"n_hombres":31,"n_mujeres":45,"n_edad_0_5":2,"n_edad_6_1":8,"n_edad_14_":8,"n_edad_18_":7,"n_edad_25_":17,"n_edad_45_":14,"n_edad_60_":20,"n_transpor":7,"n_transp_1":5,"n_transp_2":1,"n_transp_3":0,"n_transp_4":0,"n_transp_5":0,"n_transp_6":0,"dim_acc":0.593627,"dim_soc":0.700329}},{"type":"Feature","id":104,"geometry":{"type":"Polygon","coordinates":[[[-70.1861,-22.0848],[-70.1853,-22.0842],[-70.1856,-22.0839],[-70.1864,-22.0845],[-70.1861,-22.0848]]]},"properties":{"OID":104,"MANZENT":2301031002010,"n_per":47,"n_hombres":24,"n_mujeres":23,"n_edad_0_5":2,"n_edad_6_1":4,"n_edad_14_":4,"n_edad_18_":7,"n_edad_25_":12,"n_edad_45_":10,"n_edad_60_":8,"n_transpor":0,"n_transp_1":3,"n_transp_2":0,"n_transp_3":0,"n_transp_4":0,"n_transp_5":0,"n_transp_6":0,"dim_acc":0.593627,"dim_soc":0.700329}},{"type":"Feature","id":105,"geometry":{"type":"Polygon","coordinates":[[[-70.1847,-22.0847],[-70.1843,-22.0848],[-70.1841,-22.084],[-70.1845,-22.084],[-70.1847,-22.0847]]]},"properties":{"OID":105,"MANZENT":2301031002020,"n_per":41,"n_hombres":24,"n_mujeres":17,"n_edad_0_5":3,"n_edad_6_1":2,"n_edad_14_":1,"n_edad_18_":4,"n_edad_25_":16,"n_edad_45_":8,"n_edad_60_":7,"n_transpor":0,"n_transp_1":3,"n_transp_2":0,"n_transp_3":0,"n_transp_4":0,"n_transp_5":0,"n_transp_6":0,"dim_acc":0.623469,"dim_soc":0.748865}},{"type":"Feature","id":106,"geometry":{"type":"Polygon","coordinates":[[[-70.1832,-22.0845],[-70.1829,-22.0842],[-70.1831,-22.0841],[-70.1838,-22.084],[-70.1839,-22.0841],[-70.184,-22.084],[-70.1842,-22.0848],[-70.1841,-22.0848],[-70.1843,-22.0848],[-70.1852,-22.0856],[-70.1851,-22.0856],[-70.185,-22.0857],[-70.1851,-22.0856],[-70.1852,-22.0856],[-70.1854,-22.0858],[-70.1852,-22.086],[-70.1854,-22.0858],[-70.1858,-22.0861],[-70.1854,-22.0865],[-70.1858,-22.0861],[-70.1861,-22.0864],[-70.1857,-22.0868],[-70.1858,-22.0869],[-70.1862,-22.0864],[-70.1865,-22.0867],[-70.1862,-22.0872],[-70.1866,-22.0867],[-70.187,-22.0871],[-70.1866,-22.0875],[-70.1867,-22.0876],[-70.1871,-22.0872],[-70.1874,-22.0874],[-70.1869,-22.088],[-70.1866,-22.0877],[-70.1855,-22.0871],[-70.1847,-22.086],[-70.1837,-22.085],[-70.1832,-22.0845]]]},"properties":{"OID":106,"MANZENT":2301031002020,"n_per":230,"n_hombres":97,"n_mujeres":133,"n_edad_0_5":18,"n_edad_6_1":27,"n_edad_14_":18,"n_edad_18_":26,"n_edad_25_":49,"n_edad_45_":44,"n_edad_60_":48,"n_transpor":11,"n_transp_1":27,"n_transp_2":11,"n_transp_3":0,"n_transp_4":0,"n_transp_5":0,"n_transp_6":0,"dim_acc":0.623469,"dim_soc":0.748865}},{"type":"Feature","id":107,"geometry":{"type":"Polygon","coordinates":[[[-70.1869,-22.0841],[-70.1872,-22.0843],[-70.1869,-22.0847],[-70.1866,-22.0845],[-70.1869,-22.0841]]]},"properties":{"OID":107,"MANZENT":2301031002020,"n_per":67,"n_hombres":33,"n_mujeres":34,"n_edad_0_5":2,"n_edad_6_1":9,"n_edad_14_":5,"n_edad_18_":6,"n_edad_25_":16,"n_edad_45_":9,"n_edad_60_":20,"n_transpor":2,"n_transp_1":10,"n_transp_2":0,"n_transp_3":0,"n_transp_4":0,"n_transp_5":0,"n_transp_6":4,"dim_acc":0.623469,"dim_soc":0.748865}},{"type":"Feature","id":108,"geometry":{"type":"Polygon","coordinates":[[[-70.1853,-22.0842],[-70.1861,-22.0849],[-70.1858,-22.0852],[-70.185,-22.0846],[-70.1853,-22.0842]]]},"properties":{"OID":108,"MANZENT":2301031002020,"n_per":72,"n_hombres":35,"n_mujeres":37,"n_edad_0_5":3,"n_edad_6_1":6,"n_edad_14_":2,"n_edad_18_":3,"n_edad_25_":17,"n_edad_45_":14,"n_edad_60_":27,"n_transpor":2,"n_transp_1":4,"n_transp_2":0,"n_transp_3":0,"n_transp_4":0,"n_transp_5":0,"n_transp_6":0,"dim_acc":0.623469,"dim_soc":0.748865}},{"type":"Feature","id":109,"geometry":{"type":"Polygon","coordinates":[[[-70.1873,-22.0843],[-70.1878,-22.0846],[-70.1874,-22.0851],[-70.1869,-22.0847],[-70.1873,-22.0843]]]},"properties":{"OID":109,"MANZENT":2301031002020,"n_per":23,"n_hombres":11,"n_mujeres":12,"n_edad_0_5":0,"n_edad_6_1":1,"n_edad_14_":3,"n_edad_18_":1,"n_edad_25_":5,"n_edad_45_":4,"n_edad_60_":9,"n_transpor":5,"n_transp_1":2,"n_transp_2":1,"n_transp_3":0,"n_transp_4":0,"n_transp_5":0,"n_transp_6":0,"dim_acc":0.623469,"dim_soc":0.748865}},{"type":"Feature","id":110,"geometry":{"type":"Polygon","coordinates":[[[-70.1862,-22.0848],[-70.1865,-22.0845],[-70.1869,-22.0848],[-70.1866,-22.0851],[-70.1862,-22.0848]]]},"properties":{"OID":110,"MANZENT":2301031002020,"n_per":29,"n_hombres":15,"n_mujeres":14,"n_edad_0_5":1,"n_edad_6_1":4,"n_edad_14_":4,"n_edad_18_":2,"n_edad_25_":5,"n_edad_45_":7,"n_edad_60_":6,"n_transpor":0,"n_transp_1":2,"n_transp_2":0,"n_transp_3":0,"n_transp_4":0,"n_transp_5":0,"n_transp_6":0,"dim_acc":0.623469,"dim_soc":0.748865}},{"type":"Feature","id":111,"geometry":{"type":"Polygon","coordinates":[[[-70.1853,-22.0856],[-70.1846,-22.085],[-70.1849,-22.0846],[-70.1857,-22.0853],[-70.1853,-22.0856]]]},"properties":{"OID":111,"MANZENT":2301031002020,"n_per":62,"n_hombres":35,"n_mujeres":27,"n_edad_0_5":3,"n_edad_6_1":6,"n_edad_14_":2,"n_edad_18_":7,"n_edad_25_":15,"n_edad_45_":9,"n_edad_60_":20,"n_transpor":7,"n_transp_1":12,"n_transp_2":1,"n_transp_3":0,"n_transp_4":0,"n_transp_5":0,"n_transp_6":0,"dim_acc":0.623469,"dim_soc":0.748865}},{"type":"Feature","id":112,"geometry":{"type":"Polygon","coordinates":[[[-70.1878,-22.0848],[-70.1879,-22.0846],[-70.1888,-22.0852],[-70.1885,-22.0855],[-70.1878,-22.0848]]]},"properties":{"OID":112,"MANZENT":2301031002020,"n_per":65,"n_hombres":35,"n_mujeres":30,"n_edad_0_5":3,"n_edad_6_1":7,"n_edad_14_":3,"n_edad_18_":7,"n_edad_25_":14,"n_edad_45_":16,"n_edad_60_":15,"n_transpor":4,"n_transp_1":8,"n_transp_2":5,"n_transp_3":0,"n_transp_4":0,"n_transp_5":0,"n_transp_6":3,"dim_acc":0.623469,"dim_soc":0.748865}},{"type":"Feature","id":113,"geometry":{"type":"Polygon","coordinates":[[[-70.1861,-22.0855],[-70.1858,-22.0853],[-70.1862,-22.0848],[-70.1865,-22.085],[-70.1861,-22.0855]]]},"properties":{"OID":113,"MANZENT":2301031002030,"n_per":39,"n_hombres":13,"n_mujeres":26,"n_edad_0_5":4,"n_edad_6_1":4,"n_edad_14_":3,"n_edad_18_":2,"n_edad_25_":11,"n_edad_45_":9,"n_edad_60_":6,"n_transpor":1,"n_transp_1":4,"n_transp_2":1,"n_transp_3":0,"n_transp_4":0,"n_transp_5":0,"n_transp_6":0,"dim_acc":0.639006,"dim_soc":0.670861}},{"type":"Feature","id":114,"geometry":{"type":"Polygon","coordinates":[[[-70.1877,-22.0848],[-70.1885,-22.0855],[-70.1882,-22.0858],[-70.1874,-22.0852],[-70.1877,-22.0848]]]},"properties":{"OID":114,"MANZENT":2301031002030,"n_per":77,"n_hombres":37,"n_mujeres":40,"n_edad_0_5":5,"n_edad_6_1":10,"n_edad_14_":5,"n_edad_18_":0,"n_edad_25_":22,"n_edad_45_":11,"n_edad_60_":24,"n_transpor":4,"n_transp_1":12,"n_transp_2":4,"n_transp_3":0,"n_transp_4":0,"n_transp_5":0,"n_transp_6":1,"dim_acc":0.639006,"dim_soc":0.670861}},{"type":"Feature","id":115,"geometry":{"type":"Polygon","coordinates":[[[-70.187,-22.0849],[-70.1873,-22.0852],[-70.1869,-22.0856],[-70.1867,-22.0853],[-70.187,-22.0849]]]},"properties":{"OID":115,"MANZENT":2301031002030,"n_per":35,"n_hombres":16,"n_mujeres":19,"n_edad_0_5":2,"n_edad_6_1":4,"n_edad_14_":3,"n_edad_18_":2,"n_edad_25_":10,"n_edad_45_":7,"n_edad_60_":7,"n_transpor":3,"n_transp_1":6,"n_transp_2":4,"n_transp_3":0,"n_transp_4":0,"n_transp_5":0,"n_transp_6":0,"dim_acc":0.639006,"dim_soc":0.670861}},{"type":"Feature","id":116,"geometry":{"type":"Polygon","coordinates":[[[-70.1863,-22.0857],[-70.1861,-22.0855],[-70.1864,-22.0852],[-70.1866,-22.0854],[-70.1863,-22.0857]]]},"properties":{"OID":116,"MANZENT":2301031002030,"n_per":16,"n_hombres":9,"n_mujeres":7,"n_edad_0_5":0,"n_edad_6_1":1,"n_edad_14_":0,"n_edad_18_":2,"n_edad_25_":2,"n_edad_45_":6,"n_edad_60_":5,"n_transpor":1,"n_transp_1":4,"n_transp_2":2,"n_transp_3":0,"n_transp_4":0,"n_transp_5":0,"n_transp_6":0,"dim_acc":0.639006,"dim_soc":0.670861}},{"type":"Feature","id":117,"geometry":{"type":"Polygon","coordinates":[[[-70.1878,-22.0862],[-70.187,-22.0856],[-70.1873,-22.0852],[-70.1881,-22.0858],[-70.1878,-22.0862]]]},"properties":{"OID":117,"MANZENT":2301031002030,"n_per":70,"n_hombres":36,"n_mujeres":34,"n_edad_0_5":4,"n_edad_6_1":8,"n_edad_14_":4,"n_edad_18_":3,"n_edad_25_":18,"n_edad_45_":14,"n_edad_60_":19,"n_transpor":7,"n_transp_1":3,"n_transp_2":3,"n_transp_3":0,"n_transp_4":0,"n_transp_5":0,"n_transp_6":0,"dim_acc":0.639006,"dim_soc":0.670861}},{"type":"Feature","id":118,"geometry":{"type":"Polygon","coordinates":[[[-70.1854,-22.0857],[-70.1858,-22.0853],[-70.1865,-22.086],[-70.1862,-22.0863],[-70.1854,-22.0857]]]},"properties":{"OID":118,"MANZENT":2301031002030,"n_per":55,"n_hombres":29,"n_mujeres":26,"n_edad_0_5":0,"n_edad_6_1":7,"n_edad_14_":2,"n_edad_18_":3,"n_edad_25_":13,"n_edad_45_":8,"n_edad_60_":22,"n_transpor":0,"n_transp_1":0,"n_transp_2":0,"n_transp_3":0,"n_transp_4":0,"n_transp_5":0,"n_transp_6":0,"dim_acc":0.639006,"dim_soc":0.670861}},{"type":"Feature","id":119,"geometry":{"type":"Polygon","coordinates":[[[-70.1869,-22.0856],[-70.1866,-22.0859],[-70.1864,-22.0857],[-70.1866,-22.0854],[-70.1869,-22.0856]]]},"properties":{"OID":119,"MANZENT":2301031002040,"n_per":17,"n_hombres":6,"n_mujeres":11,"n_edad_0_5":0,"n_edad_6_1":3,"n_edad_14_":1,"n_edad_18_":1,"n_edad_25_":1,"n_edad_45_":4,"n_edad_60_":7,"n_transpor":4,"n_transp_1":1,"n_transp_2":1,"n_transp_3":0,"n_transp_4":0,"n_transp_5":0,"n_transp_6":0,"dim_acc":0.659629,"dim_soc":0.576793}},{"type":"Feature","id":120,"geometry":{"type":"Polygon","coordinates":[[[-70.187,-22.0856],[-70.1878,-22.0863],[-70.1875,-22.0866],[-70.1867,-22.086],[-70.187,-22.0856]]]},"properties":{"OID":120,"MANZENT":2301031002040,"n_per":68,"n_hombres":32,"n_mujeres":36,"n_edad_0_5":2,"n_edad_6_1":7,"n_edad_14_":3,"n_edad_18_":3,"n_edad_25_":12,"n_edad_45_":20,"n_edad_60_":21,"n_transpor":1,"n_transp_1":6,"n_transp_2":2,"n_transp_3":0,"n_transp_4":0,"n_transp_5":0,"n_transp_6":0,"dim_acc":0.659629,"dim_soc":0.576793}},{"type":"Feature","id":121,"geometry":{"type":"Polygon","coordinates":[[[-70.19,-22.0857],[-70.1909,-22.0862],[-70.1906,-22.0865],[-70.1899,-22.0859],[-70.19,-22.0857]]]},"properties":{"OID":121,"MANZENT":2301031002040,"n_per":30,"n_hombres":16,"n_mujeres":14,"n_edad_0_5":2,"n_edad_6_1":3,"n_edad_14_":2,"n_edad_18_":2,"n_edad_25_":9,"n_edad_45_":6,"n_edad_60_":6,"n_transpor":0,"n_transp_1":1,"n_transp_2":0,"n_transp_3":0,"n_transp_4":0,"n_transp_5":0,"n_transp_6":0,"dim_acc":0.659629,"dim_soc":0.576793}},{"type":"Feature","id":122,"geometry":{"type":"Polygon","coordinates":[[[-70.1903,-22.0869],[-70.1895,-22.0862],[-70.1898,-22.0859],[-70.1906,-22.0865],[-70.1903,-22.0869]]]},"properties":{"OID":122,"MANZENT":2301031002040,"n_per":56,"n_hombres":27,"n_mujeres":29,"n_edad_0_5":4,"n_edad_6_1":3,"n_edad_14_":4,"n_edad_18_":1,"n_edad_25_":12,"n_edad_45_":11,"n_edad_60_":21,"n_transpor":3,"n_transp_1":9,"n_transp_2":0,"n_transp_3":0,"n_transp_4":0,"n_transp_5":0,"n_transp_6":0,"dim_acc":0.659629,"dim_soc":0.576793}},{"type":"Feature","id":123,"geometry":{"type":"Polygon","coordinates":[[[-70.1887,-22.0869],[-70.1879,-22.0863],[-70.1882,-22.0859],[-70.189,-22.0866],[-70.1887,-22.0869]]]},"properties":{"OID":123,"MANZENT":2301031002040,"n_per":81,"n_hombres":39,"n_mujeres":42,"n_edad_0_5":8,"n_edad_6_1":12,"n_edad_14_":4,"n_edad_18_":5,"n_edad_25_":24,"n_edad_45_":13,"n_edad_60_":15,"n_transpor":6,"n_transp_1":12,"n_transp_2":9,"n_transp_3":0,"n_transp_4":0,"n_transp_5":0,"n_transp_6":2,"dim_acc":0.659629,"dim_soc":0.576793}},{"type":"Feature","id":124,"geometry":{"type":"Polygon","coordinates":[[[-70.1863,-22.0864],[-70.1866,-22.086],[-70.1874,-22.0867],[-70.187,-22.087],[-70.1863,-22.0864]]]},"properties":{"OID":124,"MANZENT":2301031002040,"n_per":36,"n_hombres":21,"n_mujeres":15,"n_edad_0_5":1,"n_edad_6_1":4,"n_edad_14_":2,"n_edad_18_":0,"n_edad_25_":11,"n_edad_45_":7,"n_edad_60_":11,"n_transpor":2,"n_transp_1":2,"n_transp_2":0,"n_transp_3":0,"n_transp_4":0,"n_transp_5":0,"n_transp_6":0,"dim_acc":0.659629,"dim_soc":0.576793}},{"type":"Feature","id":125,"geometry":{"type":"Polygon","coordinates":[[[-70.1894,-22.0863],[-70.1903,-22.0869],[-70.19,-22.0872],[-70.1892,-22.0866],[-70.1894,-22.0863]]]},"properties":{"OID":125,"MANZENT":2301031002040,"n_per":56,"n_hombres":28,"n_mujeres":28,"n_edad_0_5":1,"n_edad_6_1":7,"n_edad_14_":0,"n_edad_18_":3,"n_edad_25_":12,"n_edad_45_":16,"n_edad_60_":17,"n_transpor":7,"n_transp_1":10,"n_transp_2":6,"n_transp_3":0,"n_transp_4":0,"n_transp_5":0,"n_transp_6":0,"dim_acc":0.659629,"dim_soc":0.576793}},{"type":"Feature","id":126,"geometry":{"type":"Polygon","coordinates":[[[-70.1878,-22.0863],[-70.1887,-22.087],[-70.1884,-22.0873],[-70.1875,-22.0867],[-70.1878,-22.0863]]]},"properties":{"OID":126,"MANZENT":2301031002040,"n_per":58,"n_hombres":30,"n_mujeres":28,"n_edad_0_5":5,"n_edad_6_1":4,"n_edad_14_":2,"n_edad_18_":7,"n_edad_25_":11,"n_edad_45_":13,"n_edad_60_":16,"n_transpor":4,"n_transp_1":9,"n_transp_2":2,"n_transp_3":0,"n_transp_4":0,"n_transp_5":0,"n_transp_6":0,"dim_acc":0.659629,"dim_soc":0.576793}},{"type":"Feature","id":127,"geometry":{"type":"Polygon","coordinates":[[[-70.1896,-22.0877],[-70.1888,-22.087],[-70.1891,-22.0866],[-70.1899,-22.0873],[-70.1896,-22.0877]]]},"properties":{"OID":127,"MANZENT":2301031002040,"n_per":56,"n_hombres":29,"n_mujeres":27,"n_edad_0_5":2,"n_edad_6_1":4,"n_edad_14_":3,"n_edad_18_":4,"n_edad_25_":10,"n_edad_45_":15,"n_edad_60_":18,"n_transpor":8,"n_transp_1":8,"n_transp_2":3,"n_transp_3":0,"n_transp_4":0,"n_transp_5":0,"n_transp_6":3,"dim_acc":0.659629,"dim_soc":0.576793}},{"type":"Feature","id":128,"geometry":{"type":"Polygon","coordinates":[[[-70.1879,-22.0877],[-70.1871,-22.0871],[-70.1875,-22.0867],[-70.1883,-22.0874],[-70.1879,-22.0877]]]},"properties":{"OID":128,"MANZENT":2301031002040,"n_per":57,"n_hombres":31,"n_mujeres":26,"n_edad_0_5":2,"n_edad_6_1":4,"n_edad_14_":0,"n_edad_18_":3,"n_edad_25_":20,"n_edad_45_":12,"n_edad_60_":16,"n_transpor":0,"n_transp_1":5,"n_transp_2":1,"n_transp_3":0,"n_transp_4":0,"n_transp_5":0,"n_transp_6":1,"dim_acc":0.659629,"dim_soc":0.576793}},{"type":"Feature","id":129,"geometry":{"type":"Polygon","coordinates":[[[-70.1895,-22.0877],[-70.1892,-22.088],[-70.1884,-22.0873],[-70.1887,-22.087],[-70.1895,-22.0877]]]},"properties":{"OID":129,"MANZENT":2301031002040,"n_per":70,"n_hombres":38,"n_mujeres":32,"n_edad_0_5":5,"n_edad_6_1":7,"n_edad_14_":4,"n_edad_18_":6,"n_edad_25_":26,"n_edad_45_":11,"n_edad_60_":11,"n_transpor":4,"n_transp_1":4,"n_transp_2":4,"n_transp_3":0,"n_transp_4":0,"n_transp_5":0,"n_transp_6":1,"dim_acc":0.659629,"dim_soc":0.576793}},{"type":"Feature","id":130,"geometry":{"type":"Polygon","coordinates":[[[-70.188,-22.0878],[-70.1884,-22.0874],[-70.1891,-22.0881],[-70.1888,-22.0884],[-70.188,-22.0878]]]},"properties":{"OID":130,"MANZENT":2301031002050,"n_per":74,"n_hombres":31,"n_mujeres":43,"n_edad_0_5":8,"n_edad_6_1":10,"n_edad_14_":4,"n_edad_18_":7,"n_edad_25_":19,"n_edad_45_":12,"n_edad_60_":14,"n_transpor":12,"n_transp_1":10,"n_transp_2":8,"n_transp_3":0,"n_transp_4":0,"n_transp_5":0,"n_transp_6":0,"dim_acc":0,"dim_soc":0}},{"type":"Feature","id":131,"geometry":{"type":"Polygon","coordinates":[[[-70.1871,-22.0879],[-70.1875,-22.0875],[-70.1879,-22.0878],[-70.1874,-22.0884],[-70.1871,-22.0885],[-70.1869,-22.088],[-70.1871,-22.0879]]]},"properties":{"OID":131,"MANZENT":2301031002050,"n_per":42,"n_hombres":22,"n_mujeres":20,"n_edad_0_5":3,"n_edad_6_1":6,"n_edad_14_":1,"n_edad_18_":5,"n_edad_25_":12,"n_edad_45_":12,"n_edad_60_":3,"n_transpor":1,"n_transp_1":3,"n_transp_2":4,"n_transp_3":0,"n_transp_4":0,"n_transp_5":0,"n_transp_6":1,"dim_acc":0,"dim_soc":0}},{"type":"Feature","id":132,"geometry":{"type":"Polygon","coordinates":[[[-70.1879,-22.0879],[-70.1888,-22.0885],[-70.1885,-22.0888],[-70.1882,-22.0889],[-70.1881,-22.0884],[-70.1877,-22.0881],[-70.1879,-22.0879]]]},"properties":{"OID":132,"MANZENT":2301031002050,"n_per":65,"n_hombres":26,"n_mujeres":39,"n_edad_0_5":3,"n_edad_6_1":16,"n_edad_14_":2,"n_edad_18_":3,"n_edad_25_":17,"n_edad_45_":12,"n_edad_60_":12,"n_transpor":2,"n_transp_1":6,"n_transp_2":1,"n_transp_3":0,"n_transp_4":0,"n_transp_5":0,"n_transp_6":0,"dim_acc":0,"dim_soc":0}},{"type":"Feature","id":133,"geometry":{"type":"Polygon","coordinates":[[[-70.1877,-22.0881],[-70.1881,-22.0885],[-70.1883,-22.0892],[-70.188,-22.089],[-70.1879,-22.0886],[-70.1875,-22.0883],[-70.1877,-22.0881]]]},"properties":{"OID":133,"MANZENT":2301031002050,"n_per":42,"n_hombres":21,"n_mujeres":21,"n_edad_0_5":1,"n_edad_6_1":6,"n_edad_14_":2,"n_edad_18_":4,"n_edad_25_":11,"n_edad_45_":7,"n_edad_60_":11,"n_transpor":5,"n_transp_1":3,"n_transp_2":1,"n_transp_3":0,"n_transp_4":0,"n_transp_5":0,"n_transp_6":1,"dim_acc":0,"dim_soc":0}},{"type":"Feature","id":134,"geometry":{"type":"Polygon","coordinates":[[[-70.1871,-22.0885],[-70.1875,-22.0883],[-70.1878,-22.0885],[-70.188,-22.089],[-70.1887,-22.0898],[-70.1888,-22.0899],[-70.1886,-22.0901],[-70.1877,-22.0894],[-70.1871,-22.0885]]]},"properties":{"OID":134,"MANZENT":2301031002050,"n_per":68,"n_hombres":34,"n_mujeres":34,"n_edad_0_5":8,"n_edad_6_1":8,"n_edad_14_":5,"n_edad_18_":7,"n_edad_25_":20,"n_edad_45_":11,"n_edad_60_":9,"n_transpor":4,"n_transp_1":7,"n_transp_2":2,"n_transp_3":1,"n_transp_4":0,"n_transp_5":0,"n_transp_6":0,"dim_acc":0,"dim_soc":0}},{"type":"Feature","id":135,"geometry":{"type":"Polygon","coordinates":[[[-70.1885,-22.0822],[-70.1877,-22.0817],[-70.1878,-22.0815],[-70.1886,-22.0821],[-70.1885,-22.0822]]]},"properties":{"OID":135,"MANZENT":2301031003000,"n_per":35,"n_hombres":17,"n_mujeres":18,"n_edad_0_5":3,"n_edad_6_1":5,"n_edad_14_":3,"n_edad_18_":3,"n_edad_25_":6,"n_edad_45_":6,"n_edad_60_":9,"n_transpor":1,"n_transp_1":1,"n_transp_2":0,"n_transp_3":0,"n_transp_4":0,"n_transp_5":0,"n_transp_6":0,"dim_acc":0,"dim_soc":0}},{"type":"Feature","id":136,"geometry":{"type":"Polygon","coordinates":[[[-70.1875,-22.0818],[-70.1876,-22.0817],[-70.1884,-22.0823],[-70.1883,-22.0825],[-70.1873,-22.0821],[-70.1875,-22.0818]]]},"properties":{"OID":136,"MANZENT":2301031003000,"n_per":89,"n_hombres":39,"n_mujeres":50,"n_edad_0_5":10,"n_edad_6_1":16,"n_edad_14_":7,"n_edad_18_":1,"n_edad_25_":29,"n_edad_45_":17,"n_edad_60_":9,"n_transpor":4,"n_transp_1":13,"n_transp_2":4,"n_transp_3":0,"n_transp_4":0,"n_transp_5":0,"n_transp_6":3,"dim_acc":0,"dim_soc":0}},{"type":"Feature","id":137,"geometry":{"type":"Polygon","coordinates":[[[-70.187,-22.0824],[-70.1873,-22.0821],[-70.1882,-22.0826],[-70.1879,-22.0829],[-70.187,-22.0824]]]},"properties":{"OID":137,"MANZENT":2301031003000,"n_per":80,"n_hombres":41,"n_mujeres":39,"n_edad_0_5":6,"n_edad_6_1":12,"n_edad_14_":4,"n_edad_18_":4,"n_edad_25_":29,"n_edad_45_":4,"n_edad_60_":21,"n_transpor":2,"n_transp_1":12,"n_transp_2":0,"n_transp_3":0,"n_transp_4":0,"n_transp_5":0,"n_transp_6":0,"dim_acc":0,"dim_soc":0}},{"type":"Feature","id":138,"geometry":{"type":"Polygon","coordinates":[[[-70.1893,-22.0831],[-70.1883,-22.0826],[-70.1887,-22.0822],[-70.1895,-22.0828],[-70.1893,-22.0831]]]},"properties":{"OID":138,"MANZENT":2301031003010,"n_per":80,"n_hombres":36,"n_mujeres":44,"n_edad_0_5":7,"n_edad_6_1":9,"n_edad_14_":2,"n_edad_18_":9,"n_edad_25_":17,"n_edad_45_":13,"n_edad_60_":23,"n_transpor":2,"n_transp_1":13,"n_transp_2":2,"n_transp_3":0,"n_transp_4":0,"n_transp_5":0,"n_transp_6":2,"dim_acc":0.628814,"dim_soc":0.771145}},{"type":"Feature","id":139,"geometry":{"type":"Polygon","coordinates":[[[-70.1869,-22.0824],[-70.1879,-22.0829],[-70.1875,-22.0833],[-70.1866,-22.0828],[-70.1869,-22.0824]]]},"properties":{"OID":139,"MANZENT":2301031003010,"n_per":76,"n_hombres":37,"n_mujeres":39,"n_edad_0_5":5,"n_edad_6_1":10,"n_edad_14_":2,"n_edad_18_":6,"n_edad_25_":27,"n_edad_45_":14,"n_edad_60_":12,"n_transpor":6,"n_transp_1":11,"n_transp_2":3,"n_transp_3":0,"n_transp_4":0,"n_transp_5":0,"n_transp_6":0,"dim_acc":0.628814,"dim_soc":0.771145}},{"type":"Feature","id":140,"geometry":{"type":"Polygon","coordinates":[[[-70.188,-22.0829],[-70.1883,-22.0826],[-70.1892,-22.0832],[-70.1889,-22.0834],[-70.188,-22.0829]]]},"properties":{"OID":140,"MANZENT":2301031003010,"n_per":71,"n_hombres":35,"n_mujeres":36,"n_edad_0_5":3,"n_edad_6_1":7,"n_edad_14_":6,"n_edad_18_":7,"n_edad_25_":12,"n_edad_45_":17,"n_edad_60_":19,"n_transpor":6,"n_transp_1":13,"n_transp_2":3,"n_transp_3":0,"n_transp_4":0,"n_transp_5":0,"n_transp_6":5,"dim_acc":0.628814,"dim_soc":0.771145}},{"type":"Feature","id":141,"geometry":{"type":"Polygon","coordinates":[[[-70.1854,-22.0832],[-70.1854,-22.0831],[-70.1852,-22.0829],[-70.1855,-22.0827],[-70.1861,-22.0832],[-70.1859,-22.0834],[-70.1854,-22.0832]]]},"properties":{"OID":141,"MANZENT":2301031003010,"n_per":51,"n_hombres":24,"n_mujeres":27,"n_edad_0_5":6,"n_edad_6_1":4,"n_edad_14_":3,"n_edad_18_":7,"n_edad_25_":13,"n_edad_45_":5,"n_edad_60_":13,"n_transpor":6,"n_transp_1":5,"n_transp_2":0,"n_transp_3":0,"n_transp_4":0,"n_transp_5":0,"n_transp_6":0,"dim_acc":0.628814,"dim_soc":0.771145}},{"type":"Feature","id":142,"geometry":{"type":"Polygon","coordinates":[[[-70.19,-22.0839],[-70.1891,-22.0835],[-70.1896,-22.0829],[-70.1904,-22.0835],[-70.19,-22.0839]]]},"properties":{"OID":142,"MANZENT":2301031003010,"n_per":40,"n_hombres":19,"n_mujeres":21,"n_edad_0_5":3,"n_edad_6_1":7,"n_edad_14_":1,"n_edad_18_":1,"n_edad_25_":11,"n_edad_45_":7,"n_edad_60_":10,"n_transpor":4,"n_transp_1":3,"n_transp_2":3,"n_transp_3":0,"n_transp_4":0,"n_transp_5":0,"n_transp_6":2,"dim_acc":0.628814,"dim_soc":0.771145}},{"type":"Feature","id":143,"geometry":{"type":"Polygon","coordinates":[[[-70.1872,-22.0836],[-70.1863,-22.0831],[-70.1865,-22.0829],[-70.1874,-22.0834],[-70.1874,-22.0834],[-70.1872,-22.0836]]]},"properties":{"OID":143,"MANZENT":2301031003020,"n_per":68,"n_hombres":30,"n_mujeres":38,"n_edad_0_5":4,"n_edad_6_1":6,"n_edad_14_":4,"n_edad_18_":6,"n_edad_25_":13,"n_edad_45_":11,"n_edad_60_":24,"n_transpor":4,"n_transp_1":6,"n_transp_2":1,"n_transp_3":0,"n_transp_4":0,"n_transp_5":0,"n_transp_6":0,"dim_acc":0.67292,"dim_soc":0.669925}},{"type":"Feature","id":144,"geometry":{"type":"Polygon","coordinates":[[[-70.1879,-22.083],[-70.1889,-22.0835],[-70.1886,-22.0838],[-70.1876,-22.0834],[-70.1879,-22.083]]]},"properties":{"OID":144,"MANZENT":2301031003020,"n_per":53,"n_hombres":24,"n_mujeres":29,"n_edad_0_5":4,"n_edad_6_1":9,"n_edad_14_":1,"n_edad_18_":2,"n_edad_25_":13,"n_edad_45_":6,"n_edad_60_":18,"n_transpor":3,"n_transp_1":3,"n_transp_2":1,"n_transp_3":0,"n_transp_4":0,"n_transp_5":0,"n_transp_6":0,"dim_acc":0.67292,"dim_soc":0.669925}},{"type":"Feature","id":145,"geometry":{"type":"Polygon","coordinates":[[[-70.186,-22.0834],[-70.1862,-22.0832],[-70.1863,-22.0832],[-70.1872,-22.0837],[-70.187,-22.0839],[-70.186,-22.0834]]]},"properties":{"OID":145,"MANZENT":2301031003020,"n_per":48,"n_hombres":24,"n_mujeres":24,"n_edad_0_5":3,"n_edad_6_1":5,"n_edad_14_":0,"n_edad_18_":4,"n_edad_25_":10,"n_edad_45_":6,"n_edad_60_":20,"n_transpor":8,"n_transp_1":8,"n_transp_2":3,"n_transp_3":0,"n_transp_4":0,"n_transp_5":0,"n_transp_6":0,"dim_acc":0.67292,"dim_soc":0.669925}},{"type":"Feature","id":146,"geometry":{"type":"Polygon","coordinates":[[[-70.1882,-22.0842],[-70.1873,-22.0837],[-70.1873,-22.0836],[-70.1876,-22.0834],[-70.1885,-22.0839],[-70.1882,-22.0842]]]},"properties":{"OID":146,"MANZENT":2301031003020,"n_per":49,"n_hombres":24,"n_mujeres":25,"n_edad_0_5":1,"n_edad_6_1":5,"n_edad_14_":0,"n_edad_18_":2,"n_edad_25_":14,"n_edad_45_":11,"n_edad_60_":16,"n_transpor":1,"n_transp_1":4,"n_transp_2":1,"n_transp_3":0,"n_transp_4":0,"n_transp_5":0,"n_transp_6":0,"dim_acc":0.67292,"dim_soc":0.669925}},{"type":"Feature","id":147,"geometry":{"type":"Polygon","coordinates":[[[-70.189,-22.0835],[-70.1899,-22.084],[-70.1896,-22.0844],[-70.1887,-22.0839],[-70.189,-22.0835]]]},"properties":{"OID":147,"MANZENT":2301031003020,"n_per":62,"n_hombres":34,"n_mujeres":28,"n_edad_0_5":3,"n_edad_6_1":10,"n_edad_14_":3,"n_edad_18_":0,"n_edad_25_":20,"n_edad_45_":9,"n_edad_60_":17,"n_transpor":4,"n_transp_1":9,"n_transp_2":0,"n_transp_3":0,"n_transp_4":0,"n_transp_5":0,"n_transp_6":0,"dim_acc":0.67292,"dim_soc":0.669925}},{"type":"Feature","id":148,"geometry":{"type":"Polygon","coordinates":[[[-70.191,-22.0845],[-70.1901,-22.084],[-70.1904,-22.0836],[-70.1911,-22.0841],[-70.1912,-22.0843],[-70.191,-22.0845]]]},"properties":{"OID":148,"MANZENT":2301031003020,"n_per":33,"n_hombres":19,"n_mujeres":14,"n_edad_0_5":2,"n_edad_6_1":5,"n_edad_14_":1,"n_edad_18_":0,"n_edad_25_":10,"n_edad_45_":5,"n_edad_60_":10,"n_transpor":1,"n_transp_1":0,"n_transp_2":0,"n_transp_3":0,"n_transp_4":0,"n_transp_5":0,"n_transp_6":0,"dim_acc":0.67292,"dim_soc":0.669925}},{"type":"Feature","id":149,"geometry":{"type":"Polygon","coordinates":[[[-70.1871,-22.084],[-70.1873,-22.0837],[-70.1882,-22.0842],[-70.188,-22.0845],[-70.1871,-22.084]]]},"properties":{"OID":149,"MANZENT":2301031003020,"n_per":46,"n_hombres":20,"n_mujeres":26,"n_edad_0_5":2,"n_edad_6_1":4,"n_edad_14_":3,"n_edad_18_":1,"n_edad_25_":16,"n_edad_45_":7,"n_edad_60_":13,"n_transpor":5,"n_transp_1":8,"n_transp_2":2,"n_transp_3":0,"n_transp_4":0,"n_transp_5":0,"n_transp_6":0,"dim_acc":0.67292,"dim_soc":0.669925}},{"type":"Feature","id":150,"geometry":{"type":"Polygon","coordinates":[[[-70.1915,-22.0855],[-70.1912,-22.0841],[-70.191,-22.084],[-70.1911,-22.0839],[-70.1923,-22.0848],[-70.1915,-22.0855]]]},"properties":{"OID":150,"MANZENT":2301031003020,"n_per":63,"n_hombres":31,"n_mujeres":32,"n_edad_0_5":4,"n_edad_6_1":8,"n_edad_14_":3,"n_edad_18_":2,"n_edad_25_":22,"n_edad_45_":6,"n_edad_60_":18,"n_transpor":9,"n_transp_1":7,"n_transp_2":2,"n_transp_3":0,"n_transp_4":0,"n_transp_5":0,"n_transp_6":0,"dim_acc":0.67292,"dim_soc":0.669925}},{"type":"Feature","id":151,"geometry":{"type":"Polygon","coordinates":[[[-70.189,-22.085],[-70.1881,-22.0845],[-70.1886,-22.084],[-70.1895,-22.0844],[-70.189,-22.085]]]},"properties":{"OID":151,"MANZENT":2301031003020,"n_per":57,"n_hombres":25,"n_mujeres":32,"n_edad_0_5":4,"n_edad_6_1":7,"n_edad_14_":4,"n_edad_18_":7,"n_edad_25_":9,"n_edad_45_":15,"n_edad_60_":11,"n_transpor":2,"n_transp_1":2,"n_transp_2":2,"n_transp_3":0,"n_transp_4":0,"n_transp_5":0,"n_transp_6":0,"dim_acc":0.67292,"dim_soc":0.669925}},{"type":"Feature","id":152,"geometry":{"type":"Polygon","coordinates":[[[-70.19,-22.084],[-70.1909,-22.0845],[-70.1906,-22.0849],[-70.1897,-22.0844],[-70.19,-22.084]]]},"properties":{"OID":152,"MANZENT":2301031003030,"n_per":60,"n_hombres":25,"n_mujeres":35,"n_edad_0_5":2,"n_edad_6_1":6,"n_edad_14_":5,"n_edad_18_":3,"n_edad_25_":13,"n_edad_45_":16,"n_edad_60_":15,"n_transpor":5,"n_transp_1":7,"n_transp_2":3,"n_transp_3":0,"n_transp_4":0,"n_transp_5":0,"n_transp_6":0,"dim_acc":0,"dim_soc":0}},{"type":"Feature","id":153,"geometry":{"type":"Polygon","coordinates":[[[-70.19,-22.0855],[-70.1891,-22.085],[-70.1896,-22.0845],[-70.1905,-22.085],[-70.19,-22.0855]]]},"properties":{"OID":153,"MANZENT":2301031003030,"n_per":54,"n_hombres":26,"n_mujeres":28,"n_edad_0_5":2,"n_edad_6_1":6,"n_edad_14_":2,"n_edad_18_":1,"n_edad_25_":10,"n_edad_45_":17,"n_edad_60_":16,"n_transpor":2,"n_transp_1":6,"n_transp_2":2,"n_transp_3":0,"n_transp_4":0,"n_transp_5":0,"n_transp_6":0,"dim_acc":0,"dim_soc":0}},{"type":"Feature","id":154,"geometry":{"type":"Polygon","coordinates":[[[-70.191,-22.0846],[-70.1912,-22.0847],[-70.1914,-22.0853],[-70.1907,-22.085],[-70.191,-22.0846]]]},"properties":{"OID":154,"MANZENT":2301031003030,"n_per":17,"n_hombres":7,"n_mujeres":10,"n_edad_0_5":3,"n_edad_6_1":3,"n_edad_14_":0,"n_edad_18_":0,"n_edad_25_":6,"n_edad_45_":3,"n_edad_60_":2,"n_transpor":0,"n_transp_1":1,"n_transp_2":0,"n_transp_3":0,"n_transp_4":0,"n_transp_5":0,"n_transp_6":0,"dim_acc":0,"dim_soc":0}},{"type":"Feature","id":155,"geometry":{"type":"Polygon","coordinates":[[[-70.1911,-22.086],[-70.1901,-22.0856],[-70.1906,-22.085],[-70.1914,-22.0854],[-70.1915,-22.0856],[-70.1911,-22.086]]]},"properties":{"OID":155,"MANZENT":2301031003030,"n_per":76,"n_hombres":37,"n_mujeres":39,"n_edad_0_5":2,"n_edad_6_1":7,"n_edad_14_":7,"n_edad_18_":4,"n_edad_25_":22,"n_edad_45_":17,"n_edad_60_":17,"n_transpor":8,"n_transp_1":11,"n_transp_2":3,"n_transp_3":0,"n_transp_4":0,"n_transp_5":0,"n_transp_6":0,"dim_acc":0,"dim_soc":0}},{"type":"Feature","id":156,"geometry":{"type":"Polygon","coordinates":[[[-70.1917,-22.0864],[-70.1916,-22.0857],[-70.192,-22.0852],[-70.1922,-22.0866],[-70.1917,-22.0864]]]},"properties":{"OID":156,"MANZENT":2301031003030,"n_per":45,"n_hombres":22,"n_mujeres":23,"n_edad_0_5":3,"n_edad_6_1":1,"n_edad_14_":2,"n_edad_18_":9,"n_edad_25_":10,"n_edad_45_":9,"n_edad_60_":11,"n_transpor":4,"n_transp_1":4,"n_transp_2":1,"n_transp_3":0,"n_transp_4":0,"n_transp_5":0,"n_transp_6":0,"dim_acc":0,"dim_soc":0}},{"type":"Feature","id":157,"geometry":{"type":"MultiPolygon","coordinates":[[[[-70.1856,-22.0826],[-70.1858,-22.0826],[-70.1863,-22.0826],[-70.1865,-22.0828],[-70.1862,-22.0831],[-70.1855,-22.0827],[-70.1856,-22.0826]]],[[[-70.1854,-22.0816],[-70.1861,-22.081],[-70.1866,-22.0802],[-70.1869,-22.0806],[-70.1868,-22.0809],[-70.1875,-22.0817],[-70.1873,-22.082],[-70.1865,-22.0823],[-70.1861,-22.0816],[-70.186,-22.0817],[-70.1865,-22.0824],[-70.1872,-22.082],[-70.1865,-22.0828],[-70.1863,-22.0826],[-70.1861,-22.0826],[-70.1858,-22.0826],[-70.1857,-22.0825],[-70.1852,-22.0829],[-70.1853,-22.0831],[-70.1838,-22.0827],[-70.1839,-22.0824],[-70.1854,-22.0816]]],[[[-70.183,-22.0821],[-70.184,-22.0817],[-70.1853,-22.0809],[-70.1858,-22.0804],[-70.1861,-22.0798],[-70.1866,-22.0802],[-70.1862,-22.0808],[-70.1856,-22.0814],[-70.184,-22.0823],[-70.183,-22.0826],[-70.1818,-22.0827],[-70.1818,-22.0823],[-70.1814,-22.082],[-70.1812,-22.0818],[-70.1813,-22.0817],[-70.1821,-22.0816],[-70.1826,-22.0818],[-70.1821,-22.0816],[-70.1817,-22.0817],[-70.1813,-22.0816],[-70.1812,-22.0817],[-70.1812,-22.0815],[-70.1815,-22.0815],[-70.1823,-22.0816],[-70.1826,-22.0815],[-70.1827,-22.0813],[-70.183,-22.0821]]]]},"properties":{"OID":157,"MANZENT":2301031003000,"n_per":34,"n_hombres":17,"n_mujeres":17,"n_edad_0_5":2,"n_edad_6_1":1,"n_edad_14_":2,"n_edad_18_":5,"n_edad_25_":8,"n_edad_45_":9,"n_edad_60_":7,"n_transpor":1,"n_transp_1":5,"n_transp_2":0,"n_transp_3":0,"n_transp_4":0,"n_transp_5":0,"n_transp_6":0,"dim_acc":0,"dim_soc":0}},{"type":"Feature","id":158,"geometry":{"type":"Polygon","coordinates":[[[-70.1908,-22.0784],[-70.1904,-22.0788],[-70.1902,-22.0787],[-70.1912,-22.0794],[-70.191,-22.0796],[-70.1909,-22.0796],[-70.19,-22.0789],[-70.19,-22.0786],[-70.1899,-22.0786],[-70.19,-22.0789],[-70.1903,-22.0792],[-70.1886,-22.0806],[-70.1886,-22.0805],[-70.1898,-22.0794],[-70.1894,-22.0797],[-70.1874,-22.0781],[-70.1873,-22.0778],[-70.1877,-22.0773],[-70.1899,-22.0755],[-70.1908,-22.0751],[-70.1921,-22.0746],[-70.1924,-22.0746],[-70.1925,-22.0747],[-70.193,-22.0762],[-70.1929,-22.0762],[-70.193,-22.0763],[-70.1934,-22.0775],[-70.1929,-22.0775],[-70.1923,-22.0782],[-70.192,-22.0779],[-70.1918,-22.0781],[-70.1917,-22.0781],[-70.1917,-22.0782],[-70.1916,-22.0784],[-70.1912,-22.0781],[-70.1919,-22.0787],[-70.1912,-22.0794],[-70.191,-22.0793],[-70.1914,-22.0788],[-70.1909,-22.0783],[-70.1908,-22.0784]]]},"properties":{"OID":158,"MANZENT":2301031004000,"n_per":253,"n_hombres":109,"n_mujeres":144,"n_edad_0_5":24,"n_edad_6_1":53,"n_edad_14_":14,"n_edad_18_":28,"n_edad_25_":80,"n_edad_45_":38,"n_edad_60_":16,"n_transpor":16,"n_transp_1":34,"n_transp_2":10,"n_transp_3":0,"n_transp_4":0,"n_transp_5":0,"n_transp_6":2,"dim_acc":0,"dim_soc":0}},{"type":"Feature","id":159,"geometry":{"type":"Polygon","coordinates":[[[-70.1935,-22.078],[-70.1935,-22.0781],[-70.1931,-22.0777],[-70.1935,-22.0777],[-70.1938,-22.0786],[-70.1934,-22.0788],[-70.1932,-22.0783],[-70.1935,-22.078]]]},"properties":{"OID":159,"MANZENT":2301031004000,"n_per":96,"n_hombres":44,"n_mujeres":52,"n_edad_0_5":6,"n_edad_6_1":13,"n_edad_14_":5,"n_edad_18_":14,"n_edad_25_":24,"n_edad_45_":18,"n_edad_60_":16,"n_transpor":9,"n_transp_1":18,"n_transp_2":7,"n_transp_3":0,"n_transp_4":0,"n_transp_5":0,"n_transp_6":0,"dim_acc":0,"dim_soc":0}},{"type":"Feature","id":160,"geometry":{"type":"Polygon","coordinates":[[[-70.1932,-22.0783],[-70.1927,-22.0779],[-70.1929,-22.0777],[-70.193,-22.0777],[-70.1934,-22.078],[-70.1932,-22.0783]]]},"properties":{"OID":160,"MANZENT":2301031004000,"n_per":85,"n_hombres":35,"n_mujeres":50,"n_edad_0_5":5,"n_edad_6_1":14,"n_edad_14_":14,"n_edad_18_":4,"n_edad_25_":28,"n_edad_45_":12,"n_edad_60_":8,"n_transpor":6,"n_transp_1":6,"n_transp_2":2,"n_transp_3":0,"n_transp_4":0,"n_transp_5":0,"n_transp_6":2,"dim_acc":0,"dim_soc":0}},{"type":"Feature","id":161,"geometry":{"type":"Polygon","coordinates":[[[-70.1861,-22.0797],[-70.1863,-22.0785],[-70.1866,-22.0778],[-70.1868,-22.0779],[-70.1868,-22.0782],[-70.1869,-22.0783],[-70.1866,-22.0802],[-70.1861,-22.0797]]]},"properties":{"OID":161,"MANZENT":2301031004010,"n_per":0,"n_hombres":0,"n_mujeres":0,"n_edad_0_5":0,"n_edad_6_1":0,"n_edad_14_":0,"n_edad_18_":0,"n_edad_25_":0,"n_edad_45_":0,"n_edad_60_":0,"n_transpor":0,"n_transp_1":0,"n_transp_2":0,"n_transp_3":0,"n_transp_4":0,"n_transp_5":0,"n_transp_6":0,"dim_acc":0.583997,"dim_soc":0.675271}},{"type":"Feature","id":162,"geometry":{"type":"Polygon","coordinates":[[[-70.1924,-22.0783],[-70.1927,-22.0779],[-70.1932,-22.0783],[-70.193,-22.0784],[-70.1929,-22.0783],[-70.1926,-22.0785],[-70.1924,-22.0783]]]},"properties":{"OID":162,"MANZENT":2301031004010,"n_per":71,"n_hombres":33,"n_mujeres":38,"n_edad_0_5":4,"n_edad_6_1":10,"n_edad_14_":13,"n_edad_18_":6,"n_edad_25_":18,"n_edad_45_":11,"n_edad_60_":9,"n_transpor":3,"n_transp_1":6,"n_transp_2":1,"n_transp_3":0,"n_transp_4":0,"n_transp_5":0,"n_transp_6":0,"dim_acc":0.583997,"dim_soc":0.675271}},{"type":"Feature","id":163,"geometry":{"type":"Polygon","coordinates":[[[-70.1919,-22.0786],[-70.1916,-22.0784],[-70.192,-22.078],[-70.1923,-22.0783],[-70.1919,-22.0786]]]},"properties":{"OID":163,"MANZENT":2301031004010,"n_per":89,"n_hombres":41,"n_mujeres":48,"n_edad_0_5":6,"n_edad_6_1":14,"n_edad_14_":7,"n_edad_18_":13,"n_edad_25_":29,"n_edad_45_":18,"n_edad_60_":2,"n_transpor":9,"n_transp_1":8,"n_transp_2":4,"n_transp_3":0,"n_transp_4":0,"n_transp_5":0,"n_transp_6":4,"dim_acc":0.583997,"dim_soc":0.675271}},{"type":"Feature","id":164,"geometry":{"type":"Polygon","coordinates":[[[-70.192,-22.0787],[-70.1923,-22.0783],[-70.1925,-22.0785],[-70.192,-22.0787]]]},"properties":{"OID":164,"MANZENT":2301031004010,"n_per":13,"n_hombres":6,"n_mujeres":7,"n_edad_0_5":1,"n_edad_6_1":0,"n_edad_14_":1,"n_edad_18_":5,"n_edad_25_":2,"n_edad_45_":4,"n_edad_60_":0,"n_transpor":1,"n_transp_1":3,"n_transp_2":0,"n_transp_3":0,"n_transp_4":0,"n_transp_5":0,"n_transp_6":0,"dim_acc":0.583997,"dim_soc":0.675271}},{"type":"Feature","id":165,"geometry":{"type":"Polygon","coordinates":[[[-70.1928,-22.0787],[-70.1929,-22.0784],[-70.1932,-22.0783],[-70.1934,-22.0788],[-70.1932,-22.079],[-70.1928,-22.0787]]]},"properties":{"OID":165,"MANZENT":2301031004010,"n_per":66,"n_hombres":33,"n_mujeres":33,"n_edad_0_5":5,"n_edad_6_1":9,"n_edad_14_":3,"n_edad_18_":10,"n_edad_25_":19,"n_edad_45_":8,"n_edad_60_":12,"n_transpor":12,"n_transp_1":9,"n_transp_2":4,"n_transp_3":0,"n_transp_4":0,"n_transp_5":0,"n_transp_6":0,"dim_acc":0.583997,"dim_soc":0.675271}},{"type":"Feature","id":166,"geometry":{"type":"Polygon","coordinates":[[[-70.191,-22.0786],[-70.1906,-22.079],[-70.1904,-22.0788],[-70.1909,-22.0784],[-70.191,-22.0786]]]},"properties":{"OID":166,"MANZENT":2301031004010,"n_per":49,"n_hombres":22,"n_mujeres":27,"n_edad_0_5":7,"n_edad_6_1":11,"n_edad_14_":1,"n_edad_18_":4,"n_edad_25_":18,"n_edad_45_":6,"n_edad_60_":2,"n_transpor":2,"n_transp_1":8,"n_transp_2":1,"n_transp_3":0,"n_transp_4":0,"n_transp_5":0,"n_transp_6":0,"dim_acc":0.583997,"dim_soc":0.675271}},{"type":"Feature","id":167,"geometry":{"type":"Polygon","coordinates":[[[-70.1912,-22.0789],[-70.1909,-22.0792],[-70.1907,-22.0791],[-70.1911,-22.0786],[-70.1913,-22.0788],[-70.1912,-22.0789]]]},"properties":{"OID":167,"MANZENT":2301031004020,"n_per":38,"n_hombres":18,"n_mujeres":20,"n_edad_0_5":5,"n_edad_6_1":6,"n_edad_14_":1,"n_edad_18_":6,"n_edad_25_":15,"n_edad_45_":3,"n_edad_60_":2,"n_transpor":1,"n_transp_1":7,"n_transp_2":1,"n_transp_3":0,"n_transp_4":0,"n_transp_5":0,"n_transp_6":0,"dim_acc":0.610377,"dim_soc":0.527779}},{"type":"Feature","id":168,"geometry":{"type":"Polygon","coordinates":[[[-70.1925,-22.0789],[-70.192,-22.0791],[-70.1918,-22.0789],[-70.192,-22.0787],[-70.1924,-22.0786],[-70.1924,-22.0786],[-70.1925,-22.0789]]]},"properties":{"OID":168,"MANZENT":2301031004020,"n_per":55,"n_hombres":21,"n_mujeres":34,"n_edad_0_5":2,"n_edad_6_1":7,"n_edad_14_":3,"n_edad_18_":6,"n_edad_25_":16,"n_edad_45_":13,"n_edad_60_":8,"n_transpor":3,"n_transp_1":3,"n_transp_2":3,"n_transp_3":0,"n_transp_4":0,"n_transp_5":0,"n_transp_6":0,"dim_acc":0.610377,"dim_soc":0.527779}},{"type":"Feature","id":169,"geometry":{"type":"Polygon","coordinates":[[[-70.1928,-22.0787],[-70.1932,-22.079],[-70.1929,-22.0793],[-70.1925,-22.0789],[-70.1928,-22.0787]]]},"properties":{"OID":169,"MANZENT":2301031004020,"n_per":65,"n_hombres":29,"n_mujeres":36,"n_edad_0_5":2,"n_edad_6_1":7,"n_edad_14_":4,"n_edad_18_":6,"n_edad_25_":20,"n_edad_45_":6,"n_edad_60_":20,"n_transpor":4,"n_transp_1":4,"n_transp_2":0,"n_transp_3":0,"n_transp_4":0,"n_transp_5":0,"n_transp_6":0,"dim_acc":0.610377,"dim_soc":0.527779}},{"type":"Feature","id":170,"geometry":{"type":"Polygon","coordinates":[[[-70.1934,-22.0789],[-70.1938,-22.0787],[-70.194,-22.0794],[-70.1937,-22.0792],[-70.1934,-22.0789]]]},"properties":{"OID":170,"MANZENT":2301031004020,"n_per":72,"n_hombres":33,"n_mujeres":39,"n_edad_0_5":2,"n_edad_6_1":7,"n_edad_14_":9,"n_edad_18_":14,"n_edad_25_":12,"n_edad_45_":20,"n_edad_60_":8,"n_transpor":9,"n_transp_1":8,"n_transp_2":1,"n_transp_3":0,"n_transp_4":0,"n_transp_5":0,"n_transp_6":0,"dim_acc":0.610377,"dim_soc":0.527779}},{"type":"Feature","id":171,"geometry":{"type":"Polygon","coordinates":[[[-70.193,-22.0793],[-70.1934,-22.0789],[-70.1937,-22.0792],[-70.194,-22.0794],[-70.194,-22.0795],[-70.1937,-22.0798],[-70.193,-22.0793]]]},"properties":{"OID":171,"MANZENT":2301031004020,"n_per":59,"n_hombres":31,"n_mujeres":28,"n_edad_0_5":4,"n_edad_6_1":14,"n_edad_14_":1,"n_edad_18_":3,"n_edad_25_":18,"n_edad_45_":5,"n_edad_60_":14,"n_transpor":3,"n_transp_1":7,"n_transp_2":1,"n_transp_3":0,"n_transp_4":0,"n_transp_5":0,"n_transp_6":0,"dim_acc":0.610377,"dim_soc":0.527779}},{"type":"Feature","id":172,"geometry":{"type":"Polygon","coordinates":[[[-70.1925,-22.079],[-70.1929,-22.0793],[-70.1926,-22.0796],[-70.192,-22.0791],[-70.1921,-22.079],[-70.1925,-22.079]]]},"properties":{"OID":172,"MANZENT":2301031004020,"n_per":88,"n_hombres":43,"n_mujeres":45,"n_edad_0_5":4,"n_edad_6_1":11,"n_edad_14_":7,"n_edad_18_":7,"n_edad_25_":22,"n_edad_45_":13,"n_edad_60_":24,"n_transpor":5,"n_transp_1":13,"n_transp_2":2,"n_transp_3":0,"n_transp_4":0,"n_transp_5":0,"n_transp_6":0,"dim_acc":0.610377,"dim_soc":0.527779}},{"type":"Feature","id":173,"geometry":{"type":"Polygon","coordinates":[[[-70.1922,-22.08],[-70.1914,-22.0793],[-70.1917,-22.079],[-70.1926,-22.0796],[-70.1922,-22.08]]]},"properties":{"OID":173,"MANZENT":2301031004020,"n_per":50,"n_hombres":24,"n_mujeres":26,"n_edad_0_5":5,"n_edad_6_1":1,"n_edad_14_":3,"n_edad_18_":4,"n_edad_25_":18,"n_edad_45_":8,"n_edad_60_":11,"n_transpor":5,"n_transp_1":3,"n_transp_2":1,"n_transp_3":0,"n_transp_4":0,"n_transp_5":0,"n_transp_6":0,"dim_acc":0.610377,"dim_soc":0.527779}},{"type":"Feature","id":174,"geometry":{"type":"Polygon","coordinates":[[[-70.1906,-22.08],[-70.19,-22.0796],[-70.1903,-22.0793],[-70.1909,-22.0797],[-70.1906,-22.08]]]},"properties":{"OID":174,"MANZENT":2301031004020,"n_per":42,"n_hombres":20,"n_mujeres":22,"n_edad_0_5":3,"n_edad_6_1":5,"n_edad_14_":2,"n_edad_18_":4,"n_edad_25_":11,"n_edad_45_":3,"n_edad_60_":14,"n_transpor":2,"n_transp_1":3,"n_transp_2":0,"n_transp_3":0,"n_transp_4":0,"n_transp_5":0,"n_transp_6":0,"dim_acc":0.610377,"dim_soc":0.527779}},{"type":"Feature","id":175,"geometry":{"type":"Polygon","coordinates":[[[-70.193,-22.0793],[-70.1937,-22.0799],[-70.1934,-22.0802],[-70.1927,-22.0796],[-70.193,-22.0793]]]},"properties":{"OID":175,"MANZENT":2301031004020,"n_per":68,"n_hombres":33,"n_mujeres":35,"n_edad_0_5":3,"n_edad_6_1":6,"n_edad_14_":6,"n_edad_18_":6,"n_edad_25_":19,"n_edad_45_":10,"n_edad_60_":18,"n_transpor":3,"n_transp_1":4,"n_transp_2":1,"n_transp_3":0,"n_transp_4":0,"n_transp_5":0,"n_transp_6":1,"dim_acc":0.610377,"dim_soc":0.527779}},{"type":"Feature","id":176,"geometry":{"type":"Polygon","coordinates":[[[-70.1918,-22.0804],[-70.191,-22.0797],[-70.1914,-22.0793],[-70.1922,-22.08],[-70.1918,-22.0804]]]},"properties":{"OID":176,"MANZENT":2301031004020,"n_per":78,"n_hombres":40,"n_mujeres":38,"n_edad_0_5":7,"n_edad_6_1":10,"n_edad_14_":8,"n_edad_18_":3,"n_edad_25_":23,"n_edad_45_":12,"n_edad_60_":15,"n_transpor":2,"n_transp_1":6,"n_transp_2":1,"n_transp_3":0,"n_transp_4":0,"n_transp_5":0,"n_transp_6":0,"dim_acc":0.610377,"dim_soc":0.527779}},{"type":"Feature","id":177,"geometry":{"type":"Polygon","coordinates":[[[-70.1902,-22.0804],[-70.1896,-22.0799],[-70.1899,-22.0796],[-70.1905,-22.0801],[-70.1902,-22.0804]]]},"properties":{"OID":177,"MANZENT":2301031004030,"n_per":54,"n_hombres":23,"n_mujeres":31,"n_edad_0_5":6,"n_edad_6_1":9,"n_edad_14_":3,"n_edad_18_":0,"n_edad_25_":21,"n_edad_45_":6,"n_edad_60_":9,"n_transpor":5,"n_transp_1":6,"n_transp_2":1,"n_transp_3":0,"n_transp_4":0,"n_transp_5":0,"n_transp_6":0,"dim_acc":0.636034,"dim_soc":0.739292}},{"type":"Feature","id":178,"geometry":{"type":"Polygon","coordinates":[[[-70.193,-22.0806],[-70.1923,-22.08],[-70.1926,-22.0797],[-70.1933,-22.0803],[-70.193,-22.0806]]]},"properties":{"OID":178,"MANZENT":2301031004030,"n_per":68,"n_hombres":33,"n_mujeres":35,"n_edad_0_5":3,"n_edad_6_1":11,"n_edad_14_":5,"n_edad_18_":6,"n_edad_25_":15,"n_edad_45_":14,"n_edad_60_":14,"n_transpor":1,"n_transp_1":0,"n_transp_2":2,"n_transp_3":0,"n_transp_4":0,"n_transp_5":0,"n_transp_6":0,"dim_acc":0.636034,"dim_soc":0.739292}},{"type":"Feature","id":179,"geometry":{"type":"Polygon","coordinates":[[[-70.1915,-22.0808],[-70.1907,-22.0801],[-70.1909,-22.0798],[-70.1918,-22.0804],[-70.1915,-22.0808]]]},"properties":{"OID":179,"MANZENT":2301031004030,"n_per":100,"n_hombres":52,"n_mujeres":48,"n_edad_0_5":12,"n_edad_6_1":20,"n_edad_14_":5,"n_edad_18_":5,"n_edad_25_":26,"n_edad_45_":22,"n_edad_60_":10,"n_transpor":10,"n_transp_1":8,"n_transp_2":7,"n_transp_3":0,"n_transp_4":0,"n_transp_5":0,"n_transp_6":1,"dim_acc":0.636034,"dim_soc":0.739292}},{"type":"Feature","id":180,"geometry":{"type":"Polygon","coordinates":[[[-70.1898,-22.0808],[-70.1892,-22.0803],[-70.1895,-22.08],[-70.1902,-22.0805],[-70.1898,-22.0808]]]},"properties":{"OID":180,"MANZENT":2301031004030,"n_per":60,"n_hombres":28,"n_mujeres":32,"n_edad_0_5":6,"n_edad_6_1":8,"n_edad_14_":2,"n_edad_18_":5,"n_edad_25_":15,"n_edad_45_":13,"n_edad_60_":11,"n_transpor":5,"n_transp_1":12,"n_transp_2":1,"n_transp_3":0,"n_transp_4":0,"n_transp_5":0,"n_transp_6":1,"dim_acc":0.636034,"dim_soc":0.739292}},{"type":"Feature","id":181,"geometry":{"type":"Polygon","coordinates":[[[-70.1926,-22.081],[-70.1919,-22.0805],[-70.1922,-22.0801],[-70.193,-22.0806],[-70.1926,-22.081]]]},"properties":{"OID":181,"MANZENT":2301031004030,"n_per":47,"n_hombres":24,"n_mujeres":23,"n_edad_0_5":3,"n_edad_6_1":7,"n_edad_14_":3,"n_edad_18_":3,"n_edad_25_":12,"n_edad_45_":9,"n_edad_60_":10,"n_transpor":0,"n_transp_1":2,"n_transp_2":0,"n_transp_3":0,"n_transp_4":0,"n_transp_5":0,"n_transp_6":0,"dim_acc":0.636034,"dim_soc":0.739292}},{"type":"Feature","id":182,"geometry":{"type":"Polygon","coordinates":[[[-70.1911,-22.0811],[-70.1903,-22.0805],[-70.1906,-22.0802],[-70.1914,-22.0808],[-70.1911,-22.0811]]]},"properties":{"OID":182,"MANZENT":2301031004030,"n_per":76,"n_hombres":38,"n_mujeres":38,"n_edad_0_5":3,"n_edad_6_1":11,"n_edad_14_":6,"n_edad_18_":5,"n_edad_25_":21,"n_edad_45_":9,"n_edad_60_":21,"n_transpor":7,"n_transp_1":12,"n_transp_2":3,"n_transp_3":1,"n_transp_4":0,"n_transp_5":0,"n_transp_6":2,"dim_acc":0.636034,"dim_soc":0.739292}},{"type":"Feature","id":183,"geometry":{"type":"Polygon","coordinates":[[[-70.1895,-22.0812],[-70.1888,-22.0806],[-70.1891,-22.0803],[-70.1898,-22.0808],[-70.1895,-22.0812]]]},"properties":{"OID":183,"MANZENT":2301031004030,"n_per":48,"n_hombres":23,"n_mujeres":25,"n_edad_0_5":3,"n_edad_6_1":7,"n_edad_14_":3,"n_edad_18_":3,"n_edad_25_":12,"n_edad_45_":9,"n_edad_60_":11,"n_transpor":4,"n_transp_1":2,"n_transp_2":0,"n_transp_3":0,"n_transp_4":0,"n_transp_5":0,"n_transp_6":0,"dim_acc":0.636034,"dim_soc":0.739292}},{"type":"Feature","id":184,"geometry":{"type":"Polygon","coordinates":[[[-70.1923,-22.0814],[-70.1916,-22.0809],[-70.1918,-22.0805],[-70.1926,-22.0811],[-70.1923,-22.0814]]]},"properties":{"OID":184,"MANZENT":2301031004030,"n_per":61,"n_hombres":23,"n_mujeres":38,"n_edad_0_5":6,"n_edad_6_1":5,"n_edad_14_":5,"n_edad_18_":7,"n_edad_25_":19,"n_edad_45_":9,"n_edad_60_":10,"n_transpor":6,"n_transp_1":9,"n_transp_2":1,"n_transp_3":0,"n_transp_4":0,"n_transp_5":0,"n_transp_6":4,"dim_acc":0.636034,"dim_soc":0.739292}},{"type":"Feature","id":185,"geometry":{"type":"Polygon","coordinates":[[[-70.1908,-22.0815],[-70.1899,-22.0809],[-70.1902,-22.0806],[-70.1911,-22.0812],[-70.1908,-22.0815]]]},"properties":{"OID":185,"MANZENT":2301031004030,"n_per":82,"n_hombres":39,"n_mujeres":43,"n_edad_0_5":2,"n_edad_6_1":12,"n_edad_14_":5,"n_edad_18_":8,"n_edad_25_":19,"n_edad_45_":20,"n_edad_60_":16,"n_transpor":8,"n_transp_1":6,"n_transp_2":9,"n_transp_3":0,"n_transp_4":1,"n_transp_5":0,"n_transp_6":10,"dim_acc":0.636034,"dim_soc":0.739292}},{"type":"Feature","id":186,"geometry":{"type":"Polygon","coordinates":[[[-70.1891,-22.0816],[-70.1883,-22.081],[-70.1887,-22.0807],[-70.1894,-22.0812],[-70.1891,-22.0816]]]},"properties":{"OID":186,"MANZENT":2301031004040,"n_per":91,"n_hombres":48,"n_mujeres":43,"n_edad_0_5":7,"n_edad_6_1":9,"n_edad_14_":10,"n_edad_18_":8,"n_edad_25_":23,"n_edad_45_":13,"n_edad_60_":21,"n_transpor":4,"n_transp_1":17,"n_transp_2":2,"n_transp_3":0,"n_transp_4":0,"n_transp_5":0,"n_transp_6":0,"dim_acc":0.623304,"dim_soc":0.683222}},{"type":"Feature","id":187,"geometry":{"type":"Polygon","coordinates":[[[-70.1919,-22.0818],[-70.1912,-22.0812],[-70.1915,-22.0809],[-70.1922,-22.0815],[-70.1919,-22.0818]]]},"properties":{"OID":187,"MANZENT":2301031004040,"n_per":54,"n_hombres":25,"n_mujeres":29,"n_edad_0_5":2,"n_edad_6_1":3,"n_edad_14_":2,"n_edad_18_":5,"n_edad_25_":9,"n_edad_45_":16,"n_edad_60_":17,"n_transpor":5,"n_transp_1":7,"n_transp_2":3,"n_transp_3":0,"n_transp_4":0,"n_transp_5":0,"n_transp_6":4,"dim_acc":0.623304,"dim_soc":0.683222}},{"type":"Feature","id":188,"geometry":{"type":"Polygon","coordinates":[[[-70.1904,-22.0819],[-70.1896,-22.0813],[-70.1899,-22.0809],[-70.1907,-22.0816],[-70.1904,-22.0819]]]},"properties":{"OID":188,"MANZENT":2301031004040,"n_per":83,"n_hombres":38,"n_mujeres":45,"n_edad_0_5":6,"n_edad_6_1":6,"n_edad_14_":7,"n_edad_18_":6,"n_edad_25_":21,"n_edad_45_":14,"n_edad_60_":23,"n_transpor":12,"n_transp_1":15,"n_transp_2":5,"n_transp_3":0,"n_transp_4":0,"n_transp_5":0,"n_transp_6":0,"dim_acc":0.623304,"dim_soc":0.683222}},{"type":"Feature","id":189,"geometry":{"type":"Polygon","coordinates":[[[-70.189,-22.0817],[-70.1887,-22.082],[-70.1879,-22.0814],[-70.1883,-22.0811],[-70.189,-22.0817]]]},"properties":{"OID":189,"MANZENT":2301031004040,"n_per":70,"n_hombres":34,"n_mujeres":36,"n_edad_0_5":6,"n_edad_6_1":8,"n_edad_14_":9,"n_edad_18_":5,"n_edad_25_":19,"n_edad_45_":13,"n_edad_60_":10,"n_transpor":5,"n_transp_1":7,"n_transp_2":1,"n_transp_3":0,"n_transp_4":0,"n_transp_5":0,"n_transp_6":3,"dim_acc":0.623304,"dim_soc":0.683222}},{"type":"Feature","id":190,"geometry":{"type":"Polygon","coordinates":[[[-70.1915,-22.0822],[-70.1908,-22.0816],[-70.1911,-22.0813],[-70.1918,-22.0818],[-70.1915,-22.0822]]]},"properties":{"OID":190,"MANZENT":2301031004040,"n_per":48,"n_hombres":26,"n_mujeres":22,"n_edad_0_5":3,"n_edad_6_1":5,"n_edad_14_":5,"n_edad_18_":5,"n_edad_25_":15,"n_edad_45_":5,"n_edad_60_":10,"n_transpor":2,"n_transp_1":7,"n_transp_2":2,"n_transp_3":0,"n_transp_4":0,"n_transp_5":0,"n_transp_6":4,"dim_acc":0.623304,"dim_soc":0.683222}},{"type":"Feature","id":191,"geometry":{"type":"Polygon","coordinates":[[[-70.19,-22.0824],[-70.1892,-22.0817],[-70.1895,-22.0813],[-70.1903,-22.082],[-70.19,-22.0824]]]},"properties":{"OID":191,"MANZENT":2301031004040,"n_per":83,"n_hombres":42,"n_mujeres":41,"n_edad_0_5":6,"n_edad_6_1":10,"n_edad_14_":9,"n_edad_18_":5,"n_edad_25_":26,"n_edad_45_":10,"n_edad_60_":17,"n_transpor":2,"n_transp_1":2,"n_transp_2":1,"n_transp_3":0,"n_transp_4":0,"n_transp_5":0,"n_transp_6":0,"dim_acc":0.623304,"dim_soc":0.683222}},{"type":"Feature","id":192,"geometry":{"type":"Polygon","coordinates":[[[-70.1912,-22.0826],[-70.1905,-22.082],[-70.1908,-22.0817],[-70.1915,-22.0822],[-70.1912,-22.0826]]]},"properties":{"OID":192,"MANZENT":2301031004040,"n_per":51,"n_hombres":28,"n_mujeres":23,"n_edad_0_5":2,"n_edad_6_1":7,"n_edad_14_":2,"n_edad_18_":4,"n_edad_25_":11,"n_edad_45_":7,"n_edad_60_":18,"n_transpor":3,"n_transp_1":11,"n_transp_2":3,"n_transp_3":0,"n_transp_4":0,"n_transp_5":0,"n_transp_6":4,"dim_acc":0.623304,"dim_soc":0.683222}},{"type":"Feature","id":193,"geometry":{"type":"Polygon","coordinates":[[[-70.1891,-22.0817],[-70.1899,-22.0824],[-70.1896,-22.0827],[-70.1888,-22.0821],[-70.1891,-22.0817]]]},"properties":{"OID":193,"MANZENT":2301031004040,"n_per":67,"n_hombres":32,"n_mujeres":35,"n_edad_0_5":6,"n_edad_6_1":10,"n_edad_14_":7,"n_edad_18_":3,"n_edad_25_":19,"n_edad_45_":8,"n_edad_60_":14,"n_transpor":3,"n_transp_1":5,"n_transp_2":0,"n_transp_3":0,"n_transp_4":0,"n_transp_5":0,"n_transp_6":0,"dim_acc":0.623304,"dim_soc":0.683222}},{"type":"Feature","id":194,"geometry":{"type":"Polygon","coordinates":[[[-70.1903,-22.0828],[-70.1904,-22.0827],[-70.1901,-22.0824],[-70.1904,-22.0821],[-70.1911,-22.0827],[-70.1907,-22.0831],[-70.1903,-22.0828]]]},"properties":{"OID":194,"MANZENT":2301031004040,"n_per":57,"n_hombres":29,"n_mujeres":28,"n_edad_0_5":2,"n_edad_6_1":12,"n_edad_14_":0,"n_edad_18_":5,"n_edad_25_":15,"n_edad_45_":11,"n_edad_60_":12,"n_transpor":3,"n_transp_1":0,"n_transp_2":1,"n_transp_3":0,"n_transp_4":0,"n_transp_5":0,"n_transp_6":0,"dim_acc":0.623304,"dim_soc":0.683222}},{"type":"Feature","id":195,"geometry":{"type":"Polygon","coordinates":[[[-70.1897,-22.0829],[-70.1897,-22.0828],[-70.19,-22.0825],[-70.1903,-22.0827],[-70.19,-22.0831],[-70.1897,-22.0829]]]},"properties":{"OID":195,"MANZENT":2301031004040,"n_per":26,"n_hombres":15,"n_mujeres":11,"n_edad_0_5":0,"n_edad_6_1":2,"n_edad_14_":1,"n_edad_18_":2,"n_edad_25_":5,"n_edad_45_":8,"n_edad_60_":8,"n_transpor":0,"n_transp_1":0,"n_transp_2":0,"n_transp_3":0,"n_transp_4":0,"n_transp_5":0,"n_transp_6":0,"dim_acc":0.623304,"dim_soc":0.683222}},{"type":"Feature","id":196,"geometry":{"type":"MultiPolygon","coordinates":[[[[-70.1886,-22.0798],[-70.1872,-22.0786],[-70.1873,-22.0782],[-70.1893,-22.0798],[-70.189,-22.0801],[-70.1886,-22.0798]]],[[[-70.1869,-22.0809],[-70.187,-22.0806],[-70.1866,-22.0802],[-70.1868,-22.0797],[-70.1869,-22.0786],[-70.1872,-22.0779],[-70.1873,-22.078],[-70.1871,-22.0784],[-70.1871,-22.0786],[-70.1889,-22.0801],[-70.1886,-22.0805],[-70.1886,-22.0807],[-70.1875,-22.0817],[-70.1869,-22.0809]]]]},"properties":{"OID":196,"MANZENT":2301031004010,"n_per":8,"n_hombres":4,"n_mujeres":4,"n_edad_0_5":0,"n_edad_6_1":1,"n_edad_14_":1,"n_edad_18_":0,"n_edad_25_":3,"n_edad_45_":1,"n_edad_60_":2,"n_transpor":0,"n_transp_1":0,"n_transp_2":0,"n_transp_3":0,"n_transp_4":0,"n_transp_5":0,"n_transp_6":1,"dim_acc":0.583997,"dim_soc":0.675271}},{"type":"Feature","id":197,"geometry":{"type":"Polygon","coordinates":[[[-70.1949,-22.0821],[-70.1953,-22.0833],[-70.1946,-22.0834],[-70.1945,-22.0826],[-70.1949,-22.0821]]]},"properties":{"OID":197,"MANZENT":2301031005000,"n_per":41,"n_hombres":19,"n_mujeres":22,"n_edad_0_5":2,"n_edad_6_1":3,"n_edad_14_":2,"n_edad_18_":1,"n_edad_25_":8,"n_edad_45_":10,"n_edad_60_":15,"n_transpor":0,"n_transp_1":0,"n_transp_2":0,"n_transp_3":0,"n_transp_4":0,"n_transp_5":0,"n_transp_6":0,"dim_acc":0,"dim_soc":0}},{"type":"Feature","id":198,"geometry":{"type":"Polygon","coordinates":[[[-70.1938,-22.0844],[-70.1937,-22.0834],[-70.1944,-22.0827],[-70.1946,-22.0842],[-70.1938,-22.0844]]]},"properties":{"OID":198,"MANZENT":2301031005000,"n_per":98,"n_hombres":43,"n_mujeres":55,"n_edad_0_5":1,"n_edad_6_1":9,"n_edad_14_":10,"n_edad_18_":6,"n_edad_25_":20,"n_edad_45_":21,"n_edad_60_":31,"n_transpor":7,"n_transp_1":12,"n_transp_2":5,"n_transp_3":0,"n_transp_4":0,"n_transp_5":0,"n_transp_6":0,"dim_acc":0,"dim_soc":0}},{"type":"Feature","id":199,"geometry":{"type":"Polygon","coordinates":[[[-70.1946,-22.0835],[-70.1953,-22.0834],[-70.1956,-22.0842],[-70.1947,-22.0843],[-70.1946,-22.0835]]]},"properties":{"OID":199,"MANZENT":2301031005000,"n_per":23,"n_hombres":13,"n_mujeres":10,"n_edad_0_5":0,"n_edad_6_1":3,"n_edad_14_":1,"n_edad_18_":4,"n_edad_25_":4,"n_edad_45_":7,"n_edad_60_":4,"n_transpor":3,"n_transp_1":3,"n_transp_2":2,"n_transp_3":0,"n_transp_4":0,"n_transp_5":0,"n_transp_6":0,"dim_acc":0,"dim_soc":0}},{"type":"Feature","id":200,"geometry":{"type":"Polygon","coordinates":[[[-70.1937,-22.0844],[-70.1931,-22.084],[-70.1936,-22.0835],[-70.1936,-22.0836],[-70.1937,-22.0844]]]},"properties":{"OID":200,"MANZENT":2301031005000,"n_per":25,"n_hombres":11,"n_mujeres":14,"n_edad_0_5":3,"n_edad_6_1":4,"n_edad_14_":1,"n_edad_18_":1,"n_edad_25_":9,"n_edad_45_":2,"n_edad_60_":5,"n_transpor":2,"n_transp_1":4,"n_transp_2":3,"n_transp_3":0,"n_transp_4":0,"n_transp_5":0,"n_transp_6":0,"dim_acc":0,"dim_soc":0}},{"type":"Feature","id":201,"geometry":{"type":"Polygon","coordinates":[[[-70.1938,-22.0853],[-70.1924,-22.0848],[-70.1924,-22.0847],[-70.193,-22.0841],[-70.1937,-22.0845],[-70.1938,-22.0853]]]},"properties":{"OID":201,"MANZENT":2301031005000,"n_per":66,"n_hombres":32,"n_mujeres":34,"n_edad_0_5":4,"n_edad_6_1":4,"n_edad_14_":3,"n_edad_18_":5,"n_edad_25_":15,"n_edad_45_":12,"n_edad_60_":23,"n_transpor":13,"n_transp_1":7,"n_transp_2":4,"n_transp_3":0,"n_transp_4":0,"n_transp_5":0,"n_transp_6":0,"dim_acc":0,"dim_soc":0}},{"type":"Feature","id":202,"geometry":{"type":"Polygon","coordinates":[[[-70.1956,-22.0843],[-70.1958,-22.0847],[-70.1947,-22.0848],[-70.1947,-22.0844],[-70.1956,-22.0843]]]},"properties":{"OID":202,"MANZENT":2301031005010,"n_per":62,"n_hombres":29,"n_mujeres":33,"n_edad_0_5":3,"n_edad_6_1":10,"n_edad_14_":4,"n_edad_18_":7,"n_edad_25_":16,"n_edad_45_":15,"n_edad_60_":7,"n_transpor":1,"n_transp_1":3,"n_transp_2":0,"n_transp_3":0,"n_transp_4":0,"n_transp_5":0,"n_transp_6":0,"dim_acc":0.707715,"dim_soc":0.648989}},{"type":"Feature","id":203,"geometry":{"type":"Polygon","coordinates":[[[-70.1939,-22.0849],[-70.1938,-22.0844],[-70.1946,-22.0844],[-70.1946,-22.0848],[-70.1939,-22.0849]]]},"properties":{"OID":203,"MANZENT":2301031005010,"n_per":57,"n_hombres":28,"n_mujeres":29,"n_edad_0_5":2,"n_edad_6_1":9,"n_edad_14_":3,"n_edad_18_":6,"n_edad_25_":13,"n_edad_45_":7,"n_edad_60_":17,"n_transpor":4,"n_transp_1":3,"n_transp_2":2,"n_transp_3":0,"n_transp_4":0,"n_transp_5":0,"n_transp_6":0,"dim_acc":0.707715,"dim_soc":0.648989}},{"type":"Feature","id":204,"geometry":{"type":"Polygon","coordinates":[[[-70.1923,-22.0866],[-70.1921,-22.0851],[-70.1924,-22.0848],[-70.1928,-22.085],[-70.1928,-22.0851],[-70.193,-22.087],[-70.1923,-22.0866]]]},"properties":{"OID":204,"MANZENT":2301031005010,"n_per":71,"n_hombres":34,"n_mujeres":37,"n_edad_0_5":1,"n_edad_6_1":9,"n_edad_14_":7,"n_edad_18_":4,"n_edad_25_":18,"n_edad_45_":11,"n_edad_60_":21,"n_transpor":7,"n_transp_1":9,"n_transp_2":7,"n_transp_3":0,"n_transp_4":0,"n_transp_5":0,"n_transp_6":0,"dim_acc":0.707715,"dim_soc":0.648989}},{"type":"Feature","id":205,"geometry":{"type":"Polygon","coordinates":[[[-70.1947,-22.0849],[-70.1947,-22.0853],[-70.1939,-22.0854],[-70.1939,-22.085],[-70.1947,-22.0849]]]},"properties":{"OID":205,"MANZENT":2301031005010,"n_per":37,"n_hombres":19,"n_mujeres":18,"n_edad_0_5":4,"n_edad_6_1":2,"n_edad_14_":1,"n_edad_18_":1,"n_edad_25_":10,"n_edad_45_":8,"n_edad_60_":11,"n_transpor":0,"n_transp_1":6,"n_transp_2":2,"n_transp_3":0,"n_transp_4":0,"n_transp_5":0,"n_transp_6":1,"dim_acc":0.707715,"dim_soc":0.648989}},{"type":"Feature","id":206,"geometry":{"type":"Polygon","coordinates":[[[-70.194,-22.0876],[-70.1931,-22.0871],[-70.1929,-22.0851],[-70.1938,-22.0854],[-70.194,-22.0876]]]},"properties":{"OID":206,"MANZENT":2301031005010,"n_per":118,"n_hombres":50,"n_mujeres":68,"n_edad_0_5":9,"n_edad_6_1":12,"n_edad_14_":4,"n_edad_18_":6,"n_edad_25_":34,"n_edad_45_":22,"n_edad_60_":31,"n_transpor":5,"n_transp_1":21,"n_transp_2":10,"n_transp_3":0,"n_transp_4":0,"n_transp_5":0,"n_transp_6":1,"dim_acc":0.707715,"dim_soc":0.648989}},{"type":"Feature","id":207,"geometry":{"type":"Polygon","coordinates":[[[-70.1965,-22.086],[-70.1964,-22.0853],[-70.1967,-22.0852],[-70.1969,-22.086],[-70.1965,-22.086]]]},"properties":{"OID":207,"MANZENT":2301031005010,"n_per":39,"n_hombres":20,"n_mujeres":19,"n_edad_0_5":2,"n_edad_6_1":8,"n_edad_14_":4,"n_edad_18_":1,"n_edad_25_":15,"n_edad_45_":2,"n_edad_60_":7,"n_transpor":0,"n_transp_1":4,"n_transp_2":0,"n_transp_3":0,"n_transp_4":0,"n_transp_5":0,"n_transp_6":0,"dim_acc":0.707715,"dim_soc":0.648989}},{"type":"Feature","id":208,"geometry":{"type":"Polygon","coordinates":[[[-70.196,-22.0853],[-70.1964,-22.0853],[-70.1964,-22.0861],[-70.1961,-22.0861],[-70.196,-22.0853]]]},"properties":{"OID":208,"MANZENT":2301031005010,"n_per":32,"n_hombres":16,"n_mujeres":16,"n_edad_0_5":1,"n_edad_6_1":2,"n_edad_14_":3,"n_edad_18_":2,"n_edad_25_":5,"n_edad_45_":9,"n_edad_60_":10,"n_transpor":2,"n_transp_1":2,"n_transp_2":7,"n_transp_3":0,"n_transp_4":0,"n_transp_5":0,"n_transp_6":0,"dim_acc":0.707715,"dim_soc":0.648989}},{"type":"Feature","id":209,"geometry":{"type":"Polygon","coordinates":[[[-70.1953,-22.0861],[-70.1952,-22.0854],[-70.1955,-22.0853],[-70.1956,-22.0861],[-70.1953,-22.0861]]]},"properties":{"OID":209,"MANZENT":2301031005020,"n_per":62,"n_hombres":30,"n_mujeres":32,"n_edad_0_5":7,"n_edad_6_1":9,"n_edad_14_":3,"n_edad_18_":3,"n_edad_25_":20,"n_edad_45_":7,"n_edad_60_":13,"n_transpor":7,"n_transp_1":6,"n_transp_2":10,"n_transp_3":0,"n_transp_4":0,"n_transp_5":0,"n_transp_6":0,"dim_acc":0,"dim_soc":0}},{"type":"Feature","id":210,"geometry":{"type":"Polygon","coordinates":[[[-70.1949,-22.0861],[-70.1948,-22.0854],[-70.1952,-22.0854],[-70.1953,-22.0861],[-70.1949,-22.0861]]]},"properties":{"OID":210,"MANZENT":2301031005020,"n_per":51,"n_hombres":24,"n_mujeres":27,"n_edad_0_5":0,"n_edad_6_1":5,"n_edad_14_":1,"n_edad_18_":5,"n_edad_25_":16,"n_edad_45_":8,"n_edad_60_":16,"n_transpor":1,"n_transp_1":7,"n_transp_2":1,"n_transp_3":0,"n_transp_4":0,"n_transp_5":0,"n_transp_6":1,"dim_acc":0,"dim_soc":0}},{"type":"Feature","id":211,"geometry":{"type":"Polygon","coordinates":[[[-70.1944,-22.0862],[-70.1944,-22.0858],[-70.1945,-22.0858],[-70.1943,-22.0858],[-70.1943,-22.0855],[-70.1947,-22.0854],[-70.1948,-22.0861],[-70.1944,-22.0862]]]},"properties":{"OID":211,"MANZENT":2301031005020,"n_per":36,"n_hombres":14,"n_mujeres":22,"n_edad_0_5":1,"n_edad_6_1":9,"n_edad_14_":3,"n_edad_18_":1,"n_edad_25_":13,"n_edad_45_":3,"n_edad_60_":6,"n_transpor":2,"n_transp_1":2,"n_transp_2":2,"n_transp_3":0,"n_transp_4":0,"n_transp_5":0,"n_transp_6":0,"dim_acc":0,"dim_soc":0}},{"type":"Feature","id":212,"geometry":{"type":"Polygon","coordinates":[[[-70.194,-22.0862],[-70.1939,-22.0855],[-70.1943,-22.0855],[-70.1944,-22.0862],[-70.194,-22.0862]]]},"properties":{"OID":212,"MANZENT":2301031005020,"n_per":48,"n_hombres":23,"n_mujeres":25,"n_edad_0_5":7,"n_edad_6_1":7,"n_edad_14_":1,"n_edad_18_":2,"n_edad_25_":20,"n_edad_45_":5,"n_edad_60_":6,"n_transpor":12,"n_transp_1":4,"n_transp_2":6,"n_transp_3":0,"n_transp_4":0,"n_transp_5":0,"n_transp_6":0,"dim_acc":0,"dim_soc":0}},{"type":"Feature","id":213,"geometry":{"type":"Polygon","coordinates":[[[-70.1963,-22.0861],[-70.1969,-22.0861],[-70.197,-22.0862],[-70.1968,-22.0862],[-70.1969,-22.0868],[-70.1963,-22.0868],[-70.1963,-22.0861]]]},"properties":{"OID":213,"MANZENT":2301031005020,"n_per":74,"n_hombres":32,"n_mujeres":42,"n_edad_0_5":2,"n_edad_6_1":8,"n_edad_14_":5,"n_edad_18_":3,"n_edad_25_":31,"n_edad_45_":9,"n_edad_60_":16,"n_transpor":2,"n_transp_1":3,"n_transp_2":3,"n_transp_3":0,"n_transp_4":0,"n_transp_5":0,"n_transp_6":0,"dim_acc":0,"dim_soc":0}},{"type":"Feature","id":214,"geometry":{"type":"Polygon","coordinates":[[[-70.195,-22.088],[-70.1946,-22.0879],[-70.1945,-22.0862],[-70.1948,-22.0862],[-70.195,-22.088]]]},"properties":{"OID":214,"MANZENT":2301031005020,"n_per":125,"n_hombres":64,"n_mujeres":61,"n_edad_0_5":7,"n_edad_6_1":9,"n_edad_14_":9,"n_edad_18_":14,"n_edad_25_":30,"n_edad_45_":28,"n_edad_60_":28,"n_transpor":13,"n_transp_1":15,"n_transp_2":10,"n_transp_3":0,"n_transp_4":0,"n_transp_5":0,"n_transp_6":6,"dim_acc":0,"dim_soc":0}},{"type":"Feature","id":215,"geometry":{"type":"Polygon","coordinates":[[[-70.1945,-22.0878],[-70.1941,-22.0876],[-70.194,-22.0863],[-70.1944,-22.0863],[-70.1945,-22.0878]]]},"properties":{"OID":215,"MANZENT":2301031005020,"n_per":86,"n_hombres":37,"n_mujeres":49,"n_edad_0_5":7,"n_edad_6_1":9,"n_edad_14_":3,"n_edad_18_":9,"n_edad_25_":23,"n_edad_45_":16,"n_edad_60_":19,"n_transpor":8,"n_transp_1":18,"n_transp_2":8,"n_transp_3":0,"n_transp_4":0,"n_transp_5":0,"n_transp_6":1,"dim_acc":0,"dim_soc":0}},{"type":"Feature","id":216,"geometry":{"type":"Polygon","coordinates":[[[-70.1982,-22.0895],[-70.1976,-22.089],[-70.1974,-22.0882],[-70.1986,-22.0893],[-70.1983,-22.0896],[-70.1982,-22.0895]]]},"properties":{"OID":216,"MANZENT":2301031005030,"n_per":21,"n_hombres":6,"n_mujeres":15,"n_edad_0_5":1,"n_edad_6_1":4,"n_edad_14_":1,"n_edad_18_":0,"n_edad_25_":4,"n_edad_45_":4,"n_edad_60_":7,"n_transpor":2,"n_transp_1":1,"n_transp_2":0,"n_transp_3":0,"n_transp_4":0,"n_transp_5":0,"n_transp_6":0,"dim_acc":0,"dim_soc":0}},{"type":"Feature","id":217,"geometry":{"type":"Polygon","coordinates":[[[-70.1983,-22.0898],[-70.1982,-22.0898],[-70.1973,-22.0893],[-70.1975,-22.0891],[-70.1981,-22.0895],[-70.1983,-22.0898]]]},"properties":{"OID":217,"MANZENT":2301031005030,"n_per":13,"n_hombres":8,"n_mujeres":5,"n_edad_0_5":1,"n_edad_6_1":2,"n_edad_14_":0,"n_edad_18_":0,"n_edad_25_":3,"n_edad_45_":4,"n_edad_60_":3,"n_transpor":0,"n_transp_1":1,"n_transp_2":5,"n_transp_3":0,"n_transp_4":0,"n_transp_5":0,"n_transp_6":0,"dim_acc":0,"dim_soc":0}},{"type":"Feature","id":218,"geometry":{"type":"Polygon","coordinates":[[[-70.1996,-22.0904],[-70.1997,-22.0907],[-70.1983,-22.0899],[-70.1983,-22.0897],[-70.1986,-22.0893],[-70.1998,-22.0903],[-70.1996,-22.0904]]]},"properties":{"OID":218,"MANZENT":2301031005030,"n_per":29,"n_hombres":13,"n_mujeres":16,"n_edad_0_5":0,"n_edad_6_1":2,"n_edad_14_":4,"n_edad_18_":2,"n_edad_25_":3,"n_edad_45_":7,"n_edad_60_":11,"n_transpor":3,"n_transp_1":1,"n_transp_2":5,"n_transp_3":0,"n_transp_4":0,"n_transp_5":0,"n_transp_6":0,"dim_acc":0,"dim_soc":0}},{"type":"Feature","id":219,"geometry":{"type":"Polygon","coordinates":[[[-70.2011,-22.0917],[-70.1997,-22.0907],[-70.1996,-22.0905],[-70.1998,-22.0903],[-70.2014,-22.0915],[-70.2011,-22.0918],[-70.2011,-22.0917]]]},"properties":{"OID":219,"MANZENT":2301031005030,"n_per":54,"n_hombres":30,"n_mujeres":24,"n_edad_0_5":0,"n_edad_6_1":3,"n_edad_14_":3,"n_edad_18_":3,"n_edad_25_":11,"n_edad_45_":10,"n_edad_60_":24,"n_transpor":0,"n_transp_1":3,"n_transp_2":0,"n_transp_3":0,"n_transp_4":0,"n_transp_5":0,"n_transp_6":0,"dim_acc":0,"dim_soc":0}},{"type":"Feature","id":220,"geometry":{"type":"Polygon","coordinates":[[[-70.2022,-22.0925],[-70.2021,-22.0926],[-70.2011,-22.0918],[-70.2014,-22.0915],[-70.2021,-22.0921],[-70.2022,-22.0923],[-70.2022,-22.0925]]]},"properties":{"OID":220,"MANZENT":2301031005040,"n_per":23,"n_hombres":13,"n_mujeres":10,"n_edad_0_5":0,"n_edad_6_1":1,"n_edad_14_":1,"n_edad_18_":2,"n_edad_25_":4,"n_edad_45_":5,"n_edad_60_":10,"n_transpor":0,"n_transp_1":5,"n_transp_2":4,"n_transp_3":0,"n_transp_4":0,"n_transp_5":0,"n_transp_6":0,"dim_acc":0,"dim_soc":0}},{"type":"Feature","id":221,"geometry":{"type":"MultiPolygon","coordinates":[[[[-70.1957,-22.0861],[-70.196,-22.0862],[-70.1962,-22.0876],[-70.1962,-22.0881],[-70.1961,-22.0884],[-70.196,-22.0885],[-70.1951,-22.0881],[-70.1949,-22.0862],[-70.1957,-22.0861]]],[[[-70.1959,-22.0861],[-70.1957,-22.0861],[-70.1956,-22.0853],[-70.1959,-22.0853],[-70.196,-22.0861],[-70.1959,-22.0861]]]]},"properties":{"OID":221,"MANZENT":2301031005010,"n_per":36,"n_hombres":19,"n_mujeres":17,"n_edad_0_5":4,"n_edad_6_1":4,"n_edad_14_":0,"n_edad_18_":1,"n_edad_25_":9,"n_edad_45_":6,"n_edad_60_":12,"n_transpor":3,"n_transp_1":4,"n_transp_2":3,"n_transp_3":0,"n_transp_4":0,"n_transp_5":0,"n_transp_6":0,"dim_acc":0.707715,"dim_soc":0.648989}},{"type":"Feature","id":222,"geometry":{"type":"Polygon","coordinates":[[[-70.1859,-22.0573],[-70.1851,-22.0573],[-70.1851,-22.0592],[-70.1861,-22.0593],[-70.1862,-22.0596],[-70.1838,-22.0596],[-70.1838,-22.0594],[-70.1836,-22.0594],[-70.1836,-22.0594],[-70.1843,-22.059],[-70.1846,-22.0586],[-70.1847,-22.0582],[-70.1846,-22.0572],[-70.1848,-22.0565],[-70.185,-22.0565],[-70.1852,-22.0568],[-70.186,-22.0569],[-70.1864,-22.0569],[-70.1863,-22.0572],[-70.1859,-22.0573]]]},"properties":{"OID":222,"MANZENT":2301031006000,"n_per":119,"n_hombres":58,"n_mujeres":61,"n_edad_0_5":8,"n_edad_6_1":24,"n_edad_14_":10,"n_edad_18_":10,"n_edad_25_":33,"n_edad_45_":23,"n_edad_60_":11,"n_transpor":9,"n_transp_1":20,"n_transp_2":2,"n_transp_3":0,"n_transp_4":0,"n_transp_5":0,"n_transp_6":0,"dim_acc":0,"dim_soc":0}},{"type":"Feature","id":223,"geometry":{"type":"Polygon","coordinates":[[[-70.1865,-22.0569],[-70.1872,-22.0568],[-70.1882,-22.0569],[-70.1891,-22.0569],[-70.1889,-22.0584],[-70.1889,-22.0589],[-70.1891,-22.0594],[-70.1894,-22.0598],[-70.1895,-22.0602],[-70.1896,-22.0605],[-70.1901,-22.0608],[-70.1902,-22.0609],[-70.1904,-22.0611],[-70.1905,-22.0614],[-70.1906,-22.0615],[-70.1905,-22.0616],[-70.1907,-22.0615],[-70.1909,-22.0617],[-70.1912,-22.0618],[-70.1913,-22.062],[-70.1912,-22.062],[-70.1917,-22.0623],[-70.1916,-22.0623],[-70.1914,-22.0623],[-70.1915,-22.0625],[-70.1912,-22.0624],[-70.1913,-22.0625],[-70.1912,-22.0625],[-70.1912,-22.0626],[-70.1914,-22.0626],[-70.1917,-22.0628],[-70.1914,-22.0629],[-70.1916,-22.063],[-70.1915,-22.063],[-70.1916,-22.0631],[-70.1915,-22.0632],[-70.1916,-22.0632],[-70.1915,-22.0632],[-70.1914,-22.0633],[-70.1916,-22.0634],[-70.1918,-22.0634],[-70.1919,-22.0637],[-70.1926,-22.0638],[-70.1927,-22.0639],[-70.1926,-22.064],[-70.1926,-22.0642],[-70.1923,-22.0642],[-70.1915,-22.0641],[-70.1908,-22.0639],[-70.1905,-22.064],[-70.1901,-22.064],[-70.19,-22.0641],[-70.19,-22.0644],[-70.1899,-22.0645],[-70.1893,-22.0645],[-70.1887,-22.0643],[-70.1885,-22.0643],[-70.1881,-22.0644],[-70.1877,-22.0647],[-70.1877,-22.0623],[-70.1875,-22.062],[-70.1882,-22.0615],[-70.1885,-22.0616],[-70.1887,-22.0615],[-70.1894,-22.0617],[-70.1898,-22.062],[-70.1903,-22.0621],[-70.1906,-22.062],[-70.1899,-22.062],[-70.1894,-22.0617],[-70.1888,-22.0615],[-70.1885,-22.0616],[-70.1882,-22.0615],[-70.1874,-22.0619],[-70.187,-22.0616],[-70.1868,-22.0608],[-70.1874,-22.0606],[-70.1877,-22.0606],[-70.1877,-22.0605],[-70.1867,-22.0608],[-70.1863,-22.0582],[-70.1863,-22.0576],[-70.1865,-22.0569]]]},"properties":{"OID":223,"MANZENT":2301031006000,"n_per":14,"n_hombres":8,"n_mujeres":6,"n_edad_0_5":0,"n_edad_6_1":0,"n_edad_14_":0,"n_edad_18_":2,"n_edad_25_":2,"n_edad_45_":6,"n_edad_60_":4,"n_transpor":2,"n_transp_1":2,"n_transp_2":1,"n_transp_3":0,"n_transp_4":0,"n_transp_5":0,"n_transp_6":0,"dim_acc":0,"dim_soc":0}},{"type":"Feature","id":224,"geometry":{"type":"Polygon","coordinates":[[[-70.1886,-22.0683],[-70.1879,-22.0674],[-70.1863,-22.0662],[-70.1859,-22.0656],[-70.1857,-22.0646],[-70.1854,-22.064],[-70.1851,-22.0636],[-70.184,-22.0625],[-70.1837,-22.0621],[-70.1835,-22.0612],[-70.1837,-22.0612],[-70.1837,-22.061],[-70.1835,-22.06],[-70.1836,-22.0595],[-70.1837,-22.0594],[-70.1838,-22.0597],[-70.1841,-22.0612],[-70.1844,-22.0623],[-70.1869,-22.0623],[-70.1877,-22.0667],[-70.1886,-22.0681],[-70.1894,-22.0687],[-70.1894,-22.0689],[-70.1893,-22.069],[-70.1891,-22.0689],[-70.1886,-22.0683]]]},"properties":{"OID":224,"MANZENT":2301031006010,"n_per":688,"n_hombres":607,"n_mujeres":81,"n_edad_0_5":0,"n_edad_6_1":3,"n_edad_14_":3,"n_edad_18_":109,"n_edad_25_":477,"n_edad_45_":82,"n_edad_60_":14,"n_transpor":3,"n_transp_1":14,"n_transp_2":3,"n_transp_3":0,"n_transp_4":0,"n_transp_5":0,"n_transp_6":7,"dim_acc":0.370372,"dim_soc":0.568454}},{"type":"Feature","id":225,"geometry":{"type":"Polygon","coordinates":[[[-70.1865,-22.0612],[-70.1861,-22.0611],[-70.1858,-22.0597],[-70.1862,-22.0597],[-70.1865,-22.0612]]]},"properties":{"OID":225,"MANZENT":2301031006010,"n_per":91,"n_hombres":41,"n_mujeres":50,"n_edad_0_5":5,"n_edad_6_1":17,"n_edad_14_":5,"n_edad_18_":11,"n_edad_25_":35,"n_edad_45_":13,"n_edad_60_":5,"n_transpor":1,"n_transp_1":7,"n_transp_2":0,"n_transp_3":0,"n_transp_4":0,"n_transp_5":0,"n_transp_6":0,"dim_acc":0.370372,"dim_soc":0.568454}},{"type":"Feature","id":226,"geometry":{"type":"Polygon","coordinates":[[[-70.1858,-22.0597],[-70.1861,-22.0611],[-70.1857,-22.0611],[-70.1854,-22.0597],[-70.1858,-22.0597]]]},"properties":{"OID":226,"MANZENT":2301031006010,"n_per":161,"n_hombres":76,"n_mujeres":85,"n_edad_0_5":8,"n_edad_6_1":26,"n_edad_14_":19,"n_edad_18_":20,"n_edad_25_":61,"n_edad_45_":13,"n_edad_60_":14,"n_transpor":14,"n_transp_1":35,"n_transp_2":4,"n_transp_3":0,"n_transp_4":0,"n_transp_5":0,"n_transp_6":2,"dim_acc":0.370372,"dim_soc":0.568454}},{"type":"Feature","id":227,"geometry":{"type":"Polygon","coordinates":[[[-70.1854,-22.0597],[-70.1854,-22.06],[-70.184,-22.06],[-70.1839,-22.0598],[-70.1839,-22.0597],[-70.1854,-22.0597]]]},"properties":{"OID":227,"MANZENT":2301031006010,"n_per":110,"n_hombres":54,"n_mujeres":56,"n_edad_0_5":10,"n_edad_6_1":19,"n_edad_14_":10,"n_edad_18_":9,"n_edad_25_":37,"n_edad_45_":16,"n_edad_60_":9,"n_transpor":14,"n_transp_1":15,"n_transp_2":0,"n_transp_3":0,"n_transp_4":0,"n_transp_5":0,"n_transp_6":0,"dim_acc":0.370372,"dim_soc":0.568454}},{"type":"Feature","id":228,"geometry":{"type":"Polygon","coordinates":[[[-70.184,-22.06],[-70.1854,-22.06],[-70.1855,-22.0603],[-70.184,-22.0603],[-70.184,-22.06]]]},"properties":{"OID":228,"MANZENT":2301031006010,"n_per":121,"n_hombres":60,"n_mujeres":61,"n_edad_0_5":9,"n_edad_6_1":17,"n_edad_14_":10,"n_edad_18_":11,"n_edad_25_":46,"n_edad_45_":21,"n_edad_60_":7,"n_transpor":13,"n_transp_1":21,"n_transp_2":1,"n_transp_3":0,"n_transp_4":0,"n_transp_5":0,"n_transp_6":1,"dim_acc":0.370372,"dim_soc":0.568454}},{"type":"Feature","id":229,"geometry":{"type":"Polygon","coordinates":[[[-70.184,-22.0604],[-70.1855,-22.0604],[-70.1856,-22.0606],[-70.1841,-22.0607],[-70.184,-22.0604]]]},"properties":{"OID":229,"MANZENT":2301031006010,"n_per":141,"n_hombres":59,"n_mujeres":82,"n_edad_0_5":12,"n_edad_6_1":27,"n_edad_14_":9,"n_edad_18_":9,"n_edad_25_":56,"n_edad_45_":17,"n_edad_60_":11,"n_transpor":18,"n_transp_1":34,"n_transp_2":6,"n_transp_3":0,"n_transp_4":0,"n_transp_5":0,"n_transp_6":0,"dim_acc":0.370372,"dim_soc":0.568454}},{"type":"Feature","id":230,"geometry":{"type":"Polygon","coordinates":[[[-70.1841,-22.0607],[-70.1856,-22.0607],[-70.1857,-22.0611],[-70.1841,-22.0611],[-70.1841,-22.0607]]]},"properties":{"OID":230,"MANZENT":2301031006010,"n_per":101,"n_hombres":43,"n_mujeres":58,"n_edad_0_5":5,"n_edad_6_1":17,"n_edad_14_":11,"n_edad_18_":15,"n_edad_25_":31,"n_edad_45_":16,"n_edad_60_":6,"n_transpor":4,"n_transp_1":19,"n_transp_2":1,"n_transp_3":0,"n_transp_4":0,"n_transp_5":0,"n_transp_6":0,"dim_acc":0.370372,"dim_soc":0.568454}},{"type":"Feature","id":231,"geometry":{"type":"Polygon","coordinates":[[[-70.1853,-22.0612],[-70.1854,-22.0615],[-70.1842,-22.0615],[-70.1841,-22.0611],[-70.1853,-22.0612]]]},"properties":{"OID":231,"MANZENT":2301031006020,"n_per":132,"n_hombres":60,"n_mujeres":72,"n_edad_0_5":9,"n_edad_6_1":23,"n_edad_14_":13,"n_edad_18_":18,"n_edad_25_":37,"n_edad_45_":25,"n_edad_60_":7,"n_transpor":13,"n_transp_1":24,"n_transp_2":1,"n_transp_3":0,"n_transp_4":0,"n_transp_5":0,"n_transp_6":6,"dim_acc":0,"dim_soc":0}},{"type":"Feature","id":232,"geometry":{"type":"Polygon","coordinates":[[[-70.1865,-22.0615],[-70.1855,-22.0615],[-70.1854,-22.0612],[-70.1866,-22.0612],[-70.1867,-22.0615],[-70.1865,-22.0615]]]},"properties":{"OID":232,"MANZENT":2301031006020,"n_per":90,"n_hombres":44,"n_mujeres":46,"n_edad_0_5":10,"n_edad_6_1":17,"n_edad_14_":8,"n_edad_18_":9,"n_edad_25_":31,"n_edad_45_":6,"n_edad_60_":9,"n_transpor":7,"n_transp_1":18,"n_transp_2":2,"n_transp_3":0,"n_transp_4":0,"n_transp_5":0,"n_transp_6":1,"dim_acc":0,"dim_soc":0}},{"type":"Feature","id":233,"geometry":{"type":"Polygon","coordinates":[[[-70.1842,-22.0615],[-70.1854,-22.0615],[-70.1855,-22.0619],[-70.1843,-22.0618],[-70.1842,-22.0615]]]},"properties":{"OID":233,"MANZENT":2301031006020,"n_per":129,"n_hombres":62,"n_mujeres":67,"n_edad_0_5":9,"n_edad_6_1":21,"n_edad_14_":13,"n_edad_18_":11,"n_edad_25_":37,"n_edad_45_":23,"n_edad_60_":15,"n_transpor":8,"n_transp_1":29,"n_transp_2":2,"n_transp_3":0,"n_transp_4":0,"n_transp_5":0,"n_transp_6":6,"dim_acc":0,"dim_soc":0}},{"type":"Feature","id":234,"geometry":{"type":"Polygon","coordinates":[[[-70.1866,-22.0619],[-70.1856,-22.0619],[-70.1855,-22.0615],[-70.1867,-22.0616],[-70.1868,-22.0619],[-70.1866,-22.0619]]]},"properties":{"OID":234,"MANZENT":2301031006020,"n_per":110,"n_hombres":51,"n_mujeres":59,"n_edad_0_5":6,"n_edad_6_1":18,"n_edad_14_":11,"n_edad_18_":13,"n_edad_25_":37,"n_edad_45_":20,"n_edad_60_":5,"n_transpor":12,"n_transp_1":25,"n_transp_2":3,"n_transp_3":0,"n_transp_4":0,"n_transp_5":0,"n_transp_6":3,"dim_acc":0,"dim_soc":0}},{"type":"Feature","id":235,"geometry":{"type":"Polygon","coordinates":[[[-70.1843,-22.0619],[-70.1855,-22.0619],[-70.1856,-22.0622],[-70.1845,-22.0622],[-70.1844,-22.0622],[-70.1843,-22.0619]]]},"properties":{"OID":235,"MANZENT":2301031006020,"n_per":94,"n_hombres":46,"n_mujeres":48,"n_edad_0_5":12,"n_edad_6_1":12,"n_edad_14_":11,"n_edad_18_":9,"n_edad_25_":32,"n_edad_45_":10,"n_edad_60_":8,"n_transpor":5,"n_transp_1":11,"n_transp_2":3,"n_transp_3":0,"n_transp_4":0,"n_transp_5":0,"n_transp_6":2,"dim_acc":0,"dim_soc":0}},{"type":"Feature","id":236,"geometry":{"type":"Polygon","coordinates":[[[-70.1867,-22.0623],[-70.1857,-22.0622],[-70.1856,-22.0619],[-70.1868,-22.0619],[-70.1869,-22.0623],[-70.1867,-22.0623]]]},"properties":{"OID":236,"MANZENT":2301031006020,"n_per":83,"n_hombres":41,"n_mujeres":42,"n_edad_0_5":11,"n_edad_6_1":7,"n_edad_14_":3,"n_edad_18_":16,"n_edad_25_":27,"n_edad_45_":10,"n_edad_60_":9,"n_transpor":8,"n_transp_1":14,"n_transp_2":2,"n_transp_3":0,"n_transp_4":0,"n_transp_5":0,"n_transp_6":0,"dim_acc":0,"dim_soc":0}},{"type":"Feature","id":237,"geometry":{"type":"Polygon","coordinates":[[[-70.1938,-22.0779],[-70.1936,-22.0776],[-70.1949,-22.0774],[-70.195,-22.0777],[-70.195,-22.0787],[-70.1951,-22.0787],[-70.1951,-22.0788],[-70.1952,-22.0788],[-70.1952,-22.0789],[-70.1953,-22.079],[-70.1953,-22.079],[-70.1955,-22.0791],[-70.1954,-22.0792],[-70.1954,-22.0792],[-70.1955,-22.0793],[-70.1955,-22.0793],[-70.1955,-22.0795],[-70.1956,-22.0794],[-70.1957,-22.0795],[-70.1956,-22.0796],[-70.1954,-22.0796],[-70.1955,-22.0797],[-70.1954,-22.08],[-70.1954,-22.0804],[-70.1956,-22.0804],[-70.1955,-22.0806],[-70.1956,-22.0806],[-70.1957,-22.0806],[-70.1957,-22.0808],[-70.1958,-22.0808],[-70.1957,-22.0809],[-70.1959,-22.081],[-70.1959,-22.0811],[-70.1958,-22.081],[-70.1958,-22.0811],[-70.1957,-22.0811],[-70.1959,-22.0812],[-70.1957,-22.0812],[-70.1958,-22.0815],[-70.196,-22.0816],[-70.1959,-22.0817],[-70.1959,-22.0818],[-70.1959,-22.0819],[-70.1961,-22.0818],[-70.1962,-22.0819],[-70.1961,-22.082],[-70.1959,-22.082],[-70.1962,-22.082],[-70.1959,-22.0821],[-70.1959,-22.0822],[-70.196,-22.0822],[-70.196,-22.0823],[-70.196,-22.0823],[-70.1961,-22.0824],[-70.1961,-22.0825],[-70.1961,-22.0826],[-70.1963,-22.0825],[-70.1965,-22.0826],[-70.1964,-22.0827],[-70.1962,-22.0827],[-70.1963,-22.0828],[-70.1962,-22.0829],[-70.1963,-22.083],[-70.1963,-22.083],[-70.1967,-22.0829],[-70.1967,-22.083],[-70.1966,-22.083],[-70.1966,-22.0831],[-70.1969,-22.083],[-70.1968,-22.0831],[-70.1974,-22.0831],[-70.1975,-22.0833],[-70.1975,-22.0833],[-70.1973,-22.0833],[-70.1974,-22.0834],[-70.1972,-22.0835],[-70.1972,-22.0836],[-70.1971,-22.0837],[-70.1968,-22.0837],[-70.1968,-22.0838],[-70.1967,-22.0839],[-70.1967,-22.0841],[-70.1969,-22.0841],[-70.1969,-22.084],[-70.1971,-22.0839],[-70.1972,-22.0841],[-70.1973,-22.0841],[-70.1973,-22.0844],[-70.1971,-22.0846],[-70.1971,-22.0847],[-70.1973,-22.0847],[-70.1973,-22.0848],[-70.1974,-22.0848],[-70.1973,-22.085],[-70.1973,-22.0851],[-70.1968,-22.0852],[-70.1968,-22.0845],[-70.1966,-22.0843],[-70.1964,-22.084],[-70.1964,-22.0834],[-70.1961,-22.0831],[-70.1959,-22.0826],[-70.1957,-22.0823],[-70.1954,-22.0809],[-70.195,-22.0802],[-70.1949,-22.0794],[-70.1946,-22.0789],[-70.1948,-22.078],[-70.1946,-22.0789],[-70.1949,-22.0794],[-70.195,-22.0802],[-70.1953,-22.0809],[-70.1957,-22.0823],[-70.1959,-22.0826],[-70.1961,-22.0832],[-70.1964,-22.0834],[-70.1964,-22.0841],[-70.1966,-22.0843],[-70.1968,-22.0847],[-70.1968,-22.0852],[-70.196,-22.0852],[-70.196,-22.0847],[-70.1962,-22.0847],[-70.1959,-22.0847],[-70.1952,-22.0825],[-70.195,-22.0818],[-70.195,-22.0817],[-70.1949,-22.0812],[-70.1948,-22.0811],[-70.1938,-22.0783],[-70.1939,-22.0783],[-70.1938,-22.0779]]]},"properties":{"OID":237,"MANZENT":2301031006030,"n_per":113,"n_hombres":54,"n_mujeres":59,"n_edad_0_5":9,"n_edad_6_1":13,"n_edad_14_":3,"n_edad_18_":9,"n_edad_25_":27,"n_edad_45_":27,"n_edad_60_":25,"n_transpor":16,"n_transp_1":11,"n_transp_2":9,"n_transp_3":0,"n_transp_4":0,"n_transp_5":0,"n_transp_6":0,"dim_acc":0.671738,"dim_soc":0.183094}},{"type":"Feature","id":238,"geometry":{"type":"Polygon","coordinates":[[[-70.1941,-22.0796],[-70.1942,-22.0799],[-70.1937,-22.0805],[-70.1934,-22.0802],[-70.1941,-22.0796]]]},"properties":{"OID":238,"MANZENT":2301031006040,"n_per":81,"n_hombres":39,"n_mujeres":42,"n_edad_0_5":2,"n_edad_6_1":11,"n_edad_14_":3,"n_edad_18_":7,"n_edad_25_":18,"n_edad_45_":16,"n_edad_60_":24,"n_transpor":10,"n_transp_1":10,"n_transp_2":1,"n_transp_3":0,"n_transp_4":0,"n_transp_5":0,"n_transp_6":5,"dim_acc":0,"dim_soc":0}},{"type":"Feature","id":239,"geometry":{"type":"Polygon","coordinates":[[[-70.1942,-22.08],[-70.1943,-22.0804],[-70.194,-22.0807],[-70.1937,-22.0805],[-70.1942,-22.08]]]},"properties":{"OID":239,"MANZENT":2301031006040,"n_per":58,"n_hombres":26,"n_mujeres":32,"n_edad_0_5":0,"n_edad_6_1":6,"n_edad_14_":6,"n_edad_18_":2,"n_edad_25_":13,"n_edad_45_":16,"n_edad_60_":15,"n_transpor":6,"n_transp_1":7,"n_transp_2":3,"n_transp_3":0,"n_transp_4":0,"n_transp_5":0,"n_transp_6":3,"dim_acc":0,"dim_soc":0}},{"type":"Feature","id":240,"geometry":{"type":"Polygon","coordinates":[[[-70.193,-22.0808],[-70.1934,-22.0803],[-70.1937,-22.0805],[-70.1933,-22.081],[-70.193,-22.0808]]]},"properties":{"OID":240,"MANZENT":2301031006040,"n_per":90,"n_hombres":44,"n_mujeres":46,"n_edad_0_5":6,"n_edad_6_1":10,"n_edad_14_":5,"n_edad_18_":8,"n_edad_25_":33,"n_edad_45_":14,"n_edad_60_":14,"n_transpor":10,"n_transp_1":20,"n_transp_2":2,"n_transp_3":0,"n_transp_4":0,"n_transp_5":0,"n_transp_6":2,"dim_acc":0,"dim_soc":0}},{"type":"Feature","id":241,"geometry":{"type":"Polygon","coordinates":[[[-70.1944,-22.0804],[-70.1946,-22.0813],[-70.1943,-22.0815],[-70.194,-22.0807],[-70.1944,-22.0804]]]},"properties":{"OID":241,"MANZENT":2301031006040,"n_per":104,"n_hombres":48,"n_mujeres":56,"n_edad_0_5":8,"n_edad_6_1":16,"n_edad_14_":5,"n_edad_18_":5,"n_edad_25_":34,"n_edad_45_":20,"n_edad_60_":16,"n_transpor":5,"n_transp_1":6,"n_transp_2":2,"n_transp_3":0,"n_transp_4":0,"n_transp_5":0,"n_transp_6":1,"dim_acc":0,"dim_soc":0}},{"type":"Feature","id":242,"geometry":{"type":"Polygon","coordinates":[[[-70.1935,-22.0812],[-70.1933,-22.081],[-70.1937,-22.0805],[-70.194,-22.0807],[-70.1935,-22.0812]]]},"properties":{"OID":242,"MANZENT":2301031006040,"n_per":81,"n_hombres":39,"n_mujeres":42,"n_edad_0_5":3,"n_edad_6_1":10,"n_edad_14_":6,"n_edad_18_":9,"n_edad_25_":25,"n_edad_45_":15,"n_edad_60_":13,"n_transpor":8,"n_transp_1":11,"n_transp_2":4,"n_transp_3":0,"n_transp_4":0,"n_transp_5":0,"n_transp_6":4,"dim_acc":0,"dim_soc":0}},{"type":"Feature","id":243,"geometry":{"type":"Polygon","coordinates":[[[-70.1943,-22.0817],[-70.1938,-22.0814],[-70.1948,-22.0821],[-70.1944,-22.0825],[-70.1927,-22.0811],[-70.1927,-22.081],[-70.1929,-22.0808],[-70.1935,-22.0812],[-70.1938,-22.081],[-70.1942,-22.0813],[-70.1943,-22.0815],[-70.1947,-22.0813],[-70.1947,-22.0815],[-70.1943,-22.0817]]]},"properties":{"OID":243,"MANZENT":2301031006040,"n_per":635,"n_hombres":294,"n_mujeres":341,"n_edad_0_5":50,"n_edad_6_1":112,"n_edad_14_":55,"n_edad_18_":69,"n_edad_25_":180,"n_edad_45_":92,"n_edad_60_":77,"n_transpor":23,"n_transp_1":70,"n_transp_2":25,"n_transp_3":1,"n_transp_4":0,"n_transp_5":0,"n_transp_6":15,"dim_acc":0,"dim_soc":0}},{"type":"Feature","id":244,"geometry":{"type":"Polygon","coordinates":[[[-70.194,-22.0829],[-70.1923,-22.0815],[-70.1926,-22.0811],[-70.1944,-22.0825],[-70.194,-22.0829]]]},"properties":{"OID":244,"MANZENT":2301031006050,"n_per":131,"n_hombres":70,"n_mujeres":61,"n_edad_0_5":6,"n_edad_6_1":9,"n_edad_14_":10,"n_edad_18_":13,"n_edad_25_":29,"n_edad_45_":27,"n_edad_60_":37,"n_transpor":10,"n_transp_1":16,"n_transp_2":3,"n_transp_3":0,"n_transp_4":0,"n_transp_5":0,"n_transp_6":4,"dim_acc":0,"dim_soc":0}},{"type":"Feature","id":245,"geometry":{"type":"Polygon","coordinates":[[[-70.1923,-22.0821],[-70.192,-22.0818],[-70.1923,-22.0815],[-70.1931,-22.0822],[-70.1928,-22.0825],[-70.1923,-22.0821]]]},"properties":{"OID":245,"MANZENT":2301031006050,"n_per":67,"n_hombres":35,"n_mujeres":32,"n_edad_0_5":3,"n_edad_6_1":14,"n_edad_14_":3,"n_edad_18_":3,"n_edad_25_":17,"n_edad_45_":8,"n_edad_60_":19,"n_transpor":3,"n_transp_1":2,"n_transp_2":0,"n_transp_3":0,"n_transp_4":0,"n_transp_5":0,"n_transp_6":0,"dim_acc":0,"dim_soc":0}},{"type":"Feature","id":246,"geometry":{"type":"Polygon","coordinates":[[[-70.1937,-22.0833],[-70.1928,-22.0825],[-70.1931,-22.0822],[-70.194,-22.083],[-70.1937,-22.0833]]]},"properties":{"OID":246,"MANZENT":2301031006050,"n_per":64,"n_hombres":35,"n_mujeres":29,"n_edad_0_5":1,"n_edad_6_1":7,"n_edad_14_":2,"n_edad_18_":2,"n_edad_25_":20,"n_edad_45_":14,"n_edad_60_":18,"n_transpor":1,"n_transp_1":6,"n_transp_2":0,"n_transp_3":0,"n_transp_4":0,"n_transp_5":0,"n_transp_6":0,"dim_acc":0,"dim_soc":0}},{"type":"Feature","id":247,"geometry":{"type":"MultiPolygon","coordinates":[[[[-70.1852,-22.0592],[-70.1851,-22.0578],[-70.186,-22.0578],[-70.186,-22.0592],[-70.1852,-22.0592]]],[[[-70.1851,-22.0578],[-70.1851,-22.0573],[-70.1859,-22.0573],[-70.186,-22.0574],[-70.186,-22.0578],[-70.1851,-22.0578]]]]},"properties":{"OID":247,"MANZENT":2301031006000,"n_per":52,"n_hombres":26,"n_mujeres":26,"n_edad_0_5":8,"n_edad_6_1":6,"n_edad_14_":4,"n_edad_18_":1,"n_edad_25_":18,"n_edad_45_":4,"n_edad_60_":11,"n_transpor":4,"n_transp_1":4,"n_transp_2":0,"n_transp_3":0,"n_transp_4":0,"n_transp_5":0,"n_transp_6":3,"dim_acc":0,"dim_soc":0}},{"type":"Feature","id":248,"geometry":{"type":"Polygon","coordinates":[[[-70.198,-22.0952],[-70.1986,-22.0945],[-70.1995,-22.0952],[-70.1988,-22.0959],[-70.198,-22.0952]]]},"properties":{"OID":248,"MANZENT":2301061001000,"n_per":114,"n_hombres":49,"n_mujeres":65,"n_edad_0_5":7,"n_edad_6_1":15,"n_edad_14_":7,"n_edad_18_":4,"n_edad_25_":36,"n_edad_45_":15,"n_edad_60_":30,"n_transpor":20,"n_transp_1":13,"n_transp_2":10,"n_transp_3":0,"n_transp_4":0,"n_transp_5":0,"n_transp_6":0,"dim_acc":0,"dim_soc":0}},{"type":"Feature","id":249,"geometry":{"type":"Polygon","coordinates":[[[-70.1999,-22.0955],[-70.2003,-22.0959],[-70.1999,-22.0964],[-70.2004,-22.096],[-70.2009,-22.0964],[-70.2003,-22.0966],[-70.1996,-22.0965],[-70.1988,-22.096],[-70.1978,-22.0953],[-70.1979,-22.0953],[-70.1988,-22.0959],[-70.1995,-22.0952],[-70.1998,-22.0955],[-70.1994,-22.096],[-70.1999,-22.0955],[-70.1999,-22.0955]]]},"properties":{"OID":249,"MANZENT":2301061001000,"n_per":116,"n_hombres":62,"n_mujeres":54,"n_edad_0_5":8,"n_edad_6_1":14,"n_edad_14_":7,"n_edad_18_":5,"n_edad_25_":40,"n_edad_45_":19,"n_edad_60_":23,"n_transpor":1,"n_transp_1":4,"n_transp_2":1,"n_transp_3":0,"n_transp_4":0,"n_transp_5":0,"n_transp_6":0,"dim_acc":0,"dim_soc":0}},{"type":"Feature","id":250,"geometry":{"type":"Polygon","coordinates":[[[-70.1967,-22.0963],[-70.1977,-22.0954],[-70.1978,-22.0956],[-70.1988,-22.097],[-70.2002,-22.0974],[-70.2001,-22.0976],[-70.1994,-22.0974],[-70.1994,-22.0974],[-70.2011,-22.0978],[-70.201,-22.0979],[-70.2009,-22.0979],[-70.1987,-22.0974],[-70.1981,-22.097],[-70.1981,-22.0972],[-70.2001,-22.0988],[-70.1986,-22.0983],[-70.1975,-22.0977],[-70.197,-22.0976],[-70.1966,-22.0975],[-70.1959,-22.097],[-70.1967,-22.0963]]]},"properties":{"OID":250,"MANZENT":2301061001000,"n_per":172,"n_hombres":95,"n_mujeres":77,"n_edad_0_5":17,"n_edad_6_1":21,"n_edad_14_":9,"n_edad_18_":13,"n_edad_25_":55,"n_edad_45_":28,"n_edad_60_":29,"n_transpor":6,"n_transp_1":21,"n_transp_2":16,"n_transp_3":0,"n_transp_4":0,"n_transp_5":0,"n_transp_6":3,"dim_acc":0,"dim_soc":0}},{"type":"Feature","id":251,"geometry":{"type":"Polygon","coordinates":[[[-70.1996,-22.0967],[-70.1991,-22.0966],[-70.198,-22.0959],[-70.1978,-22.0955],[-70.199,-22.0963],[-70.1996,-22.0966],[-70.1996,-22.0967]]]},"properties":{"OID":251,"MANZENT":2301061001000,"n_per":61,"n_hombres":29,"n_mujeres":32,"n_edad_0_5":3,"n_edad_6_1":13,"n_edad_14_":5,"n_edad_18_":4,"n_edad_25_":17,"n_edad_45_":8,"n_edad_60_":11,"n_transpor":2,"n_transp_1":8,"n_transp_2":3,"n_transp_3":0,"n_transp_4":0,"n_transp_5":0,"n_transp_6":2,"dim_acc":0,"dim_soc":0}},{"type":"Feature","id":252,"geometry":{"type":"Polygon","coordinates":[[[-70.1991,-22.0968],[-70.1984,-22.0963],[-70.1981,-22.096],[-70.1991,-22.0966],[-70.1996,-22.0968],[-70.1996,-22.0969],[-70.1991,-22.0968]]]},"properties":{"OID":252,"MANZENT":2301061001010,"n_per":54,"n_hombres":24,"n_mujeres":30,"n_edad_0_5":4,"n_edad_6_1":12,"n_edad_14_":4,"n_edad_18_":9,"n_edad_25_":18,"n_edad_45_":6,"n_edad_60_":1,"n_transpor":4,"n_transp_1":7,"n_transp_2":0,"n_transp_3":0,"n_transp_4":0,"n_transp_5":0,"n_transp_6":0,"dim_acc":0,"dim_soc":0}},{"type":"Feature","id":253,"geometry":{"type":"Polygon","coordinates":[[[-70.201,-22.0964],[-70.2016,-22.0963],[-70.202,-22.0964],[-70.2026,-22.0966],[-70.2035,-22.0972],[-70.2032,-22.0972],[-70.2028,-22.0968],[-70.2017,-22.0964],[-70.2015,-22.0964],[-70.2013,-22.0966],[-70.201,-22.0964]]]},"properties":{"OID":253,"MANZENT":2301061001010,"n_per":12,"n_hombres":5,"n_mujeres":7,"n_edad_0_5":1,"n_edad_6_1":2,"n_edad_14_":0,"n_edad_18_":1,"n_edad_25_":4,"n_edad_45_":2,"n_edad_60_":2,"n_transpor":5,"n_transp_1":2,"n_transp_2":1,"n_transp_3":0,"n_transp_4":0,"n_transp_5":0,"n_transp_6":0,"dim_acc":0,"dim_soc":0}},{"type":"Feature","id":254,"geometry":{"type":"Polygon","coordinates":[[[-70.2026,-22.0968],[-70.2023,-22.0971],[-70.2021,-22.0971],[-70.2018,-22.0971],[-70.2013,-22.0966],[-70.2016,-22.0964],[-70.2026,-22.0968]]]},"properties":{"OID":254,"MANZENT":2301061001010,"n_per":72,"n_hombres":28,"n_mujeres":44,"n_edad_0_5":5,"n_edad_6_1":8,"n_edad_14_":5,"n_edad_18_":4,"n_edad_25_":15,"n_edad_45_":9,"n_edad_60_":26,"n_transpor":2,"n_transp_1":1,"n_transp_2":5,"n_transp_3":0,"n_transp_4":0,"n_transp_5":0,"n_transp_6":0,"dim_acc":0,"dim_soc":0}},{"type":"Feature","id":255,"geometry":{"type":"Polygon","coordinates":[[[-70.2,-22.0967],[-70.2004,-22.0967],[-70.2011,-22.0965],[-70.2012,-22.0966],[-70.2008,-22.0971],[-70.1996,-22.0967],[-70.1996,-22.0966],[-70.2,-22.0967]]]},"properties":{"OID":255,"MANZENT":2301061001010,"n_per":45,"n_hombres":19,"n_mujeres":26,"n_edad_0_5":0,"n_edad_6_1":4,"n_edad_14_":3,"n_edad_18_":5,"n_edad_25_":10,"n_edad_45_":9,"n_edad_60_":14,"n_transpor":3,"n_transp_1":9,"n_transp_2":5,"n_transp_3":0,"n_transp_4":0,"n_transp_5":0,"n_transp_6":0,"dim_acc":0,"dim_soc":0}},{"type":"Feature","id":256,"geometry":{"type":"Polygon","coordinates":[[[-70.1991,-22.097],[-70.1988,-22.0969],[-70.1985,-22.0965],[-70.199,-22.0968],[-70.1995,-22.097],[-70.1995,-22.0971],[-70.1991,-22.097]]]},"properties":{"OID":256,"MANZENT":2301061001010,"n_per":24,"n_hombres":8,"n_mujeres":16,"n_edad_0_5":1,"n_edad_6_1":2,"n_edad_14_":3,"n_edad_18_":0,"n_edad_25_":6,"n_edad_45_":6,"n_edad_60_":6,"n_transpor":0,"n_transp_1":2,"n_transp_2":0,"n_transp_3":0,"n_transp_4":0,"n_transp_5":0,"n_transp_6":0,"dim_acc":0,"dim_soc":0}},{"type":"Feature","id":257,"geometry":{"type":"Polygon","coordinates":[[[-70.2011,-22.0974],[-70.2008,-22.0973],[-70.2008,-22.0972],[-70.2013,-22.0967],[-70.2017,-22.0971],[-70.2013,-22.0973],[-70.2012,-22.0974],[-70.2011,-22.0974]]]},"properties":{"OID":257,"MANZENT":2301061001010,"n_per":37,"n_hombres":19,"n_mujeres":18,"n_edad_0_5":1,"n_edad_6_1":5,"n_edad_14_":3,"n_edad_18_":2,"n_edad_25_":8,"n_edad_45_":11,"n_edad_60_":7,"n_transpor":2,"n_transp_1":8,"n_transp_2":7,"n_transp_3":0,"n_transp_4":0,"n_transp_5":0,"n_transp_6":0,"dim_acc":0,"dim_soc":0}},{"type":"Feature","id":258,"geometry":{"type":"Polygon","coordinates":[[[-70.2007,-22.0973],[-70.1996,-22.0969],[-70.1996,-22.0968],[-70.2008,-22.0971],[-70.2008,-22.0973],[-70.2007,-22.0973]]]},"properties":{"OID":258,"MANZENT":2301061001010,"n_per":19,"n_hombres":11,"n_mujeres":8,"n_edad_0_5":0,"n_edad_6_1":2,"n_edad_14_":0,"n_edad_18_":1,"n_edad_25_":3,"n_edad_45_":7,"n_edad_60_":6,"n_transpor":1,"n_transp_1":2,"n_transp_2":3,"n_transp_3":0,"n_transp_4":0,"n_transp_5":0,"n_transp_6":0,"dim_acc":0,"dim_soc":0}},{"type":"Feature","id":259,"geometry":{"type":"Polygon","coordinates":[[[-70.2031,-22.0972],[-70.2024,-22.0971],[-70.2027,-22.0968],[-70.2031,-22.0972]]]},"properties":{"OID":259,"MANZENT":2301061001010,"n_per":41,"n_hombres":23,"n_mujeres":18,"n_edad_0_5":3,"n_edad_6_1":2,"n_edad_14_":0,"n_edad_18_":5,"n_edad_25_":16,"n_edad_45_":8,"n_edad_60_":7,"n_transpor":9,"n_transp_1":3,"n_transp_2":9,"n_transp_3":0,"n_transp_4":0,"n_transp_5":0,"n_transp_6":0,"dim_acc":0,"dim_soc":0}},{"type":"Feature","id":260,"geometry":{"type":"Polygon","coordinates":[[[-70.1998,-22.0972],[-70.1995,-22.0971],[-70.1995,-22.097],[-70.2002,-22.0972],[-70.2002,-22.0973],[-70.1998,-22.0972]]]},"properties":{"OID":260,"MANZENT":2301061001010,"n_per":27,"n_hombres":10,"n_mujeres":17,"n_edad_0_5":2,"n_edad_6_1":5,"n_edad_14_":1,"n_edad_18_":3,"n_edad_25_":8,"n_edad_45_":5,"n_edad_60_":3,"n_transpor":2,"n_transp_1":2,"n_transp_2":4,"n_transp_3":0,"n_transp_4":0,"n_transp_5":0,"n_transp_6":1,"dim_acc":0,"dim_soc":0}},{"type":"Feature","id":261,"geometry":{"type":"Polygon","coordinates":[[[-70.2013,-22.0973],[-70.2019,-22.0971],[-70.2022,-22.0974],[-70.202,-22.0972],[-70.2035,-22.0972],[-70.2034,-22.0974],[-70.2031,-22.0975],[-70.2033,-22.0975],[-70.2035,-22.0972],[-70.2042,-22.0973],[-70.2062,-22.0973],[-70.2058,-22.098],[-70.2056,-22.098],[-70.2048,-22.0981],[-70.2042,-22.098],[-70.2036,-22.0979],[-70.203,-22.0979],[-70.2021,-22.0978],[-70.2017,-22.0979],[-70.2013,-22.0985],[-70.2011,-22.0984],[-70.2011,-22.098],[-70.2011,-22.0978],[-70.2014,-22.0978],[-70.2013,-22.0974],[-70.2013,-22.0973]]]},"properties":{"OID":261,"MANZENT":2301061001020,"n_per":88,"n_hombres":42,"n_mujeres":46,"n_edad_0_5":4,"n_edad_6_1":10,"n_edad_14_":2,"n_edad_18_":5,"n_edad_25_":22,"n_edad_45_":23,"n_edad_60_":22,"n_transpor":2,"n_transp_1":14,"n_transp_2":10,"n_transp_3":0,"n_transp_4":0,"n_transp_5":0,"n_transp_6":2,"dim_acc":0,"dim_soc":0}},{"type":"Feature","id":262,"geometry":{"type":"Polygon","coordinates":[[[-70.2006,-22.0974],[-70.2002,-22.0973],[-70.2003,-22.0972],[-70.2012,-22.0974],[-70.2012,-22.0975],[-70.2006,-22.0974]]]},"properties":{"OID":262,"MANZENT":2301061001020,"n_per":18,"n_hombres":8,"n_mujeres":10,"n_edad_0_5":1,"n_edad_6_1":1,"n_edad_14_":0,"n_edad_18_":5,"n_edad_25_":5,"n_edad_45_":4,"n_edad_60_":2,"n_transpor":0,"n_transp_1":3,"n_transp_2":3,"n_transp_3":0,"n_transp_4":0,"n_transp_5":0,"n_transp_6":0,"dim_acc":0,"dim_soc":0}},{"type":"Feature","id":263,"geometry":{"type":"Polygon","coordinates":[[[-70.2013,-22.0978],[-70.2002,-22.0976],[-70.2002,-22.0974],[-70.2013,-22.0977],[-70.2013,-22.0978]]]},"properties":{"OID":263,"MANZENT":2301061001020,"n_per":23,"n_hombres":14,"n_mujeres":9,"n_edad_0_5":1,"n_edad_6_1":3,"n_edad_14_":1,"n_edad_18_":2,"n_edad_25_":5,"n_edad_45_":4,"n_edad_60_":7,"n_transpor":2,"n_transp_1":0,"n_transp_2":0,"n_transp_3":0,"n_transp_4":0,"n_transp_5":0,"n_transp_6":0,"dim_acc":0,"dim_soc":0}},{"type":"Feature","id":264,"geometry":{"type":"Polygon","coordinates":[[[-70.2133,-22.0919],[-70.2139,-22.0919],[-70.2139,-22.092],[-70.2137,-22.092],[-70.2137,-22.0922],[-70.2143,-22.0938],[-70.2148,-22.0938],[-70.2154,-22.0936],[-70.2155,-22.0935],[-70.2157,-22.0935],[-70.216,-22.0937],[-70.2162,-22.0937],[-70.2163,-22.0938],[-70.2163,-22.0938],[-70.2165,-22.0938],[-70.2164,-22.0938],[-70.2166,-22.0939],[-70.2169,-22.095],[-70.2169,-22.096],[-70.2171,-22.0961],[-70.2168,-22.0962],[-70.2163,-22.097],[-70.2159,-22.0975],[-70.2156,-22.098],[-70.2154,-22.0982],[-70.2152,-22.0983],[-70.2148,-22.0983],[-70.2148,-22.0983],[-70.2149,-22.0982],[-70.2148,-22.098],[-70.2148,-22.098],[-70.2147,-22.0984],[-70.2147,-22.0985],[-70.2143,-22.0987],[-70.2139,-22.0986],[-70.2137,-22.0987],[-70.2136,-22.0989],[-70.2136,-22.0992],[-70.2138,-22.0993],[-70.2136,-22.0993],[-70.2136,-22.0994],[-70.2137,-22.0994],[-70.2136,-22.0994],[-70.2137,-22.0995],[-70.2137,-22.0995],[-70.2138,-22.0996],[-70.2137,-22.0996],[-70.2138,-22.0997],[-70.2139,-22.0997],[-70.214,-22.0998],[-70.2142,-22.0997],[-70.2143,-22.0999],[-70.2143,-22.0998],[-70.2144,-22.0999],[-70.2146,-22.1],[-70.215,-22.1006],[-70.2153,-22.1009],[-70.2156,-22.1015],[-70.2156,-22.102],[-70.2155,-22.1022],[-70.2153,-22.1022],[-70.2154,-22.1022],[-70.2154,-22.1023],[-70.2155,-22.1023],[-70.2155,-22.1024],[-70.2153,-22.1024],[-70.2154,-22.1026],[-70.2146,-22.1027],[-70.2143,-22.1019],[-70.2137,-22.101],[-70.2136,-22.1004],[-70.2133,-22.1003],[-70.2132,-22.1004],[-70.2133,-22.1005],[-70.2134,-22.1005],[-70.2134,-22.1006],[-70.2128,-22.1001],[-70.2118,-22.0996],[-70.2115,-22.0993],[-70.2104,-22.0985],[-70.2112,-22.0974],[-70.2114,-22.0973],[-70.2112,-22.0972],[-70.2104,-22.0985],[-70.2115,-22.0993],[-70.2113,-22.0998],[-70.2102,-22.0996],[-70.21,-22.0995],[-70.208,-22.0975],[-70.2056,-22.0954],[-70.2064,-22.0945],[-70.2063,-22.0943],[-70.2059,-22.0942],[-70.2066,-22.0934],[-70.2068,-22.0936],[-70.2073,-22.0938],[-70.208,-22.0938],[-70.2083,-22.0936],[-70.2089,-22.0936],[-70.209,-22.0934],[-70.2092,-22.0933],[-70.2092,-22.0932],[-70.2093,-22.0931],[-70.2093,-22.093],[-70.2096,-22.0928],[-70.2097,-22.0924],[-70.2098,-22.0924],[-70.2097,-22.0928],[-70.2099,-22.0929],[-70.2098,-22.093],[-70.21,-22.0931],[-70.2101,-22.0932],[-70.2099,-22.0932],[-70.21,-22.0933],[-70.2099,-22.0933],[-70.2098,-22.0934],[-70.2096,-22.0934],[-70.2096,-22.0937],[-70.2097,-22.0939],[-70.21,-22.0942],[-70.2102,-22.0942],[-70.2102,-22.094],[-70.2104,-22.0941],[-70.2103,-22.0941],[-70.2104,-22.0942],[-70.2104,-22.0943],[-70.2103,-22.0944],[-70.2105,-22.0946],[-70.2106,-22.0946],[-70.2106,-22.0933],[-70.2107,-22.0933],[-70.2107,-22.0946],[-70.211,-22.0947],[-70.211,-22.0946],[-70.2112,-22.0946],[-70.2111,-22.0944],[-70.2113,-22.0945],[-70.2113,-22.0944],[-70.2111,-22.0943],[-70.2113,-22.0944],[-70.2115,-22.0937],[-70.2117,-22.0938],[-70.2114,-22.0945],[-70.2114,-22.0946],[-70.2115,-22.0945],[-70.2115,-22.0946],[-70.2115,-22.0947],[-70.2118,-22.0949],[-70.2119,-22.0948],[-70.212,-22.0948],[-70.212,-22.0947],[-70.2121,-22.0947],[-70.212,-22.0946],[-70.212,-22.0945],[-70.2124,-22.0946],[-70.2122,-22.0942],[-70.2122,-22.0942],[-70.2123,-22.0944],[-70.2124,-22.0943],[-70.2123,-22.0939],[-70.2124,-22.0939],[-70.2124,-22.094],[-70.2125,-22.0939],[-70.2128,-22.0942],[-70.2132,-22.0942],[-70.2135,-22.0943],[-70.2135,-22.0936],[-70.2135,-22.0936],[-70.2135,-22.0943],[-70.2139,-22.0942],[-70.2141,-22.0941],[-70.214,-22.0939],[-70.2142,-22.0941],[-70.2143,-22.0938],[-70.2136,-22.0922],[-70.2135,-22.0921],[-70.2132,-22.0921],[-70.2132,-22.092],[-70.2131,-22.092],[-70.2131,-22.0919],[-70.2133,-22.0919]]]},"properties":{"OID":264,"MANZENT":2301061002000,"n_per":0,"n_hombres":0,"n_mujeres":0,"n_edad_0_5":0,"n_edad_6_1":0,"n_edad_14_":0,"n_edad_18_":0,"n_edad_25_":0,"n_edad_45_":0,"n_edad_60_":0,"n_transpor":0,"n_transp_1":0,"n_transp_2":0,"n_transp_3":0,"n_transp_4":0,"n_transp_5":0,"n_transp_6":0,"dim_acc":0,"dim_soc":0}},{"type":"Feature","id":265,"geometry":{"type":"Polygon","coordinates":[[[-70.2082,-22.0999],[-70.2078,-22.0993],[-70.208,-22.0992],[-70.2084,-22.0998],[-70.2082,-22.0999]]]},"properties":{"OID":265,"MANZENT":2301061003010,"n_per":19,"n_hombres":10,"n_mujeres":9,"n_edad_0_5":1,"n_edad_6_1":3,"n_edad_14_":0,"n_edad_18_":1,"n_edad_25_":6,"n_edad_45_":3,"n_edad_60_":5,"n_transpor":1,"n_transp_1":1,"n_transp_2":0,"n_transp_3":0,"n_transp_4":0,"n_transp_5":0,"n_transp_6":0,"dim_acc":0.640842,"dim_soc":0.80245}},{"type":"Feature","id":266,"geometry":{"type":"Polygon","coordinates":[[[-70.2085,-22.0997],[-70.2082,-22.0994],[-70.2083,-22.0993],[-70.2086,-22.0996],[-70.2085,-22.0997]]]},"properties":{"OID":266,"MANZENT":2301061003010,"n_per":20,"n_hombres":12,"n_mujeres":8,"n_edad_0_5":1,"n_edad_6_1":3,"n_edad_14_":2,"n_edad_18_":1,"n_edad_25_":6,"n_edad_45_":2,"n_edad_60_":5,"n_transpor":2,"n_transp_1":3,"n_transp_2":4,"n_transp_3":0,"n_transp_4":0,"n_transp_5":0,"n_transp_6":0,"dim_acc":0.640842,"dim_soc":0.80245}},{"type":"Feature","id":267,"geometry":{"type":"Polygon","coordinates":[[[-70.2087,-22.1006],[-70.2083,-22.1],[-70.2084,-22.0999],[-70.2089,-22.1004],[-70.2087,-22.1006]]]},"properties":{"OID":267,"MANZENT":2301061003010,"n_per":22,"n_hombres":12,"n_mujeres":10,"n_edad_0_5":0,"n_edad_6_1":2,"n_edad_14_":2,"n_edad_18_":3,"n_edad_25_":8,"n_edad_45_":6,"n_edad_60_":1,"n_transpor":4,"n_transp_1":4,"n_transp_2":3,"n_transp_3":0,"n_transp_4":0,"n_transp_5":0,"n_transp_6":1,"dim_acc":0.640842,"dim_soc":0.80245}},{"type":"Feature","id":268,"geometry":{"type":"Polygon","coordinates":[[[-70.2116,-22.1005],[-70.2114,-22.1],[-70.2126,-22.1003],[-70.2132,-22.1007],[-70.2127,-22.1009],[-70.2126,-22.1009],[-70.2125,-22.1006],[-70.2126,-22.1009],[-70.2128,-22.101],[-70.2133,-22.1007],[-70.2135,-22.101],[-70.2128,-22.1013],[-70.2127,-22.1015],[-70.2128,-22.1018],[-70.2122,-22.1021],[-70.212,-22.1017],[-70.2116,-22.1005]]]},"properties":{"OID":268,"MANZENT":2301061003010,"n_per":32,"n_hombres":17,"n_mujeres":15,"n_edad_0_5":1,"n_edad_6_1":4,"n_edad_14_":2,"n_edad_18_":2,"n_edad_25_":13,"n_edad_45_":4,"n_edad_60_":6,"n_transpor":6,"n_transp_1":1,"n_transp_2":3,"n_transp_3":0,"n_transp_4":0,"n_transp_5":0,"n_transp_6":1,"dim_acc":0.640842,"dim_soc":0.80245}},{"type":"Feature","id":269,"geometry":{"type":"Polygon","coordinates":[[[-70.2126,-22.1026],[-70.2123,-22.1023],[-70.2123,-22.1021],[-70.2129,-22.1018],[-70.2131,-22.1018],[-70.2135,-22.1016],[-70.2139,-22.1018],[-70.2139,-22.102],[-70.2135,-22.1021],[-70.2135,-22.1023],[-70.2131,-22.1023],[-70.2126,-22.1026]]]},"properties":{"OID":269,"MANZENT":2301061003020,"n_per":13,"n_hombres":6,"n_mujeres":7,"n_edad_0_5":1,"n_edad_6_1":4,"n_edad_14_":0,"n_edad_18_":0,"n_edad_25_":6,"n_edad_45_":1,"n_edad_60_":1,"n_transpor":2,"n_transp_1":1,"n_transp_2":1,"n_transp_3":0,"n_transp_4":0,"n_transp_5":0,"n_transp_6":0,"dim_acc":0.581837,"dim_soc":0.947598}},{"type":"Feature","id":270,"geometry":{"type":"Polygon","coordinates":[[[-70.2087,-22.1018],[-70.2089,-22.1018],[-70.2099,-22.1031],[-70.2098,-22.1033],[-70.2092,-22.1033],[-70.2091,-22.1033],[-70.2089,-22.1031],[-70.2087,-22.1018]]]},"properties":{"OID":270,"MANZENT":2301061003020,"n_per":0,"n_hombres":0,"n_mujeres":0,"n_edad_0_5":0,"n_edad_6_1":0,"n_edad_14_":0,"n_edad_18_":0,"n_edad_25_":0,"n_edad_45_":0,"n_edad_60_":0,"n_transpor":0,"n_transp_1":0,"n_transp_2":0,"n_transp_3":0,"n_transp_4":0,"n_transp_5":0,"n_transp_6":0,"dim_acc":0.581837,"dim_soc":0.947598}},{"type":"Feature","id":271,"geometry":{"type":"Polygon","coordinates":[[[-70.2153,-22.1026],[-70.2154,-22.1026],[-70.2153,-22.1026],[-70.2153,-22.1027],[-70.2156,-22.1028],[-70.2157,-22.1027],[-70.2154,-22.1029],[-70.2155,-22.1029],[-70.2154,-22.103],[-70.2156,-22.1031],[-70.2156,-22.103],[-70.2158,-22.1032],[-70.216,-22.1032],[-70.2159,-22.1033],[-70.216,-22.1033],[-70.2159,-22.1033],[-70.216,-22.1034],[-70.2159,-22.1034],[-70.2159,-22.1035],[-70.2161,-22.1036],[-70.2161,-22.1037],[-70.2162,-22.1037],[-70.2162,-22.1038],[-70.2167,-22.1039],[-70.2167,-22.104],[-70.2165,-22.104],[-70.2167,-22.1041],[-70.2169,-22.1044],[-70.217,-22.1043],[-70.2169,-22.1042],[-70.2173,-22.1045],[-70.2172,-22.1046],[-70.2171,-22.1046],[-70.2171,-22.1047],[-70.2171,-22.1047],[-70.2171,-22.1048],[-70.2171,-22.1049],[-70.2174,-22.1049],[-70.2175,-22.1051],[-70.2176,-22.1055],[-70.2175,-22.1054],[-70.2175,-22.1055],[-70.2173,-22.1054],[-70.2174,-22.1056],[-70.2172,-22.1056],[-70.2174,-22.1057],[-70.2172,-22.1057],[-70.2172,-22.1058],[-70.2171,-22.1059],[-70.2171,-22.1058],[-70.217,-22.106],[-70.2175,-22.1061],[-70.2177,-22.106],[-70.218,-22.1062],[-70.2178,-22.1062],[-70.2177,-22.1062],[-70.2176,-22.1063],[-70.2174,-22.1062],[-70.2176,-22.1064],[-70.2175,-22.1064],[-70.2176,-22.1066],[-70.2177,-22.1066],[-70.2178,-22.1067],[-70.218,-22.1069],[-70.2175,-22.1068],[-70.2171,-22.1066],[-70.217,-22.1067],[-70.2171,-22.1068],[-70.2171,-22.1069],[-70.2174,-22.107],[-70.2174,-22.1071],[-70.2171,-22.1071],[-70.2171,-22.1072],[-70.2172,-22.1073],[-70.2171,-22.1074],[-70.2167,-22.1072],[-70.2168,-22.1074],[-70.2168,-22.1077],[-70.2169,-22.1077],[-70.2172,-22.1081],[-70.217,-22.108],[-70.2166,-22.1078],[-70.2167,-22.108],[-70.2166,-22.108],[-70.2163,-22.1076],[-70.2164,-22.108],[-70.2161,-22.1079],[-70.2162,-22.1081],[-70.216,-22.108],[-70.216,-22.1081],[-70.2163,-22.1083],[-70.2163,-22.1083],[-70.2164,-22.1084],[-70.2161,-22.1084],[-70.2159,-22.1082],[-70.2158,-22.1083],[-70.2159,-22.1085],[-70.2154,-22.1085],[-70.2152,-22.1089],[-70.2156,-22.1096],[-70.2155,-22.1096],[-70.2154,-22.1097],[-70.2149,-22.1094],[-70.215,-22.1095],[-70.2149,-22.1095],[-70.2146,-22.1092],[-70.2146,-22.1091],[-70.2146,-22.109],[-70.2142,-22.1089],[-70.2144,-22.1085],[-70.2148,-22.1078],[-70.2152,-22.1076],[-70.2155,-22.1078],[-70.2154,-22.1077],[-70.2157,-22.1072],[-70.216,-22.1067],[-70.2162,-22.1067],[-70.2159,-22.1065],[-70.2166,-22.1058],[-70.2166,-22.1057],[-70.2161,-22.1045],[-70.2151,-22.1046],[-70.2146,-22.1027],[-70.2153,-22.1026]]]},"properties":{"OID":271,"MANZENT":2301061003030,"n_per":74,"n_hombres":35,"n_mujeres":39,"n_edad_0_5":14,"n_edad_6_1":16,"n_edad_14_":2,"n_edad_18_":8,"n_edad_25_":27,"n_edad_45_":6,"n_edad_60_":1,"n_transpor":2,"n_transp_1":25,"n_transp_2":1,"n_transp_3":0,"n_transp_4":0,"n_transp_5":0,"n_transp_6":0,"dim_acc":0.551323,"dim_soc":0.672874}},{"type":"Feature","id":272,"geometry":{"type":"Polygon","coordinates":[[[-70.2145,-22.1047],[-70.2148,-22.1048],[-70.215,-22.1046],[-70.2152,-22.1065],[-70.2151,-22.1068],[-70.2146,-22.1067],[-70.2146,-22.1065],[-70.2144,-22.1067],[-70.214,-22.1065],[-70.2142,-22.1062],[-70.2141,-22.1062],[-70.2139,-22.1064],[-70.2134,-22.1063],[-70.2134,-22.1062],[-70.2136,-22.106],[-70.2136,-22.1059],[-70.2133,-22.1062],[-70.213,-22.1062],[-70.2128,-22.1061],[-70.2131,-22.1058],[-70.2131,-22.1057],[-70.2127,-22.1061],[-70.2124,-22.106],[-70.2132,-22.1044],[-70.2137,-22.1045],[-70.2132,-22.1043],[-70.2133,-22.1038],[-70.2133,-22.1035],[-70.2135,-22.1034],[-70.2137,-22.1037],[-70.2135,-22.1034],[-70.2138,-22.1032],[-70.214,-22.1035],[-70.2138,-22.1032],[-70.2144,-22.1028],[-70.2145,-22.1028],[-70.2148,-22.1038],[-70.2143,-22.1042],[-70.2142,-22.1043],[-70.2145,-22.1047]]]},"properties":{"OID":272,"MANZENT":2301061003030,"n_per":96,"n_hombres":41,"n_mujeres":55,"n_edad_0_5":5,"n_edad_6_1":12,"n_edad_14_":4,"n_edad_18_":5,"n_edad_25_":28,"n_edad_45_":16,"n_edad_60_":26,"n_transpor":9,"n_transp_1":9,"n_transp_2":4,"n_transp_3":0,"n_transp_4":0,"n_transp_5":0,"n_transp_6":1,"dim_acc":0.551323,"dim_soc":0.672874}},{"type":"Feature","id":273,"geometry":{"type":"Polygon","coordinates":[[[-70.2117,-22.1043],[-70.2119,-22.1046],[-70.2121,-22.1046],[-70.2126,-22.1053],[-70.2123,-22.1059],[-70.2121,-22.1059],[-70.2109,-22.1048],[-70.2113,-22.1043],[-70.2114,-22.1039],[-70.2116,-22.1039],[-70.2116,-22.1042],[-70.2117,-22.1043]]]},"properties":{"OID":273,"MANZENT":2301061003030,"n_per":12,"n_hombres":4,"n_mujeres":8,"n_edad_0_5":1,"n_edad_6_1":4,"n_edad_14_":1,"n_edad_18_":0,"n_edad_25_":2,"n_edad_45_":2,"n_edad_60_":2,"n_transpor":1,"n_transp_1":3,"n_transp_2":0,"n_transp_3":0,"n_transp_4":0,"n_transp_5":0,"n_transp_6":0,"dim_acc":0.551323,"dim_soc":0.672874}},{"type":"Feature","id":274,"geometry":{"type":"Polygon","coordinates":[[[-70.2122,-22.1045],[-70.2122,-22.1043],[-70.2122,-22.1046],[-70.2121,-22.1046],[-70.2119,-22.1046],[-70.2119,-22.1045],[-70.2117,-22.1041],[-70.2117,-22.1039],[-70.2123,-22.104],[-70.2131,-22.1044],[-70.2127,-22.1053],[-70.2123,-22.1048],[-70.2122,-22.1045]]]},"properties":{"OID":274,"MANZENT":2301061003030,"n_per":10,"n_hombres":6,"n_mujeres":4,"n_edad_0_5":1,"n_edad_6_1":1,"n_edad_14_":1,"n_edad_18_":0,"n_edad_25_":3,"n_edad_45_":3,"n_edad_60_":1,"n_transpor":3,"n_transp_1":0,"n_transp_2":0,"n_transp_3":0,"n_transp_4":0,"n_transp_5":0,"n_transp_6":0,"dim_acc":0.551323,"dim_soc":0.672874}},{"type":"Feature","id":275,"geometry":{"type":"Polygon","coordinates":[[[-70.2158,-22.1053],[-70.2156,-22.1049],[-70.2154,-22.1046],[-70.2161,-22.1045],[-70.2166,-22.1057],[-70.2164,-22.1059],[-70.2155,-22.1055],[-70.2154,-22.1047],[-70.2156,-22.1049],[-70.2158,-22.1053]]]},"properties":{"OID":275,"MANZENT":2301061003040,"n_per":132,"n_hombres":61,"n_mujeres":71,"n_edad_0_5":18,"n_edad_6_1":15,"n_edad_14_":11,"n_edad_18_":20,"n_edad_25_":55,"n_edad_45_":13,"n_edad_60_":0,"n_transpor":3,"n_transp_1":37,"n_transp_2":9,"n_transp_3":3,"n_transp_4":1,"n_transp_5":0,"n_transp_6":0,"dim_acc":0,"dim_soc":0}},{"type":"Feature","id":276,"geometry":{"type":"Polygon","coordinates":[[[-70.2153,-22.1061],[-70.2152,-22.1046],[-70.2153,-22.1046],[-70.2155,-22.1055],[-70.2163,-22.106],[-70.2159,-22.1065],[-70.2156,-22.1062],[-70.2153,-22.1062],[-70.2153,-22.1061]]]},"properties":{"OID":276,"MANZENT":2301061003040,"n_per":57,"n_hombres":25,"n_mujeres":32,"n_edad_0_5":9,"n_edad_6_1":12,"n_edad_14_":4,"n_edad_18_":4,"n_edad_25_":23,"n_edad_45_":4,"n_edad_60_":1,"n_transpor":1,"n_transp_1":10,"n_transp_2":0,"n_transp_3":0,"n_transp_4":0,"n_transp_5":0,"n_transp_6":0,"dim_acc":0,"dim_soc":0}},{"type":"Feature","id":277,"geometry":{"type":"Polygon","coordinates":[[[-70.2125,-22.1066],[-70.2125,-22.1064],[-70.2128,-22.1061],[-70.2129,-22.1063],[-70.2125,-22.1066]]]},"properties":{"OID":277,"MANZENT":2301061003040,"n_per":16,"n_hombres":5,"n_mujeres":11,"n_edad_0_5":0,"n_edad_6_1":3,"n_edad_14_":2,"n_edad_18_":1,"n_edad_25_":3,"n_edad_45_":4,"n_edad_60_":3,"n_transpor":6,"n_transp_1":0,"n_transp_2":0,"n_transp_3":0,"n_transp_4":0,"n_transp_5":0,"n_transp_6":0,"dim_acc":0,"dim_soc":0}},{"type":"Feature","id":278,"geometry":{"type":"Polygon","coordinates":[[[-70.2153,-22.1063],[-70.2156,-22.1063],[-70.2158,-22.1065],[-70.2156,-22.1068],[-70.2152,-22.1075],[-70.2151,-22.1073],[-70.2155,-22.1064],[-70.2151,-22.1073],[-70.2152,-22.1076],[-70.2148,-22.1077],[-70.2153,-22.1066],[-70.2153,-22.1063]]]},"properties":{"OID":278,"MANZENT":2301061003040,"n_per":84,"n_hombres":40,"n_mujeres":44,"n_edad_0_5":10,"n_edad_6_1":14,"n_edad_14_":5,"n_edad_18_":10,"n_edad_25_":30,"n_edad_45_":13,"n_edad_60_":2,"n_transpor":1,"n_transp_1":17,"n_transp_2":2,"n_transp_3":0,"n_transp_4":1,"n_transp_5":0,"n_transp_6":2,"dim_acc":0,"dim_soc":0}},{"type":"Feature","id":279,"geometry":{"type":"Polygon","coordinates":[[[-70.2145,-22.1067],[-70.2147,-22.1068],[-70.2144,-22.1073],[-70.2142,-22.1075],[-70.2137,-22.1076],[-70.2134,-22.1074],[-70.2138,-22.107],[-70.2134,-22.1074],[-70.2127,-22.1069],[-70.2126,-22.1068],[-70.2127,-22.1066],[-70.213,-22.1063],[-70.214,-22.1065],[-70.2143,-22.1067],[-70.2145,-22.1067]]]},"properties":{"OID":279,"MANZENT":2301061003040,"n_per":26,"n_hombres":12,"n_mujeres":14,"n_edad_0_5":2,"n_edad_6_1":6,"n_edad_14_":0,"n_edad_18_":0,"n_edad_25_":7,"n_edad_45_":7,"n_edad_60_":4,"n_transpor":7,"n_transp_1":2,"n_transp_2":0,"n_transp_3":0,"n_transp_4":0,"n_transp_5":0,"n_transp_6":1,"dim_acc":0,"dim_soc":0}},{"type":"Feature","id":280,"geometry":{"type":"Polygon","coordinates":[[[-70.2153,-22.1076],[-70.2153,-22.1075],[-70.2158,-22.1066],[-70.216,-22.1067],[-70.2154,-22.1077],[-70.2153,-22.1076]]]},"properties":{"OID":280,"MANZENT":2301061003040,"n_per":84,"n_hombres":42,"n_mujeres":42,"n_edad_0_5":14,"n_edad_6_1":8,"n_edad_14_":4,"n_edad_18_":17,"n_edad_25_":34,"n_edad_45_":7,"n_edad_60_":0,"n_transpor":1,"n_transp_1":14,"n_transp_2":4,"n_transp_3":0,"n_transp_4":0,"n_transp_5":0,"n_transp_6":0,"dim_acc":0,"dim_soc":0}},{"type":"Feature","id":281,"geometry":{"type":"Polygon","coordinates":[[[-70.2144,-22.1082],[-70.2138,-22.1077],[-70.2144,-22.1074],[-70.2147,-22.1068],[-70.2148,-22.1068],[-70.215,-22.1069],[-70.2145,-22.1081],[-70.2144,-22.1082]]]},"properties":{"OID":281,"MANZENT":2301061003040,"n_per":26,"n_hombres":12,"n_mujeres":14,"n_edad_0_5":2,"n_edad_6_1":2,"n_edad_14_":3,"n_edad_18_":1,"n_edad_25_":8,"n_edad_45_":3,"n_edad_60_":7,"n_transpor":6,"n_transp_1":3,"n_transp_2":1,"n_transp_3":0,"n_transp_4":0,"n_transp_5":0,"n_transp_6":0,"dim_acc":0,"dim_soc":0}},{"type":"Feature","id":282,"geometry":{"type":"MultiPolygon","coordinates":[[[[-70.2094,-22.0993],[-70.2088,-22.099],[-70.2084,-22.0985],[-70.2084,-22.0984],[-70.2086,-22.0983],[-70.2101,-22.0997],[-70.2113,-22.0999],[-70.2114,-22.1002],[-70.2109,-22.1002],[-70.2102,-22.1004],[-70.2095,-22.1004],[-70.2087,-22.0996],[-70.2088,-22.0994],[-70.2086,-22.0996],[-70.2083,-22.0992],[-70.2082,-22.0993],[-70.2083,-22.0988],[-70.2084,-22.0991],[-70.2083,-22.0988],[-70.2083,-22.0985],[-70.2088,-22.0991],[-70.2094,-22.0993]]],[[[-70.2061,-22.0973],[-70.2062,-22.0973],[-70.2073,-22.0972],[-70.2072,-22.0974],[-70.2074,-22.0974],[-70.2075,-22.0976],[-70.2074,-22.0977],[-70.2072,-22.0976],[-70.2074,-22.0978],[-70.207,-22.0983],[-70.2071,-22.0986],[-70.2069,-22.0985],[-70.2069,-22.0985],[-70.2069,-22.0987],[-70.2064,-22.0983],[-70.2064,-22.0983],[-70.2064,-22.0982],[-70.2063,-22.0983],[-70.2061,-22.0981],[-70.2058,-22.098],[-70.2061,-22.0973]]],[[[-70.2073,-22.0973],[-70.2073,-22.0971],[-70.2075,-22.0971],[-70.2085,-22.0982],[-70.2079,-22.0987],[-70.2077,-22.099],[-70.2073,-22.0987],[-70.2074,-22.0983],[-70.2077,-22.0982],[-70.2075,-22.0982],[-70.2074,-22.0983],[-70.2073,-22.0987],[-70.2072,-22.0982],[-70.2075,-22.0978],[-70.2078,-22.0977],[-70.2079,-22.0976],[-70.2078,-22.0977],[-70.2075,-22.0977],[-70.2075,-22.0975],[-70.2074,-22.0974],[-70.2072,-22.0974],[-70.2073,-22.0973]]]]},"properties":{"OID":282,"MANZENT":2301061003000,"n_per":17,"n_hombres":10,"n_mujeres":7,"n_edad_0_5":1,"n_edad_6_1":3,"n_edad_14_":2,"n_edad_18_":1,"n_edad_25_":4,"n_edad_45_":4,"n_edad_60_":2,"n_transpor":0,"n_transp_1":0,"n_transp_2":0,"n_transp_3":0,"n_transp_4":0,"n_transp_5":0,"n_transp_6":0,"dim_acc":0,"dim_soc":0}},{"type":"Feature","id":283,"geometry":{"type":"MultiPolygon","coordinates":[[[[-70.2104,-22.1044],[-70.2103,-22.1042],[-70.2104,-22.104],[-70.2106,-22.104],[-70.2106,-22.1042],[-70.2104,-22.1044]]],[[[-70.2098,-22.1034],[-70.2101,-22.1032],[-70.2102,-22.1034],[-70.2105,-22.1034],[-70.2102,-22.1042],[-70.2098,-22.1039],[-70.2098,-22.1034]]]]},"properties":{"OID":283,"MANZENT":2301061003030,"n_per":14,"n_hombres":8,"n_mujeres":6,"n_edad_0_5":1,"n_edad_6_1":2,"n_edad_14_":1,"n_edad_18_":0,"n_edad_25_":4,"n_edad_45_":3,"n_edad_60_":3,"n_transpor":3,"n_transp_1":0,"n_transp_2":1,"n_transp_3":0,"n_transp_4":0,"n_transp_5":0,"n_transp_6":1,"dim_acc":0.551323,"dim_soc":0.672874}},{"type":"Feature","id":284,"geometry":{"type":"MultiPolygon","coordinates":[[[[-70.2133,-22.1038],[-70.2131,-22.1031],[-70.2135,-22.1025],[-70.214,-22.103],[-70.2133,-22.1035],[-70.2133,-22.1038]]],[[[-70.2108,-22.1033],[-70.2114,-22.1029],[-70.2122,-22.1022],[-70.2131,-22.1032],[-70.2132,-22.1039],[-70.2131,-22.1043],[-70.2128,-22.1042],[-70.2121,-22.1039],[-70.2114,-22.1038],[-70.2113,-22.1039],[-70.2113,-22.1043],[-70.2109,-22.1047],[-70.2108,-22.1047],[-70.2105,-22.1044],[-70.2106,-22.1042],[-70.2106,-22.104],[-70.2104,-22.104],[-70.2103,-22.1041],[-70.2105,-22.1034],[-70.2103,-22.1034],[-70.2101,-22.1032],[-70.2105,-22.1031],[-70.2108,-22.1033]]]]},"properties":{"OID":284,"MANZENT":2301061003020,"n_per":27,"n_hombres":13,"n_mujeres":14,"n_edad_0_5":0,"n_edad_6_1":3,"n_edad_14_":2,"n_edad_18_":4,"n_edad_25_":8,"n_edad_45_":6,"n_edad_60_":4,"n_transpor":6,"n_transp_1":3,"n_transp_2":1,"n_transp_3":0,"n_transp_4":0,"n_transp_5":0,"n_transp_6":0,"dim_acc":0.581837,"dim_soc":0.947598}},{"type":"Feature","id":285,"geometry":{"type":"MultiPolygon","coordinates":[[[[-70.209,-22.1004],[-70.2088,-22.1002],[-70.209,-22.1],[-70.2095,-22.1004],[-70.2096,-22.1004],[-70.2094,-22.1007],[-70.2093,-22.1007],[-70.2091,-22.1007],[-70.209,-22.1004]]],[[[-70.2085,-22.0999],[-70.2084,-22.0998],[-70.2087,-22.0996],[-70.2089,-22.0999],[-70.2087,-22.1001],[-70.2085,-22.0999]]]]},"properties":{"OID":285,"MANZENT":2301061003010,"n_per":22,"n_hombres":13,"n_mujeres":9,"n_edad_0_5":1,"n_edad_6_1":4,"n_edad_14_":2,"n_edad_18_":1,"n_edad_25_":9,"n_edad_45_":3,"n_edad_60_":2,"n_transpor":2,"n_transp_1":1,"n_transp_2":2,"n_transp_3":0,"n_transp_4":0,"n_transp_5":0,"n_transp_6":1,"dim_acc":0.640842,"dim_soc":0.80245}},{"type":"Feature","id":286,"geometry":{"type":"Polygon","coordinates":[[[-70.2099,-22.1046],[-70.2094,-22.1041],[-70.2093,-22.1041],[-70.2092,-22.1041],[-70.2092,-22.1044],[-70.2095,-22.1047],[-70.2093,-22.1049],[-70.2091,-22.1048],[-70.2092,-22.1049],[-70.2093,-22.1051],[-70.2101,-22.1058],[-70.2098,-22.106],[-70.2093,-22.1056],[-70.2093,-22.1057],[-70.2096,-22.1059],[-70.2094,-22.1059],[-70.209,-22.106],[-70.2092,-22.1052],[-70.2091,-22.105],[-70.2088,-22.1046],[-70.2088,-22.1042],[-70.2088,-22.1041],[-70.2092,-22.1038],[-70.2093,-22.1033],[-70.2097,-22.1033],[-70.2098,-22.1039],[-70.2108,-22.1048],[-70.2106,-22.105],[-70.2107,-22.1051],[-70.2109,-22.1049],[-70.2113,-22.1052],[-70.2105,-22.1061],[-70.2102,-22.1058],[-70.2105,-22.1054],[-70.2093,-22.1044],[-70.2092,-22.1041],[-70.2094,-22.1042],[-70.2099,-22.1046]]]},"properties":{"OID":286,"MANZENT":2301061004000,"n_per":238,"n_hombres":107,"n_mujeres":131,"n_edad_0_5":19,"n_edad_6_1":40,"n_edad_14_":16,"n_edad_18_":21,"n_edad_25_":76,"n_edad_45_":46,"n_edad_60_":20,"n_transpor":30,"n_transp_1":42,"n_transp_2":9,"n_transp_3":0,"n_transp_4":0,"n_transp_5":0,"n_transp_6":2,"dim_acc":0,"dim_soc":0}},{"type":"Feature","id":287,"geometry":{"type":"Polygon","coordinates":[[[-70.2082,-22.1058],[-70.2088,-22.1043],[-70.2088,-22.1047],[-70.209,-22.105],[-70.2087,-22.1059],[-70.2085,-22.1058],[-70.2085,-22.1059],[-70.2086,-22.1059],[-70.2078,-22.1083],[-70.2077,-22.1084],[-70.2076,-22.1082],[-70.2075,-22.1077],[-70.2076,-22.107],[-70.208,-22.1065],[-70.2082,-22.1058]]]},"properties":{"OID":287,"MANZENT":2301061004000,"n_per":574,"n_hombres":270,"n_mujeres":304,"n_edad_0_5":30,"n_edad_6_1":110,"n_edad_14_":74,"n_edad_18_":55,"n_edad_25_":183,"n_edad_45_":81,"n_edad_60_":41,"n_transpor":39,"n_transp_1":129,"n_transp_2":9,"n_transp_3":0,"n_transp_4":0,"n_transp_5":0,"n_transp_6":10,"dim_acc":0,"dim_soc":0}},{"type":"Feature","id":288,"geometry":{"type":"Polygon","coordinates":[[[-70.2096,-22.1047],[-70.2104,-22.1054],[-70.2102,-22.1057],[-70.2093,-22.1051],[-70.2093,-22.105],[-70.2096,-22.1047]]]},"properties":{"OID":288,"MANZENT":2301061004000,"n_per":128,"n_hombres":55,"n_mujeres":73,"n_edad_0_5":6,"n_edad_6_1":17,"n_edad_14_":11,"n_edad_18_":16,"n_edad_25_":39,"n_edad_45_":28,"n_edad_60_":11,"n_transpor":11,"n_transp_1":31,"n_transp_2":7,"n_transp_3":0,"n_transp_4":0,"n_transp_5":0,"n_transp_6":1,"dim_acc":0,"dim_soc":0}},{"type":"Feature","id":289,"geometry":{"type":"Polygon","coordinates":[[[-70.209,-22.105],[-70.2091,-22.1052],[-70.2089,-22.1059],[-70.2087,-22.1058],[-70.209,-22.105]]]},"properties":{"OID":289,"MANZENT":2301061004000,"n_per":88,"n_hombres":41,"n_mujeres":47,"n_edad_0_5":5,"n_edad_6_1":13,"n_edad_14_":12,"n_edad_18_":11,"n_edad_25_":29,"n_edad_45_":9,"n_edad_60_":9,"n_transpor":9,"n_transp_1":16,"n_transp_2":3,"n_transp_3":0,"n_transp_4":0,"n_transp_5":0,"n_transp_6":0,"dim_acc":0,"dim_soc":0}},{"type":"Feature","id":290,"geometry":{"type":"Polygon","coordinates":[[[-70.2112,-22.1072],[-70.211,-22.107],[-70.2112,-22.1067],[-70.2105,-22.1062],[-70.2114,-22.1053],[-70.2119,-22.1058],[-70.2115,-22.1063],[-70.2118,-22.1067],[-70.2113,-22.1072],[-70.2112,-22.1072]]]},"properties":{"OID":290,"MANZENT":2301061004000,"n_per":11,"n_hombres":6,"n_mujeres":5,"n_edad_0_5":0,"n_edad_6_1":0,"n_edad_14_":0,"n_edad_18_":2,"n_edad_25_":1,"n_edad_45_":4,"n_edad_60_":4,"n_transpor":3,"n_transp_1":3,"n_transp_2":0,"n_transp_3":0,"n_transp_4":0,"n_transp_5":0,"n_transp_6":0,"dim_acc":0,"dim_soc":0}},{"type":"Feature","id":291,"geometry":{"type":"Polygon","coordinates":[[[-70.2118,-22.1066],[-70.2115,-22.1063],[-70.212,-22.1058],[-70.2123,-22.1061],[-70.2118,-22.1066]]]},"properties":{"OID":291,"MANZENT":2301061004010,"n_per":49,"n_hombres":23,"n_mujeres":26,"n_edad_0_5":1,"n_edad_6_1":7,"n_edad_14_":4,"n_edad_18_":4,"n_edad_25_":14,"n_edad_45_":7,"n_edad_60_":12,"n_transpor":4,"n_transp_1":12,"n_transp_2":3,"n_transp_3":0,"n_transp_4":0,"n_transp_5":0,"n_transp_6":2,"dim_acc":0.55567,"dim_soc":0.570205}},{"type":"Feature","id":292,"geometry":{"type":"Polygon","coordinates":[[[-70.2101,-22.1058],[-70.2105,-22.1061],[-70.2102,-22.1064],[-70.2099,-22.1061],[-70.2101,-22.1058]]]},"properties":{"OID":292,"MANZENT":2301061004010,"n_per":40,"n_hombres":19,"n_mujeres":21,"n_edad_0_5":0,"n_edad_6_1":8,"n_edad_14_":5,"n_edad_18_":5,"n_edad_25_":13,"n_edad_45_":8,"n_edad_60_":1,"n_transpor":0,"n_transp_1":9,"n_transp_2":1,"n_transp_3":0,"n_transp_4":0,"n_transp_5":0,"n_transp_6":1,"dim_acc":0.55567,"dim_soc":0.570205}},{"type":"Feature","id":293,"geometry":{"type":"Polygon","coordinates":[[[-70.2086,-22.1072],[-70.2083,-22.1071],[-70.2087,-22.1059],[-70.2089,-22.1061],[-70.2086,-22.1072]]]},"properties":{"OID":293,"MANZENT":2301061004010,"n_per":175,"n_hombres":76,"n_mujeres":99,"n_edad_0_5":11,"n_edad_6_1":29,"n_edad_14_":17,"n_edad_18_":17,"n_edad_25_":56,"n_edad_45_":24,"n_edad_60_":21,"n_transpor":13,"n_transp_1":33,"n_transp_2":5,"n_transp_3":1,"n_transp_4":0,"n_transp_5":0,"n_transp_6":2,"dim_acc":0.55567,"dim_soc":0.570205}},{"type":"Feature","id":294,"geometry":{"type":"Polygon","coordinates":[[[-70.2092,-22.106],[-70.2094,-22.1059],[-70.2097,-22.1061],[-70.2093,-22.106],[-70.2095,-22.1069],[-70.2092,-22.1072],[-70.209,-22.1075],[-70.2091,-22.108],[-70.209,-22.1081],[-70.2085,-22.1085],[-70.2084,-22.1082],[-70.2087,-22.1073],[-70.2087,-22.107],[-70.209,-22.106],[-70.2092,-22.106],[-70.2089,-22.1071],[-70.2092,-22.106]]]},"properties":{"OID":294,"MANZENT":2301061004010,"n_per":441,"n_hombres":212,"n_mujeres":229,"n_edad_0_5":34,"n_edad_6_1":76,"n_edad_14_":34,"n_edad_18_":59,"n_edad_25_":132,"n_edad_45_":66,"n_edad_60_":40,"n_transpor":27,"n_transp_1":57,"n_transp_2":13,"n_transp_3":0,"n_transp_4":0,"n_transp_5":0,"n_transp_6":10,"dim_acc":0.55567,"dim_soc":0.570205}},{"type":"Feature","id":295,"geometry":{"type":"Polygon","coordinates":[[[-70.2094,-22.1064],[-70.2094,-22.1061],[-70.2098,-22.1061],[-70.2102,-22.1065],[-70.2094,-22.1064]]]},"properties":{"OID":295,"MANZENT":2301061004010,"n_per":58,"n_hombres":25,"n_mujeres":33,"n_edad_0_5":7,"n_edad_6_1":9,"n_edad_14_":4,"n_edad_18_":6,"n_edad_25_":15,"n_edad_45_":9,"n_edad_60_":8,"n_transpor":1,"n_transp_1":3,"n_transp_2":0,"n_transp_3":1,"n_transp_4":0,"n_transp_5":0,"n_transp_6":3,"dim_acc":0.55567,"dim_soc":0.570205}},{"type":"Feature","id":296,"geometry":{"type":"Polygon","coordinates":[[[-70.2107,-22.1067],[-70.2103,-22.1064],[-70.2105,-22.1062],[-70.2112,-22.1068],[-70.211,-22.107],[-70.2107,-22.1067]]]},"properties":{"OID":296,"MANZENT":2301061004010,"n_per":104,"n_hombres":48,"n_mujeres":56,"n_edad_0_5":10,"n_edad_6_1":13,"n_edad_14_":10,"n_edad_18_":15,"n_edad_25_":25,"n_edad_45_":25,"n_edad_60_":6,"n_transpor":5,"n_transp_1":15,"n_transp_2":3,"n_transp_3":0,"n_transp_4":0,"n_transp_5":0,"n_transp_6":0,"dim_acc":0.55567,"dim_soc":0.570205}},{"type":"Feature","id":297,"geometry":{"type":"Polygon","coordinates":[[[-70.2122,-22.1071],[-70.2119,-22.1067],[-70.2123,-22.1063],[-70.2125,-22.1068],[-70.2122,-22.1071]]]},"properties":{"OID":297,"MANZENT":2301061004010,"n_per":34,"n_hombres":17,"n_mujeres":17,"n_edad_0_5":2,"n_edad_6_1":4,"n_edad_14_":2,"n_edad_18_":1,"n_edad_25_":9,"n_edad_45_":9,"n_edad_60_":7,"n_transpor":4,"n_transp_1":6,"n_transp_2":2,"n_transp_3":0,"n_transp_4":0,"n_transp_5":0,"n_transp_6":0,"dim_acc":0.55567,"dim_soc":0.570205}},{"type":"Feature","id":298,"geometry":{"type":"Polygon","coordinates":[[[-70.2095,-22.1068],[-70.2095,-22.1064],[-70.2103,-22.1065],[-70.2106,-22.1068],[-70.2106,-22.1069],[-70.2095,-22.1068]]]},"properties":{"OID":298,"MANZENT":2301061004010,"n_per":78,"n_hombres":37,"n_mujeres":41,"n_edad_0_5":4,"n_edad_6_1":9,"n_edad_14_":9,"n_edad_18_":11,"n_edad_25_":21,"n_edad_45_":19,"n_edad_60_":5,"n_transpor":6,"n_transp_1":14,"n_transp_2":1,"n_transp_3":0,"n_transp_4":0,"n_transp_5":0,"n_transp_6":4,"dim_acc":0.55567,"dim_soc":0.570205}},{"type":"Feature","id":299,"geometry":{"type":"Polygon","coordinates":[[[-70.2114,-22.1073],[-70.2114,-22.1072],[-70.2118,-22.1068],[-70.2121,-22.1072],[-70.2117,-22.1076],[-70.2114,-22.1073]]]},"properties":{"OID":299,"MANZENT":2301061004010,"n_per":24,"n_hombres":11,"n_mujeres":13,"n_edad_0_5":3,"n_edad_6_1":2,"n_edad_14_":2,"n_edad_18_":0,"n_edad_25_":10,"n_edad_45_":4,"n_edad_60_":3,"n_transpor":2,"n_transp_1":7,"n_transp_2":0,"n_transp_3":0,"n_transp_4":0,"n_transp_5":0,"n_transp_6":0,"dim_acc":0.55567,"dim_soc":0.570205}},{"type":"Feature","id":300,"geometry":{"type":"Polygon","coordinates":[[[-70.2106,-22.1069],[-70.2107,-22.1068],[-70.2113,-22.1073],[-70.211,-22.1082],[-70.2111,-22.1086],[-70.2097,-22.1088],[-70.2095,-22.1078],[-70.2097,-22.1077],[-70.2098,-22.1078],[-70.2105,-22.1077],[-70.2104,-22.1077],[-70.2103,-22.1073],[-70.2104,-22.1072],[-70.2096,-22.1072],[-70.2095,-22.1068],[-70.2106,-22.1069]]]},"properties":{"OID":300,"MANZENT":2301061004020,"n_per":238,"n_hombres":121,"n_mujeres":117,"n_edad_0_5":15,"n_edad_6_1":29,"n_edad_14_":18,"n_edad_18_":31,"n_edad_25_":60,"n_edad_45_":50,"n_edad_60_":35,"n_transpor":8,"n_transp_1":26,"n_transp_2":8,"n_transp_3":0,"n_transp_4":0,"n_transp_5":0,"n_transp_6":2,"dim_acc":0.546703,"dim_soc":0.665025}},{"type":"Feature","id":301,"geometry":{"type":"Polygon","coordinates":[[[-70.2127,-22.107],[-70.2124,-22.1073],[-70.2122,-22.1071],[-70.2125,-22.1068],[-70.2127,-22.107]]]},"properties":{"OID":301,"MANZENT":2301061004020,"n_per":20,"n_hombres":10,"n_mujeres":10,"n_edad_0_5":4,"n_edad_6_1":1,"n_edad_14_":1,"n_edad_18_":0,"n_edad_25_":9,"n_edad_45_":1,"n_edad_60_":4,"n_transpor":4,"n_transp_1":0,"n_transp_2":1,"n_transp_3":0,"n_transp_4":0,"n_transp_5":0,"n_transp_6":0,"dim_acc":0.546703,"dim_soc":0.665025}},{"type":"Feature","id":302,"geometry":{"type":"Polygon","coordinates":[[[-70.2091,-22.1079],[-70.209,-22.1075],[-70.2092,-22.1072],[-70.2095,-22.107],[-70.2096,-22.1075],[-70.2091,-22.1079]]]},"properties":{"OID":302,"MANZENT":2301061004020,"n_per":93,"n_hombres":40,"n_mujeres":53,"n_edad_0_5":2,"n_edad_6_1":11,"n_edad_14_":7,"n_edad_18_":12,"n_edad_25_":19,"n_edad_45_":26,"n_edad_60_":16,"n_transpor":5,"n_transp_1":7,"n_transp_2":1,"n_transp_3":0,"n_transp_4":0,"n_transp_5":0,"n_transp_6":4,"dim_acc":0.546703,"dim_soc":0.665025}},{"type":"Feature","id":303,"geometry":{"type":"Polygon","coordinates":[[[-70.2083,-22.1084],[-70.2083,-22.1085],[-70.2079,-22.1084],[-70.2082,-22.1073],[-70.2083,-22.1072],[-70.2084,-22.1072],[-70.2081,-22.1084],[-70.2084,-22.1072],[-70.2086,-22.1073],[-70.2083,-22.1084]]]},"properties":{"OID":303,"MANZENT":2301061004020,"n_per":401,"n_hombres":185,"n_mujeres":216,"n_edad_0_5":27,"n_edad_6_1":69,"n_edad_14_":34,"n_edad_18_":58,"n_edad_25_":128,"n_edad_45_":60,"n_edad_60_":25,"n_transpor":24,"n_transp_1":74,"n_transp_2":7,"n_transp_3":0,"n_transp_4":0,"n_transp_5":0,"n_transp_6":6,"dim_acc":0.546703,"dim_soc":0.665025}},{"type":"Feature","id":304,"geometry":{"type":"Polygon","coordinates":[[[-70.2129,-22.1084],[-70.2128,-22.1085],[-70.2118,-22.1076],[-70.2121,-22.1072],[-70.2125,-22.1075],[-70.2123,-22.1078],[-70.2124,-22.1078],[-70.2126,-22.1075],[-70.2133,-22.1081],[-70.2129,-22.1084]]]},"properties":{"OID":304,"MANZENT":2301061004020,"n_per":34,"n_hombres":14,"n_mujeres":20,"n_edad_0_5":1,"n_edad_6_1":5,"n_edad_14_":1,"n_edad_18_":3,"n_edad_25_":10,"n_edad_45_":6,"n_edad_60_":8,"n_transpor":7,"n_transp_1":6,"n_transp_2":2,"n_transp_3":0,"n_transp_4":0,"n_transp_5":0,"n_transp_6":0,"dim_acc":0.546703,"dim_soc":0.665025}},{"type":"Feature","id":305,"geometry":{"type":"Polygon","coordinates":[[[-70.2103,-22.1073],[-70.2103,-22.1076],[-70.2098,-22.1076],[-70.2095,-22.1076],[-70.2096,-22.1075],[-70.2096,-22.1072],[-70.2103,-22.1073]]]},"properties":{"OID":305,"MANZENT":2301061004020,"n_per":67,"n_hombres":32,"n_mujeres":35,"n_edad_0_5":4,"n_edad_6_1":13,"n_edad_14_":4,"n_edad_18_":7,"n_edad_25_":29,"n_edad_45_":9,"n_edad_60_":1,"n_transpor":10,"n_transp_1":13,"n_transp_2":6,"n_transp_3":0,"n_transp_4":0,"n_transp_5":0,"n_transp_6":0,"dim_acc":0.546703,"dim_soc":0.665025}},{"type":"Feature","id":306,"geometry":{"type":"Polygon","coordinates":[[[-70.2133,-22.1074],[-70.213,-22.1078],[-70.2129,-22.1076],[-70.2131,-22.1073],[-70.2133,-22.1074]]]},"properties":{"OID":306,"MANZENT":2301061004020,"n_per":9,"n_hombres":4,"n_mujeres":5,"n_edad_0_5":1,"n_edad_6_1":2,"n_edad_14_":0,"n_edad_18_":0,"n_edad_25_":1,"n_edad_45_":1,"n_edad_60_":4,"n_transpor":0,"n_transp_1":1,"n_transp_2":1,"n_transp_3":0,"n_transp_4":0,"n_transp_5":0,"n_transp_6":0,"dim_acc":0.546703,"dim_soc":0.665025}},{"type":"Feature","id":307,"geometry":{"type":"Polygon","coordinates":[[[-70.2124,-22.109],[-70.2121,-22.1093],[-70.2117,-22.1093],[-70.2114,-22.1078],[-70.2113,-22.1077],[-70.2114,-22.1074],[-70.2128,-22.1086],[-70.2124,-22.109]]]},"properties":{"OID":307,"MANZENT":2301061004020,"n_per":89,"n_hombres":43,"n_mujeres":46,"n_edad_0_5":6,"n_edad_6_1":12,"n_edad_14_":6,"n_edad_18_":2,"n_edad_25_":28,"n_edad_45_":16,"n_edad_60_":19,"n_transpor":10,"n_transp_1":11,"n_transp_2":0,"n_transp_3":0,"n_transp_4":0,"n_transp_5":0,"n_transp_6":1,"dim_acc":0.546703,"dim_soc":0.665025}},{"type":"Feature","id":308,"geometry":{"type":"Polygon","coordinates":[[[-70.2137,-22.1077],[-70.2139,-22.1079],[-70.2132,-22.1087],[-70.213,-22.1085],[-70.2137,-22.1077]]]},"properties":{"OID":308,"MANZENT":2301061004030,"n_per":33,"n_hombres":19,"n_mujeres":14,"n_edad_0_5":0,"n_edad_6_1":2,"n_edad_14_":3,"n_edad_18_":2,"n_edad_25_":8,"n_edad_45_":6,"n_edad_60_":12,"n_transpor":3,"n_transp_1":6,"n_transp_2":0,"n_transp_3":0,"n_transp_4":0,"n_transp_5":0,"n_transp_6":0,"dim_acc":0.556163,"dim_soc":0.829744}},{"type":"Feature","id":309,"geometry":{"type":"Polygon","coordinates":[[[-70.2095,-22.1078],[-70.2096,-22.1088],[-70.2093,-22.1089],[-70.2091,-22.1081],[-70.2095,-22.1078]]]},"properties":{"OID":309,"MANZENT":2301061004030,"n_per":124,"n_hombres":59,"n_mujeres":65,"n_edad_0_5":6,"n_edad_6_1":19,"n_edad_14_":11,"n_edad_18_":6,"n_edad_25_":34,"n_edad_45_":23,"n_edad_60_":25,"n_transpor":7,"n_transp_1":8,"n_transp_2":1,"n_transp_3":0,"n_transp_4":0,"n_transp_5":0,"n_transp_6":1,"dim_acc":0.556163,"dim_soc":0.829744}},{"type":"Feature","id":310,"geometry":{"type":"Polygon","coordinates":[[[-70.2112,-22.1086],[-70.2111,-22.1083],[-70.2113,-22.1078],[-70.2114,-22.1079],[-70.2115,-22.1085],[-70.2112,-22.1086]]]},"properties":{"OID":310,"MANZENT":2301061004030,"n_per":46,"n_hombres":23,"n_mujeres":23,"n_edad_0_5":5,"n_edad_6_1":5,"n_edad_14_":1,"n_edad_18_":3,"n_edad_25_":14,"n_edad_45_":14,"n_edad_60_":4,"n_transpor":7,"n_transp_1":12,"n_transp_2":1,"n_transp_3":0,"n_transp_4":0,"n_transp_5":0,"n_transp_6":2,"dim_acc":0.556163,"dim_soc":0.829744}},{"type":"Feature","id":311,"geometry":{"type":"Polygon","coordinates":[[[-70.2135,-22.1089],[-70.2133,-22.1087],[-70.214,-22.108],[-70.2142,-22.1082],[-70.2135,-22.1089]]]},"properties":{"OID":311,"MANZENT":2301061004030,"n_per":25,"n_hombres":13,"n_mujeres":12,"n_edad_0_5":0,"n_edad_6_1":1,"n_edad_14_":2,"n_edad_18_":2,"n_edad_25_":3,"n_edad_45_":7,"n_edad_60_":10,"n_transpor":7,"n_transp_1":1,"n_transp_2":3,"n_transp_3":0,"n_transp_4":0,"n_transp_5":0,"n_transp_6":0,"dim_acc":0.556163,"dim_soc":0.829744}},{"type":"Feature","id":312,"geometry":{"type":"Polygon","coordinates":[[[-70.2091,-22.1081],[-70.2092,-22.1089],[-70.2089,-22.109],[-70.2088,-22.1084],[-70.2091,-22.1081]]]},"properties":{"OID":312,"MANZENT":2301061004030,"n_per":92,"n_hombres":41,"n_mujeres":51,"n_edad_0_5":9,"n_edad_6_1":18,"n_edad_14_":7,"n_edad_18_":7,"n_edad_25_":19,"n_edad_45_":16,"n_edad_60_":16,"n_transpor":6,"n_transp_1":11,"n_transp_2":2,"n_transp_3":0,"n_transp_4":0,"n_transp_5":0,"n_transp_6":3,"dim_acc":0.556163,"dim_soc":0.829744}},{"type":"Feature","id":313,"geometry":{"type":"Polygon","coordinates":[[[-70.2144,-22.1082],[-70.2143,-22.1086],[-70.2138,-22.1091],[-70.2135,-22.1089],[-70.2142,-22.1082],[-70.2144,-22.1082]]]},"properties":{"OID":313,"MANZENT":2301061004030,"n_per":17,"n_hombres":8,"n_mujeres":9,"n_edad_0_5":0,"n_edad_6_1":0,"n_edad_14_":0,"n_edad_18_":1,"n_edad_25_":6,"n_edad_45_":1,"n_edad_60_":9,"n_transpor":1,"n_transp_1":3,"n_transp_2":4,"n_transp_3":0,"n_transp_4":0,"n_transp_5":0,"n_transp_6":0,"dim_acc":0.556163,"dim_soc":0.829744}},{"type":"Feature","id":314,"geometry":{"type":"Polygon","coordinates":[[[-70.2078,-22.1084],[-70.2084,-22.1084],[-70.2085,-22.1087],[-70.2087,-22.1098],[-70.2088,-22.1098],[-70.2092,-22.1106],[-70.2089,-22.1108],[-70.209,-22.1116],[-70.2086,-22.1116],[-70.208,-22.1114],[-70.2078,-22.1112],[-70.2079,-22.1111],[-70.2079,-22.1108],[-70.2077,-22.1106],[-70.2083,-22.1099],[-70.2083,-22.1093],[-70.2082,-22.1088],[-70.2079,-22.1087],[-70.2077,-22.1086],[-70.2078,-22.1084]]]},"properties":{"OID":314,"MANZENT":2301061004030,"n_per":62,"n_hombres":30,"n_mujeres":32,"n_edad_0_5":4,"n_edad_6_1":8,"n_edad_14_":3,"n_edad_18_":7,"n_edad_25_":17,"n_edad_45_":12,"n_edad_60_":11,"n_transpor":5,"n_transp_1":10,"n_transp_2":1,"n_transp_3":0,"n_transp_4":0,"n_transp_5":0,"n_transp_6":0,"dim_acc":0.556163,"dim_soc":0.829744}},{"type":"Feature","id":315,"geometry":{"type":"Polygon","coordinates":[[[-70.2087,-22.1084],[-70.2088,-22.109],[-70.2087,-22.109],[-70.2086,-22.1086],[-70.2087,-22.1084]]]},"properties":{"OID":315,"MANZENT":2301061004030,"n_per":29,"n_hombres":11,"n_mujeres":18,"n_edad_0_5":0,"n_edad_6_1":9,"n_edad_14_":1,"n_edad_18_":4,"n_edad_25_":8,"n_edad_45_":4,"n_edad_60_":3,"n_transpor":1,"n_transp_1":6,"n_transp_2":0,"n_transp_3":0,"n_transp_4":0,"n_transp_5":0,"n_transp_6":0,"dim_acc":0.556163,"dim_soc":0.829744}},{"type":"Feature","id":316,"geometry":{"type":"Polygon","coordinates":[[[-70.2116,-22.1086],[-70.2117,-22.1093],[-70.2113,-22.1094],[-70.2111,-22.1087],[-70.2116,-22.1086]]]},"properties":{"OID":316,"MANZENT":2301061004040,"n_per":27,"n_hombres":14,"n_mujeres":13,"n_edad_0_5":0,"n_edad_6_1":3,"n_edad_14_":0,"n_edad_18_":2,"n_edad_25_":6,"n_edad_45_":8,"n_edad_60_":8,"n_transpor":1,"n_transp_1":2,"n_transp_2":0,"n_transp_3":0,"n_transp_4":0,"n_transp_5":0,"n_transp_6":1,"dim_acc":0.560372,"dim_soc":0.825517}},{"type":"Feature","id":317,"geometry":{"type":"Polygon","coordinates":[[[-70.2128,-22.1086],[-70.2131,-22.1088],[-70.2123,-22.1096],[-70.2121,-22.1093],[-70.2128,-22.1086]]]},"properties":{"OID":317,"MANZENT":2301061004040,"n_per":28,"n_hombres":14,"n_mujeres":14,"n_edad_0_5":0,"n_edad_6_1":3,"n_edad_14_":2,"n_edad_18_":1,"n_edad_25_":6,"n_edad_45_":7,"n_edad_60_":9,"n_transpor":2,"n_transp_1":2,"n_transp_2":0,"n_transp_3":0,"n_transp_4":0,"n_transp_5":0,"n_transp_6":1,"dim_acc":0.560372,"dim_soc":0.825517}},{"type":"Feature","id":318,"geometry":{"type":"Polygon","coordinates":[[[-70.2107,-22.1087],[-70.2111,-22.1087],[-70.2112,-22.1094],[-70.2108,-22.1095],[-70.2107,-22.1087]]]},"properties":{"OID":318,"MANZENT":2301061004040,"n_per":31,"n_hombres":18,"n_mujeres":13,"n_edad_0_5":0,"n_edad_6_1":2,"n_edad_14_":3,"n_edad_18_":1,"n_edad_25_":3,"n_edad_45_":9,"n_edad_60_":13,"n_transpor":3,"n_transp_1":3,"n_transp_2":0,"n_transp_3":0,"n_transp_4":0,"n_transp_5":0,"n_transp_6":2,"dim_acc":0.560372,"dim_soc":0.825517}},{"type":"Feature","id":319,"geometry":{"type":"Polygon","coordinates":[[[-70.2102,-22.1088],[-70.2106,-22.1088],[-70.2107,-22.1095],[-70.2103,-22.1095],[-70.2102,-22.1088]]]},"properties":{"OID":319,"MANZENT":2301061004040,"n_per":24,"n_hombres":9,"n_mujeres":15,"n_edad_0_5":1,"n_edad_6_1":4,"n_edad_14_":3,"n_edad_18_":1,"n_edad_25_":4,"n_edad_45_":5,"n_edad_60_":6,"n_transpor":2,"n_transp_1":3,"n_transp_2":2,"n_transp_3":0,"n_transp_4":0,"n_transp_5":0,"n_transp_6":1,"dim_acc":0.560372,"dim_soc":0.825517}},{"type":"Feature","id":320,"geometry":{"type":"Polygon","coordinates":[[[-70.2097,-22.1089],[-70.2101,-22.1088],[-70.2102,-22.1095],[-70.2098,-22.1096],[-70.2097,-22.1089]]]},"properties":{"OID":320,"MANZENT":2301061004040,"n_per":64,"n_hombres":32,"n_mujeres":32,"n_edad_0_5":2,"n_edad_6_1":10,"n_edad_14_":6,"n_edad_18_":5,"n_edad_25_":18,"n_edad_45_":6,"n_edad_60_":17,"n_transpor":2,"n_transp_1":11,"n_transp_2":2,"n_transp_3":0,"n_transp_4":0,"n_transp_5":0,"n_transp_6":0,"dim_acc":0.560372,"dim_soc":0.825517}},{"type":"Feature","id":321,"geometry":{"type":"Polygon","coordinates":[[[-70.2131,-22.1088],[-70.2133,-22.109],[-70.2126,-22.1098],[-70.2124,-22.1096],[-70.2131,-22.1088]]]},"properties":{"OID":321,"MANZENT":2301061004040,"n_per":23,"n_hombres":12,"n_mujeres":11,"n_edad_0_5":3,"n_edad_6_1":1,"n_edad_14_":3,"n_edad_18_":0,"n_edad_25_":5,"n_edad_45_":7,"n_edad_60_":4,"n_transpor":2,"n_transp_1":1,"n_transp_2":0,"n_transp_3":0,"n_transp_4":0,"n_transp_5":0,"n_transp_6":0,"dim_acc":0.560372,"dim_soc":0.825517}},{"type":"Feature","id":322,"geometry":{"type":"Polygon","coordinates":[[[-70.2097,-22.1089],[-70.2098,-22.1096],[-70.2094,-22.1097],[-70.2093,-22.1089],[-70.2097,-22.1089]]]},"properties":{"OID":322,"MANZENT":2301061004040,"n_per":109,"n_hombres":53,"n_mujeres":56,"n_edad_0_5":4,"n_edad_6_1":18,"n_edad_14_":6,"n_edad_18_":10,"n_edad_25_":33,"n_edad_45_":18,"n_edad_60_":20,"n_transpor":6,"n_transp_1":16,"n_transp_2":5,"n_transp_3":0,"n_transp_4":0,"n_transp_5":0,"n_transp_6":1,"dim_acc":0.560372,"dim_soc":0.825517}},{"type":"Feature","id":323,"geometry":{"type":"Polygon","coordinates":[[[-70.2092,-22.109],[-70.2093,-22.1096],[-70.209,-22.1097],[-70.2089,-22.109],[-70.2092,-22.109]]]},"properties":{"OID":323,"MANZENT":2301061004050,"n_per":82,"n_hombres":38,"n_mujeres":44,"n_edad_0_5":3,"n_edad_6_1":12,"n_edad_14_":7,"n_edad_18_":5,"n_edad_25_":25,"n_edad_45_":10,"n_edad_60_":20,"n_transpor":8,"n_transp_1":5,"n_transp_2":1,"n_transp_3":0,"n_transp_4":0,"n_transp_5":0,"n_transp_6":1,"dim_acc":0.543187,"dim_soc":0.64628}},{"type":"Feature","id":324,"geometry":{"type":"Polygon","coordinates":[[[-70.2088,-22.109],[-70.209,-22.1097],[-70.2088,-22.1097],[-70.2088,-22.1097],[-70.2086,-22.1091],[-70.2088,-22.109]]]},"properties":{"OID":324,"MANZENT":2301061004050,"n_per":60,"n_hombres":27,"n_mujeres":33,"n_edad_0_5":6,"n_edad_6_1":13,"n_edad_14_":5,"n_edad_18_":4,"n_edad_25_":14,"n_edad_45_":7,"n_edad_60_":11,"n_transpor":3,"n_transp_1":4,"n_transp_2":3,"n_transp_3":0,"n_transp_4":0,"n_transp_5":0,"n_transp_6":3,"dim_acc":0.543187,"dim_soc":0.64628}},{"type":"Feature","id":325,"geometry":{"type":"Polygon","coordinates":[[[-70.2133,-22.1091],[-70.2136,-22.1093],[-70.2128,-22.11],[-70.2126,-22.1098],[-70.2133,-22.1091]]]},"properties":{"OID":325,"MANZENT":2301061004050,"n_per":24,"n_hombres":12,"n_mujeres":12,"n_edad_0_5":1,"n_edad_6_1":3,"n_edad_14_":2,"n_edad_18_":1,"n_edad_25_":6,"n_edad_45_":7,"n_edad_60_":4,"n_transpor":6,"n_transp_1":0,"n_transp_2":0,"n_transp_3":0,"n_transp_4":0,"n_transp_5":0,"n_transp_6":1,"dim_acc":0.543187,"dim_soc":0.64628}},{"type":"Feature","id":326,"geometry":{"type":"Polygon","coordinates":[[[-70.2117,-22.1107],[-70.2116,-22.11],[-70.2116,-22.1099],[-70.2112,-22.1099],[-70.2112,-22.1095],[-70.212,-22.1093],[-70.2128,-22.11],[-70.2126,-22.1103],[-70.2124,-22.1101],[-70.2125,-22.11],[-70.2124,-22.1101],[-70.2124,-22.1102],[-70.2126,-22.1103],[-70.2121,-22.1111],[-70.2118,-22.1111],[-70.2117,-22.1107]]]},"properties":{"OID":326,"MANZENT":2301061004050,"n_per":49,"n_hombres":26,"n_mujeres":23,"n_edad_0_5":5,"n_edad_6_1":11,"n_edad_14_":4,"n_edad_18_":0,"n_edad_25_":15,"n_edad_45_":8,"n_edad_60_":6,"n_transpor":11,"n_transp_1":4,"n_transp_2":0,"n_transp_3":0,"n_transp_4":0,"n_transp_5":0,"n_transp_6":0,"dim_acc":0.543187,"dim_soc":0.64628}},{"type":"Feature","id":327,"geometry":{"type":"Polygon","coordinates":[[[-70.2111,-22.1095],[-70.2114,-22.1111],[-70.2111,-22.1112],[-70.2108,-22.1095],[-70.2111,-22.1095]]]},"properties":{"OID":327,"MANZENT":2301061004050,"n_per":52,"n_hombres":20,"n_mujeres":32,"n_edad_0_5":4,"n_edad_6_1":9,"n_edad_14_":3,"n_edad_18_":1,"n_edad_25_":13,"n_edad_45_":11,"n_edad_60_":11,"n_transpor":0,"n_transp_1":2,"n_transp_2":0,"n_transp_3":0,"n_transp_4":0,"n_transp_5":0,"n_transp_6":0,"dim_acc":0.543187,"dim_soc":0.64628}},{"type":"Feature","id":328,"geometry":{"type":"Polygon","coordinates":[[[-70.2107,-22.1095],[-70.2108,-22.1101],[-70.2104,-22.1101],[-70.2103,-22.1096],[-70.2107,-22.1095]]]},"properties":{"OID":328,"MANZENT":2301061004050,"n_per":31,"n_hombres":16,"n_mujeres":15,"n_edad_0_5":2,"n_edad_6_1":3,"n_edad_14_":4,"n_edad_18_":0,"n_edad_25_":10,"n_edad_45_":2,"n_edad_60_":10,"n_transpor":1,"n_transp_1":1,"n_transp_2":0,"n_transp_3":0,"n_transp_4":0,"n_transp_5":0,"n_transp_6":1,"dim_acc":0.543187,"dim_soc":0.64628}},{"type":"Feature","id":329,"geometry":{"type":"Polygon","coordinates":[[[-70.2104,-22.1104],[-70.21,-22.1105],[-70.2098,-22.1096],[-70.2103,-22.1096],[-70.2104,-22.1104]]]},"properties":{"OID":329,"MANZENT":2301061004050,"n_per":75,"n_hombres":35,"n_mujeres":40,"n_edad_0_5":6,"n_edad_6_1":10,"n_edad_14_":2,"n_edad_18_":1,"n_edad_25_":21,"n_edad_45_":10,"n_edad_60_":25,"n_transpor":4,"n_transp_1":10,"n_transp_2":0,"n_transp_3":0,"n_transp_4":0,"n_transp_5":0,"n_transp_6":0,"dim_acc":0.543187,"dim_soc":0.64628}},{"type":"Feature","id":330,"geometry":{"type":"Polygon","coordinates":[[[-70.2098,-22.1097],[-70.2099,-22.1105],[-70.2096,-22.1106],[-70.2094,-22.1097],[-70.2098,-22.1097]]]},"properties":{"OID":330,"MANZENT":2301061004060,"n_per":104,"n_hombres":53,"n_mujeres":51,"n_edad_0_5":6,"n_edad_6_1":17,"n_edad_14_":10,"n_edad_18_":7,"n_edad_25_":33,"n_edad_45_":15,"n_edad_60_":16,"n_transpor":9,"n_transp_1":19,"n_transp_2":2,"n_transp_3":0,"n_transp_4":0,"n_transp_5":0,"n_transp_6":1,"dim_acc":0,"dim_soc":0}},{"type":"Feature","id":331,"geometry":{"type":"Polygon","coordinates":[[[-70.2094,-22.1097],[-70.2095,-22.1106],[-70.2092,-22.1106],[-70.2091,-22.1104],[-70.209,-22.1098],[-70.2094,-22.1097]]]},"properties":{"OID":331,"MANZENT":2301061004060,"n_per":67,"n_hombres":24,"n_mujeres":43,"n_edad_0_5":7,"n_edad_6_1":11,"n_edad_14_":3,"n_edad_18_":5,"n_edad_25_":21,"n_edad_45_":6,"n_edad_60_":14,"n_transpor":1,"n_transp_1":4,"n_transp_2":0,"n_transp_3":0,"n_transp_4":0,"n_transp_5":0,"n_transp_6":0,"dim_acc":0,"dim_soc":0}},{"type":"Feature","id":332,"geometry":{"type":"Polygon","coordinates":[[[-70.2116,-22.1099],[-70.2117,-22.1111],[-70.2115,-22.1112],[-70.2112,-22.11],[-70.2116,-22.1099]]]},"properties":{"OID":332,"MANZENT":2301061004060,"n_per":41,"n_hombres":20,"n_mujeres":21,"n_edad_0_5":2,"n_edad_6_1":4,"n_edad_14_":2,"n_edad_18_":0,"n_edad_25_":7,"n_edad_45_":12,"n_edad_60_":14,"n_transpor":3,"n_transp_1":10,"n_transp_2":0,"n_transp_3":0,"n_transp_4":0,"n_transp_5":0,"n_transp_6":1,"dim_acc":0,"dim_soc":0}},{"type":"Feature","id":333,"geometry":{"type":"Polygon","coordinates":[[[-70.2105,-22.1108],[-70.2104,-22.1102],[-70.2108,-22.1101],[-70.2109,-22.1108],[-70.2105,-22.1108]]]},"properties":{"OID":333,"MANZENT":2301061004060,"n_per":26,"n_hombres":11,"n_mujeres":15,"n_edad_0_5":0,"n_edad_6_1":4,"n_edad_14_":1,"n_edad_18_":0,"n_edad_25_":8,"n_edad_45_":2,"n_edad_60_":11,"n_transpor":2,"n_transp_1":0,"n_transp_2":0,"n_transp_3":0,"n_transp_4":0,"n_transp_5":0,"n_transp_6":0,"dim_acc":0,"dim_soc":0}},{"type":"Feature","id":334,"geometry":{"type":"Polygon","coordinates":[[[-70.2101,-22.1113],[-70.21,-22.1105],[-70.2104,-22.1105],[-70.2105,-22.1113],[-70.2101,-22.1113]]]},"properties":{"OID":334,"MANZENT":2301061004060,"n_per":12,"n_hombres":6,"n_mujeres":6,"n_edad_0_5":0,"n_edad_6_1":1,"n_edad_14_":0,"n_edad_18_":1,"n_edad_25_":3,"n_edad_45_":0,"n_edad_60_":7,"n_transpor":1,"n_transp_1":1,"n_transp_2":1,"n_transp_3":0,"n_transp_4":0,"n_transp_5":0,"n_transp_6":0,"dim_acc":0,"dim_soc":0}},{"type":"Feature","id":335,"geometry":{"type":"Polygon","coordinates":[[[-70.2101,-22.1114],[-70.2097,-22.1114],[-70.2096,-22.1106],[-70.2099,-22.1105],[-70.2101,-22.1114]]]},"properties":{"OID":335,"MANZENT":2301061004060,"n_per":86,"n_hombres":41,"n_mujeres":45,"n_edad_0_5":4,"n_edad_6_1":12,"n_edad_14_":4,"n_edad_18_":5,"n_edad_25_":30,"n_edad_45_":18,"n_edad_60_":13,"n_transpor":7,"n_transp_1":22,"n_transp_2":3,"n_transp_3":0,"n_transp_4":0,"n_transp_5":0,"n_transp_6":4,"dim_acc":0,"dim_soc":0}},{"type":"Feature","id":336,"geometry":{"type":"Polygon","coordinates":[[[-70.2097,-22.1117],[-70.209,-22.1116],[-70.209,-22.1107],[-70.2092,-22.1106],[-70.2097,-22.1115],[-70.2097,-22.1117]]]},"properties":{"OID":336,"MANZENT":2301061004070,"n_per":79,"n_hombres":40,"n_mujeres":39,"n_edad_0_5":4,"n_edad_6_1":12,"n_edad_14_":6,"n_edad_18_":8,"n_edad_25_":20,"n_edad_45_":7,"n_edad_60_":22,"n_transpor":9,"n_transp_1":15,"n_transp_2":0,"n_transp_3":0,"n_transp_4":0,"n_transp_5":0,"n_transp_6":0,"dim_acc":0,"dim_soc":0}},{"type":"Feature","id":337,"geometry":{"type":"Polygon","coordinates":[[[-70.2116,-22.1121],[-70.2117,-22.1124],[-70.2112,-22.1124],[-70.2108,-22.1116],[-70.2108,-22.1114],[-70.2112,-22.1113],[-70.2115,-22.1117],[-70.2116,-22.1121]]]},"properties":{"OID":337,"MANZENT":2301061004070,"n_per":36,"n_hombres":16,"n_mujeres":20,"n_edad_0_5":0,"n_edad_6_1":3,"n_edad_14_":1,"n_edad_18_":0,"n_edad_25_":3,"n_edad_45_":13,"n_edad_60_":16,"n_transpor":12,"n_transp_1":4,"n_transp_2":0,"n_transp_3":0,"n_transp_4":0,"n_transp_5":0,"n_transp_6":1,"dim_acc":0,"dim_soc":0}},{"type":"Feature","id":338,"geometry":{"type":"Polygon","coordinates":[[[-70.2112,-22.1125],[-70.2117,-22.1131],[-70.2111,-22.1131],[-70.2106,-22.1124],[-70.2112,-22.1125]]]},"properties":{"OID":338,"MANZENT":2301061004080,"n_per":21,"n_hombres":9,"n_mujeres":12,"n_edad_0_5":1,"n_edad_6_1":1,"n_edad_14_":1,"n_edad_18_":2,"n_edad_25_":3,"n_edad_45_":4,"n_edad_60_":9,"n_transpor":2,"n_transp_1":3,"n_transp_2":0,"n_transp_3":0,"n_transp_4":0,"n_transp_5":0,"n_transp_6":1,"dim_acc":0,"dim_soc":0}},{"type":"Feature","id":339,"geometry":{"type":"Polygon","coordinates":[[[-70.2124,-22.1144],[-70.2118,-22.1143],[-70.2112,-22.1133],[-70.2113,-22.1132],[-70.2117,-22.1132],[-70.2124,-22.1144]]]},"properties":{"OID":339,"MANZENT":2301061004080,"n_per":42,"n_hombres":20,"n_mujeres":22,"n_edad_0_5":0,"n_edad_6_1":3,"n_edad_14_":5,"n_edad_18_":3,"n_edad_25_":11,"n_edad_45_":9,"n_edad_60_":11,"n_transpor":6,"n_transp_1":3,"n_transp_2":0,"n_transp_3":0,"n_transp_4":0,"n_transp_5":0,"n_transp_6":1,"dim_acc":0,"dim_soc":0}},{"type":"Feature","id":340,"geometry":{"type":"Polygon","coordinates":[[[-70.2129,-22.1144],[-70.2124,-22.1144],[-70.2117,-22.1132],[-70.2123,-22.1132],[-70.213,-22.1143],[-70.2129,-22.1144]]]},"properties":{"OID":340,"MANZENT":2301061004080,"n_per":53,"n_hombres":22,"n_mujeres":31,"n_edad_0_5":5,"n_edad_6_1":3,"n_edad_14_":2,"n_edad_18_":2,"n_edad_25_":14,"n_edad_45_":10,"n_edad_60_":17,"n_transpor":6,"n_transp_1":1,"n_transp_2":0,"n_transp_3":0,"n_transp_4":0,"n_transp_5":0,"n_transp_6":0,"dim_acc":0,"dim_soc":0}},{"type":"Feature","id":341,"geometry":{"type":"MultiPolygon","coordinates":[[[[-70.2102,-22.1124],[-70.2097,-22.1118],[-70.2097,-22.1114],[-70.2103,-22.1114],[-70.2103,-22.1117],[-70.2105,-22.112],[-70.2105,-22.1124],[-70.2102,-22.1124]]],[[[-70.2107,-22.1114],[-70.2112,-22.1124],[-70.2106,-22.1123],[-70.2103,-22.1114],[-70.2107,-22.1114]]]]},"properties":{"OID":341,"MANZENT":2301061004070,"n_per":24,"n_hombres":12,"n_mujeres":12,"n_edad_0_5":1,"n_edad_6_1":7,"n_edad_14_":2,"n_edad_18_":0,"n_edad_25_":6,"n_edad_45_":7,"n_edad_60_":1,"n_transpor":4,"n_transp_1":3,"n_transp_2":0,"n_transp_3":0,"n_transp_4":0,"n_transp_5":0,"n_transp_6":0,"dim_acc":0,"dim_soc":0}},{"type":"Feature","id":342,"geometry":{"type":"MultiPolygon","coordinates":[[[[-70.2127,-22.1075],[-70.2129,-22.1072],[-70.2131,-22.1073],[-70.2128,-22.1076],[-70.2127,-22.1075]]],[[[-70.2126,-22.1074],[-70.2124,-22.1073],[-70.2127,-22.107],[-70.2129,-22.1071],[-70.2126,-22.1074]]]]},"properties":{"OID":342,"MANZENT":2301061004020,"n_per":26,"n_hombres":13,"n_mujeres":13,"n_edad_0_5":0,"n_edad_6_1":2,"n_edad_14_":3,"n_edad_18_":3,"n_edad_25_":5,"n_edad_45_":5,"n_edad_60_":8,"n_transpor":4,"n_transp_1":5,"n_transp_2":0,"n_transp_3":0,"n_transp_4":0,"n_transp_5":0,"n_transp_6":1,"dim_acc":0.546703,"dim_soc":0.665025}},{"type":"Feature","id":343,"geometry":{"type":"MultiPolygon","coordinates":[[[[-70.2128,-22.1155],[-70.2129,-22.1154],[-70.2131,-22.1155],[-70.2136,-22.1155],[-70.2138,-22.1161],[-70.2139,-22.1162],[-70.2142,-22.1166],[-70.2144,-22.1176],[-70.2145,-22.1177],[-70.2146,-22.1182],[-70.2137,-22.1184],[-70.2132,-22.1166],[-70.2127,-22.1156],[-70.2128,-22.1155]]],[[[-70.2113,-22.1145],[-70.2108,-22.114],[-70.2103,-22.1124],[-70.2106,-22.1124],[-70.2111,-22.1132],[-70.2111,-22.1133],[-70.2117,-22.1144],[-70.2124,-22.1144],[-70.2127,-22.115],[-70.2125,-22.115],[-70.2124,-22.1145],[-70.2124,-22.1148],[-70.2126,-22.1151],[-70.2128,-22.115],[-70.2125,-22.1144],[-70.213,-22.1144],[-70.2131,-22.1146],[-70.2131,-22.1145],[-70.2131,-22.1145],[-70.2135,-22.115],[-70.2136,-22.1154],[-70.2131,-22.1155],[-70.2128,-22.1153],[-70.2126,-22.1156],[-70.2123,-22.1155],[-70.2119,-22.115],[-70.2113,-22.1145]]]]},"properties":{"OID":343,"MANZENT":2301061004080,"n_per":112,"n_hombres":55,"n_mujeres":57,"n_edad_0_5":8,"n_edad_6_1":18,"n_edad_14_":11,"n_edad_18_":10,"n_edad_25_":30,"n_edad_45_":22,"n_edad_60_":13,"n_transpor":8,"n_transp_1":5,"n_transp_2":1,"n_transp_3":0,"n_transp_4":0,"n_transp_5":0,"n_transp_6":0,"dim_acc":0,"dim_soc":0}},{"type":"Feature","id":344,"geometry":{"type":"MultiPolygon","coordinates":[[[[-70.2116,-22.1125],[-70.2118,-22.1125],[-70.2123,-22.1132],[-70.2117,-22.1131],[-70.2113,-22.1125],[-70.2116,-22.1125]]],[[[-70.2117,-22.1123],[-70.2116,-22.1119],[-70.2113,-22.1113],[-70.2116,-22.1112],[-70.2121,-22.1111],[-70.212,-22.1118],[-70.212,-22.1123],[-70.2118,-22.1124],[-70.2117,-22.1123]]]]},"properties":{"OID":344,"MANZENT":2301061004070,"n_per":42,"n_hombres":23,"n_mujeres":19,"n_edad_0_5":0,"n_edad_6_1":6,"n_edad_14_":4,"n_edad_18_":0,"n_edad_25_":8,"n_edad_45_":13,"n_edad_60_":11,"n_transpor":5,"n_transp_1":4,"n_transp_2":0,"n_transp_3":0,"n_transp_4":0,"n_transp_5":0,"n_transp_6":1,"dim_acc":0,"dim_soc":0}},{"type":"Feature","id":345,"geometry":{"type":"Polygon","coordinates":[[[-70.2054,-22.0954],[-70.2047,-22.0948],[-70.2054,-22.0954],[-70.2054,-22.0954]]]},"properties":{"OID":345,"MANZENT":2301011001020,"n_per":0,"n_hombres":0,"n_mujeres":0,"n_edad_0_5":0,"n_edad_6_1":0,"n_edad_14_":0,"n_edad_18_":0,"n_edad_25_":0,"n_edad_45_":0,"n_edad_60_":0,"n_transpor":0,"n_transp_1":0,"n_transp_2":0,"n_transp_3":0,"n_transp_4":0,"n_transp_5":0,"n_transp_6":0,"dim_acc":0.705471,"dim_soc":0.718895}},{"type":"Feature","id":346,"geometry":{"type":"Polygon","coordinates":[[[-70.2062,-22.096],[-70.2056,-22.0955],[-70.2062,-22.096],[-70.2062,-22.096]]]},"properties":{"OID":346,"MANZENT":2301011001030,"n_per":0,"n_hombres":0,"n_mujeres":0,"n_edad_0_5":0,"n_edad_6_1":0,"n_edad_14_":0,"n_edad_18_":0,"n_edad_25_":0,"n_edad_45_":0,"n_edad_60_":0,"n_transpor":0,"n_transp_1":0,"n_transp_2":0,"n_transp_3":0,"n_transp_4":0,"n_transp_5":0,"n_transp_6":0,"dim_acc":0,"dim_soc":0}},{"type":"Feature","id":347,"geometry":{"type":"Polygon","coordinates":[[[-70.2066,-22.0963],[-70.2063,-22.0961],[-70.2066,-22.0963],[-70.2066,-22.0963]]]},"properties":{"OID":347,"MANZENT":2301011001030,"n_per":0,"n_hombres":0,"n_mujeres":0,"n_edad_0_5":0,"n_edad_6_1":0,"n_edad_14_":0,"n_edad_18_":0,"n_edad_25_":0,"n_edad_45_":0,"n_edad_60_":0,"n_transpor":0,"n_transp_1":0,"n_transp_2":0,"n_transp_3":0,"n_transp_4":0,"n_transp_5":0,"n_transp_6":0,"dim_acc":0,"dim_soc":0}},{"type":"Feature","id":348,"geometry":{"type":"Polygon","coordinates":[[[-70.2056,-22.097],[-70.2055,-22.0969],[-70.2056,-22.0968],[-70.2058,-22.097],[-70.2057,-22.0971],[-70.2056,-22.097]]]},"properties":{"OID":348,"MANZENT":2301011001040,"n_per":0,"n_hombres":0,"n_mujeres":0,"n_edad_0_5":0,"n_edad_6_1":0,"n_edad_14_":0,"n_edad_18_":0,"n_edad_25_":0,"n_edad_45_":0,"n_edad_60_":0,"n_transpor":0,"n_transp_1":0,"n_transp_2":0,"n_transp_3":0,"n_transp_4":0,"n_transp_5":0,"n_transp_6":0,"dim_acc":0,"dim_soc":0}},{"type":"Feature","id":349,"geometry":{"type":"Polygon","coordinates":[[[-70.1971,-22.0893],[-70.1962,-22.0889],[-70.1963,-22.0888],[-70.1971,-22.0893]]]},"properties":{"OID":349,"MANZENT":2301021001000,"n_per":0,"n_hombres":0,"n_mujeres":0,"n_edad_0_5":0,"n_edad_6_1":0,"n_edad_14_":0,"n_edad_18_":0,"n_edad_25_":0,"n_edad_45_":0,"n_edad_60_":0,"n_transpor":0,"n_transp_1":0,"n_transp_2":0,"n_transp_3":0,"n_transp_4":0,"n_transp_5":0,"n_transp_6":0,"dim_acc":0,"dim_soc":0}},{"type":"Feature","id":350,"geometry":{"type":"Polygon","coordinates":[[[-70.1959,-22.089],[-70.196,-22.0889],[-70.1961,-22.0889],[-70.1959,-22.089]]]},"properties":{"OID":350,"MANZENT":2301021001000,"n_per":0,"n_hombres":0,"n_mujeres":0,"n_edad_0_5":0,"n_edad_6_1":0,"n_edad_14_":0,"n_edad_18_":0,"n_edad_25_":0,"n_edad_45_":0,"n_edad_60_":0,"n_transpor":0,"n_transp_1":0,"n_transp_2":0,"n_transp_3":0,"n_transp_4":0,"n_transp_5":0,"n_transp_6":0,"dim_acc":0,"dim_soc":0}},{"type":"Feature","id":351,"geometry":{"type":"Polygon","coordinates":[[[-70.1981,-22.0898],[-70.1972,-22.0894],[-70.1981,-22.0898],[-70.1981,-22.0898]]]},"properties":{"OID":351,"MANZENT":2301021001000,"n_per":0,"n_hombres":0,"n_mujeres":0,"n_edad_0_5":0,"n_edad_6_1":0,"n_edad_14_":0,"n_edad_18_":0,"n_edad_25_":0,"n_edad_45_":0,"n_edad_60_":0,"n_transpor":0,"n_transp_1":0,"n_transp_2":0,"n_transp_3":0,"n_transp_4":0,"n_transp_5":0,"n_transp_6":0,"dim_acc":0,"dim_soc":0}},{"type":"Feature","id":352,"geometry":{"type":"Polygon","coordinates":[[[-70.1991,-22.0904],[-70.1983,-22.0899],[-70.1989,-22.0903],[-70.1991,-22.0904]]]},"properties":{"OID":352,"MANZENT":2301021001010,"n_per":0,"n_hombres":0,"n_mujeres":0,"n_edad_0_5":0,"n_edad_6_1":0,"n_edad_14_":0,"n_edad_18_":0,"n_edad_25_":0,"n_edad_45_":0,"n_edad_60_":0,"n_transpor":0,"n_transp_1":0,"n_transp_2":0,"n_transp_3":0,"n_transp_4":0,"n_transp_5":0,"n_transp_6":0,"dim_acc":0.726978,"dim_soc":0.760393}},{"type":"Feature","id":353,"geometry":{"type":"Polygon","coordinates":[[[-70.2002,-22.0911],[-70.1993,-22.0905],[-70.1997,-22.0908],[-70.2002,-22.0911]]]},"properties":{"OID":353,"MANZENT":2301021001020,"n_per":0,"n_hombres":0,"n_mujeres":0,"n_edad_0_5":0,"n_edad_6_1":0,"n_edad_14_":0,"n_edad_18_":0,"n_edad_25_":0,"n_edad_45_":0,"n_edad_60_":0,"n_transpor":0,"n_transp_1":0,"n_transp_2":0,"n_transp_3":0,"n_transp_4":0,"n_transp_5":0,"n_transp_6":0,"dim_acc":0.735472,"dim_soc":0.769626}},{"type":"Feature","id":354,"geometry":{"type":"Polygon","coordinates":[[[-70.1955,-22.0905],[-70.1958,-22.0908],[-70.1955,-22.0911],[-70.1952,-22.0908],[-70.1955,-22.0905]]]},"properties":{"OID":354,"MANZENT":2301021001020,"n_per":0,"n_hombres":0,"n_mujeres":0,"n_edad_0_5":0,"n_edad_6_1":0,"n_edad_14_":0,"n_edad_18_":0,"n_edad_25_":0,"n_edad_45_":0,"n_edad_60_":0,"n_transpor":0,"n_transp_1":0,"n_transp_2":0,"n_transp_3":0,"n_transp_4":0,"n_transp_5":0,"n_transp_6":0,"dim_acc":0.735472,"dim_soc":0.769626}},{"type":"Feature","id":355,"geometry":{"type":"Polygon","coordinates":[[[-70.1916,-22.0865],[-70.1911,-22.0862],[-70.1917,-22.0864],[-70.1916,-22.0865]]]},"properties":{"OID":355,"MANZENT":2301031001000,"n_per":0,"n_hombres":0,"n_mujeres":0,"n_edad_0_5":0,"n_edad_6_1":0,"n_edad_14_":0,"n_edad_18_":0,"n_edad_25_":0,"n_edad_45_":0,"n_edad_60_":0,"n_transpor":0,"n_transp_1":0,"n_transp_2":0,"n_transp_3":0,"n_transp_4":0,"n_transp_5":0,"n_transp_6":0,"dim_acc":0,"dim_soc":0}},{"type":"Feature","id":356,"geometry":{"type":"Polygon","coordinates":[[[-70.192,-22.0867],[-70.1918,-22.0866],[-70.1918,-22.0865],[-70.192,-22.0866],[-70.192,-22.0867]]]},"properties":{"OID":356,"MANZENT":2301031001000,"n_per":0,"n_hombres":0,"n_mujeres":0,"n_edad_0_5":0,"n_edad_6_1":0,"n_edad_14_":0,"n_edad_18_":0,"n_edad_25_":0,"n_edad_45_":0,"n_edad_60_":0,"n_transpor":0,"n_transp_1":0,"n_transp_2":0,"n_transp_3":0,"n_transp_4":0,"n_transp_5":0,"n_transp_6":0,"dim_acc":0,"dim_soc":0}},{"type":"Feature","id":357,"geometry":{"type":"Polygon","coordinates":[[[-70.193,-22.0872],[-70.1921,-22.0867],[-70.1922,-22.0867],[-70.193,-22.0871],[-70.193,-22.0872]]]},"properties":{"OID":357,"MANZENT":2301031001000,"n_per":0,"n_hombres":0,"n_mujeres":0,"n_edad_0_5":0,"n_edad_6_1":0,"n_edad_14_":0,"n_edad_18_":0,"n_edad_25_":0,"n_edad_45_":0,"n_edad_60_":0,"n_transpor":0,"n_transp_1":0,"n_transp_2":0,"n_transp_3":0,"n_transp_4":0,"n_transp_5":0,"n_transp_6":0,"dim_acc":0,"dim_soc":0}},{"type":"Feature","id":358,"geometry":{"type":"Polygon","coordinates":[[[-70.194,-22.0877],[-70.1932,-22.0872],[-70.1932,-22.0872],[-70.1941,-22.0876],[-70.194,-22.0877]]]},"properties":{"OID":358,"MANZENT":2301031001010,"n_per":0,"n_hombres":0,"n_mujeres":0,"n_edad_0_5":0,"n_edad_6_1":0,"n_edad_14_":0,"n_edad_18_":0,"n_edad_25_":0,"n_edad_45_":0,"n_edad_60_":0,"n_transpor":0,"n_transp_1":0,"n_transp_2":0,"n_transp_3":0,"n_transp_4":0,"n_transp_5":0,"n_transp_6":0,"dim_acc":0.691739,"dim_soc":0.649814}},{"type":"Feature","id":359,"geometry":{"type":"Polygon","coordinates":[[[-70.1933,-22.0876],[-70.1934,-22.0875],[-70.1937,-22.0876],[-70.1935,-22.0878],[-70.1933,-22.0876]]]},"properties":{"OID":359,"MANZENT":2301031001010,"n_per":0,"n_hombres":0,"n_mujeres":0,"n_edad_0_5":0,"n_edad_6_1":0,"n_edad_14_":0,"n_edad_18_":0,"n_edad_25_":0,"n_edad_45_":0,"n_edad_60_":0,"n_transpor":0,"n_transp_1":0,"n_transp_2":0,"n_transp_3":0,"n_transp_4":0,"n_transp_5":0,"n_transp_6":0,"dim_acc":0.691739,"dim_soc":0.649814}},{"type":"Feature","id":360,"geometry":{"type":"Polygon","coordinates":[[[-70.1935,-22.0884],[-70.1926,-22.0894],[-70.1918,-22.0888],[-70.1927,-22.0877],[-70.1935,-22.0884]]]},"properties":{"OID":360,"MANZENT":2301031001020,"n_per":0,"n_hombres":0,"n_mujeres":0,"n_edad_0_5":0,"n_edad_6_1":0,"n_edad_14_":0,"n_edad_18_":0,"n_edad_25_":0,"n_edad_45_":0,"n_edad_60_":0,"n_transpor":0,"n_transp_1":0,"n_transp_2":0,"n_transp_3":0,"n_transp_4":0,"n_transp_5":0,"n_transp_6":0,"dim_acc":0.713025,"dim_soc":0.829171}},{"type":"Feature","id":361,"geometry":{"type":"Polygon","coordinates":[[[-70.195,-22.0883],[-70.1942,-22.0878],[-70.1943,-22.0878],[-70.1951,-22.0882],[-70.195,-22.0883]]]},"properties":{"OID":361,"MANZENT":2301031001020,"n_per":0,"n_hombres":0,"n_mujeres":0,"n_edad_0_5":0,"n_edad_6_1":0,"n_edad_14_":0,"n_edad_18_":0,"n_edad_25_":0,"n_edad_45_":0,"n_edad_60_":0,"n_transpor":0,"n_transp_1":0,"n_transp_2":0,"n_transp_3":0,"n_transp_4":0,"n_transp_5":0,"n_transp_6":0,"dim_acc":0.713025,"dim_soc":0.829171}},{"type":"Feature","id":362,"geometry":{"type":"Polygon","coordinates":[[[-70.1949,-22.0884],[-70.1945,-22.0889],[-70.1937,-22.0883],[-70.1942,-22.0879],[-70.1949,-22.0884]]]},"properties":{"OID":362,"MANZENT":2301031001020,"n_per":0,"n_hombres":0,"n_mujeres":0,"n_edad_0_5":0,"n_edad_6_1":0,"n_edad_14_":0,"n_edad_18_":0,"n_edad_25_":0,"n_edad_45_":0,"n_edad_60_":0,"n_transpor":0,"n_transp_1":0,"n_transp_2":0,"n_transp_3":0,"n_transp_4":0,"n_transp_5":0,"n_transp_6":0,"dim_acc":0.713025,"dim_soc":0.829171}},{"type":"Feature","id":363,"geometry":{"type":"Polygon","coordinates":[[[-70.1958,-22.089],[-70.1951,-22.0884],[-70.1952,-22.0883],[-70.1959,-22.0886],[-70.196,-22.0888],[-70.1958,-22.089]]]},"properties":{"OID":363,"MANZENT":2301031001020,"n_per":0,"n_hombres":0,"n_mujeres":0,"n_edad_0_5":0,"n_edad_6_1":0,"n_edad_14_":0,"n_edad_18_":0,"n_edad_25_":0,"n_edad_45_":0,"n_edad_60_":0,"n_transpor":0,"n_transp_1":0,"n_transp_2":0,"n_transp_3":0,"n_transp_4":0,"n_transp_5":0,"n_transp_6":0,"dim_acc":0.713025,"dim_soc":0.829171}},{"type":"Feature","id":364,"geometry":{"type":"Polygon","coordinates":[[[-70.1958,-22.0892],[-70.195,-22.09],[-70.1942,-22.0894],[-70.195,-22.0885],[-70.1958,-22.0891],[-70.1958,-22.0892]]]},"properties":{"OID":364,"MANZENT":2301031001030,"n_per":0,"n_hombres":0,"n_mujeres":0,"n_edad_0_5":0,"n_edad_6_1":0,"n_edad_14_":0,"n_edad_18_":0,"n_edad_25_":0,"n_edad_45_":0,"n_edad_60_":0,"n_transpor":0,"n_transp_1":0,"n_transp_2":0,"n_transp_3":0,"n_transp_4":0,"n_transp_5":0,"n_transp_6":0,"dim_acc":0.723109,"dim_soc":0.752899}},{"type":"Feature","id":365,"geometry":{"type":"Polygon","coordinates":[[[-70.1886,-22.0889],[-70.1888,-22.0886],[-70.1889,-22.089],[-70.1886,-22.0891],[-70.1886,-22.0889]]]},"properties":{"OID":365,"MANZENT":2301031001030,"n_per":0,"n_hombres":0,"n_mujeres":0,"n_edad_0_5":0,"n_edad_6_1":0,"n_edad_14_":0,"n_edad_18_":0,"n_edad_25_":0,"n_edad_45_":0,"n_edad_60_":0,"n_transpor":0,"n_transp_1":0,"n_transp_2":0,"n_transp_3":0,"n_transp_4":0,"n_transp_5":0,"n_transp_6":0,"dim_acc":0.723109,"dim_soc":0.752899}},{"type":"Feature","id":366,"geometry":{"type":"Polygon","coordinates":[[[-70.1832,-22.0829],[-70.1832,-22.0828],[-70.1842,-22.0828],[-70.1832,-22.0829]]]},"properties":{"OID":366,"MANZENT":2301031002000,"n_per":0,"n_hombres":0,"n_mujeres":0,"n_edad_0_5":0,"n_edad_6_1":0,"n_edad_14_":0,"n_edad_18_":0,"n_edad_25_":0,"n_edad_45_":0,"n_edad_60_":0,"n_transpor":0,"n_transp_1":0,"n_transp_2":0,"n_transp_3":0,"n_transp_4":0,"n_transp_5":0,"n_transp_6":0,"dim_acc":0,"dim_soc":0}},{"type":"Feature","id":367,"geometry":{"type":"Polygon","coordinates":[[[-70.1839,-22.0834],[-70.1838,-22.0829],[-70.1844,-22.0829],[-70.1849,-22.0831],[-70.1839,-22.0834]]]},"properties":{"OID":367,"MANZENT":2301031002000,"n_per":0,"n_hombres":0,"n_mujeres":0,"n_edad_0_5":0,"n_edad_6_1":0,"n_edad_14_":0,"n_edad_18_":0,"n_edad_25_":0,"n_edad_45_":0,"n_edad_60_":0,"n_transpor":0,"n_transp_1":0,"n_transp_2":0,"n_transp_3":0,"n_transp_4":0,"n_transp_5":0,"n_transp_6":0,"dim_acc":0,"dim_soc":0}},{"type":"Feature","id":368,"geometry":{"type":"Polygon","coordinates":[[[-70.1858,-22.0835],[-70.1852,-22.0832],[-70.1858,-22.0834],[-70.1858,-22.0835]]]},"properties":{"OID":368,"MANZENT":2301031002010,"n_per":0,"n_hombres":0,"n_mujeres":0,"n_edad_0_5":0,"n_edad_6_1":0,"n_edad_14_":0,"n_edad_18_":0,"n_edad_25_":0,"n_edad_45_":0,"n_edad_60_":0,"n_transpor":0,"n_transp_1":0,"n_transp_2":0,"n_transp_3":0,"n_transp_4":0,"n_transp_5":0,"n_transp_6":0,"dim_acc":0.593627,"dim_soc":0.700329}},{"type":"Feature","id":369,"geometry":{"type":"Polygon","coordinates":[[[-70.1849,-22.0845],[-70.1848,-22.0844],[-70.1851,-22.0843],[-70.1849,-22.0845]]]},"properties":{"OID":369,"MANZENT":2301031002020,"n_per":0,"n_hombres":0,"n_mujeres":0,"n_edad_0_5":0,"n_edad_6_1":0,"n_edad_14_":0,"n_edad_18_":0,"n_edad_25_":0,"n_edad_45_":0,"n_edad_60_":0,"n_transpor":0,"n_transp_1":0,"n_transp_2":0,"n_transp_3":0,"n_transp_4":0,"n_transp_5":0,"n_transp_6":0,"dim_acc":0.623469,"dim_soc":0.748865}},{"type":"Feature","id":370,"geometry":{"type":"Polygon","coordinates":[[[-70.1848,-22.0846],[-70.1848,-22.0845],[-70.1849,-22.0846],[-70.1848,-22.0846]]]},"properties":{"OID":370,"MANZENT":2301031002020,"n_per":0,"n_hombres":0,"n_mujeres":0,"n_edad_0_5":0,"n_edad_6_1":0,"n_edad_14_":0,"n_edad_18_":0,"n_edad_25_":0,"n_edad_45_":0,"n_edad_60_":0,"n_transpor":0,"n_transp_1":0,"n_transp_2":0,"n_transp_3":0,"n_transp_4":0,"n_transp_5":0,"n_transp_6":0,"dim_acc":0.623469,"dim_soc":0.748865}},{"type":"Feature","id":371,"geometry":{"type":"Polygon","coordinates":[[[-70.1845,-22.085],[-70.1844,-22.0848],[-70.1847,-22.0848],[-70.1845,-22.085]]]},"properties":{"OID":371,"MANZENT":2301031002020,"n_per":0,"n_hombres":0,"n_mujeres":0,"n_edad_0_5":0,"n_edad_6_1":0,"n_edad_14_":0,"n_edad_18_":0,"n_edad_25_":0,"n_edad_45_":0,"n_edad_60_":0,"n_transpor":0,"n_transp_1":0,"n_transp_2":0,"n_transp_3":0,"n_transp_4":0,"n_transp_5":0,"n_transp_6":0,"dim_acc":0.623469,"dim_soc":0.748865}},{"type":"Feature","id":372,"geometry":{"type":"Polygon","coordinates":[[[-70.1869,-22.0849],[-70.1869,-22.0849],[-70.187,-22.0849],[-70.1867,-22.0852],[-70.1867,-22.0851],[-70.1869,-22.0849]]]},"properties":{"OID":372,"MANZENT":2301031002030,"n_per":0,"n_hombres":0,"n_mujeres":0,"n_edad_0_5":0,"n_edad_6_1":0,"n_edad_14_":0,"n_edad_18_":0,"n_edad_25_":0,"n_edad_45_":0,"n_edad_60_":0,"n_transpor":0,"n_transp_1":0,"n_transp_2":0,"n_transp_3":0,"n_transp_4":0,"n_transp_5":0,"n_transp_6":0,"dim_acc":0.639006,"dim_soc":0.670861}},{"type":"Feature","id":373,"geometry":{"type":"Polygon","coordinates":[[[-70.1867,-22.0852],[-70.1867,-22.0852],[-70.1866,-22.0853],[-70.1864,-22.0851],[-70.1865,-22.0851],[-70.1867,-22.0852]]]},"properties":{"OID":373,"MANZENT":2301031002030,"n_per":0,"n_hombres":0,"n_mujeres":0,"n_edad_0_5":0,"n_edad_6_1":0,"n_edad_14_":0,"n_edad_18_":0,"n_edad_25_":0,"n_edad_45_":0,"n_edad_60_":0,"n_transpor":0,"n_transp_1":0,"n_transp_2":0,"n_transp_3":0,"n_transp_4":0,"n_transp_5":0,"n_transp_6":0,"dim_acc":0.639006,"dim_soc":0.670861}},{"type":"Feature","id":374,"geometry":{"type":"Polygon","coordinates":[[[-70.1889,-22.0852],[-70.1899,-22.0857],[-70.1891,-22.0865],[-70.1883,-22.0859],[-70.1889,-22.0852]]]},"properties":{"OID":374,"MANZENT":2301031002030,"n_per":0,"n_hombres":0,"n_mujeres":0,"n_edad_0_5":0,"n_edad_6_1":0,"n_edad_14_":0,"n_edad_18_":0,"n_edad_25_":0,"n_edad_45_":0,"n_edad_60_":0,"n_transpor":0,"n_transp_1":0,"n_transp_2":0,"n_transp_3":0,"n_transp_4":0,"n_transp_5":0,"n_transp_6":0,"dim_acc":0.639006,"dim_soc":0.670861}},{"type":"Feature","id":375,"geometry":{"type":"Polygon","coordinates":[[[-70.1832,-22.0827],[-70.1832,-22.0826],[-70.184,-22.0823],[-70.1832,-22.0827]]]},"properties":{"OID":375,"MANZENT":2301031003010,"n_per":0,"n_hombres":0,"n_mujeres":0,"n_edad_0_5":0,"n_edad_6_1":0,"n_edad_14_":0,"n_edad_18_":0,"n_edad_25_":0,"n_edad_45_":0,"n_edad_60_":0,"n_transpor":0,"n_transp_1":0,"n_transp_2":0,"n_transp_3":0,"n_transp_4":0,"n_transp_5":0,"n_transp_6":0,"dim_acc":0.628814,"dim_soc":0.771145}},{"type":"Feature","id":376,"geometry":{"type":"Polygon","coordinates":[[[-70.1834,-22.0827],[-70.1838,-22.0825],[-70.1838,-22.0827],[-70.1834,-22.0827]]]},"properties":{"OID":376,"MANZENT":2301031003010,"n_per":0,"n_hombres":0,"n_mujeres":0,"n_edad_0_5":0,"n_edad_6_1":0,"n_edad_14_":0,"n_edad_18_":0,"n_edad_25_":0,"n_edad_45_":0,"n_edad_60_":0,"n_transpor":0,"n_transp_1":0,"n_transp_2":0,"n_transp_3":0,"n_transp_4":0,"n_transp_5":0,"n_transp_6":0,"dim_acc":0.628814,"dim_soc":0.771145}},{"type":"Feature","id":377,"geometry":{"type":"Polygon","coordinates":[[[-70.1828,-22.0827],[-70.1831,-22.0826],[-70.1831,-22.0827],[-70.1828,-22.0827]]]},"properties":{"OID":377,"MANZENT":2301031003010,"n_per":0,"n_hombres":0,"n_mujeres":0,"n_edad_0_5":0,"n_edad_6_1":0,"n_edad_14_":0,"n_edad_18_":0,"n_edad_25_":0,"n_edad_45_":0,"n_edad_60_":0,"n_transpor":0,"n_transp_1":0,"n_transp_2":0,"n_transp_3":0,"n_transp_4":0,"n_transp_5":0,"n_transp_6":0,"dim_acc":0.628814,"dim_soc":0.771145}},{"type":"Feature","id":378,"geometry":{"type":"Polygon","coordinates":[[[-70.1868,-22.084],[-70.1859,-22.0835],[-70.1868,-22.0839],[-70.1868,-22.084]]]},"properties":{"OID":378,"MANZENT":2301031003020,"n_per":0,"n_hombres":0,"n_mujeres":0,"n_edad_0_5":0,"n_edad_6_1":0,"n_edad_14_":0,"n_edad_18_":0,"n_edad_25_":0,"n_edad_45_":0,"n_edad_60_":0,"n_transpor":0,"n_transp_1":0,"n_transp_2":0,"n_transp_3":0,"n_transp_4":0,"n_transp_5":0,"n_transp_6":0,"dim_acc":0.67292,"dim_soc":0.669925}},{"type":"Feature","id":379,"geometry":{"type":"Polygon","coordinates":[[[-70.1909,-22.0839],[-70.1907,-22.0837],[-70.1908,-22.0836],[-70.191,-22.0837],[-70.1909,-22.0839]]]},"properties":{"OID":379,"MANZENT":2301031003020,"n_per":0,"n_hombres":0,"n_mujeres":0,"n_edad_0_5":0,"n_edad_6_1":0,"n_edad_14_":0,"n_edad_18_":0,"n_edad_25_":0,"n_edad_45_":0,"n_edad_60_":0,"n_transpor":0,"n_transp_1":0,"n_transp_2":0,"n_transp_3":0,"n_transp_4":0,"n_transp_5":0,"n_transp_6":0,"dim_acc":0.67292,"dim_soc":0.669925}},{"type":"Feature","id":380,"geometry":{"type":"Polygon","coordinates":[[[-70.1879,-22.0846],[-70.1869,-22.084],[-70.187,-22.084],[-70.1879,-22.0845],[-70.1879,-22.0846]]]},"properties":{"OID":380,"MANZENT":2301031003030,"n_per":0,"n_hombres":0,"n_mujeres":0,"n_edad_0_5":0,"n_edad_6_1":0,"n_edad_14_":0,"n_edad_18_":0,"n_edad_25_":0,"n_edad_45_":0,"n_edad_60_":0,"n_transpor":0,"n_transp_1":0,"n_transp_2":0,"n_transp_3":0,"n_transp_4":0,"n_transp_5":0,"n_transp_6":0,"dim_acc":0,"dim_soc":0}},{"type":"Feature","id":381,"geometry":{"type":"Polygon","coordinates":[[[-70.1912,-22.0846],[-70.1911,-22.0845],[-70.1912,-22.0844],[-70.1912,-22.0846]]]},"properties":{"OID":381,"MANZENT":2301031003030,"n_per":0,"n_hombres":0,"n_mujeres":0,"n_edad_0_5":0,"n_edad_6_1":0,"n_edad_14_":0,"n_edad_18_":0,"n_edad_25_":0,"n_edad_45_":0,"n_edad_60_":0,"n_transpor":0,"n_transp_1":0,"n_transp_2":0,"n_transp_3":0,"n_transp_4":0,"n_transp_5":0,"n_transp_6":0,"dim_acc":0,"dim_soc":0}},{"type":"Feature","id":382,"geometry":{"type":"Polygon","coordinates":[[[-70.1889,-22.0851],[-70.188,-22.0846],[-70.1881,-22.0846],[-70.1889,-22.085],[-70.1889,-22.0851]]]},"properties":{"OID":382,"MANZENT":2301031003030,"n_per":0,"n_hombres":0,"n_mujeres":0,"n_edad_0_5":0,"n_edad_6_1":0,"n_edad_14_":0,"n_edad_18_":0,"n_edad_25_":0,"n_edad_45_":0,"n_edad_60_":0,"n_transpor":0,"n_transp_1":0,"n_transp_2":0,"n_transp_3":0,"n_transp_4":0,"n_transp_5":0,"n_transp_6":0,"dim_acc":0,"dim_soc":0}},{"type":"Feature","id":383,"geometry":{"type":"Polygon","coordinates":[[[-70.1899,-22.0856],[-70.189,-22.0851],[-70.1899,-22.0855],[-70.1899,-22.0856]]]},"properties":{"OID":383,"MANZENT":2301031003030,"n_per":0,"n_hombres":0,"n_mujeres":0,"n_edad_0_5":0,"n_edad_6_1":0,"n_edad_14_":0,"n_edad_18_":0,"n_edad_25_":0,"n_edad_45_":0,"n_edad_60_":0,"n_transpor":0,"n_transp_1":0,"n_transp_2":0,"n_transp_3":0,"n_transp_4":0,"n_transp_5":0,"n_transp_6":0,"dim_acc":0,"dim_soc":0}},{"type":"Feature","id":384,"geometry":{"type":"Polygon","coordinates":[[[-70.191,-22.0862],[-70.1901,-22.0857],[-70.1901,-22.0856],[-70.191,-22.0861],[-70.191,-22.0862]]]},"properties":{"OID":384,"MANZENT":2301031003040,"n_per":0,"n_hombres":0,"n_mujeres":0,"n_edad_0_5":0,"n_edad_6_1":0,"n_edad_14_":0,"n_edad_18_":0,"n_edad_25_":0,"n_edad_45_":0,"n_edad_60_":0,"n_transpor":0,"n_transp_1":0,"n_transp_2":0,"n_transp_3":0,"n_transp_4":0,"n_transp_5":0,"n_transp_6":0,"dim_acc":0,"dim_soc":0}},{"type":"Feature","id":385,"geometry":{"type":"Polygon","coordinates":[[[-70.1916,-22.0863],[-70.1912,-22.0861],[-70.1915,-22.0857],[-70.1916,-22.0862],[-70.1916,-22.0863]]]},"properties":{"OID":385,"MANZENT":2301031003040,"n_per":0,"n_hombres":0,"n_mujeres":0,"n_edad_0_5":0,"n_edad_6_1":0,"n_edad_14_":0,"n_edad_18_":0,"n_edad_25_":0,"n_edad_45_":0,"n_edad_60_":0,"n_transpor":0,"n_transp_1":0,"n_transp_2":0,"n_transp_3":0,"n_transp_4":0,"n_transp_5":0,"n_transp_6":0,"dim_acc":0,"dim_soc":0}},{"type":"Feature","id":386,"geometry":{"type":"Polygon","coordinates":[[[-70.1924,-22.0746],[-70.1924,-22.0745],[-70.1924,-22.0745],[-70.1924,-22.0746]]]},"properties":{"OID":386,"MANZENT":2301031004000,"n_per":0,"n_hombres":0,"n_mujeres":0,"n_edad_0_5":0,"n_edad_6_1":0,"n_edad_14_":0,"n_edad_18_":0,"n_edad_25_":0,"n_edad_45_":0,"n_edad_60_":0,"n_transpor":0,"n_transp_1":0,"n_transp_2":0,"n_transp_3":0,"n_transp_4":0,"n_transp_5":0,"n_transp_6":0,"dim_acc":0,"dim_soc":0}},{"type":"Feature","id":387,"geometry":{"type":"Polygon","coordinates":[[[-70.193,-22.0776],[-70.193,-22.0776],[-70.1934,-22.0776],[-70.193,-22.0776]]]},"properties":{"OID":387,"MANZENT":2301031004000,"n_per":0,"n_hombres":0,"n_mujeres":0,"n_edad_0_5":0,"n_edad_6_1":0,"n_edad_14_":0,"n_edad_18_":0,"n_edad_25_":0,"n_edad_45_":0,"n_edad_60_":0,"n_transpor":0,"n_transp_1":0,"n_transp_2":0,"n_transp_3":0,"n_transp_4":0,"n_transp_5":0,"n_transp_6":0,"dim_acc":0,"dim_soc":0}},{"type":"Feature","id":388,"geometry":{"type":"Polygon","coordinates":[[[-70.1927,-22.0786],[-70.1927,-22.0785],[-70.1929,-22.0784],[-70.1928,-22.0786],[-70.1927,-22.0786]]]},"properties":{"OID":388,"MANZENT":2301031004010,"n_per":0,"n_hombres":0,"n_mujeres":0,"n_edad_0_5":0,"n_edad_6_1":0,"n_edad_14_":0,"n_edad_18_":0,"n_edad_25_":0,"n_edad_45_":0,"n_edad_60_":0,"n_transpor":0,"n_transp_1":0,"n_transp_2":0,"n_transp_3":0,"n_transp_4":0,"n_transp_5":0,"n_transp_6":0,"dim_acc":0.583997,"dim_soc":0.675271}},{"type":"Feature","id":389,"geometry":{"type":"Polygon","coordinates":[[[-70.1924,-22.0786],[-70.1926,-22.0785],[-70.1927,-22.0786],[-70.1925,-22.0788],[-70.1924,-22.0786]]]},"properties":{"OID":389,"MANZENT":2301031004020,"n_per":0,"n_hombres":0,"n_mujeres":0,"n_edad_0_5":0,"n_edad_6_1":0,"n_edad_14_":0,"n_edad_18_":0,"n_edad_25_":0,"n_edad_45_":0,"n_edad_60_":0,"n_transpor":0,"n_transp_1":0,"n_transp_2":0,"n_transp_3":0,"n_transp_4":0,"n_transp_5":0,"n_transp_6":0,"dim_acc":0.610377,"dim_soc":0.527779}},{"type":"Feature","id":390,"geometry":{"type":"Polygon","coordinates":[[[-70.1904,-22.0834],[-70.19,-22.0831],[-70.1903,-22.0828],[-70.1907,-22.0831],[-70.1904,-22.0834]]]},"properties":{"OID":390,"MANZENT":2301031004040,"n_per":0,"n_hombres":0,"n_mujeres":0,"n_edad_0_5":0,"n_edad_6_1":0,"n_edad_14_":0,"n_edad_18_":0,"n_edad_25_":0,"n_edad_45_":0,"n_edad_60_":0,"n_transpor":0,"n_transp_1":0,"n_transp_2":0,"n_transp_3":0,"n_transp_4":0,"n_transp_5":0,"n_transp_6":0,"dim_acc":0.623304,"dim_soc":0.683222}},{"type":"Feature","id":391,"geometry":{"type":"Polygon","coordinates":[[[-70.1947,-22.0849],[-70.1958,-22.0848],[-70.1959,-22.0852],[-70.1948,-22.0854],[-70.1947,-22.0849]]]},"properties":{"OID":391,"MANZENT":2301031005010,"n_per":0,"n_hombres":0,"n_mujeres":0,"n_edad_0_5":0,"n_edad_6_1":0,"n_edad_14_":0,"n_edad_18_":0,"n_edad_25_":0,"n_edad_45_":0,"n_edad_60_":0,"n_transpor":0,"n_transp_1":0,"n_transp_2":0,"n_transp_3":0,"n_transp_4":0,"n_transp_5":0,"n_transp_6":0,"dim_acc":0.707715,"dim_soc":0.648989}},{"type":"Feature","id":392,"geometry":{"type":"Polygon","coordinates":[[[-70.196,-22.086],[-70.196,-22.0854],[-70.196,-22.086],[-70.196,-22.086]]]},"properties":{"OID":392,"MANZENT":2301031005020,"n_per":0,"n_hombres":0,"n_mujeres":0,"n_edad_0_5":0,"n_edad_6_1":0,"n_edad_14_":0,"n_edad_18_":0,"n_edad_25_":0,"n_edad_45_":0,"n_edad_60_":0,"n_transpor":0,"n_transp_1":0,"n_transp_2":0,"n_transp_3":0,"n_transp_4":0,"n_transp_5":0,"n_transp_6":0,"dim_acc":0,"dim_soc":0}},{"type":"Feature","id":393,"geometry":{"type":"Polygon","coordinates":[[[-70.1962,-22.0866],[-70.1961,-22.0862],[-70.1963,-22.0861],[-70.1963,-22.0868],[-70.1962,-22.0868],[-70.1962,-22.0866]]]},"properties":{"OID":393,"MANZENT":2301031005020,"n_per":0,"n_hombres":0,"n_mujeres":0,"n_edad_0_5":0,"n_edad_6_1":0,"n_edad_14_":0,"n_edad_18_":0,"n_edad_25_":0,"n_edad_45_":0,"n_edad_60_":0,"n_transpor":0,"n_transp_1":0,"n_transp_2":0,"n_transp_3":0,"n_transp_4":0,"n_transp_5":0,"n_transp_6":0,"dim_acc":0,"dim_soc":0}},{"type":"Feature","id":394,"geometry":{"type":"Polygon","coordinates":[[[-70.1962,-22.0885],[-70.1963,-22.088],[-70.1961,-22.0862],[-70.1963,-22.088],[-70.1962,-22.0885]]]},"properties":{"OID":394,"MANZENT":2301031005020,"n_per":0,"n_hombres":0,"n_mujeres":0,"n_edad_0_5":0,"n_edad_6_1":0,"n_edad_14_":0,"n_edad_18_":0,"n_edad_25_":0,"n_edad_45_":0,"n_edad_60_":0,"n_transpor":0,"n_transp_1":0,"n_transp_2":0,"n_transp_3":0,"n_transp_4":0,"n_transp_5":0,"n_transp_6":0,"dim_acc":0,"dim_soc":0}},{"type":"Feature","id":395,"geometry":{"type":"Polygon","coordinates":[[[-70.197,-22.0864],[-70.1972,-22.0868],[-70.197,-22.0868],[-70.1969,-22.0863],[-70.197,-22.0863],[-70.197,-22.0864]]]},"properties":{"OID":395,"MANZENT":2301031005030,"n_per":0,"n_hombres":0,"n_mujeres":0,"n_edad_0_5":0,"n_edad_6_1":0,"n_edad_14_":0,"n_edad_18_":0,"n_edad_25_":0,"n_edad_45_":0,"n_edad_60_":0,"n_transpor":0,"n_transp_1":0,"n_transp_2":0,"n_transp_3":0,"n_transp_4":0,"n_transp_5":0,"n_transp_6":0,"dim_acc":0,"dim_soc":0}},{"type":"Feature","id":396,"geometry":{"type":"Polygon","coordinates":[[[-70.1969,-22.0882],[-70.1965,-22.0881],[-70.1964,-22.088],[-70.1962,-22.0869],[-70.1969,-22.0868],[-70.1972,-22.0868],[-70.1974,-22.0881],[-70.1969,-22.0882]]]},"properties":{"OID":396,"MANZENT":2301031005030,"n_per":0,"n_hombres":0,"n_mujeres":0,"n_edad_0_5":0,"n_edad_6_1":0,"n_edad_14_":0,"n_edad_18_":0,"n_edad_25_":0,"n_edad_45_":0,"n_edad_60_":0,"n_transpor":0,"n_transp_1":0,"n_transp_2":0,"n_transp_3":0,"n_transp_4":0,"n_transp_5":0,"n_transp_6":0,"dim_acc":0,"dim_soc":0}},{"type":"Feature","id":397,"geometry":{"type":"Polygon","coordinates":[[[-70.1969,-22.0882],[-70.1974,-22.0881],[-70.1973,-22.0882],[-70.1973,-22.0883],[-70.1975,-22.0889],[-70.1972,-22.0892],[-70.1964,-22.0888],[-70.1962,-22.0886],[-70.1963,-22.0881],[-70.1969,-22.0882]]]},"properties":{"OID":397,"MANZENT":2301031005030,"n_per":0,"n_hombres":0,"n_mujeres":0,"n_edad_0_5":0,"n_edad_6_1":0,"n_edad_14_":0,"n_edad_18_":0,"n_edad_25_":0,"n_edad_45_":0,"n_edad_60_":0,"n_transpor":0,"n_transp_1":0,"n_transp_2":0,"n_transp_3":0,"n_transp_4":0,"n_transp_5":0,"n_transp_6":0,"dim_acc":0,"dim_soc":0}},{"type":"Feature","id":398,"geometry":{"type":"Polygon","coordinates":[[[-70.196,-22.0885],[-70.1959,-22.0886],[-70.1959,-22.0885],[-70.196,-22.0885]]]},"properties":{"OID":398,"MANZENT":2301031005030,"n_per":0,"n_hombres":0,"n_mujeres":0,"n_edad_0_5":0,"n_edad_6_1":0,"n_edad_14_":0,"n_edad_18_":0,"n_edad_25_":0,"n_edad_45_":0,"n_edad_60_":0,"n_transpor":0,"n_transp_1":0,"n_transp_2":0,"n_transp_3":0,"n_transp_4":0,"n_transp_5":0,"n_transp_6":0,"dim_acc":0,"dim_soc":0}},{"type":"Feature","id":399,"geometry":{"type":"Polygon","coordinates":[[[-70.1961,-22.0888],[-70.196,-22.0887],[-70.1961,-22.0886],[-70.1962,-22.0887],[-70.1961,-22.0888]]]},"properties":{"OID":399,"MANZENT":2301031005030,"n_per":0,"n_hombres":0,"n_mujeres":0,"n_edad_0_5":0,"n_edad_6_1":0,"n_edad_14_":0,"n_edad_18_":0,"n_edad_25_":0,"n_edad_45_":0,"n_edad_60_":0,"n_transpor":0,"n_transp_1":0,"n_transp_2":0,"n_transp_3":0,"n_transp_4":0,"n_transp_5":0,"n_transp_6":0,"dim_acc":0,"dim_soc":0}},{"type":"Feature","id":400,"geometry":{"type":"Polygon","coordinates":[[[-70.2022,-22.0927],[-70.2021,-22.0926],[-70.2023,-22.0925],[-70.2026,-22.0929],[-70.2029,-22.0932],[-70.2022,-22.0927]]]},"properties":{"OID":400,"MANZENT":2301031005040,"n_per":0,"n_hombres":0,"n_mujeres":0,"n_edad_0_5":0,"n_edad_6_1":0,"n_edad_14_":0,"n_edad_18_":0,"n_edad_25_":0,"n_edad_45_":0,"n_edad_60_":0,"n_transpor":0,"n_transp_1":0,"n_transp_2":0,"n_transp_3":0,"n_transp_4":0,"n_transp_5":0,"n_transp_6":0,"dim_acc":0,"dim_soc":0}},{"type":"Feature","id":401,"geometry":{"type":"Polygon","coordinates":[[[-70.1832,-22.0566],[-70.1839,-22.0564],[-70.1847,-22.0565],[-70.1845,-22.0572],[-70.1846,-22.058],[-70.1845,-22.0586],[-70.1843,-22.0589],[-70.1841,-22.0591],[-70.1837,-22.0593],[-70.1835,-22.0595],[-70.1835,-22.0601],[-70.1836,-22.0609],[-70.1836,-22.0611],[-70.1836,-22.0612],[-70.1835,-22.0611],[-70.1832,-22.0598],[-70.1836,-22.0586],[-70.1837,-22.058],[-70.1835,-22.0574],[-70.1832,-22.0566]]]},"properties":{"OID":401,"MANZENT":2301031006000,"n_per":0,"n_hombres":0,"n_mujeres":0,"n_edad_0_5":0,"n_edad_6_1":0,"n_edad_14_":0,"n_edad_18_":0,"n_edad_25_":0,"n_edad_45_":0,"n_edad_60_":0,"n_transpor":0,"n_transp_1":0,"n_transp_2":0,"n_transp_3":0,"n_transp_4":0,"n_transp_5":0,"n_transp_6":0,"dim_acc":0,"dim_soc":0}},{"type":"Feature","id":402,"geometry":{"type":"Polygon","coordinates":[[[-70.186,-22.0573],[-70.1863,-22.0574],[-70.1862,-22.0582],[-70.1863,-22.0592],[-70.186,-22.0592],[-70.186,-22.0573]]]},"properties":{"OID":402,"MANZENT":2301031006000,"n_per":0,"n_hombres":0,"n_mujeres":0,"n_edad_0_5":0,"n_edad_6_1":0,"n_edad_14_":0,"n_edad_18_":0,"n_edad_25_":0,"n_edad_45_":0,"n_edad_60_":0,"n_transpor":0,"n_transp_1":0,"n_transp_2":0,"n_transp_3":0,"n_transp_4":0,"n_transp_5":0,"n_transp_6":0,"dim_acc":0,"dim_soc":0}},{"type":"Feature","id":403,"geometry":{"type":"Polygon","coordinates":[[[-70.1866,-22.0612],[-70.1862,-22.0592],[-70.1864,-22.0593],[-70.1867,-22.0609],[-70.1867,-22.0612],[-70.1866,-22.0612]]]},"properties":{"OID":403,"MANZENT":2301031006010,"n_per":0,"n_hombres":0,"n_mujeres":0,"n_edad_0_5":0,"n_edad_6_1":0,"n_edad_14_":0,"n_edad_18_":0,"n_edad_25_":0,"n_edad_45_":0,"n_edad_60_":0,"n_transpor":0,"n_transp_1":0,"n_transp_2":0,"n_transp_3":0,"n_transp_4":0,"n_transp_5":0,"n_transp_6":0,"dim_acc":0.370372,"dim_soc":0.568454}},{"type":"Feature","id":404,"geometry":{"type":"Polygon","coordinates":[[[-70.1868,-22.0609],[-70.1869,-22.0616],[-70.1874,-22.0619],[-70.1877,-22.0623],[-70.1876,-22.0649],[-70.1875,-22.0653],[-70.1867,-22.0608],[-70.1868,-22.0609]]]},"properties":{"OID":404,"MANZENT":2301031006020,"n_per":0,"n_hombres":0,"n_mujeres":0,"n_edad_0_5":0,"n_edad_6_1":0,"n_edad_14_":0,"n_edad_18_":0,"n_edad_25_":0,"n_edad_45_":0,"n_edad_60_":0,"n_transpor":0,"n_transp_1":0,"n_transp_2":0,"n_transp_3":0,"n_transp_4":0,"n_transp_5":0,"n_transp_6":0,"dim_acc":0,"dim_soc":0}},{"type":"Feature","id":405,"geometry":{"type":"Polygon","coordinates":[[[-70.1868,-22.0617],[-70.1867,-22.0612],[-70.1868,-22.0617],[-70.1868,-22.0617]]]},"properties":{"OID":405,"MANZENT":2301031006020,"n_per":0,"n_hombres":0,"n_mujeres":0,"n_edad_0_5":0,"n_edad_6_1":0,"n_edad_14_":0,"n_edad_18_":0,"n_edad_25_":0,"n_edad_45_":0,"n_edad_60_":0,"n_transpor":0,"n_transp_1":0,"n_transp_2":0,"n_transp_3":0,"n_transp_4":0,"n_transp_5":0,"n_transp_6":0,"dim_acc":0,"dim_soc":0}},{"type":"Feature","id":406,"geometry":{"type":"Polygon","coordinates":[[[-70.1894,-22.0694],[-70.1894,-22.0691],[-70.1895,-22.0688],[-70.1895,-22.0686],[-70.1887,-22.0681],[-70.1878,-22.0666],[-70.1876,-22.0654],[-70.1877,-22.0647],[-70.1881,-22.0644],[-70.1885,-22.0643],[-70.1887,-22.0643],[-70.1893,-22.0645],[-70.1899,-22.0645],[-70.19,-22.0644],[-70.19,-22.0641],[-70.1901,-22.064],[-70.1905,-22.064],[-70.1908,-22.0639],[-70.1923,-22.0643],[-70.1926,-22.0642],[-70.1932,-22.0645],[-70.1932,-22.0646],[-70.1931,-22.0647],[-70.1926,-22.0646],[-70.1929,-22.0648],[-70.193,-22.065],[-70.1927,-22.0651],[-70.1928,-22.0651],[-70.1928,-22.0652],[-70.1926,-22.0652],[-70.1924,-22.0658],[-70.1925,-22.066],[-70.1926,-22.0661],[-70.1925,-22.0663],[-70.1929,-22.0668],[-70.1931,-22.0669],[-70.1933,-22.0669],[-70.1936,-22.0669],[-70.1937,-22.067],[-70.1939,-22.0671],[-70.1942,-22.0673],[-70.1944,-22.0672],[-70.1946,-22.0673],[-70.1945,-22.0674],[-70.1946,-22.0675],[-70.1944,-22.0675],[-70.1945,-22.0675],[-70.1944,-22.0676],[-70.1948,-22.0677],[-70.195,-22.0678],[-70.195,-22.068],[-70.1953,-22.068],[-70.1955,-22.0681],[-70.1956,-22.0682],[-70.1958,-22.0682],[-70.1956,-22.0682],[-70.195,-22.0683],[-70.1948,-22.0683],[-70.1948,-22.0682],[-70.1947,-22.0683],[-70.1944,-22.0683],[-70.1944,-22.0684],[-70.1945,-22.0686],[-70.1947,-22.0686],[-70.1946,-22.0688],[-70.1945,-22.0687],[-70.1944,-22.0688],[-70.1947,-22.0689],[-70.1946,-22.0691],[-70.1946,-22.0693],[-70.1948,-22.0694],[-70.1949,-22.0695],[-70.1947,-22.0697],[-70.1947,-22.07],[-70.1948,-22.0708],[-70.195,-22.0714],[-70.195,-22.0717],[-70.1951,-22.0717],[-70.1951,-22.072],[-70.1952,-22.0724],[-70.1957,-22.0724],[-70.1953,-22.0726],[-70.1954,-22.0727],[-70.1953,-22.0727],[-70.1955,-22.0728],[-70.1954,-22.0729],[-70.1953,-22.0728],[-70.1952,-22.073],[-70.195,-22.0742],[-70.1951,-22.0748],[-70.1949,-22.0753],[-70.1949,-22.0759],[-70.1948,-22.0767],[-70.1949,-22.0774],[-70.1936,-22.0776],[-70.1923,-22.0736],[-70.1923,-22.0735],[-70.1926,-22.0735],[-70.1939,-22.0732],[-70.1929,-22.0703],[-70.1938,-22.073],[-70.1922,-22.0734],[-70.1916,-22.0722],[-70.1894,-22.0694]]]},"properties":{"OID":406,"MANZENT":2301031006020,"n_per":0,"n_hombres":0,"n_mujeres":0,"n_edad_0_5":0,"n_edad_6_1":0,"n_edad_14_":0,"n_edad_18_":0,"n_edad_25_":0,"n_edad_45_":0,"n_edad_60_":0,"n_transpor":0,"n_transp_1":0,"n_transp_2":0,"n_transp_3":0,"n_transp_4":0,"n_transp_5":0,"n_transp_6":0,"dim_acc":0,"dim_soc":0}},{"type":"Feature","id":407,"geometry":{"type":"Polygon","coordinates":[[[-70.1891,-22.0691],[-70.1878,-22.0674],[-70.1884,-22.0681],[-70.1891,-22.0691]]]},"properties":{"OID":407,"MANZENT":2301031006020,"n_per":0,"n_hombres":0,"n_mujeres":0,"n_edad_0_5":0,"n_edad_6_1":0,"n_edad_14_":0,"n_edad_18_":0,"n_edad_25_":0,"n_edad_45_":0,"n_edad_60_":0,"n_transpor":0,"n_transp_1":0,"n_transp_2":0,"n_transp_3":0,"n_transp_4":0,"n_transp_5":0,"n_transp_6":0,"dim_acc":0,"dim_soc":0}},{"type":"Feature","id":408,"geometry":{"type":"Polygon","coordinates":[[[-70.1921,-22.0734],[-70.1917,-22.0724],[-70.1892,-22.0692],[-70.1917,-22.0724],[-70.192,-22.0731],[-70.1921,-22.0734]]]},"properties":{"OID":408,"MANZENT":2301031006020,"n_per":0,"n_hombres":0,"n_mujeres":0,"n_edad_0_5":0,"n_edad_6_1":0,"n_edad_14_":0,"n_edad_18_":0,"n_edad_25_":0,"n_edad_45_":0,"n_edad_60_":0,"n_transpor":0,"n_transp_1":0,"n_transp_2":0,"n_transp_3":0,"n_transp_4":0,"n_transp_5":0,"n_transp_6":0,"dim_acc":0,"dim_soc":0}},{"type":"Feature","id":409,"geometry":{"type":"Polygon","coordinates":[[[-70.1932,-22.0732],[-70.1932,-22.0732],[-70.1936,-22.0731],[-70.1932,-22.0732]]]},"properties":{"OID":409,"MANZENT":2301031006030,"n_per":0,"n_hombres":0,"n_mujeres":0,"n_edad_0_5":0,"n_edad_6_1":0,"n_edad_14_":0,"n_edad_18_":0,"n_edad_25_":0,"n_edad_45_":0,"n_edad_60_":0,"n_transpor":0,"n_transp_1":0,"n_transp_2":0,"n_transp_3":0,"n_transp_4":0,"n_transp_5":0,"n_transp_6":0,"dim_acc":0.671738,"dim_soc":0.183094}},{"type":"Feature","id":410,"geometry":{"type":"Polygon","coordinates":[[[-70.1924,-22.0735],[-70.1924,-22.0734],[-70.1931,-22.0733],[-70.1924,-22.0735]]]},"properties":{"OID":410,"MANZENT":2301031006030,"n_per":0,"n_hombres":0,"n_mujeres":0,"n_edad_0_5":0,"n_edad_6_1":0,"n_edad_14_":0,"n_edad_18_":0,"n_edad_25_":0,"n_edad_45_":0,"n_edad_60_":0,"n_transpor":0,"n_transp_1":0,"n_transp_2":0,"n_transp_3":0,"n_transp_4":0,"n_transp_5":0,"n_transp_6":0,"dim_acc":0.671738,"dim_soc":0.183094}},{"type":"Feature","id":411,"geometry":{"type":"Polygon","coordinates":[[[-70.1923,-22.074],[-70.1922,-22.0737],[-70.1922,-22.0736],[-70.1923,-22.074]]]},"properties":{"OID":411,"MANZENT":2301031006030,"n_per":0,"n_hombres":0,"n_mujeres":0,"n_edad_0_5":0,"n_edad_6_1":0,"n_edad_14_":0,"n_edad_18_":0,"n_edad_25_":0,"n_edad_45_":0,"n_edad_60_":0,"n_transpor":0,"n_transp_1":0,"n_transp_2":0,"n_transp_3":0,"n_transp_4":0,"n_transp_5":0,"n_transp_6":0,"dim_acc":0.671738,"dim_soc":0.183094}},{"type":"Feature","id":412,"geometry":{"type":"Polygon","coordinates":[[[-70.1927,-22.0751],[-70.1925,-22.0745],[-70.1927,-22.0751],[-70.1927,-22.0751]]]},"properties":{"OID":412,"MANZENT":2301031006030,"n_per":0,"n_hombres":0,"n_mujeres":0,"n_edad_0_5":0,"n_edad_6_1":0,"n_edad_14_":0,"n_edad_18_":0,"n_edad_25_":0,"n_edad_45_":0,"n_edad_60_":0,"n_transpor":0,"n_transp_1":0,"n_transp_2":0,"n_transp_3":0,"n_transp_4":0,"n_transp_5":0,"n_transp_6":0,"dim_acc":0.671738,"dim_soc":0.183094}},{"type":"Feature","id":413,"geometry":{"type":"Polygon","coordinates":[[[-70.193,-22.0761],[-70.1928,-22.0754],[-70.193,-22.076],[-70.193,-22.0761]]]},"properties":{"OID":413,"MANZENT":2301031006030,"n_per":0,"n_hombres":0,"n_mujeres":0,"n_edad_0_5":0,"n_edad_6_1":0,"n_edad_14_":0,"n_edad_18_":0,"n_edad_25_":0,"n_edad_45_":0,"n_edad_60_":0,"n_transpor":0,"n_transp_1":0,"n_transp_2":0,"n_transp_3":0,"n_transp_4":0,"n_transp_5":0,"n_transp_6":0,"dim_acc":0.671738,"dim_soc":0.183094}},{"type":"Feature","id":414,"geometry":{"type":"Polygon","coordinates":[[[-70.1933,-22.077],[-70.1931,-22.0763],[-70.1933,-22.077],[-70.1933,-22.077]]]},"properties":{"OID":414,"MANZENT":2301031006030,"n_per":0,"n_hombres":0,"n_mujeres":0,"n_edad_0_5":0,"n_edad_6_1":0,"n_edad_14_":0,"n_edad_18_":0,"n_edad_25_":0,"n_edad_45_":0,"n_edad_60_":0,"n_transpor":0,"n_transp_1":0,"n_transp_2":0,"n_transp_3":0,"n_transp_4":0,"n_transp_5":0,"n_transp_6":0,"dim_acc":0.671738,"dim_soc":0.183094}},{"type":"Feature","id":415,"geometry":{"type":"Polygon","coordinates":[[[-70.1936,-22.0779],[-70.1934,-22.0771],[-70.1936,-22.0778],[-70.1936,-22.0779]]]},"properties":{"OID":415,"MANZENT":2301031006030,"n_per":0,"n_hombres":0,"n_mujeres":0,"n_edad_0_5":0,"n_edad_6_1":0,"n_edad_14_":0,"n_edad_18_":0,"n_edad_25_":0,"n_edad_45_":0,"n_edad_60_":0,"n_transpor":0,"n_transp_1":0,"n_transp_2":0,"n_transp_3":0,"n_transp_4":0,"n_transp_5":0,"n_transp_6":0,"dim_acc":0.671738,"dim_soc":0.183094}},{"type":"Feature","id":416,"geometry":{"type":"Polygon","coordinates":[[[-70.1938,-22.0786],[-70.1936,-22.078],[-70.1938,-22.0783],[-70.1938,-22.0786]]]},"properties":{"OID":416,"MANZENT":2301031006030,"n_per":0,"n_hombres":0,"n_mujeres":0,"n_edad_0_5":0,"n_edad_6_1":0,"n_edad_14_":0,"n_edad_18_":0,"n_edad_25_":0,"n_edad_45_":0,"n_edad_60_":0,"n_transpor":0,"n_transp_1":0,"n_transp_2":0,"n_transp_3":0,"n_transp_4":0,"n_transp_5":0,"n_transp_6":0,"dim_acc":0.671738,"dim_soc":0.183094}},{"type":"Feature","id":417,"geometry":{"type":"Polygon","coordinates":[[[-70.1941,-22.0794],[-70.1939,-22.0787],[-70.1941,-22.0794],[-70.1941,-22.0794]]]},"properties":{"OID":417,"MANZENT":2301031006040,"n_per":0,"n_hombres":0,"n_mujeres":0,"n_edad_0_5":0,"n_edad_6_1":0,"n_edad_14_":0,"n_edad_18_":0,"n_edad_25_":0,"n_edad_45_":0,"n_edad_60_":0,"n_transpor":0,"n_transp_1":0,"n_transp_2":0,"n_transp_3":0,"n_transp_4":0,"n_transp_5":0,"n_transp_6":0,"dim_acc":0,"dim_soc":0}},{"type":"Feature","id":418,"geometry":{"type":"Polygon","coordinates":[[[-70.1942,-22.0798],[-70.1942,-22.0795],[-70.1943,-22.0798],[-70.1942,-22.0798]]]},"properties":{"OID":418,"MANZENT":2301031006040,"n_per":0,"n_hombres":0,"n_mujeres":0,"n_edad_0_5":0,"n_edad_6_1":0,"n_edad_14_":0,"n_edad_18_":0,"n_edad_25_":0,"n_edad_45_":0,"n_edad_60_":0,"n_transpor":0,"n_transp_1":0,"n_transp_2":0,"n_transp_3":0,"n_transp_4":0,"n_transp_5":0,"n_transp_6":0,"dim_acc":0,"dim_soc":0}},{"type":"Feature","id":419,"geometry":{"type":"Polygon","coordinates":[[[-70.1944,-22.0802],[-70.1943,-22.08],[-70.1944,-22.0802],[-70.1944,-22.0802]]]},"properties":{"OID":419,"MANZENT":2301031006040,"n_per":0,"n_hombres":0,"n_mujeres":0,"n_edad_0_5":0,"n_edad_6_1":0,"n_edad_14_":0,"n_edad_18_":0,"n_edad_25_":0,"n_edad_45_":0,"n_edad_60_":0,"n_transpor":0,"n_transp_1":0,"n_transp_2":0,"n_transp_3":0,"n_transp_4":0,"n_transp_5":0,"n_transp_6":0,"dim_acc":0,"dim_soc":0}},{"type":"Feature","id":420,"geometry":{"type":"Polygon","coordinates":[[[-70.1947,-22.0813],[-70.1944,-22.0804],[-70.1947,-22.0811],[-70.1947,-22.0813]]]},"properties":{"OID":420,"MANZENT":2301031006040,"n_per":0,"n_hombres":0,"n_mujeres":0,"n_edad_0_5":0,"n_edad_6_1":0,"n_edad_14_":0,"n_edad_18_":0,"n_edad_25_":0,"n_edad_45_":0,"n_edad_60_":0,"n_transpor":0,"n_transp_1":0,"n_transp_2":0,"n_transp_3":0,"n_transp_4":0,"n_transp_5":0,"n_transp_6":0,"dim_acc":0,"dim_soc":0}},{"type":"Feature","id":421,"geometry":{"type":"Polygon","coordinates":[[[-70.1942,-22.0812],[-70.1938,-22.0809],[-70.194,-22.0808],[-70.1942,-22.0812]]]},"properties":{"OID":421,"MANZENT":2301031006040,"n_per":0,"n_hombres":0,"n_mujeres":0,"n_edad_0_5":0,"n_edad_6_1":0,"n_edad_14_":0,"n_edad_18_":0,"n_edad_25_":0,"n_edad_45_":0,"n_edad_60_":0,"n_transpor":0,"n_transp_1":0,"n_transp_2":0,"n_transp_3":0,"n_transp_4":0,"n_transp_5":0,"n_transp_6":0,"dim_acc":0,"dim_soc":0}},{"type":"Feature","id":422,"geometry":{"type":"Polygon","coordinates":[[[-70.1949,-22.0816],[-70.1948,-22.0813],[-70.1949,-22.0816],[-70.1949,-22.0816]]]},"properties":{"OID":422,"MANZENT":2301031006050,"n_per":0,"n_hombres":0,"n_mujeres":0,"n_edad_0_5":0,"n_edad_6_1":0,"n_edad_14_":0,"n_edad_18_":0,"n_edad_25_":0,"n_edad_45_":0,"n_edad_60_":0,"n_transpor":0,"n_transp_1":0,"n_transp_2":0,"n_transp_3":0,"n_transp_4":0,"n_transp_5":0,"n_transp_6":0,"dim_acc":0,"dim_soc":0}},{"type":"Feature","id":423,"geometry":{"type":"Polygon","coordinates":[[[-70.1949,-22.082],[-70.1948,-22.0814],[-70.1949,-22.082],[-70.1949,-22.082]]]},"properties":{"OID":423,"MANZENT":2301031006050,"n_per":0,"n_hombres":0,"n_mujeres":0,"n_edad_0_5":0,"n_edad_6_1":0,"n_edad_14_":0,"n_edad_18_":0,"n_edad_25_":0,"n_edad_45_":0,"n_edad_60_":0,"n_transpor":0,"n_transp_1":0,"n_transp_2":0,"n_transp_3":0,"n_transp_4":0,"n_transp_5":0,"n_transp_6":0,"dim_acc":0,"dim_soc":0}},{"type":"Feature","id":424,"geometry":{"type":"Polygon","coordinates":[[[-70.1947,-22.0816],[-70.1949,-22.082],[-70.1948,-22.0821],[-70.1944,-22.0818],[-70.1947,-22.0816]]]},"properties":{"OID":424,"MANZENT":2301031006050,"n_per":0,"n_hombres":0,"n_mujeres":0,"n_edad_0_5":0,"n_edad_6_1":0,"n_edad_14_":0,"n_edad_18_":0,"n_edad_25_":0,"n_edad_45_":0,"n_edad_60_":0,"n_transpor":0,"n_transp_1":0,"n_transp_2":0,"n_transp_3":0,"n_transp_4":0,"n_transp_5":0,"n_transp_6":0,"dim_acc":0,"dim_soc":0}},{"type":"Feature","id":425,"geometry":{"type":"Polygon","coordinates":[[[-70.1908,-22.0831],[-70.1919,-22.0819],[-70.1936,-22.0833],[-70.1923,-22.0847],[-70.1913,-22.084],[-70.1914,-22.0839],[-70.1908,-22.0835],[-70.1907,-22.0836],[-70.1905,-22.0835],[-70.1905,-22.0834],[-70.1908,-22.0831]]]},"properties":{"OID":425,"MANZENT":2301031006050,"n_per":0,"n_hombres":0,"n_mujeres":0,"n_edad_0_5":0,"n_edad_6_1":0,"n_edad_14_":0,"n_edad_18_":0,"n_edad_25_":0,"n_edad_45_":0,"n_edad_60_":0,"n_transpor":0,"n_transp_1":0,"n_transp_2":0,"n_transp_3":0,"n_transp_4":0,"n_transp_5":0,"n_transp_6":0,"dim_acc":0,"dim_soc":0}},{"type":"Feature","id":426,"geometry":{"type":"Polygon","coordinates":[[[-70.1954,-22.0833],[-70.195,-22.0822],[-70.1954,-22.0833],[-70.1954,-22.0833]]]},"properties":{"OID":426,"MANZENT":2301031006050,"n_per":0,"n_hombres":0,"n_mujeres":0,"n_edad_0_5":0,"n_edad_6_1":0,"n_edad_14_":0,"n_edad_18_":0,"n_edad_25_":0,"n_edad_45_":0,"n_edad_60_":0,"n_transpor":0,"n_transp_1":0,"n_transp_2":0,"n_transp_3":0,"n_transp_4":0,"n_transp_5":0,"n_transp_6":0,"dim_acc":0,"dim_soc":0}},{"type":"Feature","id":427,"geometry":{"type":"Polygon","coordinates":[[[-70.1957,-22.0842],[-70.1954,-22.0834],[-70.1957,-22.0842],[-70.1957,-22.0842]]]},"properties":{"OID":427,"MANZENT":2301031006050,"n_per":0,"n_hombres":0,"n_mujeres":0,"n_edad_0_5":0,"n_edad_6_1":0,"n_edad_14_":0,"n_edad_18_":0,"n_edad_25_":0,"n_edad_45_":0,"n_edad_60_":0,"n_transpor":0,"n_transp_1":0,"n_transp_2":0,"n_transp_3":0,"n_transp_4":0,"n_transp_5":0,"n_transp_6":0,"dim_acc":0,"dim_soc":0}},{"type":"Feature","id":428,"geometry":{"type":"Polygon","coordinates":[[[-70.1958,-22.0846],[-70.1957,-22.0843],[-70.1958,-22.0846],[-70.1958,-22.0846]]]},"properties":{"OID":428,"MANZENT":2301031006060,"n_per":0,"n_hombres":0,"n_mujeres":0,"n_edad_0_5":0,"n_edad_6_1":0,"n_edad_14_":0,"n_edad_18_":0,"n_edad_25_":0,"n_edad_45_":0,"n_edad_60_":0,"n_transpor":0,"n_transp_1":0,"n_transp_2":0,"n_transp_3":0,"n_transp_4":0,"n_transp_5":0,"n_transp_6":0,"dim_acc":0,"dim_soc":0}},{"type":"Feature","id":429,"geometry":{"type":"Polygon","coordinates":[[[-70.1959,-22.0852],[-70.1959,-22.0848],[-70.1959,-22.085],[-70.1959,-22.0852]]]},"properties":{"OID":429,"MANZENT":2301031006060,"n_per":0,"n_hombres":0,"n_mujeres":0,"n_edad_0_5":0,"n_edad_6_1":0,"n_edad_14_":0,"n_edad_18_":0,"n_edad_25_":0,"n_edad_45_":0,"n_edad_60_":0,"n_transpor":0,"n_transp_1":0,"n_transp_2":0,"n_transp_3":0,"n_transp_4":0,"n_transp_5":0,"n_transp_6":0,"dim_acc":0,"dim_soc":0}},{"type":"Feature","id":430,"geometry":{"type":"Polygon","coordinates":[[[-70.1968,-22.0852],[-70.1973,-22.0851],[-70.1975,-22.0854],[-70.1979,-22.0853],[-70.1978,-22.0855],[-70.1976,-22.0855],[-70.1977,-22.0856],[-70.1977,-22.0856],[-70.1978,-22.0856],[-70.1976,-22.0858],[-70.1978,-22.0857],[-70.1979,-22.0858],[-70.1978,-22.0858],[-70.1978,-22.086],[-70.1977,-22.086],[-70.1977,-22.0859],[-70.1976,-22.086],[-70.1976,-22.0862],[-70.1979,-22.0868],[-70.1981,-22.0874],[-70.1986,-22.0883],[-70.1991,-22.0885],[-70.1993,-22.0883],[-70.1995,-22.0884],[-70.1995,-22.0885],[-70.1993,-22.0886],[-70.1993,-22.0889],[-70.1994,-22.0889],[-70.1993,-22.089],[-70.1994,-22.089],[-70.1994,-22.089],[-70.1994,-22.0891],[-70.1994,-22.0891],[-70.1995,-22.0891],[-70.1994,-22.0892],[-70.1995,-22.0893],[-70.1998,-22.0894],[-70.1996,-22.0895],[-70.1997,-22.0897],[-70.1999,-22.0896],[-70.1998,-22.0897],[-70.1999,-22.0898],[-70.2,-22.0896],[-70.1999,-22.0897],[-70.2001,-22.0899],[-70.2003,-22.0898],[-70.2004,-22.0898],[-70.2003,-22.0899],[-70.2004,-22.0899],[-70.2005,-22.0898],[-70.2005,-22.09],[-70.2006,-22.09],[-70.2004,-22.0901],[-70.2006,-22.0901],[-70.2005,-22.0902],[-70.2008,-22.0904],[-70.2009,-22.0905],[-70.201,-22.0903],[-70.201,-22.0904],[-70.2015,-22.0903],[-70.2015,-22.0904],[-70.2013,-22.0904],[-70.2016,-22.0905],[-70.2016,-22.0906],[-70.2018,-22.0906],[-70.2017,-22.0907],[-70.2018,-22.0906],[-70.2019,-22.0906],[-70.2019,-22.0907],[-70.202,-22.0907],[-70.2019,-22.0908],[-70.202,-22.0909],[-70.2021,-22.0908],[-70.202,-22.0909],[-70.2021,-22.091],[-70.2015,-22.0916],[-70.2003,-22.0906],[-70.2003,-22.0905],[-70.1998,-22.0902],[-70.1975,-22.0882],[-70.1974,-22.088],[-70.1973,-22.0868],[-70.197,-22.086],[-70.1968,-22.0852]]]},"properties":{"OID":430,"MANZENT":2301031006060,"n_per":0,"n_hombres":0,"n_mujeres":0,"n_edad_0_5":0,"n_edad_6_1":0,"n_edad_14_":0,"n_edad_18_":0,"n_edad_25_":0,"n_edad_45_":0,"n_edad_60_":0,"n_transpor":0,"n_transp_1":0,"n_transp_2":0,"n_transp_3":0,"n_transp_4":0,"n_transp_5":0,"n_transp_6":0,"dim_acc":0,"dim_soc":0}},{"type":"Feature","id":431,"geometry":{"type":"Polygon","coordinates":[[[-70.2015,-22.0916],[-70.2021,-22.091],[-70.2022,-22.0912],[-70.2023,-22.0912],[-70.2022,-22.0913],[-70.2023,-22.0912],[-70.2023,-22.0913],[-70.2023,-22.0914],[-70.2025,-22.0913],[-70.2024,-22.0914],[-70.2025,-22.0914],[-70.2026,-22.0914],[-70.2026,-22.0915],[-70.2028,-22.0917],[-70.203,-22.0916],[-70.2029,-22.0917],[-70.203,-22.0919],[-70.2031,-22.0918],[-70.2031,-22.0918],[-70.2032,-22.0917],[-70.2033,-22.0917],[-70.2031,-22.092],[-70.2035,-22.0926],[-70.2029,-22.0932],[-70.2026,-22.0929],[-70.2021,-22.092],[-70.2015,-22.0916]]]},"properties":{"OID":431,"MANZENT":2301031006060,"n_per":0,"n_hombres":0,"n_mujeres":0,"n_edad_0_5":0,"n_edad_6_1":0,"n_edad_14_":0,"n_edad_18_":0,"n_edad_25_":0,"n_edad_45_":0,"n_edad_60_":0,"n_transpor":0,"n_transp_1":0,"n_transp_2":0,"n_transp_3":0,"n_transp_4":0,"n_transp_5":0,"n_transp_6":0,"dim_acc":0,"dim_soc":0}},{"type":"Feature","id":432,"geometry":{"type":"Polygon","coordinates":[[[-70.1978,-22.0955],[-70.1978,-22.0954],[-70.199,-22.0962],[-70.1997,-22.0966],[-70.2003,-22.0966],[-70.201,-22.0964],[-70.201,-22.0965],[-70.2002,-22.0967],[-70.1997,-22.0966],[-70.199,-22.0963],[-70.1978,-22.0955]]]},"properties":{"OID":432,"MANZENT":2301061001000,"n_per":0,"n_hombres":0,"n_mujeres":0,"n_edad_0_5":0,"n_edad_6_1":0,"n_edad_14_":0,"n_edad_18_":0,"n_edad_25_":0,"n_edad_45_":0,"n_edad_60_":0,"n_transpor":0,"n_transp_1":0,"n_transp_2":0,"n_transp_3":0,"n_transp_4":0,"n_transp_5":0,"n_transp_6":0,"dim_acc":0,"dim_soc":0}},{"type":"Feature","id":433,"geometry":{"type":"Polygon","coordinates":[[[-70.2127,-22.1002],[-70.2114,-22.0998],[-70.2115,-22.0994],[-70.2118,-22.0997],[-70.2127,-22.1002]]]},"properties":{"OID":433,"MANZENT":2301061002000,"n_per":0,"n_hombres":0,"n_mujeres":0,"n_edad_0_5":0,"n_edad_6_1":0,"n_edad_14_":0,"n_edad_18_":0,"n_edad_25_":0,"n_edad_45_":0,"n_edad_60_":0,"n_transpor":0,"n_transp_1":0,"n_transp_2":0,"n_transp_3":0,"n_transp_4":0,"n_transp_5":0,"n_transp_6":0,"dim_acc":0,"dim_soc":0}},{"type":"Feature","id":434,"geometry":{"type":"Polygon","coordinates":[[[-70.2135,-22.1008],[-70.2134,-22.1007],[-70.2135,-22.1006],[-70.2135,-22.1008]]]},"properties":{"OID":434,"MANZENT":2301061002000,"n_per":0,"n_hombres":0,"n_mujeres":0,"n_edad_0_5":0,"n_edad_6_1":0,"n_edad_14_":0,"n_edad_18_":0,"n_edad_25_":0,"n_edad_45_":0,"n_edad_60_":0,"n_transpor":0,"n_transp_1":0,"n_transp_2":0,"n_transp_3":0,"n_transp_4":0,"n_transp_5":0,"n_transp_6":0,"dim_acc":0,"dim_soc":0}},{"type":"Feature","id":435,"geometry":{"type":"Polygon","coordinates":[[[-70.2071,-22.0986],[-70.207,-22.0983],[-70.2071,-22.0982],[-70.2073,-22.0988],[-70.2076,-22.099],[-70.2079,-22.0992],[-70.2076,-22.0994],[-70.2085,-22.1008],[-70.2089,-22.1004],[-70.2091,-22.1007],[-70.2093,-22.1007],[-70.2096,-22.1004],[-70.21,-22.1004],[-70.2106,-22.1006],[-70.21,-22.1004],[-70.2114,-22.1002],[-70.2121,-22.1021],[-70.2118,-22.1025],[-70.2108,-22.1021],[-70.2107,-22.1021],[-70.2104,-22.1023],[-70.2108,-22.1022],[-70.2118,-22.1025],[-70.2114,-22.1029],[-70.2112,-22.103],[-70.2099,-22.1032],[-70.21,-22.103],[-70.2104,-22.1027],[-70.2099,-22.103],[-70.209,-22.1019],[-70.2089,-22.1016],[-70.2091,-22.1015],[-70.2094,-22.1015],[-70.2096,-22.1012],[-70.2098,-22.1012],[-70.2099,-22.101],[-70.2101,-22.1011],[-70.2101,-22.101],[-70.21,-22.1009],[-70.2108,-22.1008],[-70.21,-22.1008],[-70.2099,-22.1008],[-70.2099,-22.1007],[-70.2099,-22.1008],[-70.2101,-22.101],[-70.2099,-22.101],[-70.2098,-22.1012],[-70.2096,-22.1012],[-70.2094,-22.1015],[-70.2089,-22.1015],[-70.2088,-22.1016],[-70.2089,-22.1018],[-70.2086,-22.1018],[-70.2085,-22.1015],[-70.2078,-22.1011],[-70.2074,-22.1003],[-70.2071,-22.0993],[-70.2068,-22.0988],[-70.2063,-22.0983],[-70.2069,-22.0987],[-70.207,-22.0987],[-70.2069,-22.0985],[-70.2071,-22.0986]]]},"properties":{"OID":435,"MANZENT":2301061003000,"n_per":0,"n_hombres":0,"n_mujeres":0,"n_edad_0_5":0,"n_edad_6_1":0,"n_edad_14_":0,"n_edad_18_":0,"n_edad_25_":0,"n_edad_45_":0,"n_edad_60_":0,"n_transpor":0,"n_transp_1":0,"n_transp_2":0,"n_transp_3":0,"n_transp_4":0,"n_transp_5":0,"n_transp_6":0,"dim_acc":0,"dim_soc":0}},{"type":"Feature","id":436,"geometry":{"type":"Polygon","coordinates":[[[-70.2113,-22.0999],[-70.2101,-22.0997],[-70.2087,-22.0983],[-70.21,-22.0996],[-70.2113,-22.0999]]]},"properties":{"OID":436,"MANZENT":2301061003000,"n_per":0,"n_hombres":0,"n_mujeres":0,"n_edad_0_5":0,"n_edad_6_1":0,"n_edad_14_":0,"n_edad_18_":0,"n_edad_25_":0,"n_edad_45_":0,"n_edad_60_":0,"n_transpor":0,"n_transp_1":0,"n_transp_2":0,"n_transp_3":0,"n_transp_4":0,"n_transp_5":0,"n_transp_6":0,"dim_acc":0,"dim_soc":0}},{"type":"Feature","id":437,"geometry":{"type":"Polygon","coordinates":[[[-70.2083,-22.0984],[-70.2083,-22.0987],[-70.2081,-22.0993],[-70.208,-22.0991],[-70.2078,-22.099],[-70.2079,-22.0987],[-70.2083,-22.0984]]]},"properties":{"OID":437,"MANZENT":2301061003010,"n_per":0,"n_hombres":0,"n_mujeres":0,"n_edad_0_5":0,"n_edad_6_1":0,"n_edad_14_":0,"n_edad_18_":0,"n_edad_25_":0,"n_edad_45_":0,"n_edad_60_":0,"n_transpor":0,"n_transp_1":0,"n_transp_2":0,"n_transp_3":0,"n_transp_4":0,"n_transp_5":0,"n_transp_6":0,"dim_acc":0.640842,"dim_soc":0.80245}},{"type":"Feature","id":438,"geometry":{"type":"Polygon","coordinates":[[[-70.2078,-22.0993],[-70.2082,-22.0999],[-70.2081,-22.1001],[-70.2077,-22.0994],[-70.2078,-22.0993]]]},"properties":{"OID":438,"MANZENT":2301061003010,"n_per":0,"n_hombres":0,"n_mujeres":0,"n_edad_0_5":0,"n_edad_6_1":0,"n_edad_14_":0,"n_edad_18_":0,"n_edad_25_":0,"n_edad_45_":0,"n_edad_60_":0,"n_transpor":0,"n_transp_1":0,"n_transp_2":0,"n_transp_3":0,"n_transp_4":0,"n_transp_5":0,"n_transp_6":0,"dim_acc":0.640842,"dim_soc":0.80245}},{"type":"Feature","id":439,"geometry":{"type":"Polygon","coordinates":[[[-70.2133,-22.1007],[-70.2127,-22.1002],[-70.2115,-22.0999],[-70.2127,-22.1002],[-70.2133,-22.1007]]]},"properties":{"OID":439,"MANZENT":2301061003010,"n_per":0,"n_hombres":0,"n_mujeres":0,"n_edad_0_5":0,"n_edad_6_1":0,"n_edad_14_":0,"n_edad_18_":0,"n_edad_25_":0,"n_edad_45_":0,"n_edad_60_":0,"n_transpor":0,"n_transp_1":0,"n_transp_2":0,"n_transp_3":0,"n_transp_4":0,"n_transp_5":0,"n_transp_6":0,"dim_acc":0.640842,"dim_soc":0.80245}},{"type":"Feature","id":440,"geometry":{"type":"Polygon","coordinates":[[[-70.2082,-22.1],[-70.2086,-22.1006],[-70.2085,-22.1008],[-70.2081,-22.1001],[-70.2082,-22.1]]]},"properties":{"OID":440,"MANZENT":2301061003010,"n_per":0,"n_hombres":0,"n_mujeres":0,"n_edad_0_5":0,"n_edad_6_1":0,"n_edad_14_":0,"n_edad_18_":0,"n_edad_25_":0,"n_edad_45_":0,"n_edad_60_":0,"n_transpor":0,"n_transp_1":0,"n_transp_2":0,"n_transp_3":0,"n_transp_4":0,"n_transp_5":0,"n_transp_6":0,"dim_acc":0.640842,"dim_soc":0.80245}},{"type":"Feature","id":441,"geometry":{"type":"Polygon","coordinates":[[[-70.2135,-22.1009],[-70.2133,-22.1007],[-70.2135,-22.1009],[-70.2135,-22.1009]]]},"properties":{"OID":441,"MANZENT":2301061003020,"n_per":0,"n_hombres":0,"n_mujeres":0,"n_edad_0_5":0,"n_edad_6_1":0,"n_edad_14_":0,"n_edad_18_":0,"n_edad_25_":0,"n_edad_45_":0,"n_edad_60_":0,"n_transpor":0,"n_transp_1":0,"n_transp_2":0,"n_transp_3":0,"n_transp_4":0,"n_transp_5":0,"n_transp_6":0,"dim_acc":0.581837,"dim_soc":0.947598}},{"type":"Feature","id":442,"geometry":{"type":"Polygon","coordinates":[[[-70.2145,-22.1026],[-70.2142,-22.1019],[-70.2136,-22.101],[-70.2143,-22.1019],[-70.2145,-22.1026]]]},"properties":{"OID":442,"MANZENT":2301061003020,"n_per":0,"n_hombres":0,"n_mujeres":0,"n_edad_0_5":0,"n_edad_6_1":0,"n_edad_14_":0,"n_edad_18_":0,"n_edad_25_":0,"n_edad_45_":0,"n_edad_60_":0,"n_transpor":0,"n_transp_1":0,"n_transp_2":0,"n_transp_3":0,"n_transp_4":0,"n_transp_5":0,"n_transp_6":0,"dim_acc":0.581837,"dim_soc":0.947598}},{"type":"Feature","id":443,"geometry":{"type":"Polygon","coordinates":[[[-70.2135,-22.1011],[-70.2135,-22.101],[-70.2136,-22.101],[-70.2138,-22.1014],[-70.213,-22.1018],[-70.2129,-22.1018],[-70.2127,-22.1015],[-70.2128,-22.1014],[-70.2131,-22.1012],[-70.2135,-22.1011]]]},"properties":{"OID":443,"MANZENT":2301061003020,"n_per":0,"n_hombres":0,"n_mujeres":0,"n_edad_0_5":0,"n_edad_6_1":0,"n_edad_14_":0,"n_edad_18_":0,"n_edad_25_":0,"n_edad_45_":0,"n_edad_60_":0,"n_transpor":0,"n_transp_1":0,"n_transp_2":0,"n_transp_3":0,"n_transp_4":0,"n_transp_5":0,"n_transp_6":0,"dim_acc":0.581837,"dim_soc":0.947598}},{"type":"Feature","id":444,"geometry":{"type":"Polygon","coordinates":[[[-70.2138,-22.1015],[-70.2139,-22.1015],[-70.2142,-22.102],[-70.2145,-22.1027],[-70.214,-22.103],[-70.2136,-22.1025],[-70.214,-22.1019],[-70.2139,-22.1017],[-70.2136,-22.1016],[-70.2138,-22.1015]]]},"properties":{"OID":444,"MANZENT":2301061003020,"n_per":0,"n_hombres":0,"n_mujeres":0,"n_edad_0_5":0,"n_edad_6_1":0,"n_edad_14_":0,"n_edad_18_":0,"n_edad_25_":0,"n_edad_45_":0,"n_edad_60_":0,"n_transpor":0,"n_transp_1":0,"n_transp_2":0,"n_transp_3":0,"n_transp_4":0,"n_transp_5":0,"n_transp_6":0,"dim_acc":0.581837,"dim_soc":0.947598}},{"type":"Feature","id":445,"geometry":{"type":"Polygon","coordinates":[[[-70.2135,-22.1025],[-70.2135,-22.1021],[-70.2139,-22.102],[-70.2135,-22.1025]]]},"properties":{"OID":445,"MANZENT":2301061003020,"n_per":0,"n_hombres":0,"n_mujeres":0,"n_edad_0_5":0,"n_edad_6_1":0,"n_edad_14_":0,"n_edad_18_":0,"n_edad_25_":0,"n_edad_45_":0,"n_edad_60_":0,"n_transpor":0,"n_transp_1":0,"n_transp_2":0,"n_transp_3":0,"n_transp_4":0,"n_transp_5":0,"n_transp_6":0,"dim_acc":0.581837,"dim_soc":0.947598}},{"type":"Feature","id":446,"geometry":{"type":"Polygon","coordinates":[[[-70.2126,-22.1026],[-70.2131,-22.1023],[-70.2135,-22.1024],[-70.2135,-22.1025],[-70.2131,-22.1031],[-70.2126,-22.1026]]]},"properties":{"OID":446,"MANZENT":2301061003020,"n_per":0,"n_hombres":0,"n_mujeres":0,"n_edad_0_5":0,"n_edad_6_1":0,"n_edad_14_":0,"n_edad_18_":0,"n_edad_25_":0,"n_edad_45_":0,"n_edad_60_":0,"n_transpor":0,"n_transp_1":0,"n_transp_2":0,"n_transp_3":0,"n_transp_4":0,"n_transp_5":0,"n_transp_6":0,"dim_acc":0.581837,"dim_soc":0.947598}},{"type":"Feature","id":447,"geometry":{"type":"Polygon","coordinates":[[[-70.2148,-22.1038],[-70.2146,-22.1028],[-70.2149,-22.1038],[-70.2148,-22.1038]]]},"properties":{"OID":447,"MANZENT":2301061003030,"n_per":0,"n_hombres":0,"n_mujeres":0,"n_edad_0_5":0,"n_edad_6_1":0,"n_edad_14_":0,"n_edad_18_":0,"n_edad_25_":0,"n_edad_45_":0,"n_edad_60_":0,"n_transpor":0,"n_transp_1":0,"n_transp_2":0,"n_transp_3":0,"n_transp_4":0,"n_transp_5":0,"n_transp_6":0,"dim_acc":0.551323,"dim_soc":0.672874}},{"type":"Feature","id":448,"geometry":{"type":"Polygon","coordinates":[[[-70.2107,-22.1032],[-70.2106,-22.1031],[-70.2112,-22.1031],[-70.2107,-22.1032]]]},"properties":{"OID":448,"MANZENT":2301061003030,"n_per":0,"n_hombres":0,"n_mujeres":0,"n_edad_0_5":0,"n_edad_6_1":0,"n_edad_14_":0,"n_edad_18_":0,"n_edad_25_":0,"n_edad_45_":0,"n_edad_60_":0,"n_transpor":0,"n_transp_1":0,"n_transp_2":0,"n_transp_3":0,"n_transp_4":0,"n_transp_5":0,"n_transp_6":0,"dim_acc":0.551323,"dim_soc":0.672874}},{"type":"Feature","id":449,"geometry":{"type":"Polygon","coordinates":[[[-70.2151,-22.1045],[-70.2149,-22.1039],[-70.2151,-22.1045],[-70.2151,-22.1045]]]},"properties":{"OID":449,"MANZENT":2301061003030,"n_per":0,"n_hombres":0,"n_mujeres":0,"n_edad_0_5":0,"n_edad_6_1":0,"n_edad_14_":0,"n_edad_18_":0,"n_edad_25_":0,"n_edad_45_":0,"n_edad_60_":0,"n_transpor":0,"n_transp_1":0,"n_transp_2":0,"n_transp_3":0,"n_transp_4":0,"n_transp_5":0,"n_transp_6":0,"dim_acc":0.551323,"dim_soc":0.672874}},{"type":"Feature","id":450,"geometry":{"type":"Polygon","coordinates":[[[-70.2148,-22.1047],[-70.2146,-22.1047],[-70.2144,-22.1042],[-70.2148,-22.1039],[-70.215,-22.1045],[-70.2148,-22.1047]]]},"properties":{"OID":450,"MANZENT":2301061003030,"n_per":0,"n_hombres":0,"n_mujeres":0,"n_edad_0_5":0,"n_edad_6_1":0,"n_edad_14_":0,"n_edad_18_":0,"n_edad_25_":0,"n_edad_45_":0,"n_edad_60_":0,"n_transpor":0,"n_transp_1":0,"n_transp_2":0,"n_transp_3":0,"n_transp_4":0,"n_transp_5":0,"n_transp_6":0,"dim_acc":0.551323,"dim_soc":0.672874}},{"type":"Feature","id":451,"geometry":{"type":"Polygon","coordinates":[[[-70.2151,-22.1068],[-70.2152,-22.1065],[-70.2151,-22.1046],[-70.2153,-22.1065],[-70.2151,-22.1068]]]},"properties":{"OID":451,"MANZENT":2301061003040,"n_per":0,"n_hombres":0,"n_mujeres":0,"n_edad_0_5":0,"n_edad_6_1":0,"n_edad_14_":0,"n_edad_18_":0,"n_edad_25_":0,"n_edad_45_":0,"n_edad_60_":0,"n_transpor":0,"n_transp_1":0,"n_transp_2":0,"n_transp_3":0,"n_transp_4":0,"n_transp_5":0,"n_transp_6":0,"dim_acc":0,"dim_soc":0}},{"type":"Feature","id":452,"geometry":{"type":"Polygon","coordinates":[[[-70.2124,-22.1063],[-70.2124,-22.1061],[-70.2125,-22.1062],[-70.2124,-22.1063]]]},"properties":{"OID":452,"MANZENT":2301061003040,"n_per":0,"n_hombres":0,"n_mujeres":0,"n_edad_0_5":0,"n_edad_6_1":0,"n_edad_14_":0,"n_edad_18_":0,"n_edad_25_":0,"n_edad_45_":0,"n_edad_60_":0,"n_transpor":0,"n_transp_1":0,"n_transp_2":0,"n_transp_3":0,"n_transp_4":0,"n_transp_5":0,"n_transp_6":0,"dim_acc":0,"dim_soc":0}},{"type":"Feature","id":453,"geometry":{"type":"Polygon","coordinates":[[[-70.2145,-22.1082],[-70.2151,-22.107],[-70.2149,-22.1073],[-70.2145,-22.1082]]]},"properties":{"OID":453,"MANZENT":2301061003040,"n_per":0,"n_hombres":0,"n_mujeres":0,"n_edad_0_5":0,"n_edad_6_1":0,"n_edad_14_":0,"n_edad_18_":0,"n_edad_25_":0,"n_edad_45_":0,"n_edad_60_":0,"n_transpor":0,"n_transp_1":0,"n_transp_2":0,"n_transp_3":0,"n_transp_4":0,"n_transp_5":0,"n_transp_6":0,"dim_acc":0,"dim_soc":0}},{"type":"Feature","id":454,"geometry":{"type":"Polygon","coordinates":[[[-70.2145,-22.1091],[-70.2143,-22.109],[-70.2145,-22.109],[-70.2145,-22.1091]]]},"properties":{"OID":454,"MANZENT":2301061003050,"n_per":0,"n_hombres":0,"n_mujeres":0,"n_edad_0_5":0,"n_edad_6_1":0,"n_edad_14_":0,"n_edad_18_":0,"n_edad_25_":0,"n_edad_45_":0,"n_edad_60_":0,"n_transpor":0,"n_transp_1":0,"n_transp_2":0,"n_transp_3":0,"n_transp_4":0,"n_transp_5":0,"n_transp_6":0,"dim_acc":0,"dim_soc":0}},{"type":"Feature","id":455,"geometry":{"type":"Polygon","coordinates":[[[-70.2137,-22.1077],[-70.2133,-22.108],[-70.213,-22.1078],[-70.2133,-22.1074],[-70.2137,-22.1077]]]},"properties":{"OID":455,"MANZENT":2301061004020,"n_per":0,"n_hombres":0,"n_mujeres":0,"n_edad_0_5":0,"n_edad_6_1":0,"n_edad_14_":0,"n_edad_18_":0,"n_edad_25_":0,"n_edad_45_":0,"n_edad_60_":0,"n_transpor":0,"n_transp_1":0,"n_transp_2":0,"n_transp_3":0,"n_transp_4":0,"n_transp_5":0,"n_transp_6":0,"dim_acc":0.546703,"dim_soc":0.665025}},{"type":"Feature","id":456,"geometry":{"type":"Polygon","coordinates":[[[-70.2103,-22.1077],[-70.2103,-22.1077],[-70.2098,-22.1078],[-70.2097,-22.1076],[-70.2103,-22.1077]]]},"properties":{"OID":456,"MANZENT":2301061004030,"n_per":0,"n_hombres":0,"n_mujeres":0,"n_edad_0_5":0,"n_edad_6_1":0,"n_edad_14_":0,"n_edad_18_":0,"n_edad_25_":0,"n_edad_45_":0,"n_edad_60_":0,"n_transpor":0,"n_transp_1":0,"n_transp_2":0,"n_transp_3":0,"n_transp_4":0,"n_transp_5":0,"n_transp_6":0,"dim_acc":0.556163,"dim_soc":0.829744}},{"type":"Feature","id":457,"geometry":{"type":"Polygon","coordinates":[[[-70.2131,-22.1086],[-70.2131,-22.1087],[-70.2129,-22.1085],[-70.2131,-22.1086]]]},"properties":{"OID":457,"MANZENT":2301061004040,"n_per":0,"n_hombres":0,"n_mujeres":0,"n_edad_0_5":0,"n_edad_6_1":0,"n_edad_14_":0,"n_edad_18_":0,"n_edad_25_":0,"n_edad_45_":0,"n_edad_60_":0,"n_transpor":0,"n_transp_1":0,"n_transp_2":0,"n_transp_3":0,"n_transp_4":0,"n_transp_5":0,"n_transp_6":0,"dim_acc":0.560372,"dim_soc":0.825517}},{"type":"Feature","id":458,"geometry":{"type":"Polygon","coordinates":[[[-70.2133,-22.1088],[-70.2134,-22.109],[-70.2132,-22.1088],[-70.2133,-22.1088]]]},"properties":{"OID":458,"MANZENT":2301061004040,"n_per":0,"n_hombres":0,"n_mujeres":0,"n_edad_0_5":0,"n_edad_6_1":0,"n_edad_14_":0,"n_edad_18_":0,"n_edad_25_":0,"n_edad_45_":0,"n_edad_60_":0,"n_transpor":0,"n_transp_1":0,"n_transp_2":0,"n_transp_3":0,"n_transp_4":0,"n_transp_5":0,"n_transp_6":0,"dim_acc":0.560372,"dim_soc":0.825517}},{"type":"Feature","id":459,"geometry":{"type":"Polygon","coordinates":[[[-70.2138,-22.1091],[-70.2138,-22.1091],[-70.214,-22.1089],[-70.2138,-22.1091]]]},"properties":{"OID":459,"MANZENT":2301061004040,"n_per":0,"n_hombres":0,"n_mujeres":0,"n_edad_0_5":0,"n_edad_6_1":0,"n_edad_14_":0,"n_edad_18_":0,"n_edad_25_":0,"n_edad_45_":0,"n_edad_60_":0,"n_transpor":0,"n_transp_1":0,"n_transp_2":0,"n_transp_3":0,"n_transp_4":0,"n_transp_5":0,"n_transp_6":0,"dim_acc":0.560372,"dim_soc":0.825517}},{"type":"Feature","id":460,"geometry":{"type":"Polygon","coordinates":[[[-70.214,-22.1091],[-70.2142,-22.1089],[-70.2144,-22.1092],[-70.2146,-22.1092],[-70.2149,-22.1095],[-70.2147,-22.1095],[-70.2148,-22.1096],[-70.2147,-22.1096],[-70.2148,-22.1097],[-70.2147,-22.1098],[-70.2148,-22.1098],[-70.2147,-22.1099],[-70.2146,-22.11],[-70.2144,-22.1099],[-70.2143,-22.11],[-70.2145,-22.1103],[-70.2143,-22.1101],[-70.214,-22.1103],[-70.214,-22.1106],[-70.2142,-22.1106],[-70.2142,-22.1108],[-70.2143,-22.1109],[-70.2141,-22.1108],[-70.214,-22.1109],[-70.2142,-22.1111],[-70.214,-22.111],[-70.2139,-22.1111],[-70.2145,-22.1115],[-70.2146,-22.1117],[-70.2143,-22.1124],[-70.2139,-22.1125],[-70.2138,-22.1127],[-70.2138,-22.1129],[-70.2139,-22.1131],[-70.2142,-22.1132],[-70.2141,-22.1132],[-70.2143,-22.1133],[-70.2142,-22.1134],[-70.2142,-22.1134],[-70.2143,-22.1135],[-70.2144,-22.1134],[-70.2145,-22.1135],[-70.2145,-22.1136],[-70.2146,-22.1136],[-70.2148,-22.1139],[-70.2148,-22.1142],[-70.215,-22.1144],[-70.2148,-22.1144],[-70.215,-22.1146],[-70.2149,-22.1146],[-70.2149,-22.1149],[-70.215,-22.1152],[-70.2151,-22.1152],[-70.215,-22.1153],[-70.2153,-22.1155],[-70.2153,-22.1155],[-70.2152,-22.1156],[-70.2155,-22.1158],[-70.2152,-22.1157],[-70.2154,-22.1158],[-70.2156,-22.116],[-70.2153,-22.1161],[-70.2155,-22.1161],[-70.2156,-22.1163],[-70.2155,-22.1163],[-70.2153,-22.1161],[-70.2154,-22.1163],[-70.2156,-22.1165],[-70.2156,-22.1168],[-70.2158,-22.1167],[-70.2158,-22.1168],[-70.2158,-22.1169],[-70.2159,-22.1172],[-70.2159,-22.1177],[-70.216,-22.1178],[-70.2161,-22.1177],[-70.2163,-22.1177],[-70.2162,-22.1179],[-70.216,-22.1178],[-70.2159,-22.118],[-70.2146,-22.118],[-70.2147,-22.1176],[-70.2144,-22.1171],[-70.2141,-22.1161],[-70.2138,-22.1153],[-70.2124,-22.1127],[-70.2122,-22.1122],[-70.2122,-22.1115],[-70.2124,-22.1107],[-70.2127,-22.1104],[-70.214,-22.1091]]]},"properties":{"OID":460,"MANZENT":2301061004040,"n_per":0,"n_hombres":0,"n_mujeres":0,"n_edad_0_5":0,"n_edad_6_1":0,"n_edad_14_":0,"n_edad_18_":0,"n_edad_25_":0,"n_edad_45_":0,"n_edad_60_":0,"n_transpor":0,"n_transp_1":0,"n_transp_2":0,"n_transp_3":0,"n_transp_4":0,"n_transp_5":0,"n_transp_6":0,"dim_acc":0.560372,"dim_soc":0.825517}},{"type":"Feature","id":461,"geometry":{"type":"Polygon","coordinates":[[[-70.2135,-22.109],[-70.2137,-22.1092],[-70.2134,-22.109],[-70.2135,-22.109]]]},"properties":{"OID":461,"MANZENT":2301061004050,"n_per":0,"n_hombres":0,"n_mujeres":0,"n_edad_0_5":0,"n_edad_6_1":0,"n_edad_14_":0,"n_edad_18_":0,"n_edad_25_":0,"n_edad_45_":0,"n_edad_60_":0,"n_transpor":0,"n_transp_1":0,"n_transp_2":0,"n_transp_3":0,"n_transp_4":0,"n_transp_5":0,"n_transp_6":0,"dim_acc":0.543187,"dim_soc":0.64628}},{"type":"Feature","id":462,"geometry":{"type":"Polygon","coordinates":[[[-70.2131,-22.1099],[-70.2131,-22.1099],[-70.2137,-22.1093],[-70.2131,-22.1099]]]},"properties":{"OID":462,"MANZENT":2301061004050,"n_per":0,"n_hombres":0,"n_mujeres":0,"n_edad_0_5":0,"n_edad_6_1":0,"n_edad_14_":0,"n_edad_18_":0,"n_edad_25_":0,"n_edad_45_":0,"n_edad_60_":0,"n_transpor":0,"n_transp_1":0,"n_transp_2":0,"n_transp_3":0,"n_transp_4":0,"n_transp_5":0,"n_transp_6":0,"dim_acc":0.543187,"dim_soc":0.64628}},{"type":"Feature","id":463,"geometry":{"type":"Polygon","coordinates":[[[-70.209,-22.1103],[-70.2088,-22.1098],[-70.209,-22.1098],[-70.209,-22.1103]]]},"properties":{"OID":463,"MANZENT":2301061004060,"n_per":0,"n_hombres":0,"n_mujeres":0,"n_edad_0_5":0,"n_edad_6_1":0,"n_edad_14_":0,"n_edad_18_":0,"n_edad_25_":0,"n_edad_45_":0,"n_edad_60_":0,"n_transpor":0,"n_transp_1":0,"n_transp_2":0,"n_transp_3":0,"n_transp_4":0,"n_transp_5":0,"n_transp_6":0,"dim_acc":0,"dim_soc":0}},{"type":"Feature","id":464,"geometry":{"type":"Polygon","coordinates":[[[-70.2129,-22.1101],[-70.2129,-22.1101],[-70.213,-22.11],[-70.2129,-22.1101]]]},"properties":{"OID":464,"MANZENT":2301061004060,"n_per":0,"n_hombres":0,"n_mujeres":0,"n_edad_0_5":0,"n_edad_6_1":0,"n_edad_14_":0,"n_edad_18_":0,"n_edad_25_":0,"n_edad_45_":0,"n_edad_60_":0,"n_transpor":0,"n_transp_1":0,"n_transp_2":0,"n_transp_3":0,"n_transp_4":0,"n_transp_5":0,"n_transp_6":0,"dim_acc":0,"dim_soc":0}},{"type":"Feature","id":465,"geometry":{"type":"Polygon","coordinates":[[[-70.2127,-22.1103],[-70.2127,-22.1103],[-70.2129,-22.1101],[-70.2127,-22.1103]]]},"properties":{"OID":465,"MANZENT":2301061004060,"n_per":0,"n_hombres":0,"n_mujeres":0,"n_edad_0_5":0,"n_edad_6_1":0,"n_edad_14_":0,"n_edad_18_":0,"n_edad_25_":0,"n_edad_45_":0,"n_edad_60_":0,"n_transpor":0,"n_transp_1":0,"n_transp_2":0,"n_transp_3":0,"n_transp_4":0,"n_transp_5":0,"n_transp_6":0,"dim_acc":0,"dim_soc":0}},{"type":"Feature","id":466,"geometry":{"type":"Polygon","coordinates":[[[-70.2122,-22.111],[-70.2123,-22.1108],[-70.2125,-22.1105],[-70.2122,-22.111]]]},"properties":{"OID":466,"MANZENT":2301061004060,"n_per":0,"n_hombres":0,"n_mujeres":0,"n_edad_0_5":0,"n_edad_6_1":0,"n_edad_14_":0,"n_edad_18_":0,"n_edad_25_":0,"n_edad_45_":0,"n_edad_60_":0,"n_transpor":0,"n_transp_1":0,"n_transp_2":0,"n_transp_3":0,"n_transp_4":0,"n_transp_5":0,"n_transp_6":0,"dim_acc":0,"dim_soc":0}},{"type":"Feature","id":467,"geometry":{"type":"Polygon","coordinates":[[[-70.2096,-22.1114],[-70.2092,-22.1106],[-70.2095,-22.1106],[-70.2096,-22.1114]]]},"properties":{"OID":467,"MANZENT":2301061004060,"n_per":0,"n_hombres":0,"n_mujeres":0,"n_edad_0_5":0,"n_edad_6_1":0,"n_edad_14_":0,"n_edad_18_":0,"n_edad_25_":0,"n_edad_45_":0,"n_edad_60_":0,"n_transpor":0,"n_transp_1":0,"n_transp_2":0,"n_transp_3":0,"n_transp_4":0,"n_transp_5":0,"n_transp_6":0,"dim_acc":0,"dim_soc":0}},{"type":"Feature","id":468,"geometry":{"type":"Polygon","coordinates":[[[-70.211,-22.1109],[-70.211,-22.1113],[-70.2106,-22.1114],[-70.2105,-22.1109],[-70.2109,-22.1108],[-70.211,-22.1109]]]},"properties":{"OID":468,"MANZENT":2301061004070,"n_per":0,"n_hombres":0,"n_mujeres":0,"n_edad_0_5":0,"n_edad_6_1":0,"n_edad_14_":0,"n_edad_18_":0,"n_edad_25_":0,"n_edad_45_":0,"n_edad_60_":0,"n_transpor":0,"n_transp_1":0,"n_transp_2":0,"n_transp_3":0,"n_transp_4":0,"n_transp_5":0,"n_transp_6":0,"dim_acc":0,"dim_soc":0}},{"type":"Feature","id":469,"geometry":{"type":"Polygon","coordinates":[[[-70.2121,-22.1122],[-70.2121,-22.1118],[-70.2122,-22.1111],[-70.2121,-22.1118],[-70.2121,-22.1122]]]},"properties":{"OID":469,"MANZENT":2301061004070,"n_per":0,"n_hombres":0,"n_mujeres":0,"n_edad_0_5":0,"n_edad_6_1":0,"n_edad_14_":0,"n_edad_18_":0,"n_edad_25_":0,"n_edad_45_":0,"n_edad_60_":0,"n_transpor":0,"n_transp_1":0,"n_transp_2":0,"n_transp_3":0,"n_transp_4":0,"n_transp_5":0,"n_transp_6":0,"dim_acc":0,"dim_soc":0}},{"type":"Feature","id":470,"geometry":{"type":"Polygon","coordinates":[[[-70.2123,-22.1132],[-70.2118,-22.1124],[-70.2121,-22.1124],[-70.2124,-22.113],[-70.2123,-22.1132]]]},"properties":{"OID":470,"MANZENT":2301061004070,"n_per":0,"n_hombres":0,"n_mujeres":0,"n_edad_0_5":0,"n_edad_6_1":0,"n_edad_14_":0,"n_edad_18_":0,"n_edad_25_":0,"n_edad_45_":0,"n_edad_60_":0,"n_transpor":0,"n_transp_1":0,"n_transp_2":0,"n_transp_3":0,"n_transp_4":0,"n_transp_5":0,"n_transp_6":0,"dim_acc":0,"dim_soc":0}},{"type":"Feature","id":471,"geometry":{"type":"Polygon","coordinates":[[[-70.2125,-22.1131],[-70.2122,-22.1126],[-70.2121,-22.1124],[-70.2125,-22.1131]]]},"properties":{"OID":471,"MANZENT":2301061004070,"n_per":0,"n_hombres":0,"n_mujeres":0,"n_edad_0_5":0,"n_edad_6_1":0,"n_edad_14_":0,"n_edad_18_":0,"n_edad_25_":0,"n_edad_45_":0,"n_edad_60_":0,"n_transpor":0,"n_transp_1":0,"n_transp_2":0,"n_transp_3":0,"n_transp_4":0,"n_transp_5":0,"n_transp_6":0,"dim_acc":0,"dim_soc":0}},{"type":"Feature","id":472,"geometry":{"type":"Polygon","coordinates":[[[-70.213,-22.1143],[-70.2124,-22.1133],[-70.2125,-22.1133],[-70.2131,-22.1144],[-70.213,-22.1143]]]},"properties":{"OID":472,"MANZENT":2301061004080,"n_per":0,"n_hombres":0,"n_mujeres":0,"n_edad_0_5":0,"n_edad_6_1":0,"n_edad_14_":0,"n_edad_18_":0,"n_edad_25_":0,"n_edad_45_":0,"n_edad_60_":0,"n_transpor":0,"n_transp_1":0,"n_transp_2":0,"n_transp_3":0,"n_transp_4":0,"n_transp_5":0,"n_transp_6":0,"dim_acc":0,"dim_soc":0}},{"type":"Feature","id":473,"geometry":{"type":"Polygon","coordinates":[[[-70.2131,-22.1143],[-70.2126,-22.1133],[-70.2131,-22.1143],[-70.2131,-22.1143]]]},"properties":{"OID":473,"MANZENT":2301061004080,"n_per":0,"n_hombres":0,"n_mujeres":0,"n_edad_0_5":0,"n_edad_6_1":0,"n_edad_14_":0,"n_edad_18_":0,"n_edad_25_":0,"n_edad_45_":0,"n_edad_60_":0,"n_transpor":0,"n_transp_1":0,"n_transp_2":0,"n_transp_3":0,"n_transp_4":0,"n_transp_5":0,"n_transp_6":0,"dim_acc":0,"dim_soc":0}},{"type":"Feature","id":474,"geometry":{"type":"Polygon","coordinates":[[[-70.2137,-22.1153],[-70.2132,-22.1145],[-70.2137,-22.1153],[-70.2137,-22.1153]]]},"properties":{"OID":474,"MANZENT":2301061004080,"n_per":0,"n_hombres":0,"n_mujeres":0,"n_edad_0_5":0,"n_edad_6_1":0,"n_edad_14_":0,"n_edad_18_":0,"n_edad_25_":0,"n_edad_45_":0,"n_edad_60_":0,"n_transpor":0,"n_transp_1":0,"n_transp_2":0,"n_transp_3":0,"n_transp_4":0,"n_transp_5":0,"n_transp_6":0,"dim_acc":0,"dim_soc":0}},{"type":"Feature","id":475,"geometry":{"type":"Polygon","coordinates":[[[-70.2141,-22.1162],[-70.2139,-22.1156],[-70.214,-22.1159],[-70.2141,-22.1162]]]},"properties":{"OID":475,"MANZENT":2301061004080,"n_per":0,"n_hombres":0,"n_mujeres":0,"n_edad_0_5":0,"n_edad_6_1":0,"n_edad_14_":0,"n_edad_18_":0,"n_edad_25_":0,"n_edad_45_":0,"n_edad_60_":0,"n_transpor":0,"n_transp_1":0,"n_transp_2":0,"n_transp_3":0,"n_transp_4":0,"n_transp_5":0,"n_transp_6":0,"dim_acc":0,"dim_soc":0}},{"type":"Feature","id":476,"geometry":{"type":"Polygon","coordinates":[[[-70.2139,-22.116],[-70.2138,-22.1157],[-70.2138,-22.1158],[-70.2139,-22.116]]]},"properties":{"OID":476,"MANZENT":2301061004080,"n_per":0,"n_hombres":0,"n_mujeres":0,"n_edad_0_5":0,"n_edad_6_1":0,"n_edad_14_":0,"n_edad_18_":0,"n_edad_25_":0,"n_edad_45_":0,"n_edad_60_":0,"n_transpor":0,"n_transp_1":0,"n_transp_2":0,"n_transp_3":0,"n_transp_4":0,"n_transp_5":0,"n_transp_6":0,"dim_acc":0,"dim_soc":0}},{"type":"Feature","id":477,"geometry":{"type":"Polygon","coordinates":[[[-70.2146,-22.1178],[-70.2145,-22.1173],[-70.2147,-22.1176],[-70.2146,-22.1178]]]},"properties":{"OID":477,"MANZENT":2301061004090,"n_per":0,"n_hombres":0,"n_mujeres":0,"n_edad_0_5":0,"n_edad_6_1":0,"n_edad_14_":0,"n_edad_18_":0,"n_edad_25_":0,"n_edad_45_":0,"n_edad_60_":0,"n_transpor":0,"n_transp_1":0,"n_transp_2":0,"n_transp_3":0,"n_transp_4":0,"n_transp_5":0,"n_transp_6":0,"dim_acc":0,"dim_soc":0}}]}