{"type":"FeatureCollection","crs":{"type":"name","properties":{"name":"EPSG:4674"}},"features":[{"type":"Feature","id":1,"geometry":{"type":"Polygon","coordinates":[[[-72.2373,-39.2763],[-72.2362,-39.2759],[-72.2357,-39.2751],[-72.2396,-39.2738],[-72.2396,-39.274],[-72.2387,-39.275],[-72.2382,-39.2754],[-72.2382,-39.2757],[-72.2373,-39.2763]]]},"properties":{"OID":1,"MANZENT":9120011001000,"n_per":35,"n_hombres":10,"n_mujeres":25,"n_edad_0_5":2,"n_edad_6_1":4,"n_edad_14_":2,"n_edad_18_":1,"n_edad_25_":5,"n_edad_45_":13,"n_edad_60_":8,"n_transpor":5,"n_transp_1":3,"n_transp_2":1,"n_transp_3":0,"n_transp_4":0,"n_transp_5":0,"n_transp_6":0,"dim_acc":0,"dim_soc":0}},{"type":"Feature","id":2,"geometry":{"type":"Polygon","coordinates":[[[-72.2393,-39.2747],[-72.2398,-39.274],[-72.24,-39.274],[-72.2406,-39.2746],[-72.2409,-39.2747],[-72.2432,-39.2742],[-72.2433,-39.2743],[-72.2433,-39.275],[-72.2428,-39.2761],[-72.2423,-39.2765],[-72.2406,-39.2774],[-72.2402,-39.2779],[-72.2393,-39.2772],[-72.2396,-39.2769],[-72.2397,-39.2769],[-72.2396,-39.2768],[-72.2398,-39.2766],[-72.2395,-39.2767],[-72.2392,-39.2765],[-72.2394,-39.2763],[-72.2391,-39.2764],[-72.2388,-39.2762],[-72.239,-39.276],[-72.2387,-39.2761],[-72.2383,-39.2758],[-72.2393,-39.2747]]]},"properties":{"OID":2,"MANZENT":9120011001000,"n_per":53,"n_hombres":25,"n_mujeres":28,"n_edad_0_5":1,"n_edad_6_1":1,"n_edad_14_":2,"n_edad_18_":6,"n_edad_25_":16,"n_edad_45_":8,"n_edad_60_":19,"n_transpor":6,"n_transp_1":3,"n_transp_2":3,"n_transp_3":0,"n_transp_4":0,"n_transp_5":0,"n_transp_6":2,"dim_acc":0,"dim_soc":0}},{"type":"Feature","id":3,"geometry":{"type":"Polygon","coordinates":[[[-72.2325,-39.2783],[-72.2308,-39.2769],[-72.2308,-39.2768],[-72.2324,-39.2763],[-72.2333,-39.277],[-72.2324,-39.2762],[-72.2356,-39.2752],[-72.2359,-39.2754],[-72.2362,-39.2759],[-72.2358,-39.2762],[-72.2362,-39.276],[-72.2372,-39.2764],[-72.2357,-39.2774],[-72.2352,-39.2771],[-72.2352,-39.2772],[-72.2344,-39.2777],[-72.2338,-39.2773],[-72.2339,-39.2774],[-72.2326,-39.2784],[-72.2325,-39.2783]]]},"properties":{"OID":3,"MANZENT":9120011001010,"n_per":266,"n_hombres":110,"n_mujeres":156,"n_edad_0_5":15,"n_edad_6_1":29,"n_edad_14_":16,"n_edad_18_":16,"n_edad_25_":70,"n_edad_45_":43,"n_edad_60_":77,"n_transpor":35,"n_transp_1":22,"n_transp_2":40,"n_transp_3":3,"n_transp_4":0,"n_transp_5":0,"n_transp_6":0,"dim_acc":0.65594,"dim_soc":0.682722}},{"type":"Feature","id":4,"geometry":{"type":"Polygon","coordinates":[[[-72.2367,-39.277],[-72.2383,-39.2759],[-72.2396,-39.2769],[-72.2383,-39.2778],[-72.2379,-39.2775],[-72.2381,-39.2773],[-72.2379,-39.2774],[-72.2377,-39.2773],[-72.238,-39.2771],[-72.2379,-39.2771],[-72.237,-39.2778],[-72.2366,-39.2774],[-72.237,-39.2778],[-72.2367,-39.278],[-72.236,-39.2774],[-72.2367,-39.277]]]},"properties":{"OID":4,"MANZENT":9120011001010,"n_per":406,"n_hombres":284,"n_mujeres":122,"n_edad_0_5":5,"n_edad_6_1":12,"n_edad_14_":12,"n_edad_18_":45,"n_edad_25_":199,"n_edad_45_":79,"n_edad_60_":54,"n_transpor":25,"n_transp_1":9,"n_transp_2":8,"n_transp_3":1,"n_transp_4":0,"n_transp_5":0,"n_transp_6":4,"dim_acc":0.65594,"dim_soc":0.682722}},{"type":"Feature","id":5,"geometry":{"type":"Polygon","coordinates":[[[-72.2395,-39.2777],[-72.2393,-39.2778],[-72.2388,-39.2775],[-72.2392,-39.2772],[-72.2397,-39.2775],[-72.2395,-39.2777]]]},"properties":{"OID":5,"MANZENT":9120011001020,"n_per":35,"n_hombres":11,"n_mujeres":24,"n_edad_0_5":1,"n_edad_6_1":5,"n_edad_14_":3,"n_edad_18_":1,"n_edad_25_":12,"n_edad_45_":7,"n_edad_60_":6,"n_transpor":4,"n_transp_1":7,"n_transp_2":2,"n_transp_3":0,"n_transp_4":0,"n_transp_5":0,"n_transp_6":0,"dim_acc":0.696538,"dim_soc":0.801997}},{"type":"Feature","id":6,"geometry":{"type":"Polygon","coordinates":[[[-72.2338,-39.2782],[-72.2352,-39.2772],[-72.2356,-39.2775],[-72.2341,-39.2786],[-72.2338,-39.2782]]]},"properties":{"OID":6,"MANZENT":9120011001020,"n_per":69,"n_hombres":33,"n_mujeres":36,"n_edad_0_5":2,"n_edad_6_1":8,"n_edad_14_":5,"n_edad_18_":5,"n_edad_25_":14,"n_edad_45_":19,"n_edad_60_":16,"n_transpor":12,"n_transp_1":5,"n_transp_2":7,"n_transp_3":0,"n_transp_4":0,"n_transp_5":0,"n_transp_6":0,"dim_acc":0.696538,"dim_soc":0.801997}},{"type":"Feature","id":7,"geometry":{"type":"Polygon","coordinates":[[[-72.2375,-39.2787],[-72.2367,-39.2781],[-72.2377,-39.2774],[-72.2385,-39.278],[-72.2375,-39.2787]]]},"properties":{"OID":7,"MANZENT":9120011001020,"n_per":49,"n_hombres":24,"n_mujeres":25,"n_edad_0_5":1,"n_edad_6_1":4,"n_edad_14_":1,"n_edad_18_":4,"n_edad_25_":11,"n_edad_45_":12,"n_edad_60_":16,"n_transpor":14,"n_transp_1":8,"n_transp_2":6,"n_transp_3":1,"n_transp_4":0,"n_transp_5":0,"n_transp_6":2,"dim_acc":0.696538,"dim_soc":0.801997}},{"type":"Feature","id":8,"geometry":{"type":"Polygon","coordinates":[[[-72.2339,-39.2781],[-72.2335,-39.2778],[-72.234,-39.2775],[-72.2343,-39.2778],[-72.2339,-39.2781]]]},"properties":{"OID":8,"MANZENT":9120011001020,"n_per":29,"n_hombres":13,"n_mujeres":16,"n_edad_0_5":2,"n_edad_6_1":5,"n_edad_14_":0,"n_edad_18_":2,"n_edad_25_":8,"n_edad_45_":5,"n_edad_60_":7,"n_transpor":4,"n_transp_1":1,"n_transp_2":5,"n_transp_3":1,"n_transp_4":0,"n_transp_5":0,"n_transp_6":1,"dim_acc":0.696538,"dim_soc":0.801997}},{"type":"Feature","id":9,"geometry":{"type":"Polygon","coordinates":[[[-72.2363,-39.2778],[-72.2356,-39.2782],[-72.2353,-39.278],[-72.236,-39.2775],[-72.2363,-39.2778]]]},"properties":{"OID":9,"MANZENT":9120011001020,"n_per":45,"n_hombres":27,"n_mujeres":18,"n_edad_0_5":2,"n_edad_6_1":2,"n_edad_14_":3,"n_edad_18_":4,"n_edad_25_":3,"n_edad_45_":14,"n_edad_60_":17,"n_transpor":4,"n_transp_1":3,"n_transp_2":7,"n_transp_3":1,"n_transp_4":0,"n_transp_5":0,"n_transp_6":0,"dim_acc":0.696538,"dim_soc":0.801997}},{"type":"Feature","id":10,"geometry":{"type":"Polygon","coordinates":[[[-72.2386,-39.2796],[-72.2376,-39.2788],[-72.2381,-39.2784],[-72.2388,-39.279],[-72.2382,-39.2784],[-72.2386,-39.2781],[-72.2391,-39.2785],[-72.2392,-39.2785],[-72.2384,-39.2778],[-72.2387,-39.2775],[-72.2393,-39.2779],[-72.2397,-39.2776],[-72.2402,-39.2779],[-72.239,-39.2793],[-72.2385,-39.2801],[-72.2368,-39.2823],[-72.2359,-39.2814],[-72.2364,-39.2811],[-72.237,-39.2818],[-72.2371,-39.2817],[-72.2364,-39.281],[-72.2369,-39.2807],[-72.2372,-39.281],[-72.2369,-39.2807],[-72.2374,-39.2804],[-72.2377,-39.2806],[-72.2375,-39.2803],[-72.2384,-39.2796],[-72.2386,-39.2796]]]},"properties":{"OID":10,"MANZENT":9120011001020,"n_per":361,"n_hombres":180,"n_mujeres":181,"n_edad_0_5":25,"n_edad_6_1":31,"n_edad_14_":20,"n_edad_18_":30,"n_edad_25_":106,"n_edad_45_":62,"n_edad_60_":87,"n_transpor":31,"n_transp_1":17,"n_transp_2":20,"n_transp_3":3,"n_transp_4":0,"n_transp_5":0,"n_transp_6":2,"dim_acc":0.696538,"dim_soc":0.801997}},{"type":"Feature","id":11,"geometry":{"type":"Polygon","coordinates":[[[-72.2366,-39.278],[-72.2359,-39.2785],[-72.2356,-39.2783],[-72.2363,-39.2778],[-72.2366,-39.278]]]},"properties":{"OID":11,"MANZENT":9120011001030,"n_per":65,"n_hombres":25,"n_mujeres":40,"n_edad_0_5":1,"n_edad_6_1":7,"n_edad_14_":3,"n_edad_18_":7,"n_edad_25_":12,"n_edad_45_":18,"n_edad_60_":17,"n_transpor":4,"n_transp_1":9,"n_transp_2":4,"n_transp_3":0,"n_transp_4":0,"n_transp_5":0,"n_transp_6":2,"dim_acc":0.689866,"dim_soc":0.808717}},{"type":"Feature","id":12,"geometry":{"type":"Polygon","coordinates":[[[-72.2349,-39.2782],[-72.2352,-39.278],[-72.2358,-39.2786],[-72.2355,-39.2788],[-72.2349,-39.2782]]]},"properties":{"OID":12,"MANZENT":9120011001030,"n_per":23,"n_hombres":9,"n_mujeres":14,"n_edad_0_5":0,"n_edad_6_1":4,"n_edad_14_":3,"n_edad_18_":3,"n_edad_25_":6,"n_edad_45_":3,"n_edad_60_":4,"n_transpor":0,"n_transp_1":3,"n_transp_2":1,"n_transp_3":2,"n_transp_4":0,"n_transp_5":0,"n_transp_6":0,"dim_acc":0.689866,"dim_soc":0.808717}},{"type":"Feature","id":13,"geometry":{"type":"Polygon","coordinates":[[[-72.2369,-39.2783],[-72.2344,-39.2801],[-72.2341,-39.2799],[-72.2366,-39.2781],[-72.2369,-39.2783]]]},"properties":{"OID":13,"MANZENT":9120011001030,"n_per":139,"n_hombres":64,"n_mujeres":75,"n_edad_0_5":4,"n_edad_6_1":11,"n_edad_14_":5,"n_edad_18_":13,"n_edad_25_":33,"n_edad_45_":29,"n_edad_60_":44,"n_transpor":14,"n_transp_1":13,"n_transp_2":25,"n_transp_3":1,"n_transp_4":0,"n_transp_5":0,"n_transp_6":6,"dim_acc":0.689866,"dim_soc":0.808717}},{"type":"Feature","id":14,"geometry":{"type":"Polygon","coordinates":[[[-72.2333,-39.2791],[-72.233,-39.2788],[-72.2337,-39.2783],[-72.2341,-39.2786],[-72.2333,-39.2791]]]},"properties":{"OID":14,"MANZENT":9120011001030,"n_per":51,"n_hombres":22,"n_mujeres":29,"n_edad_0_5":4,"n_edad_6_1":3,"n_edad_14_":5,"n_edad_18_":5,"n_edad_25_":11,"n_edad_45_":10,"n_edad_60_":13,"n_transpor":2,"n_transp_1":4,"n_transp_2":9,"n_transp_3":0,"n_transp_4":0,"n_transp_5":0,"n_transp_6":0,"dim_acc":0.689866,"dim_soc":0.808717}},{"type":"Feature","id":15,"geometry":{"type":"Polygon","coordinates":[[[-72.2345,-39.2785],[-72.2349,-39.2783],[-72.2355,-39.2788],[-72.2351,-39.2791],[-72.2345,-39.2785]]]},"properties":{"OID":15,"MANZENT":9120011001030,"n_per":27,"n_hombres":11,"n_mujeres":16,"n_edad_0_5":1,"n_edad_6_1":0,"n_edad_14_":1,"n_edad_18_":1,"n_edad_25_":6,"n_edad_45_":7,"n_edad_60_":11,"n_transpor":2,"n_transp_1":2,"n_transp_2":4,"n_transp_3":0,"n_transp_4":1,"n_transp_5":0,"n_transp_6":1,"dim_acc":0.689866,"dim_soc":0.808717}},{"type":"Feature","id":16,"geometry":{"type":"Polygon","coordinates":[[[-72.2374,-39.2788],[-72.2367,-39.2794],[-72.2361,-39.279],[-72.2365,-39.2787],[-72.2368,-39.279],[-72.2365,-39.2787],[-72.237,-39.2784],[-72.2374,-39.2788]]]},"properties":{"OID":16,"MANZENT":9120011001040,"n_per":106,"n_hombres":42,"n_mujeres":64,"n_edad_0_5":8,"n_edad_6_1":11,"n_edad_14_":4,"n_edad_18_":5,"n_edad_25_":29,"n_edad_45_":18,"n_edad_60_":31,"n_transpor":11,"n_transp_1":14,"n_transp_2":10,"n_transp_3":1,"n_transp_4":0,"n_transp_5":0,"n_transp_6":0,"dim_acc":0,"dim_soc":0}},{"type":"Feature","id":17,"geometry":{"type":"Polygon","coordinates":[[[-72.2348,-39.2792],[-72.2345,-39.2795],[-72.2339,-39.2789],[-72.2344,-39.2786],[-72.2345,-39.2786],[-72.2344,-39.2788],[-72.2348,-39.2792]]]},"properties":{"OID":17,"MANZENT":9120011001040,"n_per":38,"n_hombres":17,"n_mujeres":21,"n_edad_0_5":3,"n_edad_6_1":5,"n_edad_14_":1,"n_edad_18_":2,"n_edad_25_":14,"n_edad_45_":4,"n_edad_60_":9,"n_transpor":6,"n_transp_1":4,"n_transp_2":5,"n_transp_3":0,"n_transp_4":0,"n_transp_5":0,"n_transp_6":0,"dim_acc":0,"dim_soc":0}},{"type":"Feature","id":18,"geometry":{"type":"Polygon","coordinates":[[[-72.2383,-39.2796],[-72.238,-39.2798],[-72.2371,-39.2791],[-72.2375,-39.2789],[-72.2383,-39.2796]]]},"properties":{"OID":18,"MANZENT":9120011001040,"n_per":58,"n_hombres":27,"n_mujeres":31,"n_edad_0_5":1,"n_edad_6_1":3,"n_edad_14_":6,"n_edad_18_":3,"n_edad_25_":17,"n_edad_45_":15,"n_edad_60_":13,"n_transpor":2,"n_transp_1":8,"n_transp_2":0,"n_transp_3":0,"n_transp_4":0,"n_transp_5":0,"n_transp_6":0,"dim_acc":0,"dim_soc":0}},{"type":"Feature","id":19,"geometry":{"type":"Polygon","coordinates":[[[-72.2335,-39.2792],[-72.2338,-39.279],[-72.2345,-39.2795],[-72.2341,-39.2798],[-72.2335,-39.2792]]]},"properties":{"OID":19,"MANZENT":9120011001040,"n_per":12,"n_hombres":4,"n_mujeres":8,"n_edad_0_5":0,"n_edad_6_1":0,"n_edad_14_":0,"n_edad_18_":0,"n_edad_25_":1,"n_edad_45_":2,"n_edad_60_":9,"n_transpor":0,"n_transp_1":1,"n_transp_2":0,"n_transp_3":0,"n_transp_4":0,"n_transp_5":0,"n_transp_6":0,"dim_acc":0,"dim_soc":0}},{"type":"Feature","id":20,"geometry":{"type":"Polygon","coordinates":[[[-72.2364,-39.2798],[-72.2357,-39.2792],[-72.2361,-39.279],[-72.2367,-39.2795],[-72.2364,-39.2798]]]},"properties":{"OID":20,"MANZENT":9120011001040,"n_per":43,"n_hombres":19,"n_mujeres":24,"n_edad_0_5":1,"n_edad_6_1":5,"n_edad_14_":1,"n_edad_18_":4,"n_edad_25_":9,"n_edad_45_":6,"n_edad_60_":17,"n_transpor":4,"n_transp_1":3,"n_transp_2":5,"n_transp_3":1,"n_transp_4":0,"n_transp_5":0,"n_transp_6":0,"dim_acc":0,"dim_soc":0}},{"type":"Feature","id":21,"geometry":{"type":"Polygon","coordinates":[[[-72.2376,-39.2801],[-72.2368,-39.2794],[-72.2371,-39.2791],[-72.2379,-39.2799],[-72.2376,-39.2801]]]},"properties":{"OID":21,"MANZENT":9120011001040,"n_per":51,"n_hombres":21,"n_mujeres":30,"n_edad_0_5":3,"n_edad_6_1":4,"n_edad_14_":0,"n_edad_18_":8,"n_edad_25_":13,"n_edad_45_":12,"n_edad_60_":11,"n_transpor":4,"n_transp_1":4,"n_transp_2":1,"n_transp_3":0,"n_transp_4":0,"n_transp_5":0,"n_transp_6":0,"dim_acc":0,"dim_soc":0}},{"type":"Feature","id":22,"geometry":{"type":"Polygon","coordinates":[[[-72.2353,-39.2796],[-72.2357,-39.2793],[-72.2363,-39.2798],[-72.2359,-39.2801],[-72.2353,-39.2796]]]},"properties":{"OID":22,"MANZENT":9120011001040,"n_per":49,"n_hombres":21,"n_mujeres":28,"n_edad_0_5":5,"n_edad_6_1":4,"n_edad_14_":2,"n_edad_18_":6,"n_edad_25_":13,"n_edad_45_":7,"n_edad_60_":12,"n_transpor":3,"n_transp_1":4,"n_transp_2":5,"n_transp_3":2,"n_transp_4":1,"n_transp_5":0,"n_transp_6":0,"dim_acc":0,"dim_soc":0}},{"type":"Feature","id":23,"geometry":{"type":"Polygon","coordinates":[[[-72.2355,-39.2804],[-72.2349,-39.2798],[-72.2352,-39.2796],[-72.2359,-39.2801],[-72.2355,-39.2804]]]},"properties":{"OID":23,"MANZENT":9120011001040,"n_per":44,"n_hombres":23,"n_mujeres":21,"n_edad_0_5":2,"n_edad_6_1":4,"n_edad_14_":2,"n_edad_18_":4,"n_edad_25_":12,"n_edad_45_":9,"n_edad_60_":11,"n_transpor":4,"n_transp_1":1,"n_transp_2":5,"n_transp_3":0,"n_transp_4":0,"n_transp_5":0,"n_transp_6":0,"dim_acc":0,"dim_soc":0}},{"type":"Feature","id":24,"geometry":{"type":"Polygon","coordinates":[[[-72.2372,-39.2804],[-72.2365,-39.2798],[-72.2368,-39.2796],[-72.2375,-39.2802],[-72.2372,-39.2804]]]},"properties":{"OID":24,"MANZENT":9120011001040,"n_per":32,"n_hombres":14,"n_mujeres":18,"n_edad_0_5":0,"n_edad_6_1":3,"n_edad_14_":1,"n_edad_18_":2,"n_edad_25_":8,"n_edad_45_":7,"n_edad_60_":11,"n_transpor":0,"n_transp_1":1,"n_transp_2":1,"n_transp_3":0,"n_transp_4":0,"n_transp_5":0,"n_transp_6":0,"dim_acc":0,"dim_soc":0}},{"type":"Feature","id":25,"geometry":{"type":"Polygon","coordinates":[[[-72.2368,-39.2807],[-72.2361,-39.2801],[-72.2364,-39.2798],[-72.2371,-39.2804],[-72.2368,-39.2807]]]},"properties":{"OID":25,"MANZENT":9120011001050,"n_per":32,"n_hombres":12,"n_mujeres":20,"n_edad_0_5":2,"n_edad_6_1":3,"n_edad_14_":1,"n_edad_18_":2,"n_edad_25_":7,"n_edad_45_":3,"n_edad_60_":14,"n_transpor":4,"n_transp_1":3,"n_transp_2":1,"n_transp_3":0,"n_transp_4":0,"n_transp_5":0,"n_transp_6":1,"dim_acc":0,"dim_soc":0}},{"type":"Feature","id":26,"geometry":{"type":"Polygon","coordinates":[[[-72.2345,-39.2801],[-72.2348,-39.2799],[-72.2355,-39.2804],[-72.2351,-39.2807],[-72.2345,-39.2801]]]},"properties":{"OID":26,"MANZENT":9120011001050,"n_per":34,"n_hombres":16,"n_mujeres":18,"n_edad_0_5":1,"n_edad_6_1":1,"n_edad_14_":1,"n_edad_18_":3,"n_edad_25_":6,"n_edad_45_":12,"n_edad_60_":10,"n_transpor":4,"n_transp_1":3,"n_transp_2":6,"n_transp_3":3,"n_transp_4":0,"n_transp_5":0,"n_transp_6":0,"dim_acc":0,"dim_soc":0}},{"type":"Feature","id":27,"geometry":{"type":"MultiPolygon","coordinates":[[[[-72.2329,-39.2787],[-72.2326,-39.2784],[-72.233,-39.2781],[-72.2333,-39.2785],[-72.2329,-39.2787]]],[[[-72.2334,-39.2784],[-72.2331,-39.2781],[-72.2334,-39.2778],[-72.2338,-39.2781],[-72.2334,-39.2784]]]]},"properties":{"OID":27,"MANZENT":9120011001030,"n_per":26,"n_hombres":10,"n_mujeres":16,"n_edad_0_5":1,"n_edad_6_1":4,"n_edad_14_":2,"n_edad_18_":1,"n_edad_25_":7,"n_edad_45_":4,"n_edad_60_":7,"n_transpor":2,"n_transp_1":0,"n_transp_2":4,"n_transp_3":1,"n_transp_4":0,"n_transp_5":0,"n_transp_6":1,"dim_acc":0.689866,"dim_soc":0.808717}},{"type":"Feature","id":28,"geometry":{"type":"MultiPolygon","coordinates":[[[[-72.2358,-39.2813],[-72.2357,-39.2811],[-72.2365,-39.2805],[-72.2367,-39.2807],[-72.2358,-39.2813]]],[[[-72.2358,-39.2804],[-72.236,-39.2802],[-72.236,-39.2801],[-72.2365,-39.2805],[-72.2362,-39.2807],[-72.2358,-39.2804]]]]},"properties":{"OID":28,"MANZENT":9120011001050,"n_per":42,"n_hombres":17,"n_mujeres":25,"n_edad_0_5":3,"n_edad_6_1":0,"n_edad_14_":6,"n_edad_18_":3,"n_edad_25_":8,"n_edad_45_":11,"n_edad_60_":11,"n_transpor":5,"n_transp_1":4,"n_transp_2":4,"n_transp_3":1,"n_transp_4":0,"n_transp_5":0,"n_transp_6":0,"dim_acc":0,"dim_soc":0}},{"type":"Feature","id":29,"geometry":{"type":"MultiPolygon","coordinates":[[[[-72.2309,-39.2751],[-72.231,-39.2751],[-72.2311,-39.2758],[-72.2311,-39.2761],[-72.2308,-39.2765],[-72.2305,-39.2766],[-72.2296,-39.2758],[-72.2294,-39.2753],[-72.2295,-39.2753],[-72.2298,-39.2755],[-72.2309,-39.2751]]],[[[-72.2389,-39.2727],[-72.2394,-39.2722],[-72.2398,-39.2711],[-72.2404,-39.2706],[-72.2402,-39.2704],[-72.2402,-39.2702],[-72.2412,-39.2703],[-72.241,-39.2718],[-72.2408,-39.2724],[-72.2406,-39.2729],[-72.2399,-39.2736],[-72.2379,-39.2743],[-72.2377,-39.2738],[-72.2379,-39.2744],[-72.2377,-39.2744],[-72.2375,-39.2739],[-72.2377,-39.2744],[-72.2362,-39.2749],[-72.2361,-39.2746],[-72.236,-39.2747],[-72.2362,-39.2749],[-72.231,-39.2767],[-72.2307,-39.2767],[-72.2312,-39.276],[-72.2311,-39.2752],[-72.2315,-39.2752],[-72.2318,-39.2754],[-72.2322,-39.2753],[-72.2324,-39.2752],[-72.2327,-39.2753],[-72.2329,-39.2752],[-72.2335,-39.2752],[-72.2339,-39.2751],[-72.2342,-39.275],[-72.2342,-39.2751],[-72.2344,-39.2751],[-72.2352,-39.2748],[-72.2356,-39.2745],[-72.2358,-39.2745],[-72.2358,-39.2744],[-72.2359,-39.2743],[-72.2362,-39.2743],[-72.2363,-39.2741],[-72.2366,-39.2737],[-72.2369,-39.2737],[-72.2369,-39.2736],[-72.2372,-39.2733],[-72.2374,-39.2734],[-72.2379,-39.2732],[-72.2382,-39.2732],[-72.2386,-39.2728],[-72.2389,-39.2727]]]]},"properties":{"OID":29,"MANZENT":9120011001000,"n_per":228,"n_hombres":101,"n_mujeres":127,"n_edad_0_5":16,"n_edad_6_1":26,"n_edad_14_":6,"n_edad_18_":11,"n_edad_25_":85,"n_edad_45_":45,"n_edad_60_":39,"n_transpor":55,"n_transp_1":25,"n_transp_2":19,"n_transp_3":2,"n_transp_4":0,"n_transp_5":0,"n_transp_6":7,"dim_acc":0,"dim_soc":0}},{"type":"Feature","id":30,"geometry":{"type":"Polygon","coordinates":[[[-72.2225,-39.2757],[-72.2225,-39.2755],[-72.2227,-39.2753],[-72.2235,-39.275],[-72.2235,-39.2751],[-72.2233,-39.2753],[-72.2233,-39.2754],[-72.224,-39.2759],[-72.224,-39.2763],[-72.2241,-39.2763],[-72.2243,-39.2766],[-72.2245,-39.2766],[-72.2248,-39.2767],[-72.2251,-39.2765],[-72.225,-39.2761],[-72.2245,-39.2758],[-72.2252,-39.2759],[-72.2254,-39.2756],[-72.225,-39.2756],[-72.2248,-39.2755],[-72.2249,-39.2754],[-72.2257,-39.2754],[-72.2259,-39.2755],[-72.226,-39.2754],[-72.2262,-39.2757],[-72.2264,-39.2759],[-72.2267,-39.2759],[-72.2273,-39.2758],[-72.2274,-39.2757],[-72.2277,-39.2756],[-72.228,-39.2757],[-72.2288,-39.2755],[-72.229,-39.2756],[-72.2293,-39.2753],[-72.2294,-39.2758],[-72.2304,-39.2767],[-72.2295,-39.2774],[-72.2286,-39.2766],[-72.2295,-39.276],[-72.2294,-39.276],[-72.2285,-39.2766],[-72.228,-39.2762],[-72.2271,-39.2762],[-72.2265,-39.2765],[-72.2261,-39.2762],[-72.2261,-39.2763],[-72.2264,-39.2766],[-72.2255,-39.2772],[-72.2252,-39.277],[-72.2251,-39.277],[-72.2254,-39.2773],[-72.2245,-39.278],[-72.2236,-39.2772],[-72.2236,-39.277],[-72.2235,-39.2772],[-72.2225,-39.2779],[-72.2209,-39.2764],[-72.2218,-39.2761],[-72.2223,-39.2766],[-72.2226,-39.2767],[-72.2228,-39.2764],[-72.2234,-39.2765],[-72.2237,-39.2764],[-72.2239,-39.276],[-72.2237,-39.2758],[-72.2231,-39.2757],[-72.2229,-39.2758],[-72.2229,-39.2759],[-72.2228,-39.276],[-72.2226,-39.2759],[-72.2225,-39.2757]]]},"properties":{"OID":30,"MANZENT":9120011002000,"n_per":92,"n_hombres":43,"n_mujeres":49,"n_edad_0_5":7,"n_edad_6_1":10,"n_edad_14_":6,"n_edad_18_":4,"n_edad_25_":23,"n_edad_45_":21,"n_edad_60_":21,"n_transpor":7,"n_transp_1":4,"n_transp_2":4,"n_transp_3":0,"n_transp_4":0,"n_transp_5":0,"n_transp_6":0,"dim_acc":0,"dim_soc":0}},{"type":"Feature","id":31,"geometry":{"type":"Polygon","coordinates":[[[-72.2269,-39.2763],[-72.2275,-39.2762],[-72.228,-39.2763],[-72.2285,-39.2766],[-72.2275,-39.2773],[-72.2266,-39.2766],[-72.2269,-39.2763]]]},"properties":{"OID":31,"MANZENT":9120011002000,"n_per":35,"n_hombres":19,"n_mujeres":16,"n_edad_0_5":2,"n_edad_6_1":4,"n_edad_14_":0,"n_edad_18_":4,"n_edad_25_":13,"n_edad_45_":4,"n_edad_60_":8,"n_transpor":0,"n_transp_1":4,"n_transp_2":5,"n_transp_3":0,"n_transp_4":0,"n_transp_5":0,"n_transp_6":1,"dim_acc":0,"dim_soc":0}},{"type":"Feature","id":32,"geometry":{"type":"Polygon","coordinates":[[[-72.2284,-39.2781],[-72.2276,-39.2774],[-72.2285,-39.2767],[-72.2294,-39.2775],[-72.2284,-39.2781]]]},"properties":{"OID":32,"MANZENT":9120011002000,"n_per":45,"n_hombres":24,"n_mujeres":21,"n_edad_0_5":2,"n_edad_6_1":4,"n_edad_14_":1,"n_edad_18_":2,"n_edad_25_":14,"n_edad_45_":4,"n_edad_60_":18,"n_transpor":3,"n_transp_1":8,"n_transp_2":3,"n_transp_3":0,"n_transp_4":0,"n_transp_5":0,"n_transp_6":0,"dim_acc":0,"dim_soc":0}},{"type":"Feature","id":33,"geometry":{"type":"Polygon","coordinates":[[[-72.2313,-39.2775],[-72.2304,-39.2782],[-72.2295,-39.2775],[-72.2305,-39.2768],[-72.2313,-39.2775]]]},"properties":{"OID":33,"MANZENT":9120011002000,"n_per":35,"n_hombres":17,"n_mujeres":18,"n_edad_0_5":1,"n_edad_6_1":3,"n_edad_14_":1,"n_edad_18_":0,"n_edad_25_":12,"n_edad_45_":8,"n_edad_60_":10,"n_transpor":2,"n_transp_1":2,"n_transp_2":9,"n_transp_3":2,"n_transp_4":0,"n_transp_5":0,"n_transp_6":0,"dim_acc":0,"dim_soc":0}},{"type":"Feature","id":34,"geometry":{"type":"Polygon","coordinates":[[[-72.223,-39.2776],[-72.2236,-39.2772],[-72.2244,-39.278],[-72.2235,-39.2787],[-72.2226,-39.2779],[-72.223,-39.2776]]]},"properties":{"OID":34,"MANZENT":9120011002010,"n_per":67,"n_hombres":26,"n_mujeres":41,"n_edad_0_5":2,"n_edad_6_1":3,"n_edad_14_":2,"n_edad_18_":6,"n_edad_25_":17,"n_edad_45_":14,"n_edad_60_":23,"n_transpor":8,"n_transp_1":4,"n_transp_2":8,"n_transp_3":1,"n_transp_4":0,"n_transp_5":0,"n_transp_6":0,"dim_acc":0.721457,"dim_soc":0.936698}},{"type":"Feature","id":35,"geometry":{"type":"Polygon","coordinates":[[[-72.2294,-39.2775],[-72.2303,-39.2782],[-72.2293,-39.2789],[-72.2285,-39.2782],[-72.2294,-39.2775]]]},"properties":{"OID":35,"MANZENT":9120011002010,"n_per":31,"n_hombres":18,"n_mujeres":13,"n_edad_0_5":1,"n_edad_6_1":4,"n_edad_14_":1,"n_edad_18_":2,"n_edad_25_":8,"n_edad_45_":9,"n_edad_60_":6,"n_transpor":2,"n_transp_1":3,"n_transp_2":8,"n_transp_3":1,"n_transp_4":0,"n_transp_5":0,"n_transp_6":0,"dim_acc":0.721457,"dim_soc":0.936698}},{"type":"Feature","id":36,"geometry":{"type":"Polygon","coordinates":[[[-72.2323,-39.2783],[-72.2313,-39.279],[-72.2305,-39.2783],[-72.2314,-39.2776],[-72.2323,-39.2783]]]},"properties":{"OID":36,"MANZENT":9120011002010,"n_per":45,"n_hombres":20,"n_mujeres":25,"n_edad_0_5":3,"n_edad_6_1":3,"n_edad_14_":1,"n_edad_18_":3,"n_edad_25_":12,"n_edad_45_":8,"n_edad_60_":15,"n_transpor":4,"n_transp_1":2,"n_transp_2":7,"n_transp_3":2,"n_transp_4":0,"n_transp_5":0,"n_transp_6":0,"dim_acc":0.721457,"dim_soc":0.936698}},{"type":"Feature","id":37,"geometry":{"type":"Polygon","coordinates":[[[-72.2284,-39.2782],[-72.2293,-39.279],[-72.2283,-39.2796],[-72.2275,-39.2789],[-72.2284,-39.2782]]]},"properties":{"OID":37,"MANZENT":9120011002010,"n_per":33,"n_hombres":18,"n_mujeres":15,"n_edad_0_5":1,"n_edad_6_1":4,"n_edad_14_":4,"n_edad_18_":2,"n_edad_25_":9,"n_edad_45_":6,"n_edad_60_":7,"n_transpor":0,"n_transp_1":0,"n_transp_2":13,"n_transp_3":1,"n_transp_4":0,"n_transp_5":0,"n_transp_6":0,"dim_acc":0.721457,"dim_soc":0.936698}},{"type":"Feature","id":38,"geometry":{"type":"Polygon","coordinates":[[[-72.2303,-39.2797],[-72.2294,-39.279],[-72.2304,-39.2783],[-72.2312,-39.2791],[-72.2303,-39.2797]]]},"properties":{"OID":38,"MANZENT":9120011002010,"n_per":56,"n_hombres":27,"n_mujeres":29,"n_edad_0_5":3,"n_edad_6_1":3,"n_edad_14_":1,"n_edad_18_":3,"n_edad_25_":17,"n_edad_45_":10,"n_edad_60_":19,"n_transpor":10,"n_transp_1":2,"n_transp_2":10,"n_transp_3":0,"n_transp_4":0,"n_transp_5":0,"n_transp_6":2,"dim_acc":0.721457,"dim_soc":0.936698}},{"type":"Feature","id":39,"geometry":{"type":"Polygon","coordinates":[[[-72.2332,-39.2792],[-72.2323,-39.2798],[-72.2314,-39.2791],[-72.2323,-39.2784],[-72.2332,-39.2792]]]},"properties":{"OID":39,"MANZENT":9120011002020,"n_per":29,"n_hombres":12,"n_mujeres":17,"n_edad_0_5":1,"n_edad_6_1":2,"n_edad_14_":1,"n_edad_18_":2,"n_edad_25_":3,"n_edad_45_":9,"n_edad_60_":11,"n_transpor":4,"n_transp_1":2,"n_transp_2":1,"n_transp_3":1,"n_transp_4":0,"n_transp_5":0,"n_transp_6":0,"dim_acc":0.720476,"dim_soc":0.744635}},{"type":"Feature","id":40,"geometry":{"type":"Polygon","coordinates":[[[-72.2273,-39.2804],[-72.2264,-39.2796],[-72.2274,-39.2789],[-72.2282,-39.2797],[-72.2273,-39.2804]]]},"properties":{"OID":40,"MANZENT":9120011002020,"n_per":24,"n_hombres":13,"n_mujeres":11,"n_edad_0_5":3,"n_edad_6_1":0,"n_edad_14_":0,"n_edad_18_":0,"n_edad_25_":5,"n_edad_45_":3,"n_edad_60_":13,"n_transpor":2,"n_transp_1":1,"n_transp_2":3,"n_transp_3":0,"n_transp_4":0,"n_transp_5":0,"n_transp_6":0,"dim_acc":0.720476,"dim_soc":0.744635}},{"type":"Feature","id":41,"geometry":{"type":"Polygon","coordinates":[[[-72.2292,-39.2804],[-72.2284,-39.2797],[-72.2294,-39.279],[-72.2302,-39.2798],[-72.2292,-39.2804]]]},"properties":{"OID":41,"MANZENT":9120011002020,"n_per":56,"n_hombres":26,"n_mujeres":30,"n_edad_0_5":6,"n_edad_6_1":5,"n_edad_14_":4,"n_edad_18_":3,"n_edad_25_":23,"n_edad_45_":5,"n_edad_60_":10,"n_transpor":7,"n_transp_1":6,"n_transp_2":7,"n_transp_3":0,"n_transp_4":1,"n_transp_5":0,"n_transp_6":0,"dim_acc":0.720476,"dim_soc":0.744635}},{"type":"Feature","id":42,"geometry":{"type":"Polygon","coordinates":[[[-72.231,-39.2804],[-72.2304,-39.2798],[-72.2313,-39.2791],[-72.2322,-39.2799],[-72.2312,-39.2805],[-72.231,-39.2804]]]},"properties":{"OID":42,"MANZENT":9120011002020,"n_per":52,"n_hombres":22,"n_mujeres":30,"n_edad_0_5":3,"n_edad_6_1":4,"n_edad_14_":5,"n_edad_18_":2,"n_edad_25_":11,"n_edad_45_":6,"n_edad_60_":21,"n_transpor":4,"n_transp_1":3,"n_transp_2":8,"n_transp_3":3,"n_transp_4":0,"n_transp_5":0,"n_transp_6":0,"dim_acc":0.720476,"dim_soc":0.744635}},{"type":"Feature","id":43,"geometry":{"type":"Polygon","coordinates":[[[-72.2324,-39.2799],[-72.2334,-39.2793],[-72.2346,-39.2804],[-72.2337,-39.281],[-72.2333,-39.2807],[-72.2337,-39.2803],[-72.2332,-39.2806],[-72.2324,-39.2799]]]},"properties":{"OID":43,"MANZENT":9120011002020,"n_per":52,"n_hombres":25,"n_mujeres":27,"n_edad_0_5":3,"n_edad_6_1":6,"n_edad_14_":2,"n_edad_18_":4,"n_edad_25_":16,"n_edad_45_":6,"n_edad_60_":15,"n_transpor":10,"n_transp_1":3,"n_transp_2":5,"n_transp_3":0,"n_transp_4":0,"n_transp_5":0,"n_transp_6":1,"dim_acc":0.720476,"dim_soc":0.744635}},{"type":"Feature","id":44,"geometry":{"type":"Polygon","coordinates":[[[-72.2291,-39.2805],[-72.2282,-39.2812],[-72.2273,-39.2804],[-72.2283,-39.2798],[-72.2291,-39.2805]]]},"properties":{"OID":44,"MANZENT":9120011002020,"n_per":44,"n_hombres":22,"n_mujeres":22,"n_edad_0_5":2,"n_edad_6_1":3,"n_edad_14_":0,"n_edad_18_":6,"n_edad_25_":11,"n_edad_45_":5,"n_edad_60_":17,"n_transpor":3,"n_transp_1":0,"n_transp_2":6,"n_transp_3":0,"n_transp_4":0,"n_transp_5":0,"n_transp_6":1,"dim_acc":0.720476,"dim_soc":0.744635}},{"type":"Feature","id":45,"geometry":{"type":"Polygon","coordinates":[[[-72.2302,-39.2813],[-72.2293,-39.2805],[-72.2303,-39.2798],[-72.2311,-39.2806],[-72.2302,-39.2813]]]},"properties":{"OID":45,"MANZENT":9120011002020,"n_per":63,"n_hombres":33,"n_mujeres":30,"n_edad_0_5":4,"n_edad_6_1":3,"n_edad_14_":0,"n_edad_18_":8,"n_edad_25_":23,"n_edad_45_":11,"n_edad_60_":14,"n_transpor":5,"n_transp_1":7,"n_transp_2":13,"n_transp_3":1,"n_transp_4":0,"n_transp_5":0,"n_transp_6":0,"dim_acc":0.720476,"dim_soc":0.744635}},{"type":"Feature","id":46,"geometry":{"type":"Polygon","coordinates":[[[-72.2333,-39.2813],[-72.2329,-39.2816],[-72.2325,-39.2812],[-72.2324,-39.2812],[-72.2311,-39.2821],[-72.2303,-39.2814],[-72.2324,-39.28],[-72.233,-39.2805],[-72.2326,-39.2808],[-72.2333,-39.2813]]]},"properties":{"OID":46,"MANZENT":9120011002030,"n_per":77,"n_hombres":32,"n_mujeres":45,"n_edad_0_5":1,"n_edad_6_1":8,"n_edad_14_":1,"n_edad_18_":6,"n_edad_25_":19,"n_edad_45_":10,"n_edad_60_":32,"n_transpor":13,"n_transp_1":5,"n_transp_2":12,"n_transp_3":0,"n_transp_4":0,"n_transp_5":0,"n_transp_6":1,"dim_acc":0.715352,"dim_soc":0.846855}},{"type":"Feature","id":47,"geometry":{"type":"Polygon","coordinates":[[[-72.2355,-39.2811],[-72.2351,-39.2814],[-72.2343,-39.2807],[-72.2347,-39.2804],[-72.2355,-39.2811]]]},"properties":{"OID":47,"MANZENT":9120011002030,"n_per":39,"n_hombres":19,"n_mujeres":20,"n_edad_0_5":1,"n_edad_6_1":4,"n_edad_14_":2,"n_edad_18_":3,"n_edad_25_":9,"n_edad_45_":9,"n_edad_60_":11,"n_transpor":3,"n_transp_1":4,"n_transp_2":6,"n_transp_3":0,"n_transp_4":0,"n_transp_5":0,"n_transp_6":1,"dim_acc":0.715352,"dim_soc":0.846855}},{"type":"Feature","id":48,"geometry":{"type":"Polygon","coordinates":[[[-72.2274,-39.2806],[-72.2281,-39.2812],[-72.2271,-39.2819],[-72.2263,-39.2811],[-72.2272,-39.2805],[-72.2274,-39.2806]]]},"properties":{"OID":48,"MANZENT":9120011002030,"n_per":22,"n_hombres":9,"n_mujeres":13,"n_edad_0_5":1,"n_edad_6_1":2,"n_edad_14_":1,"n_edad_18_":1,"n_edad_25_":4,"n_edad_45_":6,"n_edad_60_":7,"n_transpor":0,"n_transp_1":0,"n_transp_2":0,"n_transp_3":0,"n_transp_4":0,"n_transp_5":0,"n_transp_6":1,"dim_acc":0.715352,"dim_soc":0.846855}},{"type":"Feature","id":49,"geometry":{"type":"Polygon","coordinates":[[[-72.2333,-39.2813],[-72.2327,-39.2808],[-72.233,-39.2805],[-72.2336,-39.2811],[-72.2333,-39.2813]]]},"properties":{"OID":49,"MANZENT":9120011002030,"n_per":32,"n_hombres":13,"n_mujeres":19,"n_edad_0_5":1,"n_edad_6_1":4,"n_edad_14_":1,"n_edad_18_":2,"n_edad_25_":7,"n_edad_45_":4,"n_edad_60_":13,"n_transpor":5,"n_transp_1":1,"n_transp_2":3,"n_transp_3":1,"n_transp_4":0,"n_transp_5":0,"n_transp_6":0,"dim_acc":0.715352,"dim_soc":0.846855}},{"type":"Feature","id":50,"geometry":{"type":"Polygon","coordinates":[[[-72.2301,-39.2813],[-72.2291,-39.282],[-72.2283,-39.2812],[-72.2292,-39.2806],[-72.2301,-39.2813]]]},"properties":{"OID":50,"MANZENT":9120011002030,"n_per":35,"n_hombres":22,"n_mujeres":13,"n_edad_0_5":0,"n_edad_6_1":1,"n_edad_14_":2,"n_edad_18_":1,"n_edad_25_":7,"n_edad_45_":11,"n_edad_60_":13,"n_transpor":7,"n_transp_1":2,"n_transp_2":1,"n_transp_3":0,"n_transp_4":0,"n_transp_5":0,"n_transp_6":0,"dim_acc":0.715352,"dim_soc":0.846855}},{"type":"Feature","id":51,"geometry":{"type":"Polygon","coordinates":[[[-72.235,-39.2815],[-72.2346,-39.2817],[-72.2338,-39.281],[-72.2342,-39.2807],[-72.235,-39.2815]]]},"properties":{"OID":51,"MANZENT":9120011002030,"n_per":52,"n_hombres":24,"n_mujeres":28,"n_edad_0_5":0,"n_edad_6_1":6,"n_edad_14_":3,"n_edad_18_":5,"n_edad_25_":15,"n_edad_45_":5,"n_edad_60_":18,"n_transpor":4,"n_transp_1":1,"n_transp_2":13,"n_transp_3":0,"n_transp_4":0,"n_transp_5":0,"n_transp_6":1,"dim_acc":0.715352,"dim_soc":0.846855}},{"type":"Feature","id":52,"geometry":{"type":"Polygon","coordinates":[[[-72.2337,-39.2811],[-72.2339,-39.2812],[-72.2346,-39.2818],[-72.2342,-39.2821],[-72.2333,-39.2813],[-72.2337,-39.2811]]]},"properties":{"OID":52,"MANZENT":9120011002030,"n_per":43,"n_hombres":16,"n_mujeres":27,"n_edad_0_5":3,"n_edad_6_1":3,"n_edad_14_":3,"n_edad_18_":3,"n_edad_25_":7,"n_edad_45_":13,"n_edad_60_":11,"n_transpor":5,"n_transp_1":1,"n_transp_2":7,"n_transp_3":0,"n_transp_4":0,"n_transp_5":0,"n_transp_6":0,"dim_acc":0.715352,"dim_soc":0.846855}},{"type":"Feature","id":53,"geometry":{"type":"Polygon","coordinates":[[[-72.2358,-39.2814],[-72.2352,-39.2818],[-72.235,-39.2816],[-72.2356,-39.2812],[-72.2358,-39.2814]]]},"properties":{"OID":53,"MANZENT":9120011002030,"n_per":17,"n_hombres":9,"n_mujeres":8,"n_edad_0_5":1,"n_edad_6_1":1,"n_edad_14_":0,"n_edad_18_":1,"n_edad_25_":6,"n_edad_45_":6,"n_edad_60_":2,"n_transpor":3,"n_transp_1":3,"n_transp_2":1,"n_transp_3":0,"n_transp_4":0,"n_transp_5":0,"n_transp_6":1,"dim_acc":0.715352,"dim_soc":0.846855}},{"type":"Feature","id":54,"geometry":{"type":"Polygon","coordinates":[[[-72.2317,-39.2818],[-72.2324,-39.2813],[-72.233,-39.2817],[-72.2327,-39.282],[-72.233,-39.2818],[-72.2332,-39.282],[-72.234,-39.2827],[-72.2335,-39.283],[-72.2331,-39.2826],[-72.2335,-39.283],[-72.2327,-39.2835],[-72.2316,-39.2825],[-72.2325,-39.282],[-72.2324,-39.2819],[-72.2316,-39.2825],[-72.2312,-39.2821],[-72.2317,-39.2818]]]},"properties":{"OID":54,"MANZENT":9120011002040,"n_per":162,"n_hombres":81,"n_mujeres":81,"n_edad_0_5":6,"n_edad_6_1":8,"n_edad_14_":6,"n_edad_18_":14,"n_edad_25_":34,"n_edad_45_":38,"n_edad_60_":56,"n_transpor":1,"n_transp_1":6,"n_transp_2":1,"n_transp_3":0,"n_transp_4":0,"n_transp_5":0,"n_transp_6":0,"dim_acc":0.74371,"dim_soc":0.867456}},{"type":"Feature","id":55,"geometry":{"type":"Polygon","coordinates":[[[-72.2282,-39.2813],[-72.229,-39.282],[-72.2281,-39.2827],[-72.2272,-39.282],[-72.2282,-39.2813]]]},"properties":{"OID":55,"MANZENT":9120011002040,"n_per":29,"n_hombres":13,"n_mujeres":16,"n_edad_0_5":1,"n_edad_6_1":3,"n_edad_14_":0,"n_edad_18_":3,"n_edad_25_":7,"n_edad_45_":2,"n_edad_60_":13,"n_transpor":0,"n_transp_1":2,"n_transp_2":1,"n_transp_3":0,"n_transp_4":0,"n_transp_5":0,"n_transp_6":0,"dim_acc":0.74371,"dim_soc":0.867456}},{"type":"Feature","id":56,"geometry":{"type":"Polygon","coordinates":[[[-72.2329,-39.2816],[-72.2333,-39.2814],[-72.2344,-39.2824],[-72.234,-39.2826],[-72.2332,-39.282],[-72.2329,-39.2816]]]},"properties":{"OID":56,"MANZENT":9120011002040,"n_per":77,"n_hombres":27,"n_mujeres":50,"n_edad_0_5":2,"n_edad_6_1":9,"n_edad_14_":7,"n_edad_18_":10,"n_edad_25_":23,"n_edad_45_":6,"n_edad_60_":20,"n_transpor":8,"n_transp_1":2,"n_transp_2":12,"n_transp_3":0,"n_transp_4":0,"n_transp_5":0,"n_transp_6":3,"dim_acc":0.74371,"dim_soc":0.867456}},{"type":"Feature","id":57,"geometry":{"type":"Polygon","coordinates":[[[-72.2303,-39.2814],[-72.231,-39.2821],[-72.2301,-39.2828],[-72.2293,-39.2821],[-72.2303,-39.2814]]]},"properties":{"OID":57,"MANZENT":9120011002040,"n_per":43,"n_hombres":17,"n_mujeres":26,"n_edad_0_5":5,"n_edad_6_1":5,"n_edad_14_":2,"n_edad_18_":3,"n_edad_25_":10,"n_edad_45_":8,"n_edad_60_":10,"n_transpor":0,"n_transp_1":0,"n_transp_2":0,"n_transp_3":0,"n_transp_4":0,"n_transp_5":0,"n_transp_6":0,"dim_acc":0.74371,"dim_soc":0.867456}},{"type":"Feature","id":58,"geometry":{"type":"Polygon","coordinates":[[[-72.2359,-39.2822],[-72.2354,-39.2817],[-72.2358,-39.2815],[-72.2368,-39.2823],[-72.2354,-39.2841],[-72.2348,-39.2853],[-72.2342,-39.2848],[-72.2344,-39.2846],[-72.2344,-39.2844],[-72.2348,-39.2846],[-72.2348,-39.2846],[-72.2344,-39.2843],[-72.2346,-39.2841],[-72.235,-39.2842],[-72.2346,-39.284],[-72.2349,-39.2837],[-72.2353,-39.2839],[-72.2349,-39.2837],[-72.2351,-39.2833],[-72.2355,-39.2835],[-72.2351,-39.2833],[-72.2356,-39.283],[-72.2358,-39.2832],[-72.2356,-39.2829],[-72.2359,-39.2828],[-72.2358,-39.2827],[-72.2352,-39.2832],[-72.2344,-39.2824],[-72.2349,-39.2821],[-72.2355,-39.2827],[-72.2356,-39.2827],[-72.2349,-39.2821],[-72.2354,-39.2818],[-72.2364,-39.2827],[-72.2363,-39.2828],[-72.2364,-39.2826],[-72.2359,-39.2822]]]},"properties":{"OID":58,"MANZENT":9120011002040,"n_per":260,"n_hombres":126,"n_mujeres":134,"n_edad_0_5":16,"n_edad_6_1":24,"n_edad_14_":11,"n_edad_18_":21,"n_edad_25_":77,"n_edad_45_":48,"n_edad_60_":63,"n_transpor":41,"n_transp_1":17,"n_transp_2":29,"n_transp_3":3,"n_transp_4":0,"n_transp_5":0,"n_transp_6":3,"dim_acc":0.74371,"dim_soc":0.867456}},{"type":"Feature","id":59,"geometry":{"type":"Polygon","coordinates":[[[-72.2345,-39.2823],[-72.2343,-39.2821],[-72.235,-39.2816],[-72.2352,-39.2818],[-72.2345,-39.2823]]]},"properties":{"OID":59,"MANZENT":9120011002040,"n_per":26,"n_hombres":12,"n_mujeres":14,"n_edad_0_5":0,"n_edad_6_1":0,"n_edad_14_":0,"n_edad_18_":2,"n_edad_25_":11,"n_edad_45_":6,"n_edad_60_":7,"n_transpor":4,"n_transp_1":1,"n_transp_2":7,"n_transp_3":0,"n_transp_4":0,"n_transp_5":0,"n_transp_6":2,"dim_acc":0.74371,"dim_soc":0.867456}},{"type":"Feature","id":60,"geometry":{"type":"Polygon","coordinates":[[[-72.2318,-39.2828],[-72.2318,-39.2828],[-72.2309,-39.2835],[-72.2301,-39.2828],[-72.2311,-39.2822],[-72.2318,-39.2828]]]},"properties":{"OID":60,"MANZENT":9120011002040,"n_per":42,"n_hombres":16,"n_mujeres":26,"n_edad_0_5":3,"n_edad_6_1":1,"n_edad_14_":1,"n_edad_18_":4,"n_edad_25_":11,"n_edad_45_":10,"n_edad_60_":12,"n_transpor":1,"n_transp_1":0,"n_transp_2":0,"n_transp_3":0,"n_transp_4":0,"n_transp_5":0,"n_transp_6":0,"dim_acc":0.74371,"dim_soc":0.867456}},{"type":"Feature","id":61,"geometry":{"type":"Polygon","coordinates":[[[-72.2343,-39.2838],[-72.2336,-39.2843],[-72.2328,-39.2835],[-72.2333,-39.2832],[-72.2339,-39.2838],[-72.234,-39.2837],[-72.2334,-39.2832],[-72.2338,-39.2829],[-72.2344,-39.2834],[-72.2345,-39.2833],[-72.2339,-39.2828],[-72.2343,-39.2825],[-72.2351,-39.2832],[-72.2343,-39.2838]]]},"properties":{"OID":61,"MANZENT":9120011002040,"n_per":174,"n_hombres":81,"n_mujeres":93,"n_edad_0_5":12,"n_edad_6_1":24,"n_edad_14_":8,"n_edad_18_":12,"n_edad_25_":49,"n_edad_45_":39,"n_edad_60_":30,"n_transpor":14,"n_transp_1":17,"n_transp_2":22,"n_transp_3":4,"n_transp_4":0,"n_transp_5":0,"n_transp_6":5,"dim_acc":0.74371,"dim_soc":0.867456}},{"type":"Feature","id":62,"geometry":{"type":"Polygon","coordinates":[[[-72.2326,-39.2835],[-72.2327,-39.2836],[-72.2317,-39.2842],[-72.2309,-39.2835],[-72.2319,-39.2829],[-72.2326,-39.2835]]]},"properties":{"OID":62,"MANZENT":9120011002050,"n_per":34,"n_hombres":15,"n_mujeres":19,"n_edad_0_5":0,"n_edad_6_1":1,"n_edad_14_":0,"n_edad_18_":6,"n_edad_25_":7,"n_edad_45_":10,"n_edad_60_":10,"n_transpor":0,"n_transp_1":2,"n_transp_2":4,"n_transp_3":1,"n_transp_4":0,"n_transp_5":0,"n_transp_6":0,"dim_acc":0,"dim_soc":0}},{"type":"Feature","id":63,"geometry":{"type":"Polygon","coordinates":[[[-72.231,-39.2847],[-72.2307,-39.2849],[-72.2299,-39.2842],[-72.2308,-39.2836],[-72.2316,-39.2842],[-72.231,-39.2847]]]},"properties":{"OID":63,"MANZENT":9120011002050,"n_per":15,"n_hombres":6,"n_mujeres":9,"n_edad_0_5":1,"n_edad_6_1":2,"n_edad_14_":0,"n_edad_18_":2,"n_edad_25_":4,"n_edad_45_":0,"n_edad_60_":6,"n_transpor":3,"n_transp_1":1,"n_transp_2":1,"n_transp_3":0,"n_transp_4":0,"n_transp_5":0,"n_transp_6":0,"dim_acc":0,"dim_soc":0}},{"type":"Feature","id":64,"geometry":{"type":"Polygon","coordinates":[[[-72.2331,-39.2839],[-72.2321,-39.2846],[-72.2318,-39.2843],[-72.2327,-39.2836],[-72.2331,-39.2839]]]},"properties":{"OID":64,"MANZENT":9120011002050,"n_per":70,"n_hombres":27,"n_mujeres":43,"n_edad_0_5":5,"n_edad_6_1":9,"n_edad_14_":1,"n_edad_18_":7,"n_edad_25_":12,"n_edad_45_":17,"n_edad_60_":19,"n_transpor":7,"n_transp_1":1,"n_transp_2":8,"n_transp_3":1,"n_transp_4":0,"n_transp_5":0,"n_transp_6":1,"dim_acc":0,"dim_soc":0}},{"type":"Feature","id":65,"geometry":{"type":"Polygon","coordinates":[[[-72.2336,-39.2843],[-72.2327,-39.285],[-72.2322,-39.2846],[-72.2331,-39.284],[-72.2336,-39.2843]]]},"properties":{"OID":65,"MANZENT":9120011002050,"n_per":38,"n_hombres":17,"n_mujeres":21,"n_edad_0_5":2,"n_edad_6_1":3,"n_edad_14_":3,"n_edad_18_":2,"n_edad_25_":7,"n_edad_45_":10,"n_edad_60_":11,"n_transpor":4,"n_transp_1":1,"n_transp_2":1,"n_transp_3":0,"n_transp_4":0,"n_transp_5":0,"n_transp_6":1,"dim_acc":0,"dim_soc":0}},{"type":"Feature","id":66,"geometry":{"type":"Polygon","coordinates":[[[-72.2324,-39.2864],[-72.2308,-39.285],[-72.2317,-39.2843],[-72.2333,-39.2858],[-72.2324,-39.2864]]]},"properties":{"OID":66,"MANZENT":9120011002060,"n_per":31,"n_hombres":14,"n_mujeres":17,"n_edad_0_5":1,"n_edad_6_1":1,"n_edad_14_":0,"n_edad_18_":2,"n_edad_25_":10,"n_edad_45_":5,"n_edad_60_":12,"n_transpor":0,"n_transp_1":4,"n_transp_2":1,"n_transp_3":0,"n_transp_4":0,"n_transp_5":0,"n_transp_6":0,"dim_acc":0,"dim_soc":0}},{"type":"Feature","id":67,"geometry":{"type":"Polygon","coordinates":[[[-72.2344,-39.285],[-72.2335,-39.2858],[-72.2327,-39.2851],[-72.2337,-39.2844],[-72.2344,-39.285]]]},"properties":{"OID":67,"MANZENT":9120011002060,"n_per":45,"n_hombres":25,"n_mujeres":20,"n_edad_0_5":3,"n_edad_6_1":5,"n_edad_14_":2,"n_edad_18_":5,"n_edad_25_":13,"n_edad_45_":7,"n_edad_60_":10,"n_transpor":3,"n_transp_1":3,"n_transp_2":3,"n_transp_3":1,"n_transp_4":0,"n_transp_5":0,"n_transp_6":0,"dim_acc":0,"dim_soc":0}},{"type":"Feature","id":68,"geometry":{"type":"Polygon","coordinates":[[[-72.2334,-39.2859],[-72.2329,-39.2867],[-72.2328,-39.2868],[-72.2325,-39.2864],[-72.2334,-39.2858],[-72.2334,-39.2859]]]},"properties":{"OID":68,"MANZENT":9120011002060,"n_per":33,"n_hombres":15,"n_mujeres":18,"n_edad_0_5":2,"n_edad_6_1":1,"n_edad_14_":1,"n_edad_18_":5,"n_edad_25_":7,"n_edad_45_":7,"n_edad_60_":10,"n_transpor":0,"n_transp_1":0,"n_transp_2":0,"n_transp_3":0,"n_transp_4":0,"n_transp_5":0,"n_transp_6":0,"dim_acc":0,"dim_soc":0}},{"type":"Feature","id":69,"geometry":{"type":"MultiPolygon","coordinates":[[[[-72.2262,-39.2811],[-72.2254,-39.2803],[-72.2263,-39.2797],[-72.2272,-39.2804],[-72.2262,-39.2811]]],[[[-72.2253,-39.2803],[-72.2244,-39.2795],[-72.2254,-39.2789],[-72.2263,-39.2796],[-72.2253,-39.2803]]]]},"properties":{"OID":69,"MANZENT":9120011002020,"n_per":20,"n_hombres":8,"n_mujeres":12,"n_edad_0_5":2,"n_edad_6_1":1,"n_edad_14_":2,"n_edad_18_":0,"n_edad_25_":7,"n_edad_45_":3,"n_edad_60_":5,"n_transpor":1,"n_transp_1":1,"n_transp_2":0,"n_transp_3":1,"n_transp_4":0,"n_transp_5":0,"n_transp_6":0,"dim_acc":0.720476,"dim_soc":0.744635}},{"type":"Feature","id":70,"geometry":{"type":"MultiPolygon","coordinates":[[[[-72.2263,-39.2796],[-72.2255,-39.2788],[-72.2264,-39.2781],[-72.2273,-39.2789],[-72.2263,-39.2796]]],[[[-72.2244,-39.2795],[-72.2235,-39.2787],[-72.2245,-39.278],[-72.2253,-39.2788],[-72.2244,-39.2795]]]]},"properties":{"OID":70,"MANZENT":9120011002010,"n_per":26,"n_hombres":13,"n_mujeres":13,"n_edad_0_5":1,"n_edad_6_1":2,"n_edad_14_":0,"n_edad_18_":5,"n_edad_25_":11,"n_edad_45_":1,"n_edad_60_":6,"n_transpor":2,"n_transp_1":0,"n_transp_2":1,"n_transp_3":0,"n_transp_4":0,"n_transp_5":0,"n_transp_6":0,"dim_acc":0.721457,"dim_soc":0.936698}},{"type":"Feature","id":71,"geometry":{"type":"MultiPolygon","coordinates":[[[[-72.2341,-39.2846],[-72.2337,-39.2843],[-72.2341,-39.284],[-72.2343,-39.2843],[-72.2342,-39.2845],[-72.2341,-39.2846]]],[[[-72.2344,-39.2842],[-72.2341,-39.2839],[-72.235,-39.2834],[-72.2344,-39.2842]]]]},"properties":{"OID":71,"MANZENT":9120011002050,"n_per":19,"n_hombres":9,"n_mujeres":10,"n_edad_0_5":0,"n_edad_6_1":1,"n_edad_14_":2,"n_edad_18_":3,"n_edad_25_":6,"n_edad_45_":4,"n_edad_60_":3,"n_transpor":1,"n_transp_1":0,"n_transp_2":1,"n_transp_3":0,"n_transp_4":0,"n_transp_5":0,"n_transp_6":0,"dim_acc":0,"dim_soc":0}},{"type":"Feature","id":72,"geometry":{"type":"MultiPolygon","coordinates":[[[[-72.2298,-39.2842],[-72.2291,-39.2835],[-72.23,-39.2829],[-72.2308,-39.2835],[-72.2298,-39.2842]]],[[[-72.229,-39.2835],[-72.2283,-39.2828],[-72.2292,-39.2822],[-72.23,-39.2828],[-72.229,-39.2835]]]]},"properties":{"OID":72,"MANZENT":9120011002040,"n_per":19,"n_hombres":6,"n_mujeres":13,"n_edad_0_5":1,"n_edad_6_1":1,"n_edad_14_":1,"n_edad_18_":1,"n_edad_25_":8,"n_edad_45_":2,"n_edad_60_":5,"n_transpor":0,"n_transp_1":0,"n_transp_2":0,"n_transp_3":0,"n_transp_4":0,"n_transp_5":0,"n_transp_6":0,"dim_acc":0.74371,"dim_soc":0.867456}},{"type":"Feature","id":73,"geometry":{"type":"Polygon","coordinates":[[[-72.2219,-39.2783],[-72.2221,-39.2782],[-72.2224,-39.2784],[-72.2222,-39.2782],[-72.2225,-39.278],[-72.2234,-39.2787],[-72.2224,-39.2794],[-72.2215,-39.2786],[-72.2218,-39.2784],[-72.2222,-39.2786],[-72.2219,-39.2783]]]},"properties":{"OID":73,"MANZENT":9120021001000,"n_per":6,"n_hombres":3,"n_mujeres":3,"n_edad_0_5":0,"n_edad_6_1":0,"n_edad_14_":0,"n_edad_18_":0,"n_edad_25_":1,"n_edad_45_":1,"n_edad_60_":4,"n_transpor":1,"n_transp_1":0,"n_transp_2":1,"n_transp_3":0,"n_transp_4":0,"n_transp_5":0,"n_transp_6":0,"dim_acc":0,"dim_soc":0}},{"type":"Feature","id":74,"geometry":{"type":"Polygon","coordinates":[[[-72.2214,-39.2786],[-72.2223,-39.2794],[-72.2214,-39.2801],[-72.2204,-39.2793],[-72.2214,-39.2786]]]},"properties":{"OID":74,"MANZENT":9120021001000,"n_per":26,"n_hombres":15,"n_mujeres":11,"n_edad_0_5":0,"n_edad_6_1":1,"n_edad_14_":2,"n_edad_18_":1,"n_edad_25_":10,"n_edad_45_":4,"n_edad_60_":8,"n_transpor":3,"n_transp_1":3,"n_transp_2":3,"n_transp_3":0,"n_transp_4":1,"n_transp_5":0,"n_transp_6":1,"dim_acc":0,"dim_soc":0}},{"type":"Feature","id":75,"geometry":{"type":"Polygon","coordinates":[[[-72.2238,-39.2799],[-72.2233,-39.2795],[-72.2233,-39.2796],[-72.2237,-39.2799],[-72.2233,-39.2802],[-72.2225,-39.2795],[-72.2234,-39.2788],[-72.2243,-39.2795],[-72.2238,-39.2799]]]},"properties":{"OID":75,"MANZENT":9120021001000,"n_per":31,"n_hombres":14,"n_mujeres":17,"n_edad_0_5":1,"n_edad_6_1":2,"n_edad_14_":1,"n_edad_18_":1,"n_edad_25_":4,"n_edad_45_":8,"n_edad_60_":14,"n_transpor":7,"n_transp_1":0,"n_transp_2":3,"n_transp_3":1,"n_transp_4":0,"n_transp_5":0,"n_transp_6":0,"dim_acc":0,"dim_soc":0}},{"type":"Feature","id":76,"geometry":{"type":"Polygon","coordinates":[[[-72.2228,-39.2799],[-72.2219,-39.2806],[-72.2214,-39.2802],[-72.2224,-39.2795],[-72.2228,-39.2799]]]},"properties":{"OID":76,"MANZENT":9120021001000,"n_per":29,"n_hombres":12,"n_mujeres":17,"n_edad_0_5":3,"n_edad_6_1":3,"n_edad_14_":3,"n_edad_18_":2,"n_edad_25_":12,"n_edad_45_":4,"n_edad_60_":2,"n_transpor":4,"n_transp_1":1,"n_transp_2":4,"n_transp_3":0,"n_transp_4":0,"n_transp_5":0,"n_transp_6":0,"dim_acc":0,"dim_soc":0}},{"type":"Feature","id":77,"geometry":{"type":"Polygon","coordinates":[[[-72.2252,-39.2804],[-72.2242,-39.281],[-72.2234,-39.2802],[-72.2244,-39.2796],[-72.2252,-39.2803],[-72.2252,-39.2804]]]},"properties":{"OID":77,"MANZENT":9120021001010,"n_per":39,"n_hombres":12,"n_mujeres":27,"n_edad_0_5":3,"n_edad_6_1":2,"n_edad_14_":0,"n_edad_18_":2,"n_edad_25_":16,"n_edad_45_":6,"n_edad_60_":10,"n_transpor":3,"n_transp_1":3,"n_transp_2":3,"n_transp_3":0,"n_transp_4":0,"n_transp_5":0,"n_transp_6":0,"dim_acc":0,"dim_soc":0}},{"type":"Feature","id":78,"geometry":{"type":"Polygon","coordinates":[[[-72.2219,-39.2806],[-72.2229,-39.2799],[-72.2233,-39.2803],[-72.223,-39.2805],[-72.223,-39.2805],[-72.2234,-39.2803],[-72.2242,-39.281],[-72.2232,-39.2817],[-72.2219,-39.2806]]]},"properties":{"OID":78,"MANZENT":9120021001010,"n_per":62,"n_hombres":21,"n_mujeres":41,"n_edad_0_5":4,"n_edad_6_1":7,"n_edad_14_":3,"n_edad_18_":1,"n_edad_25_":18,"n_edad_45_":10,"n_edad_60_":19,"n_transpor":11,"n_transp_1":0,"n_transp_2":9,"n_transp_3":1,"n_transp_4":0,"n_transp_5":0,"n_transp_6":3,"dim_acc":0,"dim_soc":0}},{"type":"Feature","id":79,"geometry":{"type":"Polygon","coordinates":[[[-72.2241,-39.2825],[-72.2233,-39.2818],[-72.2242,-39.2811],[-72.2251,-39.2819],[-72.2241,-39.2825]]]},"properties":{"OID":79,"MANZENT":9120021001010,"n_per":49,"n_hombres":24,"n_mujeres":25,"n_edad_0_5":2,"n_edad_6_1":4,"n_edad_14_":5,"n_edad_18_":1,"n_edad_25_":16,"n_edad_45_":9,"n_edad_60_":12,"n_transpor":4,"n_transp_1":3,"n_transp_2":11,"n_transp_3":0,"n_transp_4":0,"n_transp_5":0,"n_transp_6":2,"dim_acc":0,"dim_soc":0}},{"type":"Feature","id":80,"geometry":{"type":"Polygon","coordinates":[[[-72.2231,-39.2832],[-72.2222,-39.2825],[-72.2232,-39.2818],[-72.224,-39.2826],[-72.2231,-39.2832]]]},"properties":{"OID":80,"MANZENT":9120021001010,"n_per":36,"n_hombres":16,"n_mujeres":20,"n_edad_0_5":1,"n_edad_6_1":2,"n_edad_14_":1,"n_edad_18_":1,"n_edad_25_":8,"n_edad_45_":10,"n_edad_60_":13,"n_transpor":4,"n_transp_1":3,"n_transp_2":4,"n_transp_3":0,"n_transp_4":0,"n_transp_5":0,"n_transp_6":0,"dim_acc":0,"dim_soc":0}},{"type":"Feature","id":81,"geometry":{"type":"Polygon","coordinates":[[[-72.2251,-39.2833],[-72.2242,-39.2826],[-72.2252,-39.2819],[-72.226,-39.2827],[-72.2251,-39.2833]]]},"properties":{"OID":81,"MANZENT":9120021001010,"n_per":42,"n_hombres":19,"n_mujeres":23,"n_edad_0_5":3,"n_edad_6_1":3,"n_edad_14_":2,"n_edad_18_":3,"n_edad_25_":10,"n_edad_45_":11,"n_edad_60_":10,"n_transpor":2,"n_transp_1":0,"n_transp_2":7,"n_transp_3":0,"n_transp_4":0,"n_transp_5":0,"n_transp_6":1,"dim_acc":0,"dim_soc":0}},{"type":"Feature","id":82,"geometry":{"type":"Polygon","coordinates":[[[-72.228,-39.2828],[-72.227,-39.2834],[-72.2262,-39.2827],[-72.2271,-39.282],[-72.228,-39.2828]]]},"properties":{"OID":82,"MANZENT":9120021001020,"n_per":32,"n_hombres":15,"n_mujeres":17,"n_edad_0_5":1,"n_edad_6_1":2,"n_edad_14_":1,"n_edad_18_":3,"n_edad_25_":8,"n_edad_45_":2,"n_edad_60_":15,"n_transpor":3,"n_transp_1":0,"n_transp_2":4,"n_transp_3":0,"n_transp_4":0,"n_transp_5":0,"n_transp_6":1,"dim_acc":0.753677,"dim_soc":0.787666}},{"type":"Feature","id":83,"geometry":{"type":"Polygon","coordinates":[[[-72.2219,-39.284],[-72.2218,-39.2839],[-72.2219,-39.2829],[-72.222,-39.2826],[-72.2221,-39.2826],[-72.223,-39.2833],[-72.2221,-39.284],[-72.2219,-39.284]]]},"properties":{"OID":83,"MANZENT":9120021001020,"n_per":24,"n_hombres":8,"n_mujeres":16,"n_edad_0_5":0,"n_edad_6_1":2,"n_edad_14_":0,"n_edad_18_":0,"n_edad_25_":5,"n_edad_45_":3,"n_edad_60_":14,"n_transpor":7,"n_transp_1":1,"n_transp_2":3,"n_transp_3":0,"n_transp_4":0,"n_transp_5":0,"n_transp_6":0,"dim_acc":0.753677,"dim_soc":0.787666}},{"type":"Feature","id":84,"geometry":{"type":"Polygon","coordinates":[[[-72.2246,-39.283],[-72.225,-39.2834],[-72.224,-39.284],[-72.2232,-39.2833],[-72.2241,-39.2826],[-72.2246,-39.283]]]},"properties":{"OID":84,"MANZENT":9120021001020,"n_per":45,"n_hombres":20,"n_mujeres":25,"n_edad_0_5":0,"n_edad_6_1":1,"n_edad_14_":1,"n_edad_18_":6,"n_edad_25_":8,"n_edad_45_":8,"n_edad_60_":21,"n_transpor":6,"n_transp_1":1,"n_transp_2":14,"n_transp_3":0,"n_transp_4":0,"n_transp_5":0,"n_transp_6":0,"dim_acc":0.753677,"dim_soc":0.787666}},{"type":"Feature","id":85,"geometry":{"type":"Polygon","coordinates":[[[-72.2229,-39.2848],[-72.2221,-39.2841],[-72.2231,-39.2834],[-72.2239,-39.2841],[-72.2229,-39.2848]]]},"properties":{"OID":85,"MANZENT":9120021001020,"n_per":14,"n_hombres":5,"n_mujeres":9,"n_edad_0_5":0,"n_edad_6_1":0,"n_edad_14_":1,"n_edad_18_":1,"n_edad_25_":0,"n_edad_45_":3,"n_edad_60_":9,"n_transpor":1,"n_transp_1":1,"n_transp_2":1,"n_transp_3":0,"n_transp_4":1,"n_transp_5":0,"n_transp_6":0,"dim_acc":0.753677,"dim_soc":0.787666}},{"type":"Feature","id":86,"geometry":{"type":"Polygon","coordinates":[[[-72.225,-39.2849],[-72.2241,-39.2841],[-72.2251,-39.2835],[-72.2259,-39.2842],[-72.225,-39.2849]]]},"properties":{"OID":86,"MANZENT":9120021001020,"n_per":15,"n_hombres":7,"n_mujeres":8,"n_edad_0_5":0,"n_edad_6_1":2,"n_edad_14_":0,"n_edad_18_":1,"n_edad_25_":3,"n_edad_45_":3,"n_edad_60_":6,"n_transpor":0,"n_transp_1":1,"n_transp_2":0,"n_transp_3":0,"n_transp_4":0,"n_transp_5":0,"n_transp_6":0,"dim_acc":0.753677,"dim_soc":0.787666}},{"type":"Feature","id":87,"geometry":{"type":"Polygon","coordinates":[[[-72.2215,-39.2852],[-72.2221,-39.2842],[-72.2231,-39.2851],[-72.2225,-39.2854],[-72.2226,-39.2855],[-72.2232,-39.2851],[-72.2238,-39.2857],[-72.2214,-39.2873],[-72.2208,-39.2868],[-72.2215,-39.2852]]]},"properties":{"OID":87,"MANZENT":9120021001030,"n_per":31,"n_hombres":16,"n_mujeres":15,"n_edad_0_5":2,"n_edad_6_1":3,"n_edad_14_":1,"n_edad_18_":4,"n_edad_25_":7,"n_edad_45_":7,"n_edad_60_":7,"n_transpor":6,"n_transp_1":1,"n_transp_2":2,"n_transp_3":0,"n_transp_4":0,"n_transp_5":0,"n_transp_6":0,"dim_acc":0.750638,"dim_soc":0.804613}},{"type":"Feature","id":88,"geometry":{"type":"Polygon","coordinates":[[[-72.2249,-39.2849],[-72.2239,-39.2856],[-72.223,-39.2849],[-72.224,-39.2842],[-72.2249,-39.2849]]]},"properties":{"OID":88,"MANZENT":9120021001030,"n_per":24,"n_hombres":9,"n_mujeres":15,"n_edad_0_5":1,"n_edad_6_1":1,"n_edad_14_":1,"n_edad_18_":0,"n_edad_25_":11,"n_edad_45_":4,"n_edad_60_":6,"n_transpor":1,"n_transp_1":1,"n_transp_2":3,"n_transp_3":0,"n_transp_4":0,"n_transp_5":0,"n_transp_6":0,"dim_acc":0.750638,"dim_soc":0.804613}},{"type":"Feature","id":89,"geometry":{"type":"Polygon","coordinates":[[[-72.2277,-39.2856],[-72.227,-39.285],[-72.2279,-39.2843],[-72.2287,-39.285],[-72.2277,-39.2856]]]},"properties":{"OID":89,"MANZENT":9120021001030,"n_per":22,"n_hombres":10,"n_mujeres":12,"n_edad_0_5":2,"n_edad_6_1":0,"n_edad_14_":0,"n_edad_18_":1,"n_edad_25_":7,"n_edad_45_":3,"n_edad_60_":9,"n_transpor":7,"n_transp_1":0,"n_transp_2":3,"n_transp_3":0,"n_transp_4":0,"n_transp_5":0,"n_transp_6":0,"dim_acc":0.750638,"dim_soc":0.804613}},{"type":"Feature","id":90,"geometry":{"type":"Polygon","coordinates":[[[-72.2305,-39.285],[-72.2296,-39.2856],[-72.2288,-39.285],[-72.2298,-39.2844],[-72.2305,-39.285]]]},"properties":{"OID":90,"MANZENT":9120021001030,"n_per":12,"n_hombres":7,"n_mujeres":5,"n_edad_0_5":1,"n_edad_6_1":1,"n_edad_14_":0,"n_edad_18_":1,"n_edad_25_":3,"n_edad_45_":3,"n_edad_60_":3,"n_transpor":0,"n_transp_1":0,"n_transp_2":1,"n_transp_3":0,"n_transp_4":0,"n_transp_5":0,"n_transp_6":0,"dim_acc":0.750638,"dim_soc":0.804613}},{"type":"Feature","id":91,"geometry":{"type":"Polygon","coordinates":[[[-72.2286,-39.2863],[-72.2285,-39.2863],[-72.2278,-39.2857],[-72.2287,-39.285],[-72.2295,-39.2857],[-72.2286,-39.2863]]]},"properties":{"OID":91,"MANZENT":9120021001040,"n_per":18,"n_hombres":11,"n_mujeres":7,"n_edad_0_5":1,"n_edad_6_1":1,"n_edad_14_":0,"n_edad_18_":1,"n_edad_25_":8,"n_edad_45_":2,"n_edad_60_":5,"n_transpor":4,"n_transp_1":1,"n_transp_2":2,"n_transp_3":0,"n_transp_4":0,"n_transp_5":0,"n_transp_6":0,"dim_acc":0.749167,"dim_soc":0.374149}},{"type":"Feature","id":92,"geometry":{"type":"Polygon","coordinates":[[[-72.2297,-39.2857],[-72.2306,-39.2851],[-72.2315,-39.2858],[-72.2306,-39.2865],[-72.2297,-39.2857]]]},"properties":{"OID":92,"MANZENT":9120021001040,"n_per":23,"n_hombres":7,"n_mujeres":16,"n_edad_0_5":1,"n_edad_6_1":1,"n_edad_14_":1,"n_edad_18_":0,"n_edad_25_":3,"n_edad_45_":4,"n_edad_60_":13,"n_transpor":0,"n_transp_1":0,"n_transp_2":0,"n_transp_3":0,"n_transp_4":0,"n_transp_5":0,"n_transp_6":0,"dim_acc":0.749167,"dim_soc":0.374149}},{"type":"Feature","id":93,"geometry":{"type":"Polygon","coordinates":[[[-72.2266,-39.2863],[-72.2259,-39.2857],[-72.2269,-39.2851],[-72.2276,-39.2857],[-72.2266,-39.2863]]]},"properties":{"OID":93,"MANZENT":9120021001040,"n_per":36,"n_hombres":20,"n_mujeres":16,"n_edad_0_5":0,"n_edad_6_1":1,"n_edad_14_":0,"n_edad_18_":1,"n_edad_25_":16,"n_edad_45_":7,"n_edad_60_":11,"n_transpor":6,"n_transp_1":2,"n_transp_2":10,"n_transp_3":1,"n_transp_4":0,"n_transp_5":0,"n_transp_6":0,"dim_acc":0.749167,"dim_soc":0.374149}},{"type":"Feature","id":94,"geometry":{"type":"Polygon","coordinates":[[[-72.225,-39.2851],[-72.2257,-39.2857],[-72.2248,-39.2864],[-72.2241,-39.2857],[-72.225,-39.2851]]]},"properties":{"OID":94,"MANZENT":9120021001040,"n_per":40,"n_hombres":15,"n_mujeres":25,"n_edad_0_5":1,"n_edad_6_1":3,"n_edad_14_":3,"n_edad_18_":2,"n_edad_25_":13,"n_edad_45_":5,"n_edad_60_":13,"n_transpor":7,"n_transp_1":1,"n_transp_2":5,"n_transp_3":0,"n_transp_4":0,"n_transp_5":0,"n_transp_6":0,"dim_acc":0.749167,"dim_soc":0.374149}},{"type":"Feature","id":95,"geometry":{"type":"Polygon","coordinates":[[[-72.2295,-39.2872],[-72.2286,-39.2864],[-72.2296,-39.2858],[-72.2304,-39.2866],[-72.2296,-39.2872],[-72.2295,-39.2872]]]},"properties":{"OID":95,"MANZENT":9120021001040,"n_per":46,"n_hombres":20,"n_mujeres":26,"n_edad_0_5":4,"n_edad_6_1":2,"n_edad_14_":2,"n_edad_18_":1,"n_edad_25_":14,"n_edad_45_":6,"n_edad_60_":17,"n_transpor":2,"n_transp_1":2,"n_transp_2":1,"n_transp_3":0,"n_transp_4":0,"n_transp_5":0,"n_transp_6":0,"dim_acc":0.749167,"dim_soc":0.374149}},{"type":"Feature","id":96,"geometry":{"type":"Polygon","coordinates":[[[-72.2275,-39.2871],[-72.2267,-39.2864],[-72.2277,-39.2858],[-72.2284,-39.2864],[-72.2275,-39.2871]]]},"properties":{"OID":96,"MANZENT":9120021001040,"n_per":29,"n_hombres":14,"n_mujeres":15,"n_edad_0_5":0,"n_edad_6_1":2,"n_edad_14_":2,"n_edad_18_":2,"n_edad_25_":4,"n_edad_45_":9,"n_edad_60_":10,"n_transpor":3,"n_transp_1":0,"n_transp_2":1,"n_transp_3":0,"n_transp_4":0,"n_transp_5":0,"n_transp_6":0,"dim_acc":0.749167,"dim_soc":0.374149}},{"type":"Feature","id":97,"geometry":{"type":"Polygon","coordinates":[[[-72.2256,-39.2871],[-72.2249,-39.2865],[-72.2258,-39.2858],[-72.2265,-39.2864],[-72.2256,-39.2871]]]},"properties":{"OID":97,"MANZENT":9120021001040,"n_per":40,"n_hombres":17,"n_mujeres":23,"n_edad_0_5":2,"n_edad_6_1":2,"n_edad_14_":2,"n_edad_18_":1,"n_edad_25_":10,"n_edad_45_":10,"n_edad_60_":13,"n_transpor":3,"n_transp_1":2,"n_transp_2":7,"n_transp_3":0,"n_transp_4":0,"n_transp_5":0,"n_transp_6":0,"dim_acc":0.749167,"dim_soc":0.374149}},{"type":"Feature","id":98,"geometry":{"type":"Polygon","coordinates":[[[-72.2216,-39.2874],[-72.2239,-39.2858],[-72.2247,-39.2864],[-72.2246,-39.2865],[-72.2223,-39.2881],[-72.2222,-39.2881],[-72.2219,-39.2878],[-72.2224,-39.2874],[-72.2219,-39.2877],[-72.2216,-39.2875],[-72.2216,-39.2874]]]},"properties":{"OID":98,"MANZENT":9120021001050,"n_per":85,"n_hombres":42,"n_mujeres":43,"n_edad_0_5":4,"n_edad_6_1":12,"n_edad_14_":3,"n_edad_18_":4,"n_edad_25_":20,"n_edad_45_":18,"n_edad_60_":24,"n_transpor":7,"n_transp_1":3,"n_transp_2":6,"n_transp_3":0,"n_transp_4":0,"n_transp_5":0,"n_transp_6":0,"dim_acc":0.74816,"dim_soc":0.744847}},{"type":"Feature","id":99,"geometry":{"type":"Polygon","coordinates":[[[-72.2306,-39.2866],[-72.2315,-39.2859],[-72.2316,-39.2859],[-72.2328,-39.287],[-72.2323,-39.2879],[-72.2322,-39.2879],[-72.2315,-39.2873],[-72.232,-39.287],[-72.2319,-39.2869],[-72.2314,-39.2873],[-72.2311,-39.2869],[-72.2314,-39.2866],[-72.231,-39.2869],[-72.2306,-39.2866]]]},"properties":{"OID":99,"MANZENT":9120021001050,"n_per":125,"n_hombres":59,"n_mujeres":66,"n_edad_0_5":4,"n_edad_6_1":13,"n_edad_14_":7,"n_edad_18_":9,"n_edad_25_":34,"n_edad_45_":27,"n_edad_60_":31,"n_transpor":9,"n_transp_1":9,"n_transp_2":22,"n_transp_3":3,"n_transp_4":0,"n_transp_5":0,"n_transp_6":3,"dim_acc":0.74816,"dim_soc":0.744847}},{"type":"Feature","id":100,"geometry":{"type":"Polygon","coordinates":[[[-72.2285,-39.2865],[-72.2286,-39.2865],[-72.2294,-39.2873],[-72.2285,-39.2879],[-72.2275,-39.2871],[-72.2285,-39.2865]]]},"properties":{"OID":100,"MANZENT":9120021001050,"n_per":56,"n_hombres":22,"n_mujeres":34,"n_edad_0_5":5,"n_edad_6_1":8,"n_edad_14_":2,"n_edad_18_":2,"n_edad_25_":16,"n_edad_45_":9,"n_edad_60_":14,"n_transpor":9,"n_transp_1":0,"n_transp_2":9,"n_transp_3":1,"n_transp_4":0,"n_transp_5":0,"n_transp_6":1,"dim_acc":0.74816,"dim_soc":0.744847}},{"type":"Feature","id":101,"geometry":{"type":"Polygon","coordinates":[[[-72.2268,-39.2876],[-72.2264,-39.2878],[-72.2257,-39.2872],[-72.2266,-39.2865],[-72.2274,-39.2871],[-72.2268,-39.2876]]]},"properties":{"OID":101,"MANZENT":9120021001050,"n_per":6,"n_hombres":3,"n_mujeres":3,"n_edad_0_5":0,"n_edad_6_1":0,"n_edad_14_":0,"n_edad_18_":0,"n_edad_25_":0,"n_edad_45_":3,"n_edad_60_":3,"n_transpor":0,"n_transp_1":1,"n_transp_2":0,"n_transp_3":0,"n_transp_4":0,"n_transp_5":0,"n_transp_6":0,"dim_acc":0.74816,"dim_soc":0.744847}},{"type":"Feature","id":102,"geometry":{"type":"Polygon","coordinates":[[[-72.2247,-39.2865],[-72.2248,-39.2866],[-72.2248,-39.2867],[-72.2249,-39.2866],[-72.2251,-39.2868],[-72.225,-39.2868],[-72.2252,-39.2869],[-72.2263,-39.2879],[-72.2239,-39.2895],[-72.2228,-39.2885],[-72.2237,-39.2879],[-72.2243,-39.2883],[-72.2237,-39.2879],[-72.2243,-39.2875],[-72.2251,-39.288],[-72.2244,-39.2875],[-72.2245,-39.2873],[-72.2241,-39.2875],[-72.2238,-39.2872],[-72.2244,-39.2868],[-72.2245,-39.2867],[-72.2245,-39.2867],[-72.2247,-39.2865]]]},"properties":{"OID":102,"MANZENT":9120021001050,"n_per":208,"n_hombres":103,"n_mujeres":105,"n_edad_0_5":6,"n_edad_6_1":20,"n_edad_14_":11,"n_edad_18_":19,"n_edad_25_":50,"n_edad_45_":34,"n_edad_60_":68,"n_transpor":15,"n_transp_1":16,"n_transp_2":34,"n_transp_3":0,"n_transp_4":0,"n_transp_5":0,"n_transp_6":2,"dim_acc":0.74816,"dim_soc":0.744847}},{"type":"Feature","id":103,"geometry":{"type":"Polygon","coordinates":[[[-72.2304,-39.288],[-72.2296,-39.2873],[-72.2305,-39.2866],[-72.2314,-39.2873],[-72.2304,-39.288]]]},"properties":{"OID":103,"MANZENT":9120021001050,"n_per":59,"n_hombres":33,"n_mujeres":26,"n_edad_0_5":1,"n_edad_6_1":8,"n_edad_14_":1,"n_edad_18_":4,"n_edad_25_":16,"n_edad_45_":11,"n_edad_60_":18,"n_transpor":2,"n_transp_1":1,"n_transp_2":1,"n_transp_3":0,"n_transp_4":0,"n_transp_5":0,"n_transp_6":0,"dim_acc":0.74816,"dim_soc":0.744847}},{"type":"Feature","id":104,"geometry":{"type":"Polygon","coordinates":[[[-72.22,-39.2878],[-72.2205,-39.2868],[-72.2207,-39.2868],[-72.2202,-39.2878],[-72.2207,-39.2869],[-72.2238,-39.2895],[-72.2238,-39.2896],[-72.2222,-39.2907],[-72.2217,-39.291],[-72.2196,-39.2892],[-72.2199,-39.2886],[-72.2199,-39.2881],[-72.22,-39.2878]]]},"properties":{"OID":104,"MANZENT":9120021001060,"n_per":265,"n_hombres":123,"n_mujeres":142,"n_edad_0_5":12,"n_edad_6_1":19,"n_edad_14_":11,"n_edad_18_":6,"n_edad_25_":91,"n_edad_45_":47,"n_edad_60_":79,"n_transpor":60,"n_transp_1":10,"n_transp_2":19,"n_transp_3":5,"n_transp_4":0,"n_transp_5":0,"n_transp_6":12,"dim_acc":0,"dim_soc":0}},{"type":"Feature","id":105,"geometry":{"type":"Polygon","coordinates":[[[-72.2274,-39.2887],[-72.2265,-39.2879],[-72.2275,-39.2872],[-72.2284,-39.288],[-72.2274,-39.2887]]]},"properties":{"OID":105,"MANZENT":9120021001060,"n_per":47,"n_hombres":24,"n_mujeres":23,"n_edad_0_5":3,"n_edad_6_1":4,"n_edad_14_":0,"n_edad_18_":2,"n_edad_25_":16,"n_edad_45_":4,"n_edad_60_":18,"n_transpor":8,"n_transp_1":0,"n_transp_2":1,"n_transp_3":0,"n_transp_4":0,"n_transp_5":0,"n_transp_6":0,"dim_acc":0,"dim_soc":0}},{"type":"Feature","id":106,"geometry":{"type":"Polygon","coordinates":[[[-72.2227,-39.2885],[-72.2224,-39.2882],[-72.2237,-39.2873],[-72.2241,-39.2876],[-72.2227,-39.2885]]]},"properties":{"OID":106,"MANZENT":9120021001060,"n_per":99,"n_hombres":42,"n_mujeres":57,"n_edad_0_5":7,"n_edad_6_1":6,"n_edad_14_":6,"n_edad_18_":11,"n_edad_25_":30,"n_edad_45_":20,"n_edad_60_":19,"n_transpor":13,"n_transp_1":5,"n_transp_2":16,"n_transp_3":2,"n_transp_4":0,"n_transp_5":0,"n_transp_6":0,"dim_acc":0,"dim_soc":0}},{"type":"Feature","id":107,"geometry":{"type":"Polygon","coordinates":[[[-72.2291,-39.2876],[-72.2295,-39.2873],[-72.2303,-39.2881],[-72.2299,-39.2884],[-72.2293,-39.2879],[-72.2298,-39.2884],[-72.2294,-39.2887],[-72.2285,-39.288],[-72.2291,-39.2876]]]},"properties":{"OID":107,"MANZENT":9120021001060,"n_per":100,"n_hombres":49,"n_mujeres":51,"n_edad_0_5":3,"n_edad_6_1":11,"n_edad_14_":3,"n_edad_18_":9,"n_edad_25_":26,"n_edad_45_":20,"n_edad_60_":28,"n_transpor":11,"n_transp_1":12,"n_transp_2":11,"n_transp_3":1,"n_transp_4":0,"n_transp_5":0,"n_transp_6":1,"dim_acc":0,"dim_soc":0}},{"type":"Feature","id":108,"geometry":{"type":"Polygon","coordinates":[[[-72.2316,-39.2891],[-72.2305,-39.2881],[-72.2314,-39.2874],[-72.2322,-39.288],[-72.2316,-39.2891]]]},"properties":{"OID":108,"MANZENT":9120021001060,"n_per":70,"n_hombres":33,"n_mujeres":37,"n_edad_0_5":6,"n_edad_6_1":6,"n_edad_14_":5,"n_edad_18_":5,"n_edad_25_":18,"n_edad_45_":7,"n_edad_60_":23,"n_transpor":5,"n_transp_1":0,"n_transp_2":8,"n_transp_3":0,"n_transp_4":0,"n_transp_5":0,"n_transp_6":1,"dim_acc":0,"dim_soc":0}},{"type":"Feature","id":109,"geometry":{"type":"Polygon","coordinates":[[[-72.229,-39.2885],[-72.2287,-39.2887],[-72.229,-39.2885],[-72.2293,-39.2888],[-72.2283,-39.2895],[-72.2275,-39.2887],[-72.2284,-39.288],[-72.229,-39.2885]]]},"properties":{"OID":109,"MANZENT":9120021001060,"n_per":55,"n_hombres":24,"n_mujeres":31,"n_edad_0_5":1,"n_edad_6_1":2,"n_edad_14_":3,"n_edad_18_":5,"n_edad_25_":17,"n_edad_45_":16,"n_edad_60_":11,"n_transpor":2,"n_transp_1":3,"n_transp_2":2,"n_transp_3":0,"n_transp_4":0,"n_transp_5":0,"n_transp_6":0,"dim_acc":0,"dim_soc":0}},{"type":"Feature","id":110,"geometry":{"type":"Polygon","coordinates":[[[-72.2303,-39.2895],[-72.2294,-39.2888],[-72.2304,-39.2881],[-72.2313,-39.2889],[-72.2303,-39.2895]]]},"properties":{"OID":110,"MANZENT":9120021001060,"n_per":55,"n_hombres":27,"n_mujeres":28,"n_edad_0_5":6,"n_edad_6_1":5,"n_edad_14_":3,"n_edad_18_":5,"n_edad_25_":14,"n_edad_45_":10,"n_edad_60_":12,"n_transpor":6,"n_transp_1":3,"n_transp_2":4,"n_transp_3":0,"n_transp_4":0,"n_transp_5":0,"n_transp_6":0,"dim_acc":0,"dim_soc":0}},{"type":"Feature","id":111,"geometry":{"type":"Polygon","coordinates":[[[-72.2186,-39.2887],[-72.2189,-39.2886],[-72.2195,-39.2891],[-72.2189,-39.2899],[-72.2172,-39.291],[-72.2163,-39.2915],[-72.2155,-39.2917],[-72.2138,-39.2922],[-72.2134,-39.2931],[-72.2122,-39.2924],[-72.2126,-39.2909],[-72.2132,-39.291],[-72.2136,-39.2912],[-72.2136,-39.2913],[-72.2138,-39.2913],[-72.2141,-39.2915],[-72.2145,-39.2915],[-72.2149,-39.2913],[-72.2152,-39.2915],[-72.2153,-39.2916],[-72.2156,-39.2911],[-72.216,-39.291],[-72.2163,-39.2906],[-72.2167,-39.2903],[-72.2169,-39.2901],[-72.2169,-39.2898],[-72.2171,-39.2899],[-72.217,-39.2904],[-72.2169,-39.2904],[-72.2169,-39.2905],[-72.2168,-39.2905],[-72.2166,-39.2909],[-72.2159,-39.2911],[-72.2164,-39.2911],[-72.2171,-39.2906],[-72.2172,-39.2904],[-72.2171,-39.2903],[-72.2172,-39.2901],[-72.2176,-39.2899],[-72.2177,-39.2898],[-72.2177,-39.2899],[-72.2176,-39.2898],[-72.2184,-39.289],[-72.2185,-39.2887],[-72.2186,-39.2887]]]},"properties":{"OID":111,"MANZENT":9120021001060,"n_per":98,"n_hombres":49,"n_mujeres":49,"n_edad_0_5":13,"n_edad_6_1":6,"n_edad_14_":2,"n_edad_18_":2,"n_edad_25_":37,"n_edad_45_":12,"n_edad_60_":26,"n_transpor":23,"n_transp_1":0,"n_transp_2":4,"n_transp_3":0,"n_transp_4":0,"n_transp_5":0,"n_transp_6":3,"dim_acc":0,"dim_soc":0}},{"type":"Feature","id":112,"geometry":{"type":"Polygon","coordinates":[[[-72.2298,-39.2892],[-72.2292,-39.2896],[-72.2293,-39.2896],[-72.2298,-39.2892],[-72.2302,-39.2896],[-72.2292,-39.2903],[-72.2284,-39.2895],[-72.2294,-39.2889],[-72.2298,-39.2892]]]},"properties":{"OID":112,"MANZENT":9120021001060,"n_per":99,"n_hombres":42,"n_mujeres":57,"n_edad_0_5":6,"n_edad_6_1":11,"n_edad_14_":6,"n_edad_18_":7,"n_edad_25_":32,"n_edad_45_":14,"n_edad_60_":23,"n_transpor":12,"n_transp_1":7,"n_transp_2":16,"n_transp_3":1,"n_transp_4":1,"n_transp_5":0,"n_transp_6":2,"dim_acc":0,"dim_soc":0}},{"type":"Feature","id":113,"geometry":{"type":"Polygon","coordinates":[[[-72.2185,-39.2902],[-72.2189,-39.29],[-72.2196,-39.2892],[-72.2216,-39.2911],[-72.2204,-39.2919],[-72.2188,-39.2932],[-72.2171,-39.294],[-72.2164,-39.2929],[-72.2171,-39.2941],[-72.2167,-39.2943],[-72.2158,-39.294],[-72.2166,-39.2943],[-72.2162,-39.2944],[-72.2158,-39.2945],[-72.215,-39.2945],[-72.2134,-39.2945],[-72.2132,-39.2944],[-72.2132,-39.2943],[-72.2132,-39.2939],[-72.2135,-39.2932],[-72.2138,-39.2927],[-72.2143,-39.2923],[-72.2152,-39.2918],[-72.2162,-39.2916],[-72.2168,-39.2913],[-72.2185,-39.2902]]]},"properties":{"OID":113,"MANZENT":9120021001060,"n_per":227,"n_hombres":98,"n_mujeres":129,"n_edad_0_5":15,"n_edad_6_1":23,"n_edad_14_":3,"n_edad_18_":10,"n_edad_25_":100,"n_edad_45_":31,"n_edad_60_":45,"n_transpor":29,"n_transp_1":18,"n_transp_2":14,"n_transp_3":0,"n_transp_4":0,"n_transp_5":0,"n_transp_6":2,"dim_acc":0,"dim_soc":0}},{"type":"Feature","id":114,"geometry":{"type":"Polygon","coordinates":[[[-72.2207,-39.2776],[-72.2208,-39.2776],[-72.2207,-39.2773],[-72.2208,-39.2769],[-72.2208,-39.2766],[-72.2209,-39.2764],[-72.2225,-39.2779],[-72.2204,-39.2792],[-72.2204,-39.2793],[-72.2211,-39.28],[-72.2201,-39.2804],[-72.2201,-39.2805],[-72.2207,-39.2802],[-72.221,-39.2802],[-72.2214,-39.2804],[-72.2216,-39.2804],[-72.2231,-39.2817],[-72.2219,-39.2826],[-72.2217,-39.2839],[-72.2212,-39.2839],[-72.2208,-39.2836],[-72.2209,-39.2834],[-72.2211,-39.2835],[-72.2214,-39.2832],[-72.2215,-39.2829],[-72.2214,-39.2829],[-72.2212,-39.2826],[-72.2213,-39.2824],[-72.2214,-39.2823],[-72.2216,-39.282],[-72.2216,-39.2818],[-72.2217,-39.2817],[-72.2217,-39.2817],[-72.2212,-39.2814],[-72.2209,-39.2812],[-72.2205,-39.2811],[-72.2201,-39.281],[-72.22,-39.2811],[-72.2199,-39.281],[-72.22,-39.281],[-72.221,-39.281],[-72.2211,-39.2809],[-72.221,-39.2808],[-72.2211,-39.2807],[-72.2204,-39.2807],[-72.2211,-39.2806],[-72.2207,-39.2802],[-72.2196,-39.2807],[-72.2198,-39.2809],[-72.2195,-39.2807],[-72.2198,-39.2805],[-72.2195,-39.2805],[-72.2198,-39.2805],[-72.2201,-39.2802],[-72.2195,-39.2801],[-72.2193,-39.2802],[-72.2188,-39.28],[-72.2186,-39.2796],[-72.2186,-39.2794],[-72.2188,-39.2793],[-72.2193,-39.2792],[-72.2191,-39.279],[-72.2194,-39.2788],[-72.2194,-39.2786],[-72.219,-39.2783],[-72.2189,-39.278],[-72.2191,-39.2777],[-72.2196,-39.2777],[-72.22,-39.2769],[-72.2201,-39.2771],[-72.2204,-39.2772],[-72.2206,-39.2775],[-72.2207,-39.2776]]]},"properties":{"OID":114,"MANZENT":9120021001000,"n_per":9,"n_hombres":6,"n_mujeres":3,"n_edad_0_5":0,"n_edad_6_1":0,"n_edad_14_":0,"n_edad_18_":0,"n_edad_25_":3,"n_edad_45_":1,"n_edad_60_":5,"n_transpor":5,"n_transp_1":0,"n_transp_2":0,"n_transp_3":0,"n_transp_4":0,"n_transp_5":0,"n_transp_6":0,"dim_acc":0,"dim_soc":0}},{"type":"Feature","id":115,"geometry":{"type":"MultiPolygon","coordinates":[[[[-72.2259,-39.2857],[-72.2251,-39.285],[-72.2261,-39.2844],[-72.2268,-39.285],[-72.2259,-39.2857]]],[[[-72.2269,-39.2849],[-72.2261,-39.2843],[-72.2271,-39.2836],[-72.2278,-39.2843],[-72.2269,-39.2849]]]]},"properties":{"OID":115,"MANZENT":9120021001020,"n_per":11,"n_hombres":5,"n_mujeres":6,"n_edad_0_5":0,"n_edad_6_1":0,"n_edad_14_":0,"n_edad_18_":0,"n_edad_25_":0,"n_edad_45_":4,"n_edad_60_":7,"n_transpor":0,"n_transp_1":0,"n_transp_2":0,"n_transp_3":1,"n_transp_4":0,"n_transp_5":0,"n_transp_6":0,"dim_acc":0.753677,"dim_soc":0.787666}},{"type":"Feature","id":116,"geometry":{"type":"MultiPolygon","coordinates":[[[[-72.2287,-39.2849],[-72.228,-39.2843],[-72.2289,-39.2836],[-72.2297,-39.2843],[-72.2287,-39.2849]]],[[[-72.2279,-39.2842],[-72.2272,-39.2836],[-72.2281,-39.2829],[-72.2289,-39.2836],[-72.2279,-39.2842]]]]},"properties":{"OID":116,"MANZENT":9120021001020,"n_per":17,"n_hombres":7,"n_mujeres":10,"n_edad_0_5":1,"n_edad_6_1":1,"n_edad_14_":3,"n_edad_18_":1,"n_edad_25_":2,"n_edad_45_":2,"n_edad_60_":7,"n_transpor":1,"n_transp_1":0,"n_transp_2":0,"n_transp_3":0,"n_transp_4":0,"n_transp_5":0,"n_transp_6":0,"dim_acc":0.753677,"dim_soc":0.787666}},{"type":"Feature","id":117,"geometry":{"type":"MultiPolygon","coordinates":[[[[-72.2261,-39.2826],[-72.2252,-39.2819],[-72.2262,-39.2812],[-72.2271,-39.2819],[-72.2261,-39.2826]]],[[[-72.2248,-39.2808],[-72.2247,-39.2808],[-72.2253,-39.2804],[-72.2261,-39.2812],[-72.2252,-39.2818],[-72.2243,-39.2811],[-72.2246,-39.2808],[-72.2248,-39.2808]]]]},"properties":{"OID":117,"MANZENT":9120021001010,"n_per":24,"n_hombres":8,"n_mujeres":16,"n_edad_0_5":0,"n_edad_6_1":2,"n_edad_14_":1,"n_edad_18_":1,"n_edad_25_":7,"n_edad_45_":4,"n_edad_60_":9,"n_transpor":2,"n_transp_1":1,"n_transp_2":1,"n_transp_3":0,"n_transp_4":0,"n_transp_5":0,"n_transp_6":0,"dim_acc":0,"dim_soc":0}},{"type":"Feature","id":118,"geometry":{"type":"MultiPolygon","coordinates":[[[[-72.2305,-39.2912],[-72.2301,-39.2911],[-72.2293,-39.2904],[-72.2303,-39.2897],[-72.231,-39.2903],[-72.2305,-39.2912]]],[[[-72.231,-39.2902],[-72.2304,-39.2896],[-72.2313,-39.2889],[-72.2316,-39.2892],[-72.231,-39.2902]]]]},"properties":{"OID":118,"MANZENT":9120021001060,"n_per":31,"n_hombres":7,"n_mujeres":24,"n_edad_0_5":2,"n_edad_6_1":9,"n_edad_14_":0,"n_edad_18_":1,"n_edad_25_":9,"n_edad_45_":7,"n_edad_60_":3,"n_transpor":5,"n_transp_1":0,"n_transp_2":4,"n_transp_3":0,"n_transp_4":0,"n_transp_5":0,"n_transp_6":0,"dim_acc":0,"dim_soc":0}},{"type":"Feature","id":119,"geometry":{"type":"Polygon","coordinates":[[[-72.2325,-39.2878],[-72.2329,-39.287],[-72.2343,-39.2874],[-72.2327,-39.2904],[-72.2321,-39.2902],[-72.2326,-39.2904],[-72.2325,-39.2907],[-72.2319,-39.2905],[-72.2325,-39.2907],[-72.2323,-39.291],[-72.2318,-39.2909],[-72.2323,-39.2911],[-72.2321,-39.2913],[-72.2316,-39.2911],[-72.2321,-39.29],[-72.2315,-39.2911],[-72.2308,-39.2908],[-72.2314,-39.2896],[-72.2319,-39.2897],[-72.2319,-39.2897],[-72.2315,-39.2895],[-72.2316,-39.2893],[-72.232,-39.2894],[-72.2317,-39.2892],[-72.2318,-39.289],[-72.2322,-39.2891],[-72.2318,-39.2889],[-72.2319,-39.2887],[-72.2324,-39.2888],[-72.232,-39.2886],[-72.2321,-39.2884],[-72.2325,-39.2885],[-72.2325,-39.2885],[-72.2321,-39.2883],[-72.2323,-39.2881],[-72.2326,-39.2882],[-72.2323,-39.288],[-72.2324,-39.2878],[-72.2328,-39.2879],[-72.2325,-39.2878]]]},"properties":{"OID":119,"MANZENT":9120031001000,"n_per":712,"n_hombres":305,"n_mujeres":407,"n_edad_0_5":42,"n_edad_6_1":68,"n_edad_14_":58,"n_edad_18_":80,"n_edad_25_":200,"n_edad_45_":131,"n_edad_60_":133,"n_transpor":84,"n_transp_1":58,"n_transp_2":98,"n_transp_3":7,"n_transp_4":1,"n_transp_5":0,"n_transp_6":4,"dim_acc":0,"dim_soc":0}},{"type":"Feature","id":120,"geometry":{"type":"Polygon","coordinates":[[[-72.2263,-39.2894],[-72.2254,-39.2886],[-72.2264,-39.288],[-72.2273,-39.2887],[-72.2263,-39.2894]]]},"properties":{"OID":120,"MANZENT":9120031001000,"n_per":43,"n_hombres":15,"n_mujeres":28,"n_edad_0_5":1,"n_edad_6_1":4,"n_edad_14_":3,"n_edad_18_":3,"n_edad_25_":7,"n_edad_45_":9,"n_edad_60_":16,"n_transpor":4,"n_transp_1":5,"n_transp_2":4,"n_transp_3":0,"n_transp_4":0,"n_transp_5":0,"n_transp_6":0,"dim_acc":0,"dim_soc":0}},{"type":"Feature","id":121,"geometry":{"type":"Polygon","coordinates":[[[-72.2337,-39.2887],[-72.2338,-39.2886],[-72.2345,-39.2889],[-72.2334,-39.2908],[-72.2329,-39.2904],[-72.2328,-39.2903],[-72.2337,-39.2887]]]},"properties":{"OID":121,"MANZENT":9120031001000,"n_per":65,"n_hombres":34,"n_mujeres":31,"n_edad_0_5":3,"n_edad_6_1":5,"n_edad_14_":2,"n_edad_18_":9,"n_edad_25_":11,"n_edad_45_":14,"n_edad_60_":21,"n_transpor":1,"n_transp_1":0,"n_transp_2":0,"n_transp_3":0,"n_transp_4":0,"n_transp_5":0,"n_transp_6":2,"dim_acc":0,"dim_soc":0}},{"type":"Feature","id":122,"geometry":{"type":"Polygon","coordinates":[[[-72.2262,-39.2895],[-72.2253,-39.2901],[-72.2246,-39.2892],[-72.2253,-39.2887],[-72.2262,-39.2895]]]},"properties":{"OID":122,"MANZENT":9120031001000,"n_per":28,"n_hombres":16,"n_mujeres":12,"n_edad_0_5":0,"n_edad_6_1":2,"n_edad_14_":0,"n_edad_18_":4,"n_edad_25_":7,"n_edad_45_":10,"n_edad_60_":5,"n_transpor":2,"n_transp_1":0,"n_transp_2":6,"n_transp_3":0,"n_transp_4":0,"n_transp_5":0,"n_transp_6":0,"dim_acc":0,"dim_soc":0}},{"type":"Feature","id":123,"geometry":{"type":"Polygon","coordinates":[[[-72.2282,-39.2895],[-72.2272,-39.2902],[-72.2264,-39.2895],[-72.2273,-39.2888],[-72.2282,-39.2895]]]},"properties":{"OID":123,"MANZENT":9120031001000,"n_per":84,"n_hombres":37,"n_mujeres":47,"n_edad_0_5":6,"n_edad_6_1":7,"n_edad_14_":3,"n_edad_18_":5,"n_edad_25_":22,"n_edad_45_":16,"n_edad_60_":25,"n_transpor":5,"n_transp_1":7,"n_transp_2":7,"n_transp_3":1,"n_transp_4":0,"n_transp_5":0,"n_transp_6":0,"dim_acc":0,"dim_soc":0}},{"type":"Feature","id":124,"geometry":{"type":"Polygon","coordinates":[[[-72.2345,-39.2889],[-72.2351,-39.2891],[-72.2346,-39.29],[-72.234,-39.2898],[-72.2345,-39.2889]]]},"properties":{"OID":124,"MANZENT":9120031001010,"n_per":91,"n_hombres":45,"n_mujeres":46,"n_edad_0_5":8,"n_edad_6_1":9,"n_edad_14_":5,"n_edad_18_":6,"n_edad_25_":23,"n_edad_45_":22,"n_edad_60_":18,"n_transpor":4,"n_transp_1":5,"n_transp_2":10,"n_transp_3":1,"n_transp_4":0,"n_transp_5":0,"n_transp_6":2,"dim_acc":0.693662,"dim_soc":0.870496}},{"type":"Feature","id":125,"geometry":{"type":"Polygon","coordinates":[[[-72.2397,-39.2738],[-72.2397,-39.2738],[-72.2398,-39.2737],[-72.2397,-39.2738]]]},"properties":{"OID":125,"MANZENT":9120011001000,"n_per":0,"n_hombres":0,"n_mujeres":0,"n_edad_0_5":0,"n_edad_6_1":0,"n_edad_14_":0,"n_edad_18_":0,"n_edad_25_":0,"n_edad_45_":0,"n_edad_60_":0,"n_transpor":0,"n_transp_1":0,"n_transp_2":0,"n_transp_3":0,"n_transp_4":0,"n_transp_5":0,"n_transp_6":0,"dim_acc":0,"dim_soc":0}},{"type":"Feature","id":126,"geometry":{"type":"Polygon","coordinates":[[[-72.2399,-39.2739],[-72.24,-39.2738],[-72.24,-39.2739],[-72.2399,-39.2739]]]},"properties":{"OID":126,"MANZENT":9120011001000,"n_per":0,"n_hombres":0,"n_mujeres":0,"n_edad_0_5":0,"n_edad_6_1":0,"n_edad_14_":0,"n_edad_18_":0,"n_edad_25_":0,"n_edad_45_":0,"n_edad_60_":0,"n_transpor":0,"n_transp_1":0,"n_transp_2":0,"n_transp_3":0,"n_transp_4":0,"n_transp_5":0,"n_transp_6":0,"dim_acc":0,"dim_soc":0}},{"type":"Feature","id":127,"geometry":{"type":"Polygon","coordinates":[[[-72.2394,-39.2744],[-72.2396,-39.2741],[-72.2394,-39.2744],[-72.2394,-39.2744]]]},"properties":{"OID":127,"MANZENT":9120011001010,"n_per":0,"n_hombres":0,"n_mujeres":0,"n_edad_0_5":0,"n_edad_6_1":0,"n_edad_14_":0,"n_edad_18_":0,"n_edad_25_":0,"n_edad_45_":0,"n_edad_60_":0,"n_transpor":0,"n_transp_1":0,"n_transp_2":0,"n_transp_3":0,"n_transp_4":0,"n_transp_5":0,"n_transp_6":0,"dim_acc":0.65594,"dim_soc":0.682722}},{"type":"Feature","id":128,"geometry":{"type":"Polygon","coordinates":[[[-72.2386,-39.2754],[-72.239,-39.2749],[-72.2393,-39.2745],[-72.2386,-39.2754]]]},"properties":{"OID":128,"MANZENT":9120011001010,"n_per":0,"n_hombres":0,"n_mujeres":0,"n_edad_0_5":0,"n_edad_6_1":0,"n_edad_14_":0,"n_edad_18_":0,"n_edad_25_":0,"n_edad_45_":0,"n_edad_60_":0,"n_transpor":0,"n_transp_1":0,"n_transp_2":0,"n_transp_3":0,"n_transp_4":0,"n_transp_5":0,"n_transp_6":0,"dim_acc":0.65594,"dim_soc":0.682722}},{"type":"Feature","id":129,"geometry":{"type":"Polygon","coordinates":[[[-72.2382,-39.2756],[-72.2382,-39.2754],[-72.2386,-39.2752],[-72.2382,-39.2756]]]},"properties":{"OID":129,"MANZENT":9120011001010,"n_per":0,"n_hombres":0,"n_mujeres":0,"n_edad_0_5":0,"n_edad_6_1":0,"n_edad_14_":0,"n_edad_18_":0,"n_edad_25_":0,"n_edad_45_":0,"n_edad_60_":0,"n_transpor":0,"n_transp_1":0,"n_transp_2":0,"n_transp_3":0,"n_transp_4":0,"n_transp_5":0,"n_transp_6":0,"dim_acc":0.65594,"dim_soc":0.682722}},{"type":"Feature","id":130,"geometry":{"type":"Polygon","coordinates":[[[-72.2382,-39.2758],[-72.2385,-39.2755],[-72.2385,-39.2755],[-72.2382,-39.2758]]]},"properties":{"OID":130,"MANZENT":9120011001010,"n_per":0,"n_hombres":0,"n_mujeres":0,"n_edad_0_5":0,"n_edad_6_1":0,"n_edad_14_":0,"n_edad_18_":0,"n_edad_25_":0,"n_edad_45_":0,"n_edad_60_":0,"n_transpor":0,"n_transp_1":0,"n_transp_2":0,"n_transp_3":0,"n_transp_4":0,"n_transp_5":0,"n_transp_6":0,"dim_acc":0.65594,"dim_soc":0.682722}},{"type":"Feature","id":131,"geometry":{"type":"Polygon","coordinates":[[[-72.2378,-39.2761],[-72.2378,-39.2761],[-72.2382,-39.2758],[-72.2378,-39.2761]]]},"properties":{"OID":131,"MANZENT":9120011001010,"n_per":0,"n_hombres":0,"n_mujeres":0,"n_edad_0_5":0,"n_edad_6_1":0,"n_edad_14_":0,"n_edad_18_":0,"n_edad_25_":0,"n_edad_45_":0,"n_edad_60_":0,"n_transpor":0,"n_transp_1":0,"n_transp_2":0,"n_transp_3":0,"n_transp_4":0,"n_transp_5":0,"n_transp_6":0,"dim_acc":0.65594,"dim_soc":0.682722}},{"type":"Feature","id":132,"geometry":{"type":"Polygon","coordinates":[[[-72.2374,-39.2764],[-72.2374,-39.2763],[-72.2377,-39.2761],[-72.2374,-39.2764]]]},"properties":{"OID":132,"MANZENT":9120011001010,"n_per":0,"n_hombres":0,"n_mujeres":0,"n_edad_0_5":0,"n_edad_6_1":0,"n_edad_14_":0,"n_edad_18_":0,"n_edad_25_":0,"n_edad_45_":0,"n_edad_60_":0,"n_transpor":0,"n_transp_1":0,"n_transp_2":0,"n_transp_3":0,"n_transp_4":0,"n_transp_5":0,"n_transp_6":0,"dim_acc":0.65594,"dim_soc":0.682722}},{"type":"Feature","id":133,"geometry":{"type":"Polygon","coordinates":[[[-72.237,-39.2767],[-72.237,-39.2766],[-72.2374,-39.2764],[-72.237,-39.2767]]]},"properties":{"OID":133,"MANZENT":9120011001020,"n_per":0,"n_hombres":0,"n_mujeres":0,"n_edad_0_5":0,"n_edad_6_1":0,"n_edad_14_":0,"n_edad_18_":0,"n_edad_25_":0,"n_edad_45_":0,"n_edad_60_":0,"n_transpor":0,"n_transp_1":0,"n_transp_2":0,"n_transp_3":0,"n_transp_4":0,"n_transp_5":0,"n_transp_6":0,"dim_acc":0.696538,"dim_soc":0.801997}},{"type":"Feature","id":134,"geometry":{"type":"Polygon","coordinates":[[[-72.2307,-39.2769],[-72.2305,-39.2768],[-72.2306,-39.2767],[-72.2307,-39.2768],[-72.2307,-39.2769]]]},"properties":{"OID":134,"MANZENT":9120011001020,"n_per":0,"n_hombres":0,"n_mujeres":0,"n_edad_0_5":0,"n_edad_6_1":0,"n_edad_14_":0,"n_edad_18_":0,"n_edad_25_":0,"n_edad_45_":0,"n_edad_60_":0,"n_transpor":0,"n_transp_1":0,"n_transp_2":0,"n_transp_3":0,"n_transp_4":0,"n_transp_5":0,"n_transp_6":0,"dim_acc":0.696538,"dim_soc":0.801997}},{"type":"Feature","id":135,"geometry":{"type":"Polygon","coordinates":[[[-72.2361,-39.2773],[-72.2361,-39.2772],[-72.2369,-39.2767],[-72.2361,-39.2773]]]},"properties":{"OID":135,"MANZENT":9120011001020,"n_per":0,"n_hombres":0,"n_mujeres":0,"n_edad_0_5":0,"n_edad_6_1":0,"n_edad_14_":0,"n_edad_18_":0,"n_edad_25_":0,"n_edad_45_":0,"n_edad_60_":0,"n_transpor":0,"n_transp_1":0,"n_transp_2":0,"n_transp_3":0,"n_transp_4":0,"n_transp_5":0,"n_transp_6":0,"dim_acc":0.696538,"dim_soc":0.801997}},{"type":"Feature","id":136,"geometry":{"type":"Polygon","coordinates":[[[-72.2358,-39.2775],[-72.2357,-39.2775],[-72.2359,-39.2774],[-72.2358,-39.2775]]]},"properties":{"OID":136,"MANZENT":9120011001020,"n_per":0,"n_hombres":0,"n_mujeres":0,"n_edad_0_5":0,"n_edad_6_1":0,"n_edad_14_":0,"n_edad_18_":0,"n_edad_25_":0,"n_edad_45_":0,"n_edad_60_":0,"n_transpor":0,"n_transp_1":0,"n_transp_2":0,"n_transp_3":0,"n_transp_4":0,"n_transp_5":0,"n_transp_6":0,"dim_acc":0.696538,"dim_soc":0.801997}},{"type":"Feature","id":137,"geometry":{"type":"Polygon","coordinates":[[[-72.2352,-39.2779],[-72.2352,-39.2779],[-72.2357,-39.2776],[-72.2352,-39.2779]]]},"properties":{"OID":137,"MANZENT":9120011001020,"n_per":0,"n_hombres":0,"n_mujeres":0,"n_edad_0_5":0,"n_edad_6_1":0,"n_edad_14_":0,"n_edad_18_":0,"n_edad_25_":0,"n_edad_45_":0,"n_edad_60_":0,"n_transpor":0,"n_transp_1":0,"n_transp_2":0,"n_transp_3":0,"n_transp_4":0,"n_transp_5":0,"n_transp_6":0,"dim_acc":0.696538,"dim_soc":0.801997}},{"type":"Feature","id":138,"geometry":{"type":"Polygon","coordinates":[[[-72.2348,-39.2782],[-72.2348,-39.2781],[-72.2351,-39.278],[-72.2348,-39.2782]]]},"properties":{"OID":138,"MANZENT":9120011001030,"n_per":0,"n_hombres":0,"n_mujeres":0,"n_edad_0_5":0,"n_edad_6_1":0,"n_edad_14_":0,"n_edad_18_":0,"n_edad_25_":0,"n_edad_45_":0,"n_edad_60_":0,"n_transpor":0,"n_transp_1":0,"n_transp_2":0,"n_transp_3":0,"n_transp_4":0,"n_transp_5":0,"n_transp_6":0,"dim_acc":0.689866,"dim_soc":0.808717}},{"type":"Feature","id":139,"geometry":{"type":"Polygon","coordinates":[[[-72.2344,-39.2784],[-72.2344,-39.2784],[-72.2348,-39.2782],[-72.2344,-39.2784]]]},"properties":{"OID":139,"MANZENT":9120011001030,"n_per":0,"n_hombres":0,"n_mujeres":0,"n_edad_0_5":0,"n_edad_6_1":0,"n_edad_14_":0,"n_edad_18_":0,"n_edad_25_":0,"n_edad_45_":0,"n_edad_60_":0,"n_transpor":0,"n_transp_1":0,"n_transp_2":0,"n_transp_3":0,"n_transp_4":0,"n_transp_5":0,"n_transp_6":0,"dim_acc":0.689866,"dim_soc":0.808717}},{"type":"Feature","id":140,"geometry":{"type":"Polygon","coordinates":[[[-72.2334,-39.2791],[-72.2336,-39.279],[-72.2343,-39.2785],[-72.2334,-39.2791]]]},"properties":{"OID":140,"MANZENT":9120011001040,"n_per":0,"n_hombres":0,"n_mujeres":0,"n_edad_0_5":0,"n_edad_6_1":0,"n_edad_14_":0,"n_edad_18_":0,"n_edad_25_":0,"n_edad_45_":0,"n_edad_60_":0,"n_transpor":0,"n_transp_1":0,"n_transp_2":0,"n_transp_3":0,"n_transp_4":0,"n_transp_5":0,"n_transp_6":0,"dim_acc":0,"dim_soc":0}},{"type":"Feature","id":141,"geometry":{"type":"Polygon","coordinates":[[[-72.2344,-39.2787],[-72.2346,-39.2787],[-72.2351,-39.2791],[-72.2349,-39.2792],[-72.2344,-39.2788],[-72.2344,-39.2787]]]},"properties":{"OID":141,"MANZENT":9120011001040,"n_per":0,"n_hombres":0,"n_mujeres":0,"n_edad_0_5":0,"n_edad_6_1":0,"n_edad_14_":0,"n_edad_18_":0,"n_edad_25_":0,"n_edad_45_":0,"n_edad_60_":0,"n_transpor":0,"n_transp_1":0,"n_transp_2":0,"n_transp_3":0,"n_transp_4":0,"n_transp_5":0,"n_transp_6":0,"dim_acc":0,"dim_soc":0}},{"type":"Feature","id":142,"geometry":{"type":"Polygon","coordinates":[[[-72.2358,-39.2803],[-72.2358,-39.2803],[-72.236,-39.2802],[-72.2358,-39.2803]]]},"properties":{"OID":142,"MANZENT":9120011001050,"n_per":0,"n_hombres":0,"n_mujeres":0,"n_edad_0_5":0,"n_edad_6_1":0,"n_edad_14_":0,"n_edad_18_":0,"n_edad_25_":0,"n_edad_45_":0,"n_edad_60_":0,"n_transpor":0,"n_transp_1":0,"n_transp_2":0,"n_transp_3":0,"n_transp_4":0,"n_transp_5":0,"n_transp_6":0,"dim_acc":0,"dim_soc":0}},{"type":"Feature","id":143,"geometry":{"type":"Polygon","coordinates":[[[-72.2357,-39.2803],[-72.2362,-39.2808],[-72.2356,-39.2811],[-72.2351,-39.2807],[-72.2357,-39.2803]]]},"properties":{"OID":143,"MANZENT":9120011001050,"n_per":0,"n_hombres":0,"n_mujeres":0,"n_edad_0_5":0,"n_edad_6_1":0,"n_edad_14_":0,"n_edad_18_":0,"n_edad_25_":0,"n_edad_45_":0,"n_edad_60_":0,"n_transpor":0,"n_transp_1":0,"n_transp_2":0,"n_transp_3":0,"n_transp_4":0,"n_transp_5":0,"n_transp_6":0,"dim_acc":0,"dim_soc":0}},{"type":"Feature","id":144,"geometry":{"type":"Polygon","coordinates":[[[-72.2264,-39.278],[-72.2256,-39.2773],[-72.2265,-39.2766],[-72.2274,-39.2774],[-72.2264,-39.278]]]},"properties":{"OID":144,"MANZENT":9120011002000,"n_per":0,"n_hombres":0,"n_mujeres":0,"n_edad_0_5":0,"n_edad_6_1":0,"n_edad_14_":0,"n_edad_18_":0,"n_edad_25_":0,"n_edad_45_":0,"n_edad_60_":0,"n_transpor":0,"n_transp_1":0,"n_transp_2":0,"n_transp_3":0,"n_transp_4":0,"n_transp_5":0,"n_transp_6":0,"dim_acc":0,"dim_soc":0}},{"type":"Feature","id":145,"geometry":{"type":"Polygon","coordinates":[[[-72.2256,-39.2774],[-72.2264,-39.2781],[-72.2254,-39.2787],[-72.2245,-39.278],[-72.2255,-39.2773],[-72.2256,-39.2774]]]},"properties":{"OID":145,"MANZENT":9120011002010,"n_per":0,"n_hombres":0,"n_mujeres":0,"n_edad_0_5":0,"n_edad_6_1":0,"n_edad_14_":0,"n_edad_18_":0,"n_edad_25_":0,"n_edad_45_":0,"n_edad_60_":0,"n_transpor":0,"n_transp_1":0,"n_transp_2":0,"n_transp_3":0,"n_transp_4":0,"n_transp_5":0,"n_transp_6":0,"dim_acc":0.721457,"dim_soc":0.936698}},{"type":"Feature","id":146,"geometry":{"type":"Polygon","coordinates":[[[-72.2274,-39.2788],[-72.2265,-39.2781],[-72.2275,-39.2774],[-72.2283,-39.2782],[-72.2274,-39.2788]]]},"properties":{"OID":146,"MANZENT":9120011002010,"n_per":0,"n_hombres":0,"n_mujeres":0,"n_edad_0_5":0,"n_edad_6_1":0,"n_edad_14_":0,"n_edad_18_":0,"n_edad_25_":0,"n_edad_45_":0,"n_edad_60_":0,"n_transpor":0,"n_transp_1":0,"n_transp_2":0,"n_transp_3":0,"n_transp_4":0,"n_transp_5":0,"n_transp_6":0,"dim_acc":0.721457,"dim_soc":0.936698}},{"type":"Feature","id":147,"geometry":{"type":"Polygon","coordinates":[[[-72.2323,-39.2799],[-72.2323,-39.2798],[-72.2332,-39.2793],[-72.2323,-39.2799]]]},"properties":{"OID":147,"MANZENT":9120011002020,"n_per":0,"n_hombres":0,"n_mujeres":0,"n_edad_0_5":0,"n_edad_6_1":0,"n_edad_14_":0,"n_edad_18_":0,"n_edad_25_":0,"n_edad_45_":0,"n_edad_60_":0,"n_transpor":0,"n_transp_1":0,"n_transp_2":0,"n_transp_3":0,"n_transp_4":0,"n_transp_5":0,"n_transp_6":0,"dim_acc":0.720476,"dim_soc":0.744635}},{"type":"Feature","id":148,"geometry":{"type":"Polygon","coordinates":[[[-72.2313,-39.2806],[-72.2313,-39.2806],[-72.2322,-39.2799],[-72.2313,-39.2806]]]},"properties":{"OID":148,"MANZENT":9120011002020,"n_per":0,"n_hombres":0,"n_mujeres":0,"n_edad_0_5":0,"n_edad_6_1":0,"n_edad_14_":0,"n_edad_18_":0,"n_edad_25_":0,"n_edad_45_":0,"n_edad_60_":0,"n_transpor":0,"n_transp_1":0,"n_transp_2":0,"n_transp_3":0,"n_transp_4":0,"n_transp_5":0,"n_transp_6":0,"dim_acc":0.720476,"dim_soc":0.744635}},{"type":"Feature","id":149,"geometry":{"type":"Polygon","coordinates":[[[-72.2303,-39.2813],[-72.2303,-39.2813],[-72.2312,-39.2807],[-72.2303,-39.2813]]]},"properties":{"OID":149,"MANZENT":9120011002030,"n_per":0,"n_hombres":0,"n_mujeres":0,"n_edad_0_5":0,"n_edad_6_1":0,"n_edad_14_":0,"n_edad_18_":0,"n_edad_25_":0,"n_edad_45_":0,"n_edad_60_":0,"n_transpor":0,"n_transp_1":0,"n_transp_2":0,"n_transp_3":0,"n_transp_4":0,"n_transp_5":0,"n_transp_6":0,"dim_acc":0.715352,"dim_soc":0.846855}},{"type":"Feature","id":150,"geometry":{"type":"Polygon","coordinates":[[[-72.2293,-39.282],[-72.2292,-39.282],[-72.2302,-39.2814],[-72.2293,-39.282]]]},"properties":{"OID":150,"MANZENT":9120011002040,"n_per":0,"n_hombres":0,"n_mujeres":0,"n_edad_0_5":0,"n_edad_6_1":0,"n_edad_14_":0,"n_edad_18_":0,"n_edad_25_":0,"n_edad_45_":0,"n_edad_60_":0,"n_transpor":0,"n_transp_1":0,"n_transp_2":0,"n_transp_3":0,"n_transp_4":0,"n_transp_5":0,"n_transp_6":0,"dim_acc":0.74371,"dim_soc":0.867456}},{"type":"Feature","id":151,"geometry":{"type":"Polygon","coordinates":[[[-72.2282,-39.2827],[-72.2282,-39.2827],[-72.2291,-39.2821],[-72.2282,-39.2827]]]},"properties":{"OID":151,"MANZENT":9120011002040,"n_per":0,"n_hombres":0,"n_mujeres":0,"n_edad_0_5":0,"n_edad_6_1":0,"n_edad_14_":0,"n_edad_18_":0,"n_edad_25_":0,"n_edad_45_":0,"n_edad_60_":0,"n_transpor":0,"n_transp_1":0,"n_transp_2":0,"n_transp_3":0,"n_transp_4":0,"n_transp_5":0,"n_transp_6":0,"dim_acc":0.74371,"dim_soc":0.867456}},{"type":"Feature","id":152,"geometry":{"type":"Polygon","coordinates":[[[-72.2297,-39.2842],[-72.229,-39.2836],[-72.2297,-39.2842],[-72.2297,-39.2842]]]},"properties":{"OID":152,"MANZENT":9120011002050,"n_per":0,"n_hombres":0,"n_mujeres":0,"n_edad_0_5":0,"n_edad_6_1":0,"n_edad_14_":0,"n_edad_18_":0,"n_edad_25_":0,"n_edad_45_":0,"n_edad_60_":0,"n_transpor":0,"n_transp_1":0,"n_transp_2":0,"n_transp_3":0,"n_transp_4":0,"n_transp_5":0,"n_transp_6":0,"dim_acc":0,"dim_soc":0}},{"type":"Feature","id":153,"geometry":{"type":"Polygon","coordinates":[[[-72.2301,-39.2846],[-72.2298,-39.2843],[-72.2301,-39.2845],[-72.2301,-39.2846]]]},"properties":{"OID":153,"MANZENT":9120011002050,"n_per":0,"n_hombres":0,"n_mujeres":0,"n_edad_0_5":0,"n_edad_6_1":0,"n_edad_14_":0,"n_edad_18_":0,"n_edad_25_":0,"n_edad_45_":0,"n_edad_60_":0,"n_transpor":0,"n_transp_1":0,"n_transp_2":0,"n_transp_3":0,"n_transp_4":0,"n_transp_5":0,"n_transp_6":0,"dim_acc":0,"dim_soc":0}},{"type":"Feature","id":154,"geometry":{"type":"Polygon","coordinates":[[[-72.2342,-39.2847],[-72.2341,-39.2847],[-72.2343,-39.2845],[-72.2343,-39.2846],[-72.2342,-39.2847]]]},"properties":{"OID":154,"MANZENT":9120011002060,"n_per":0,"n_hombres":0,"n_mujeres":0,"n_edad_0_5":0,"n_edad_6_1":0,"n_edad_14_":0,"n_edad_18_":0,"n_edad_25_":0,"n_edad_45_":0,"n_edad_60_":0,"n_transpor":0,"n_transp_1":0,"n_transp_2":0,"n_transp_3":0,"n_transp_4":0,"n_transp_5":0,"n_transp_6":0,"dim_acc":0,"dim_soc":0}},{"type":"Feature","id":155,"geometry":{"type":"Polygon","coordinates":[[[-72.2303,-39.2847],[-72.2302,-39.2846],[-72.2303,-39.2847],[-72.2303,-39.2847]]]},"properties":{"OID":155,"MANZENT":9120011002060,"n_per":0,"n_hombres":0,"n_mujeres":0,"n_edad_0_5":0,"n_edad_6_1":0,"n_edad_14_":0,"n_edad_18_":0,"n_edad_25_":0,"n_edad_45_":0,"n_edad_60_":0,"n_transpor":0,"n_transp_1":0,"n_transp_2":0,"n_transp_3":0,"n_transp_4":0,"n_transp_5":0,"n_transp_6":0,"dim_acc":0,"dim_soc":0}},{"type":"Feature","id":156,"geometry":{"type":"Polygon","coordinates":[[[-72.2305,-39.2849],[-72.2304,-39.2847],[-72.2306,-39.2849],[-72.2305,-39.2849]]]},"properties":{"OID":156,"MANZENT":9120011002060,"n_per":0,"n_hombres":0,"n_mujeres":0,"n_edad_0_5":0,"n_edad_6_1":0,"n_edad_14_":0,"n_edad_18_":0,"n_edad_25_":0,"n_edad_45_":0,"n_edad_60_":0,"n_transpor":0,"n_transp_1":0,"n_transp_2":0,"n_transp_3":0,"n_transp_4":0,"n_transp_5":0,"n_transp_6":0,"dim_acc":0,"dim_soc":0}},{"type":"Feature","id":157,"geometry":{"type":"Polygon","coordinates":[[[-72.2309,-39.2852],[-72.2307,-39.285],[-72.2309,-39.2852],[-72.2309,-39.2852]]]},"properties":{"OID":157,"MANZENT":9120011002060,"n_per":0,"n_hombres":0,"n_mujeres":0,"n_edad_0_5":0,"n_edad_6_1":0,"n_edad_14_":0,"n_edad_18_":0,"n_edad_25_":0,"n_edad_45_":0,"n_edad_60_":0,"n_transpor":0,"n_transp_1":0,"n_transp_2":0,"n_transp_3":0,"n_transp_4":0,"n_transp_5":0,"n_transp_6":0,"dim_acc":0,"dim_soc":0}},{"type":"Feature","id":158,"geometry":{"type":"Polygon","coordinates":[[[-72.2315,-39.2858],[-72.231,-39.2853],[-72.2315,-39.2858],[-72.2315,-39.2858]]]},"properties":{"OID":158,"MANZENT":9120011002060,"n_per":0,"n_hombres":0,"n_mujeres":0,"n_edad_0_5":0,"n_edad_6_1":0,"n_edad_14_":0,"n_edad_18_":0,"n_edad_25_":0,"n_edad_45_":0,"n_edad_60_":0,"n_transpor":0,"n_transp_1":0,"n_transp_2":0,"n_transp_3":0,"n_transp_4":0,"n_transp_5":0,"n_transp_6":0,"dim_acc":0,"dim_soc":0}},{"type":"Feature","id":159,"geometry":{"type":"Polygon","coordinates":[[[-72.2328,-39.2869],[-72.2316,-39.2859],[-72.2328,-39.2868],[-72.2328,-39.2869]]]},"properties":{"OID":159,"MANZENT":9120011002060,"n_per":0,"n_hombres":0,"n_mujeres":0,"n_edad_0_5":0,"n_edad_6_1":0,"n_edad_14_":0,"n_edad_18_":0,"n_edad_25_":0,"n_edad_45_":0,"n_edad_60_":0,"n_transpor":0,"n_transp_1":0,"n_transp_2":0,"n_transp_3":0,"n_transp_4":0,"n_transp_5":0,"n_transp_6":0,"dim_acc":0,"dim_soc":0}},{"type":"Feature","id":160,"geometry":{"type":"Polygon","coordinates":[[[-72.2213,-39.2803],[-72.2211,-39.2801],[-72.2212,-39.2801],[-72.2215,-39.2804],[-72.2213,-39.2803]]]},"properties":{"OID":160,"MANZENT":9120021001010,"n_per":0,"n_hombres":0,"n_mujeres":0,"n_edad_0_5":0,"n_edad_6_1":0,"n_edad_14_":0,"n_edad_18_":0,"n_edad_25_":0,"n_edad_45_":0,"n_edad_60_":0,"n_transpor":0,"n_transp_1":0,"n_transp_2":0,"n_transp_3":0,"n_transp_4":0,"n_transp_5":0,"n_transp_6":0,"dim_acc":0,"dim_soc":0}},{"type":"Feature","id":161,"geometry":{"type":"Polygon","coordinates":[[[-72.226,-39.2841],[-72.2251,-39.2834],[-72.2261,-39.2827],[-72.2269,-39.2835],[-72.226,-39.2841]]]},"properties":{"OID":161,"MANZENT":9120021001020,"n_per":0,"n_hombres":0,"n_mujeres":0,"n_edad_0_5":0,"n_edad_6_1":0,"n_edad_14_":0,"n_edad_18_":0,"n_edad_25_":0,"n_edad_45_":0,"n_edad_60_":0,"n_transpor":0,"n_transp_1":0,"n_transp_2":0,"n_transp_3":0,"n_transp_4":0,"n_transp_5":0,"n_transp_6":0,"dim_acc":0.753677,"dim_soc":0.787666}},{"type":"Feature","id":162,"geometry":{"type":"Polygon","coordinates":[[[-72.2278,-39.283],[-72.2278,-39.283],[-72.2281,-39.2828],[-72.2278,-39.283]]]},"properties":{"OID":162,"MANZENT":9120021001020,"n_per":0,"n_hombres":0,"n_mujeres":0,"n_edad_0_5":0,"n_edad_6_1":0,"n_edad_14_":0,"n_edad_18_":0,"n_edad_25_":0,"n_edad_45_":0,"n_edad_60_":0,"n_transpor":0,"n_transp_1":0,"n_transp_2":0,"n_transp_3":0,"n_transp_4":0,"n_transp_5":0,"n_transp_6":0,"dim_acc":0.753677,"dim_soc":0.787666}},{"type":"Feature","id":163,"geometry":{"type":"Polygon","coordinates":[[[-72.2271,-39.2835],[-72.2271,-39.2834],[-72.2278,-39.283],[-72.2271,-39.2835]]]},"properties":{"OID":163,"MANZENT":9120021001020,"n_per":0,"n_hombres":0,"n_mujeres":0,"n_edad_0_5":0,"n_edad_6_1":0,"n_edad_14_":0,"n_edad_18_":0,"n_edad_25_":0,"n_edad_45_":0,"n_edad_60_":0,"n_transpor":0,"n_transp_1":0,"n_transp_2":0,"n_transp_3":0,"n_transp_4":0,"n_transp_5":0,"n_transp_6":0,"dim_acc":0.753677,"dim_soc":0.787666}},{"type":"Feature","id":164,"geometry":{"type":"Polygon","coordinates":[[[-72.2261,-39.2842],[-72.2261,-39.2842],[-72.227,-39.2836],[-72.2261,-39.2842]]]},"properties":{"OID":164,"MANZENT":9120021001020,"n_per":0,"n_hombres":0,"n_mujeres":0,"n_edad_0_5":0,"n_edad_6_1":0,"n_edad_14_":0,"n_edad_18_":0,"n_edad_25_":0,"n_edad_45_":0,"n_edad_60_":0,"n_transpor":0,"n_transp_1":0,"n_transp_2":0,"n_transp_3":0,"n_transp_4":0,"n_transp_5":0,"n_transp_6":0,"dim_acc":0.753677,"dim_soc":0.787666}},{"type":"Feature","id":165,"geometry":{"type":"Polygon","coordinates":[[[-72.2203,-39.2839],[-72.2203,-39.2837],[-72.2205,-39.2836],[-72.2208,-39.2837],[-72.2213,-39.2839],[-72.2217,-39.2839],[-72.2216,-39.2842],[-72.2215,-39.2843],[-72.2216,-39.2843],[-72.2206,-39.2865],[-72.2205,-39.2866],[-72.2206,-39.2866],[-72.2198,-39.288],[-72.2198,-39.2886],[-72.2195,-39.2891],[-72.2189,-39.2886],[-72.2191,-39.2882],[-72.2189,-39.288],[-72.2189,-39.2878],[-72.2187,-39.2877],[-72.2184,-39.2878],[-72.2183,-39.2877],[-72.2186,-39.2875],[-72.2185,-39.2873],[-72.2188,-39.2874],[-72.219,-39.2872],[-72.2191,-39.2873],[-72.2194,-39.2873],[-72.22,-39.2868],[-72.2199,-39.2867],[-72.2201,-39.2863],[-72.22,-39.2857],[-72.2201,-39.2849],[-72.2204,-39.2847],[-72.2208,-39.2847],[-72.2207,-39.2846],[-72.2208,-39.2846],[-72.2209,-39.2845],[-72.2208,-39.2841],[-72.2207,-39.2842],[-72.2203,-39.2841],[-72.2203,-39.2839]]]},"properties":{"OID":165,"MANZENT":9120021001030,"n_per":0,"n_hombres":0,"n_mujeres":0,"n_edad_0_5":0,"n_edad_6_1":0,"n_edad_14_":0,"n_edad_18_":0,"n_edad_25_":0,"n_edad_45_":0,"n_edad_60_":0,"n_transpor":0,"n_transp_1":0,"n_transp_2":0,"n_transp_3":0,"n_transp_4":0,"n_transp_5":0,"n_transp_6":0,"dim_acc":0.750638,"dim_soc":0.804613}},{"type":"Feature","id":166,"geometry":{"type":"Polygon","coordinates":[[[-72.2218,-39.284],[-72.222,-39.2841],[-72.222,-39.2842],[-72.2217,-39.2841],[-72.2218,-39.284]]]},"properties":{"OID":166,"MANZENT":9120021001030,"n_per":0,"n_hombres":0,"n_mujeres":0,"n_edad_0_5":0,"n_edad_6_1":0,"n_edad_14_":0,"n_edad_18_":0,"n_edad_25_":0,"n_edad_45_":0,"n_edad_60_":0,"n_transpor":0,"n_transp_1":0,"n_transp_2":0,"n_transp_3":0,"n_transp_4":0,"n_transp_5":0,"n_transp_6":0,"dim_acc":0.750638,"dim_soc":0.804613}},{"type":"Feature","id":167,"geometry":{"type":"Polygon","coordinates":[[[-72.2215,-39.2846],[-72.2217,-39.2842],[-72.2219,-39.2842],[-72.2219,-39.2843],[-72.2218,-39.2845],[-72.2214,-39.2849],[-72.2215,-39.2846]]]},"properties":{"OID":167,"MANZENT":9120021001030,"n_per":0,"n_hombres":0,"n_mujeres":0,"n_edad_0_5":0,"n_edad_6_1":0,"n_edad_14_":0,"n_edad_18_":0,"n_edad_25_":0,"n_edad_45_":0,"n_edad_60_":0,"n_transpor":0,"n_transp_1":0,"n_transp_2":0,"n_transp_3":0,"n_transp_4":0,"n_transp_5":0,"n_transp_6":0,"dim_acc":0.750638,"dim_soc":0.804613}},{"type":"Feature","id":168,"geometry":{"type":"Polygon","coordinates":[[[-72.2251,-39.2849],[-72.2251,-39.2849],[-72.226,-39.2843],[-72.2251,-39.2849]]]},"properties":{"OID":168,"MANZENT":9120021001030,"n_per":0,"n_hombres":0,"n_mujeres":0,"n_edad_0_5":0,"n_edad_6_1":0,"n_edad_14_":0,"n_edad_18_":0,"n_edad_25_":0,"n_edad_45_":0,"n_edad_60_":0,"n_transpor":0,"n_transp_1":0,"n_transp_2":0,"n_transp_3":0,"n_transp_4":0,"n_transp_5":0,"n_transp_6":0,"dim_acc":0.750638,"dim_soc":0.804613}},{"type":"Feature","id":169,"geometry":{"type":"Polygon","coordinates":[[[-72.2212,-39.2853],[-72.2214,-39.285],[-72.2217,-39.2847],[-72.2207,-39.2868],[-72.2206,-39.2867],[-72.2212,-39.2853]]]},"properties":{"OID":169,"MANZENT":9120021001040,"n_per":0,"n_hombres":0,"n_mujeres":0,"n_edad_0_5":0,"n_edad_6_1":0,"n_edad_14_":0,"n_edad_18_":0,"n_edad_25_":0,"n_edad_45_":0,"n_edad_60_":0,"n_transpor":0,"n_transp_1":0,"n_transp_2":0,"n_transp_3":0,"n_transp_4":0,"n_transp_5":0,"n_transp_6":0,"dim_acc":0.749167,"dim_soc":0.374149}},{"type":"Feature","id":170,"geometry":{"type":"Polygon","coordinates":[[[-72.224,-39.2856],[-72.2244,-39.2854],[-72.2249,-39.285],[-72.224,-39.2856]]]},"properties":{"OID":170,"MANZENT":9120021001040,"n_per":0,"n_hombres":0,"n_mujeres":0,"n_edad_0_5":0,"n_edad_6_1":0,"n_edad_14_":0,"n_edad_18_":0,"n_edad_25_":0,"n_edad_45_":0,"n_edad_60_":0,"n_transpor":0,"n_transp_1":0,"n_transp_2":0,"n_transp_3":0,"n_transp_4":0,"n_transp_5":0,"n_transp_6":0,"dim_acc":0.749167,"dim_soc":0.374149}},{"type":"Feature","id":171,"geometry":{"type":"Polygon","coordinates":[[[-72.2236,-39.286],[-72.2236,-39.2859],[-72.2239,-39.2857],[-72.2236,-39.286]]]},"properties":{"OID":171,"MANZENT":9120021001040,"n_per":0,"n_hombres":0,"n_mujeres":0,"n_edad_0_5":0,"n_edad_6_1":0,"n_edad_14_":0,"n_edad_18_":0,"n_edad_25_":0,"n_edad_45_":0,"n_edad_60_":0,"n_transpor":0,"n_transp_1":0,"n_transp_2":0,"n_transp_3":0,"n_transp_4":0,"n_transp_5":0,"n_transp_6":0,"dim_acc":0.749167,"dim_soc":0.374149}},{"type":"Feature","id":172,"geometry":{"type":"Polygon","coordinates":[[[-72.223,-39.2864],[-72.223,-39.2863],[-72.2235,-39.286],[-72.223,-39.2864]]]},"properties":{"OID":172,"MANZENT":9120021001050,"n_per":0,"n_hombres":0,"n_mujeres":0,"n_edad_0_5":0,"n_edad_6_1":0,"n_edad_14_":0,"n_edad_18_":0,"n_edad_25_":0,"n_edad_45_":0,"n_edad_60_":0,"n_transpor":0,"n_transp_1":0,"n_transp_2":0,"n_transp_3":0,"n_transp_4":0,"n_transp_5":0,"n_transp_6":0,"dim_acc":0.74816,"dim_soc":0.744847}},{"type":"Feature","id":173,"geometry":{"type":"Polygon","coordinates":[[[-72.2225,-39.2867],[-72.2225,-39.2867],[-72.2229,-39.2864],[-72.2225,-39.2867]]]},"properties":{"OID":173,"MANZENT":9120021001050,"n_per":0,"n_hombres":0,"n_mujeres":0,"n_edad_0_5":0,"n_edad_6_1":0,"n_edad_14_":0,"n_edad_18_":0,"n_edad_25_":0,"n_edad_45_":0,"n_edad_60_":0,"n_transpor":0,"n_transp_1":0,"n_transp_2":0,"n_transp_3":0,"n_transp_4":0,"n_transp_5":0,"n_transp_6":0,"dim_acc":0.74816,"dim_soc":0.744847}},{"type":"Feature","id":174,"geometry":{"type":"Polygon","coordinates":[[[-72.2215,-39.2874],[-72.2215,-39.2873],[-72.2224,-39.2868],[-72.2215,-39.2874]]]},"properties":{"OID":174,"MANZENT":9120021001050,"n_per":0,"n_hombres":0,"n_mujeres":0,"n_edad_0_5":0,"n_edad_6_1":0,"n_edad_14_":0,"n_edad_18_":0,"n_edad_25_":0,"n_edad_45_":0,"n_edad_60_":0,"n_transpor":0,"n_transp_1":0,"n_transp_2":0,"n_transp_3":0,"n_transp_4":0,"n_transp_5":0,"n_transp_6":0,"dim_acc":0.74816,"dim_soc":0.744847}},{"type":"Feature","id":175,"geometry":{"type":"Polygon","coordinates":[[[-72.221,-39.2916],[-72.221,-39.2916],[-72.2216,-39.2912],[-72.221,-39.2916]]]},"properties":{"OID":175,"MANZENT":9120021001070,"n_per":0,"n_hombres":0,"n_mujeres":0,"n_edad_0_5":0,"n_edad_6_1":0,"n_edad_14_":0,"n_edad_18_":0,"n_edad_25_":0,"n_edad_45_":0,"n_edad_60_":0,"n_transpor":0,"n_transp_1":0,"n_transp_2":0,"n_transp_3":0,"n_transp_4":0,"n_transp_5":0,"n_transp_6":0,"dim_acc":0,"dim_soc":0}},{"type":"Feature","id":176,"geometry":{"type":"Polygon","coordinates":[[[-72.2304,-39.2913],[-72.2303,-39.2912],[-72.2304,-39.2913],[-72.2304,-39.2913]]]},"properties":{"OID":176,"MANZENT":9120021001070,"n_per":0,"n_hombres":0,"n_mujeres":0,"n_edad_0_5":0,"n_edad_6_1":0,"n_edad_14_":0,"n_edad_18_":0,"n_edad_25_":0,"n_edad_45_":0,"n_edad_60_":0,"n_transpor":0,"n_transp_1":0,"n_transp_2":0,"n_transp_3":0,"n_transp_4":0,"n_transp_5":0,"n_transp_6":0,"dim_acc":0,"dim_soc":0}},{"type":"Feature","id":177,"geometry":{"type":"Polygon","coordinates":[[[-72.2202,-39.2922],[-72.2202,-39.2922],[-72.2205,-39.292],[-72.2202,-39.2922]]]},"properties":{"OID":177,"MANZENT":9120021001070,"n_per":0,"n_hombres":0,"n_mujeres":0,"n_edad_0_5":0,"n_edad_6_1":0,"n_edad_14_":0,"n_edad_18_":0,"n_edad_25_":0,"n_edad_45_":0,"n_edad_60_":0,"n_transpor":0,"n_transp_1":0,"n_transp_2":0,"n_transp_3":0,"n_transp_4":0,"n_transp_5":0,"n_transp_6":0,"dim_acc":0,"dim_soc":0}},{"type":"Feature","id":178,"geometry":{"type":"Polygon","coordinates":[[[-72.214,-39.2924],[-72.2139,-39.2924],[-72.2139,-39.2923],[-72.2145,-39.2921],[-72.214,-39.2924]]]},"properties":{"OID":178,"MANZENT":9120021001070,"n_per":0,"n_hombres":0,"n_mujeres":0,"n_edad_0_5":0,"n_edad_6_1":0,"n_edad_14_":0,"n_edad_18_":0,"n_edad_25_":0,"n_edad_45_":0,"n_edad_60_":0,"n_transpor":0,"n_transp_1":0,"n_transp_2":0,"n_transp_3":0,"n_transp_4":0,"n_transp_5":0,"n_transp_6":0,"dim_acc":0,"dim_soc":0}},{"type":"Feature","id":179,"geometry":{"type":"Polygon","coordinates":[[[-72.2198,-39.2925],[-72.2198,-39.2925],[-72.2201,-39.2923],[-72.2198,-39.2925]]]},"properties":{"OID":179,"MANZENT":9120021001070,"n_per":0,"n_hombres":0,"n_mujeres":0,"n_edad_0_5":0,"n_edad_6_1":0,"n_edad_14_":0,"n_edad_18_":0,"n_edad_25_":0,"n_edad_45_":0,"n_edad_60_":0,"n_transpor":0,"n_transp_1":0,"n_transp_2":0,"n_transp_3":0,"n_transp_4":0,"n_transp_5":0,"n_transp_6":0,"dim_acc":0,"dim_soc":0}},{"type":"Feature","id":180,"geometry":{"type":"Polygon","coordinates":[[[-72.2138,-39.2924],[-72.214,-39.2925],[-72.2137,-39.2928],[-72.2138,-39.2924]]]},"properties":{"OID":180,"MANZENT":9120021001070,"n_per":0,"n_hombres":0,"n_mujeres":0,"n_edad_0_5":0,"n_edad_6_1":0,"n_edad_14_":0,"n_edad_18_":0,"n_edad_25_":0,"n_edad_45_":0,"n_edad_60_":0,"n_transpor":0,"n_transp_1":0,"n_transp_2":0,"n_transp_3":0,"n_transp_4":0,"n_transp_5":0,"n_transp_6":0,"dim_acc":0,"dim_soc":0}},{"type":"Feature","id":181,"geometry":{"type":"Polygon","coordinates":[[[-72.2192,-39.293],[-72.2196,-39.2926],[-72.2196,-39.2926],[-72.2192,-39.293]]]},"properties":{"OID":181,"MANZENT":9120021001070,"n_per":0,"n_hombres":0,"n_mujeres":0,"n_edad_0_5":0,"n_edad_6_1":0,"n_edad_14_":0,"n_edad_18_":0,"n_edad_25_":0,"n_edad_45_":0,"n_edad_60_":0,"n_transpor":0,"n_transp_1":0,"n_transp_2":0,"n_transp_3":0,"n_transp_4":0,"n_transp_5":0,"n_transp_6":0,"dim_acc":0,"dim_soc":0}},{"type":"Feature","id":182,"geometry":{"type":"Polygon","coordinates":[[[-72.2128,-39.2945],[-72.213,-39.2944],[-72.2131,-39.2942],[-72.2132,-39.2944],[-72.2134,-39.2945],[-72.2128,-39.2945]]]},"properties":{"OID":182,"MANZENT":9120021001070,"n_per":0,"n_hombres":0,"n_mujeres":0,"n_edad_0_5":0,"n_edad_6_1":0,"n_edad_14_":0,"n_edad_18_":0,"n_edad_25_":0,"n_edad_45_":0,"n_edad_60_":0,"n_transpor":0,"n_transp_1":0,"n_transp_2":0,"n_transp_3":0,"n_transp_4":0,"n_transp_5":0,"n_transp_6":0,"dim_acc":0,"dim_soc":0}},{"type":"Feature","id":183,"geometry":{"type":"Polygon","coordinates":[[[-72.2137,-39.2945],[-72.2145,-39.2945],[-72.2132,-39.2945],[-72.2137,-39.2945]]]},"properties":{"OID":183,"MANZENT":9120021001080,"n_per":0,"n_hombres":0,"n_mujeres":0,"n_edad_0_5":0,"n_edad_6_1":0,"n_edad_14_":0,"n_edad_18_":0,"n_edad_25_":0,"n_edad_45_":0,"n_edad_60_":0,"n_transpor":0,"n_transp_1":0,"n_transp_2":0,"n_transp_3":0,"n_transp_4":0,"n_transp_5":0,"n_transp_6":0,"dim_acc":0,"dim_soc":0}},{"type":"Feature","id":184,"geometry":{"type":"Polygon","coordinates":[[[-72.2123,-39.2945],[-72.2131,-39.2945],[-72.2126,-39.2946],[-72.2123,-39.2945]]]},"properties":{"OID":184,"MANZENT":9120021001080,"n_per":0,"n_hombres":0,"n_mujeres":0,"n_edad_0_5":0,"n_edad_6_1":0,"n_edad_14_":0,"n_edad_18_":0,"n_edad_25_":0,"n_edad_45_":0,"n_edad_60_":0,"n_transpor":0,"n_transp_1":0,"n_transp_2":0,"n_transp_3":0,"n_transp_4":0,"n_transp_5":0,"n_transp_6":0,"dim_acc":0,"dim_soc":0}},{"type":"Feature","id":185,"geometry":{"type":"Polygon","coordinates":[[[-72.2353,-39.2903],[-72.2347,-39.29],[-72.2352,-39.2891],[-72.2356,-39.2893],[-72.2353,-39.29],[-72.2353,-39.2903]]]},"properties":{"OID":185,"MANZENT":9120031001010,"n_per":78,"n_hombres":36,"n_mujeres":42,"n_edad_0_5":8,"n_edad_6_1":8,"n_edad_14_":5,"n_edad_18_":6,"n_edad_25_":21,"n_edad_45_":8,"n_edad_60_":22,"n_transpor":5,"n_transp_1":5,"n_transp_2":9,"n_transp_3":3,"n_transp_4":1,"n_transp_5":0,"n_transp_6":0,"dim_acc":0.693662,"dim_soc":0.870496}},{"type":"Feature","id":186,"geometry":{"type":"Polygon","coordinates":[[[-72.2357,-39.2894],[-72.2362,-39.2895],[-72.2364,-39.2898],[-72.236,-39.2905],[-72.2354,-39.2903],[-72.2357,-39.2897],[-72.2353,-39.2902],[-72.2354,-39.29],[-72.2357,-39.2894]]]},"properties":{"OID":186,"MANZENT":9120031001010,"n_per":82,"n_hombres":44,"n_mujeres":38,"n_edad_0_5":3,"n_edad_6_1":6,"n_edad_14_":6,"n_edad_18_":5,"n_edad_25_":21,"n_edad_45_":13,"n_edad_60_":28,"n_transpor":10,"n_transp_1":12,"n_transp_2":7,"n_transp_3":1,"n_transp_4":0,"n_transp_5":0,"n_transp_6":0,"dim_acc":0.693662,"dim_soc":0.870496}},{"type":"Feature","id":187,"geometry":{"type":"Polygon","coordinates":[[[-72.2259,-39.2911],[-72.2253,-39.2902],[-72.2263,-39.2896],[-72.2271,-39.2903],[-72.2259,-39.2911]]]},"properties":{"OID":187,"MANZENT":9120031001010,"n_per":44,"n_hombres":26,"n_mujeres":18,"n_edad_0_5":2,"n_edad_6_1":3,"n_edad_14_":5,"n_edad_18_":3,"n_edad_25_":17,"n_edad_45_":6,"n_edad_60_":8,"n_transpor":9,"n_transp_1":0,"n_transp_2":1,"n_transp_3":0,"n_transp_4":0,"n_transp_5":0,"n_transp_6":0,"dim_acc":0.693662,"dim_soc":0.870496}},{"type":"Feature","id":188,"geometry":{"type":"Polygon","coordinates":[[[-72.2291,-39.2903],[-72.229,-39.2904],[-72.2281,-39.291],[-72.2273,-39.2903],[-72.2283,-39.2896],[-72.2291,-39.2903]]]},"properties":{"OID":188,"MANZENT":9120031001010,"n_per":35,"n_hombres":18,"n_mujeres":17,"n_edad_0_5":1,"n_edad_6_1":1,"n_edad_14_":1,"n_edad_18_":3,"n_edad_25_":7,"n_edad_45_":12,"n_edad_60_":10,"n_transpor":5,"n_transp_1":2,"n_transp_2":6,"n_transp_3":3,"n_transp_4":1,"n_transp_5":0,"n_transp_6":1,"dim_acc":0.693662,"dim_soc":0.870496}},{"type":"Feature","id":189,"geometry":{"type":"Polygon","coordinates":[[[-72.234,-39.2898],[-72.2346,-39.29],[-72.2339,-39.2913],[-72.2334,-39.2909],[-72.234,-39.2898]]]},"properties":{"OID":189,"MANZENT":9120031001010,"n_per":87,"n_hombres":42,"n_mujeres":45,"n_edad_0_5":3,"n_edad_6_1":10,"n_edad_14_":5,"n_edad_18_":8,"n_edad_25_":16,"n_edad_45_":19,"n_edad_60_":26,"n_transpor":1,"n_transp_1":2,"n_transp_2":0,"n_transp_3":0,"n_transp_4":0,"n_transp_5":0,"n_transp_6":1,"dim_acc":0.693662,"dim_soc":0.870496}},{"type":"Feature","id":190,"geometry":{"type":"Polygon","coordinates":[[[-72.2353,-39.2903],[-72.2351,-39.2905],[-72.2345,-39.2911],[-72.2341,-39.2913],[-72.2339,-39.2913],[-72.2346,-39.29],[-72.2353,-39.2903]]]},"properties":{"OID":190,"MANZENT":9120031001010,"n_per":76,"n_hombres":37,"n_mujeres":39,"n_edad_0_5":7,"n_edad_6_1":13,"n_edad_14_":3,"n_edad_18_":8,"n_edad_25_":23,"n_edad_45_":11,"n_edad_60_":11,"n_transpor":5,"n_transp_1":2,"n_transp_2":12,"n_transp_3":0,"n_transp_4":0,"n_transp_5":0,"n_transp_6":2,"dim_acc":0.693662,"dim_soc":0.870496}},{"type":"Feature","id":191,"geometry":{"type":"Polygon","coordinates":[[[-72.2349,-39.2911],[-72.2353,-39.2903],[-72.236,-39.2906],[-72.2355,-39.2913],[-72.2349,-39.2911]]]},"properties":{"OID":191,"MANZENT":9120031001010,"n_per":59,"n_hombres":30,"n_mujeres":29,"n_edad_0_5":4,"n_edad_6_1":7,"n_edad_14_":3,"n_edad_18_":4,"n_edad_25_":16,"n_edad_45_":8,"n_edad_60_":17,"n_transpor":3,"n_transp_1":3,"n_transp_2":9,"n_transp_3":0,"n_transp_4":0,"n_transp_5":0,"n_transp_6":0,"dim_acc":0.693662,"dim_soc":0.870496}},{"type":"Feature","id":192,"geometry":{"type":"Polygon","coordinates":[[[-72.2263,-39.2923],[-72.226,-39.2912],[-72.2272,-39.2904],[-72.228,-39.2911],[-72.2263,-39.2923]]]},"properties":{"OID":192,"MANZENT":9120031001010,"n_per":4,"n_hombres":0,"n_mujeres":4,"n_edad_0_5":0,"n_edad_6_1":0,"n_edad_14_":0,"n_edad_18_":0,"n_edad_25_":1,"n_edad_45_":0,"n_edad_60_":3,"n_transpor":0,"n_transp_1":0,"n_transp_2":0,"n_transp_3":0,"n_transp_4":0,"n_transp_5":0,"n_transp_6":0,"dim_acc":0.693662,"dim_soc":0.870496}},{"type":"Feature","id":193,"geometry":{"type":"Polygon","coordinates":[[[-72.2273,-39.2917],[-72.2292,-39.2904],[-72.2303,-39.2914],[-72.2299,-39.2924],[-72.2283,-39.2953],[-72.2279,-39.2947],[-72.227,-39.2939],[-72.2276,-39.2934],[-72.2274,-39.2931],[-72.2277,-39.2929],[-72.2279,-39.2932],[-72.228,-39.293],[-72.2279,-39.293],[-72.2277,-39.2929],[-72.2283,-39.2925],[-72.2281,-39.2925],[-72.2276,-39.292],[-72.2277,-39.2919],[-72.2268,-39.2924],[-72.2266,-39.2922],[-72.2273,-39.2917]]]},"properties":{"OID":193,"MANZENT":9120031001020,"n_per":380,"n_hombres":165,"n_mujeres":215,"n_edad_0_5":17,"n_edad_6_1":32,"n_edad_14_":7,"n_edad_18_":30,"n_edad_25_":116,"n_edad_45_":76,"n_edad_60_":102,"n_transpor":30,"n_transp_1":19,"n_transp_2":34,"n_transp_3":1,"n_transp_4":0,"n_transp_5":0,"n_transp_6":4,"dim_acc":0,"dim_soc":0}},{"type":"Feature","id":194,"geometry":{"type":"Polygon","coordinates":[[[-72.2325,-39.2908],[-72.2327,-39.2904],[-72.2328,-39.2904],[-72.2339,-39.2913],[-72.2343,-39.2918],[-72.235,-39.2922],[-72.2348,-39.2924],[-72.235,-39.2936],[-72.2347,-39.295],[-72.2345,-39.295],[-72.233,-39.2961],[-72.2324,-39.2964],[-72.2318,-39.2968],[-72.2308,-39.2963],[-72.2299,-39.2958],[-72.2297,-39.2955],[-72.2309,-39.2942],[-72.2318,-39.2946],[-72.2325,-39.2943],[-72.2317,-39.2953],[-72.2316,-39.2957],[-72.2318,-39.296],[-72.2316,-39.2957],[-72.2317,-39.2953],[-72.2321,-39.2948],[-72.2327,-39.2953],[-72.2327,-39.2954],[-72.2329,-39.2954],[-72.2328,-39.2953],[-72.2321,-39.2948],[-72.2326,-39.2944],[-72.2329,-39.2945],[-72.2326,-39.2942],[-72.233,-39.2938],[-72.2334,-39.2937],[-72.234,-39.2941],[-72.2334,-39.2937],[-72.2331,-39.2937],[-72.2325,-39.2943],[-72.2318,-39.2946],[-72.231,-39.2941],[-72.2315,-39.2935],[-72.2311,-39.2932],[-72.2316,-39.2927],[-72.2326,-39.2931],[-72.2326,-39.2931],[-72.2324,-39.293],[-72.2334,-39.2918],[-72.2336,-39.2921],[-72.2334,-39.2923],[-72.2331,-39.293],[-72.2332,-39.2932],[-72.2338,-39.2927],[-72.2332,-39.2932],[-72.2331,-39.293],[-72.2334,-39.2925],[-72.2337,-39.2921],[-72.2335,-39.2918],[-72.2338,-39.2915],[-72.2334,-39.2918],[-72.2331,-39.2916],[-72.2334,-39.2913],[-72.233,-39.2916],[-72.2327,-39.2915],[-72.233,-39.291],[-72.2326,-39.2915],[-72.2322,-39.2913],[-72.2325,-39.2908]]]},"properties":{"OID":194,"MANZENT":9120031001020,"n_per":354,"n_hombres":167,"n_mujeres":187,"n_edad_0_5":20,"n_edad_6_1":42,"n_edad_14_":20,"n_edad_18_":17,"n_edad_25_":120,"n_edad_45_":62,"n_edad_60_":73,"n_transpor":59,"n_transp_1":25,"n_transp_2":8,"n_transp_3":3,"n_transp_4":0,"n_transp_5":0,"n_transp_6":10,"dim_acc":0,"dim_soc":0}},{"type":"Feature","id":195,"geometry":{"type":"Polygon","coordinates":[[[-72.234,-39.2913],[-72.2345,-39.2911],[-72.235,-39.2907],[-72.2343,-39.2918],[-72.2339,-39.2913],[-72.234,-39.2913]]]},"properties":{"OID":195,"MANZENT":9120031001020,"n_per":34,"n_hombres":15,"n_mujeres":19,"n_edad_0_5":2,"n_edad_6_1":6,"n_edad_14_":1,"n_edad_18_":2,"n_edad_25_":8,"n_edad_45_":9,"n_edad_60_":6,"n_transpor":3,"n_transp_1":3,"n_transp_2":7,"n_transp_3":0,"n_transp_4":0,"n_transp_5":0,"n_transp_6":1,"dim_acc":0,"dim_soc":0}},{"type":"Feature","id":196,"geometry":{"type":"Polygon","coordinates":[[[-72.2325,-39.2915],[-72.2323,-39.2917],[-72.2315,-39.2914],[-72.2313,-39.292],[-72.2316,-39.2914],[-72.2321,-39.2916],[-72.2317,-39.2921],[-72.2321,-39.2916],[-72.2323,-39.2917],[-72.2311,-39.2931],[-72.2298,-39.2927],[-72.2308,-39.2909],[-72.2325,-39.2915]]]},"properties":{"OID":196,"MANZENT":9120031001020,"n_per":82,"n_hombres":33,"n_mujeres":49,"n_edad_0_5":9,"n_edad_6_1":13,"n_edad_14_":1,"n_edad_18_":1,"n_edad_25_":31,"n_edad_45_":10,"n_edad_60_":17,"n_transpor":12,"n_transp_1":0,"n_transp_2":7,"n_transp_3":0,"n_transp_4":0,"n_transp_5":0,"n_transp_6":1,"dim_acc":0,"dim_soc":0}},{"type":"Feature","id":197,"geometry":{"type":"Polygon","coordinates":[[[-72.2344,-39.2918],[-72.2348,-39.2911],[-72.2355,-39.2914],[-72.235,-39.2921],[-72.2344,-39.2918]]]},"properties":{"OID":197,"MANZENT":9120031001020,"n_per":63,"n_hombres":29,"n_mujeres":34,"n_edad_0_5":2,"n_edad_6_1":10,"n_edad_14_":3,"n_edad_18_":5,"n_edad_25_":18,"n_edad_45_":10,"n_edad_60_":15,"n_transpor":7,"n_transp_1":2,"n_transp_2":9,"n_transp_3":0,"n_transp_4":0,"n_transp_5":0,"n_transp_6":0,"dim_acc":0,"dim_soc":0}},{"type":"Feature","id":198,"geometry":{"type":"Polygon","coordinates":[[[-72.2329,-39.2917],[-72.232,-39.2928],[-72.2318,-39.2927],[-72.2317,-39.2925],[-72.2326,-39.2916],[-72.2327,-39.2915],[-72.2329,-39.2917]]]},"properties":{"OID":198,"MANZENT":9120031001020,"n_per":65,"n_hombres":30,"n_mujeres":35,"n_edad_0_5":3,"n_edad_6_1":5,"n_edad_14_":2,"n_edad_18_":6,"n_edad_25_":21,"n_edad_45_":22,"n_edad_60_":6,"n_transpor":23,"n_transp_1":2,"n_transp_2":3,"n_transp_3":0,"n_transp_4":0,"n_transp_5":0,"n_transp_6":1,"dim_acc":0,"dim_soc":0}},{"type":"Feature","id":199,"geometry":{"type":"Polygon","coordinates":[[[-72.2333,-39.2918],[-72.2323,-39.293],[-72.232,-39.2928],[-72.233,-39.2917],[-72.2333,-39.2918]]]},"properties":{"OID":199,"MANZENT":9120031001020,"n_per":69,"n_hombres":26,"n_mujeres":43,"n_edad_0_5":1,"n_edad_6_1":7,"n_edad_14_":10,"n_edad_18_":8,"n_edad_25_":12,"n_edad_45_":18,"n_edad_60_":13,"n_transpor":19,"n_transp_1":3,"n_transp_2":1,"n_transp_3":0,"n_transp_4":0,"n_transp_5":0,"n_transp_6":1,"dim_acc":0,"dim_soc":0}},{"type":"Feature","id":200,"geometry":{"type":"Polygon","coordinates":[[[-72.2278,-39.2923],[-72.2272,-39.2927],[-72.2269,-39.2925],[-72.2275,-39.2921],[-72.2278,-39.2923]]]},"properties":{"OID":200,"MANZENT":9120031001020,"n_per":29,"n_hombres":13,"n_mujeres":16,"n_edad_0_5":0,"n_edad_6_1":2,"n_edad_14_":2,"n_edad_18_":4,"n_edad_25_":6,"n_edad_45_":2,"n_edad_60_":13,"n_transpor":6,"n_transp_1":1,"n_transp_2":6,"n_transp_3":0,"n_transp_4":0,"n_transp_5":0,"n_transp_6":0,"dim_acc":0,"dim_soc":0}},{"type":"Feature","id":201,"geometry":{"type":"Polygon","coordinates":[[[-72.2272,-39.2928],[-72.2278,-39.2923],[-72.2281,-39.2925],[-72.2275,-39.293],[-72.2272,-39.2928]]]},"properties":{"OID":201,"MANZENT":9120031001020,"n_per":30,"n_hombres":16,"n_mujeres":14,"n_edad_0_5":1,"n_edad_6_1":2,"n_edad_14_":1,"n_edad_18_":0,"n_edad_25_":11,"n_edad_45_":8,"n_edad_60_":7,"n_transpor":5,"n_transp_1":6,"n_transp_2":2,"n_transp_3":0,"n_transp_4":0,"n_transp_5":0,"n_transp_6":0,"dim_acc":0,"dim_soc":0}},{"type":"Feature","id":202,"geometry":{"type":"Polygon","coordinates":[[[-72.2269,-39.2925],[-72.2271,-39.2928],[-72.2267,-39.293],[-72.2265,-39.2931],[-72.2264,-39.2928],[-72.2269,-39.2925]]]},"properties":{"OID":202,"MANZENT":9120031001020,"n_per":25,"n_hombres":13,"n_mujeres":12,"n_edad_0_5":1,"n_edad_6_1":3,"n_edad_14_":1,"n_edad_18_":2,"n_edad_25_":5,"n_edad_45_":8,"n_edad_60_":5,"n_transpor":2,"n_transp_1":3,"n_transp_2":0,"n_transp_3":1,"n_transp_4":0,"n_transp_5":0,"n_transp_6":0,"dim_acc":0,"dim_soc":0}},{"type":"Feature","id":203,"geometry":{"type":"Polygon","coordinates":[[[-72.2272,-39.2928],[-72.2274,-39.293],[-72.2267,-39.2935],[-72.2265,-39.2931],[-72.2272,-39.2928]]]},"properties":{"OID":203,"MANZENT":9120031001030,"n_per":28,"n_hombres":10,"n_mujeres":18,"n_edad_0_5":0,"n_edad_6_1":5,"n_edad_14_":3,"n_edad_18_":4,"n_edad_25_":3,"n_edad_45_":9,"n_edad_60_":4,"n_transpor":6,"n_transp_1":1,"n_transp_2":1,"n_transp_3":0,"n_transp_4":1,"n_transp_5":0,"n_transp_6":0,"dim_acc":0.619891,"dim_soc":0.894268}},{"type":"Feature","id":204,"geometry":{"type":"Polygon","coordinates":[[[-72.2273,-39.2932],[-72.2276,-39.2934],[-72.2269,-39.2938],[-72.2267,-39.2936],[-72.2273,-39.2932]]]},"properties":{"OID":204,"MANZENT":9120031001030,"n_per":19,"n_hombres":8,"n_mujeres":11,"n_edad_0_5":2,"n_edad_6_1":1,"n_edad_14_":2,"n_edad_18_":1,"n_edad_25_":9,"n_edad_45_":1,"n_edad_60_":3,"n_transpor":1,"n_transp_1":0,"n_transp_2":3,"n_transp_3":0,"n_transp_4":0,"n_transp_5":0,"n_transp_6":1,"dim_acc":0.619891,"dim_soc":0.894268}},{"type":"Feature","id":205,"geometry":{"type":"Polygon","coordinates":[[[-72.2326,-39.297],[-72.232,-39.2967],[-72.2324,-39.2965],[-72.2331,-39.2961],[-72.2346,-39.295],[-72.2348,-39.295],[-72.2347,-39.2955],[-72.2326,-39.297]]]},"properties":{"OID":205,"MANZENT":9120031001030,"n_per":158,"n_hombres":76,"n_mujeres":82,"n_edad_0_5":13,"n_edad_6_1":24,"n_edad_14_":10,"n_edad_18_":13,"n_edad_25_":41,"n_edad_45_":29,"n_edad_60_":28,"n_transpor":33,"n_transp_1":10,"n_transp_2":6,"n_transp_3":1,"n_transp_4":1,"n_transp_5":0,"n_transp_6":0,"dim_acc":0.619891,"dim_soc":0.894268}},{"type":"Feature","id":206,"geometry":{"type":"Polygon","coordinates":[[[-72.2344,-39.2958],[-72.2347,-39.2956],[-72.2347,-39.2961],[-72.2332,-39.2972],[-72.2327,-39.2971],[-72.2344,-39.2958]]]},"properties":{"OID":206,"MANZENT":9120031001030,"n_per":89,"n_hombres":35,"n_mujeres":54,"n_edad_0_5":6,"n_edad_6_1":7,"n_edad_14_":12,"n_edad_18_":6,"n_edad_25_":25,"n_edad_45_":21,"n_edad_60_":12,"n_transpor":20,"n_transp_1":11,"n_transp_2":3,"n_transp_3":0,"n_transp_4":0,"n_transp_5":0,"n_transp_6":3,"dim_acc":0.619891,"dim_soc":0.894268}},{"type":"Feature","id":207,"geometry":{"type":"Polygon","coordinates":[[[-72.2333,-39.2972],[-72.2336,-39.297],[-72.2341,-39.297],[-72.2342,-39.2971],[-72.2342,-39.2965],[-72.2347,-39.2962],[-72.2346,-39.2974],[-72.2335,-39.2974],[-72.2333,-39.2972]]]},"properties":{"OID":207,"MANZENT":9120031001030,"n_per":86,"n_hombres":36,"n_mujeres":50,"n_edad_0_5":5,"n_edad_6_1":9,"n_edad_14_":10,"n_edad_18_":10,"n_edad_25_":16,"n_edad_45_":24,"n_edad_60_":12,"n_transpor":16,"n_transp_1":10,"n_transp_2":3,"n_transp_3":0,"n_transp_4":0,"n_transp_5":0,"n_transp_6":1,"dim_acc":0.619891,"dim_soc":0.894268}},{"type":"Feature","id":208,"geometry":{"type":"Polygon","coordinates":[[[-72.2329,-39.2974],[-72.233,-39.2973],[-72.2335,-39.2975],[-72.2346,-39.2976],[-72.2346,-39.2977],[-72.2339,-39.2982],[-72.2329,-39.2974]]]},"properties":{"OID":208,"MANZENT":9120031001040,"n_per":23,"n_hombres":11,"n_mujeres":12,"n_edad_0_5":0,"n_edad_6_1":1,"n_edad_14_":0,"n_edad_18_":2,"n_edad_25_":5,"n_edad_45_":8,"n_edad_60_":7,"n_transpor":4,"n_transp_1":2,"n_transp_2":1,"n_transp_3":0,"n_transp_4":0,"n_transp_5":0,"n_transp_6":0,"dim_acc":0,"dim_soc":0}},{"type":"Feature","id":209,"geometry":{"type":"Polygon","coordinates":[[[-72.2345,-39.2979],[-72.2348,-39.2976],[-72.2351,-39.2976],[-72.2351,-39.2979],[-72.2352,-39.2979],[-72.2352,-39.2976],[-72.2356,-39.2976],[-72.2356,-39.298],[-72.2356,-39.298],[-72.2356,-39.2976],[-72.2365,-39.2977],[-72.2348,-39.2987],[-72.2345,-39.2987],[-72.2343,-39.2986],[-72.235,-39.2981],[-72.2345,-39.2979]]]},"properties":{"OID":209,"MANZENT":9120031001040,"n_per":130,"n_hombres":72,"n_mujeres":58,"n_edad_0_5":10,"n_edad_6_1":16,"n_edad_14_":13,"n_edad_18_":14,"n_edad_25_":39,"n_edad_45_":27,"n_edad_60_":11,"n_transpor":22,"n_transp_1":16,"n_transp_2":4,"n_transp_3":0,"n_transp_4":0,"n_transp_5":0,"n_transp_6":8,"dim_acc":0,"dim_soc":0}},{"type":"Feature","id":210,"geometry":{"type":"Polygon","coordinates":[[[-72.2351,-39.2991],[-72.235,-39.2991],[-72.2348,-39.2989],[-72.2349,-39.2988],[-72.2366,-39.2978],[-72.2366,-39.2983],[-72.2351,-39.2991]]]},"properties":{"OID":210,"MANZENT":9120031001040,"n_per":33,"n_hombres":14,"n_mujeres":19,"n_edad_0_5":1,"n_edad_6_1":6,"n_edad_14_":5,"n_edad_18_":4,"n_edad_25_":7,"n_edad_45_":10,"n_edad_60_":0,"n_transpor":7,"n_transp_1":4,"n_transp_2":0,"n_transp_3":1,"n_transp_4":0,"n_transp_5":0,"n_transp_6":0,"dim_acc":0,"dim_soc":0}},{"type":"Feature","id":211,"geometry":{"type":"Polygon","coordinates":[[[-72.2343,-39.2986],[-72.234,-39.2983],[-72.2342,-39.2981],[-72.2344,-39.2979],[-72.2349,-39.2981],[-72.2343,-39.2986]]]},"properties":{"OID":211,"MANZENT":9120031001040,"n_per":27,"n_hombres":10,"n_mujeres":17,"n_edad_0_5":0,"n_edad_6_1":2,"n_edad_14_":4,"n_edad_18_":3,"n_edad_25_":6,"n_edad_45_":7,"n_edad_60_":5,"n_transpor":3,"n_transp_1":3,"n_transp_2":1,"n_transp_3":0,"n_transp_4":0,"n_transp_5":0,"n_transp_6":1,"dim_acc":0,"dim_soc":0}},{"type":"Feature","id":212,"geometry":{"type":"Polygon","coordinates":[[[-72.2366,-39.2993],[-72.236,-39.2987],[-72.2366,-39.2983],[-72.2368,-39.2987],[-72.2371,-39.299],[-72.2366,-39.2993]]]},"properties":{"OID":212,"MANZENT":9120031001040,"n_per":54,"n_hombres":27,"n_mujeres":27,"n_edad_0_5":6,"n_edad_6_1":6,"n_edad_14_":4,"n_edad_18_":4,"n_edad_25_":23,"n_edad_45_":11,"n_edad_60_":0,"n_transpor":4,"n_transp_1":1,"n_transp_2":0,"n_transp_3":0,"n_transp_4":0,"n_transp_5":0,"n_transp_6":1,"dim_acc":0,"dim_soc":0}},{"type":"Feature","id":213,"geometry":{"type":"Polygon","coordinates":[[[-72.2362,-39.2996],[-72.2356,-39.299],[-72.2359,-39.2987],[-72.2365,-39.2994],[-72.2362,-39.2996]]]},"properties":{"OID":213,"MANZENT":9120031001040,"n_per":39,"n_hombres":18,"n_mujeres":21,"n_edad_0_5":3,"n_edad_6_1":2,"n_edad_14_":4,"n_edad_18_":4,"n_edad_25_":20,"n_edad_45_":5,"n_edad_60_":1,"n_transpor":16,"n_transp_1":2,"n_transp_2":1,"n_transp_3":0,"n_transp_4":0,"n_transp_5":0,"n_transp_6":5,"dim_acc":0,"dim_soc":0}},{"type":"Feature","id":214,"geometry":{"type":"Polygon","coordinates":[[[-72.2359,-39.2997],[-72.235,-39.2992],[-72.2355,-39.299],[-72.2361,-39.2996],[-72.2359,-39.2997]]]},"properties":{"OID":214,"MANZENT":9120031001040,"n_per":32,"n_hombres":16,"n_mujeres":16,"n_edad_0_5":4,"n_edad_6_1":5,"n_edad_14_":1,"n_edad_18_":2,"n_edad_25_":13,"n_edad_45_":5,"n_edad_60_":2,"n_transpor":16,"n_transp_1":1,"n_transp_2":0,"n_transp_3":0,"n_transp_4":0,"n_transp_5":0,"n_transp_6":0,"dim_acc":0,"dim_soc":0}},{"type":"Feature","id":215,"geometry":{"type":"Polygon","coordinates":[[[-72.2323,-39.2999],[-72.2328,-39.2996],[-72.234,-39.2994],[-72.2346,-39.2991],[-72.2353,-39.2995],[-72.2366,-39.3001],[-72.2371,-39.3002],[-72.2378,-39.2998],[-72.2383,-39.3003],[-72.2381,-39.3003],[-72.2379,-39.3],[-72.2371,-39.3005],[-72.2364,-39.3003],[-72.2357,-39.2999],[-72.235,-39.3004],[-72.2356,-39.301],[-72.2357,-39.3014],[-72.2361,-39.3018],[-72.2334,-39.3021],[-72.2335,-39.3016],[-72.2334,-39.3013],[-72.2323,-39.2999]]]},"properties":{"OID":215,"MANZENT":9120031001050,"n_per":63,"n_hombres":24,"n_mujeres":39,"n_edad_0_5":6,"n_edad_6_1":10,"n_edad_14_":2,"n_edad_18_":5,"n_edad_25_":26,"n_edad_45_":8,"n_edad_60_":6,"n_transpor":13,"n_transp_1":8,"n_transp_2":5,"n_transp_3":1,"n_transp_4":0,"n_transp_5":0,"n_transp_6":3,"dim_acc":0,"dim_soc":0}},{"type":"Feature","id":216,"geometry":{"type":"Polygon","coordinates":[[[-72.2373,-39.3],[-72.2366,-39.2994],[-72.2371,-39.2991],[-72.2377,-39.2997],[-72.2373,-39.3]]]},"properties":{"OID":216,"MANZENT":9120031001050,"n_per":52,"n_hombres":29,"n_mujeres":23,"n_edad_0_5":6,"n_edad_6_1":12,"n_edad_14_":2,"n_edad_18_":5,"n_edad_25_":22,"n_edad_45_":4,"n_edad_60_":1,"n_transpor":9,"n_transp_1":5,"n_transp_2":3,"n_transp_3":0,"n_transp_4":0,"n_transp_5":0,"n_transp_6":0,"dim_acc":0,"dim_soc":0}},{"type":"Feature","id":217,"geometry":{"type":"Polygon","coordinates":[[[-72.2369,-39.3002],[-72.2365,-39.3001],[-72.2363,-39.2999],[-72.2367,-39.2996],[-72.2372,-39.3001],[-72.2369,-39.3002]]]},"properties":{"OID":217,"MANZENT":9120031001050,"n_per":13,"n_hombres":5,"n_mujeres":8,"n_edad_0_5":1,"n_edad_6_1":2,"n_edad_14_":0,"n_edad_18_":0,"n_edad_25_":9,"n_edad_45_":1,"n_edad_60_":0,"n_transpor":7,"n_transp_1":2,"n_transp_2":0,"n_transp_3":0,"n_transp_4":0,"n_transp_5":0,"n_transp_6":0,"dim_acc":0,"dim_soc":0}},{"type":"Feature","id":218,"geometry":{"type":"MultiPolygon","coordinates":[[[[-72.2304,-39.2964],[-72.23,-39.2958],[-72.2306,-39.2962],[-72.2304,-39.2964]]],[[[-72.2286,-39.296],[-72.2284,-39.2956],[-72.2284,-39.2953],[-72.2298,-39.2927],[-72.2309,-39.2931],[-72.2314,-39.2935],[-72.2297,-39.2954],[-72.2297,-39.2956],[-72.2293,-39.296],[-72.2297,-39.2957],[-72.23,-39.296],[-72.2296,-39.2964],[-72.23,-39.2961],[-72.2303,-39.2964],[-72.2306,-39.2962],[-72.2318,-39.2968],[-72.2318,-39.2968],[-72.2321,-39.297],[-72.232,-39.2973],[-72.2322,-39.2977],[-72.2323,-39.2977],[-72.2321,-39.2971],[-72.2322,-39.297],[-72.2324,-39.2971],[-72.2338,-39.2983],[-72.2335,-39.2985],[-72.2331,-39.2983],[-72.2328,-39.298],[-72.2328,-39.298],[-72.2331,-39.2984],[-72.2339,-39.2989],[-72.234,-39.2989],[-72.2335,-39.2986],[-72.2339,-39.2984],[-72.2344,-39.2988],[-72.2344,-39.299],[-72.234,-39.2993],[-72.233,-39.2994],[-72.2322,-39.2998],[-72.2311,-39.2985],[-72.2299,-39.2977],[-72.2306,-39.2974],[-72.2311,-39.2977],[-72.2314,-39.298],[-72.2312,-39.2977],[-72.2306,-39.2974],[-72.2298,-39.2976],[-72.2286,-39.296]]]]},"properties":{"OID":218,"MANZENT":9120031001030,"n_per":327,"n_hombres":157,"n_mujeres":170,"n_edad_0_5":18,"n_edad_6_1":29,"n_edad_14_":21,"n_edad_18_":29,"n_edad_25_":78,"n_edad_45_":76,"n_edad_60_":76,"n_transpor":43,"n_transp_1":29,"n_transp_2":15,"n_transp_3":2,"n_transp_4":0,"n_transp_5":0,"n_transp_6":6,"dim_acc":0.619891,"dim_soc":0.894268}},{"type":"Feature","id":219,"geometry":{"type":"Polygon","coordinates":[[[-72.2242,-39.2895],[-72.2245,-39.2893],[-72.225,-39.29],[-72.2241,-39.2907],[-72.2242,-39.2907],[-72.2251,-39.2901],[-72.2253,-39.2904],[-72.2241,-39.2912],[-72.223,-39.2903],[-72.2242,-39.2895]]]},"properties":{"OID":219,"MANZENT":9120031002000,"n_per":107,"n_hombres":53,"n_mujeres":54,"n_edad_0_5":5,"n_edad_6_1":10,"n_edad_14_":2,"n_edad_18_":5,"n_edad_25_":28,"n_edad_45_":21,"n_edad_60_":36,"n_transpor":17,"n_transp_1":11,"n_transp_2":11,"n_transp_3":0,"n_transp_4":0,"n_transp_5":0,"n_transp_6":1,"dim_acc":0,"dim_soc":0}},{"type":"Feature","id":220,"geometry":{"type":"Polygon","coordinates":[[[-72.2212,-39.2916],[-72.2217,-39.2912],[-72.2229,-39.2903],[-72.2243,-39.2915],[-72.2234,-39.2922],[-72.2231,-39.2919],[-72.2234,-39.2922],[-72.2224,-39.293],[-72.2212,-39.2931],[-72.2203,-39.2923],[-72.2207,-39.2919],[-72.221,-39.2921],[-72.2207,-39.2919],[-72.2212,-39.2916]]]},"properties":{"OID":220,"MANZENT":9120031002000,"n_per":150,"n_hombres":63,"n_mujeres":87,"n_edad_0_5":8,"n_edad_6_1":10,"n_edad_14_":12,"n_edad_18_":9,"n_edad_25_":36,"n_edad_45_":28,"n_edad_60_":47,"n_transpor":16,"n_transp_1":7,"n_transp_2":6,"n_transp_3":1,"n_transp_4":0,"n_transp_5":0,"n_transp_6":2,"dim_acc":0,"dim_soc":0}},{"type":"Feature","id":221,"geometry":{"type":"Polygon","coordinates":[[[-72.2247,-39.2909],[-72.2253,-39.2904],[-72.2259,-39.2912],[-72.225,-39.292],[-72.2241,-39.2913],[-72.2246,-39.2909],[-72.2251,-39.2915],[-72.2247,-39.2909]]]},"properties":{"OID":221,"MANZENT":9120031002000,"n_per":102,"n_hombres":46,"n_mujeres":56,"n_edad_0_5":5,"n_edad_6_1":7,"n_edad_14_":8,"n_edad_18_":4,"n_edad_25_":26,"n_edad_45_":13,"n_edad_60_":39,"n_transpor":12,"n_transp_1":5,"n_transp_2":11,"n_transp_3":0,"n_transp_4":2,"n_transp_5":0,"n_transp_6":0,"dim_acc":0,"dim_soc":0}},{"type":"Feature","id":222,"geometry":{"type":"Polygon","coordinates":[[[-72.225,-39.292],[-72.2259,-39.2914],[-72.2262,-39.2923],[-72.2257,-39.2926],[-72.225,-39.292]]]},"properties":{"OID":222,"MANZENT":9120031002000,"n_per":45,"n_hombres":19,"n_mujeres":26,"n_edad_0_5":1,"n_edad_6_1":3,"n_edad_14_":3,"n_edad_18_":4,"n_edad_25_":9,"n_edad_45_":10,"n_edad_60_":15,"n_transpor":6,"n_transp_1":5,"n_transp_2":5,"n_transp_3":0,"n_transp_4":0,"n_transp_5":0,"n_transp_6":2,"dim_acc":0,"dim_soc":0}},{"type":"Feature","id":223,"geometry":{"type":"Polygon","coordinates":[[[-72.2235,-39.2922],[-72.2244,-39.2916],[-72.2249,-39.292],[-72.2241,-39.2927],[-72.2235,-39.2922]]]},"properties":{"OID":223,"MANZENT":9120031002000,"n_per":73,"n_hombres":45,"n_mujeres":28,"n_edad_0_5":4,"n_edad_6_1":6,"n_edad_14_":6,"n_edad_18_":7,"n_edad_25_":26,"n_edad_45_":10,"n_edad_60_":14,"n_transpor":10,"n_transp_1":5,"n_transp_2":5,"n_transp_3":0,"n_transp_4":0,"n_transp_5":0,"n_transp_6":1,"dim_acc":0,"dim_soc":0}},{"type":"Feature","id":224,"geometry":{"type":"Polygon","coordinates":[[[-72.225,-39.2921],[-72.2257,-39.2927],[-72.2249,-39.2933],[-72.2241,-39.2927],[-72.225,-39.2921]]]},"properties":{"OID":224,"MANZENT":9120031002010,"n_per":68,"n_hombres":33,"n_mujeres":35,"n_edad_0_5":2,"n_edad_6_1":6,"n_edad_14_":2,"n_edad_18_":5,"n_edad_25_":22,"n_edad_45_":10,"n_edad_60_":21,"n_transpor":7,"n_transp_1":7,"n_transp_2":6,"n_transp_3":0,"n_transp_4":0,"n_transp_5":0,"n_transp_6":1,"dim_acc":0.694537,"dim_soc":0.799884}},{"type":"Feature","id":225,"geometry":{"type":"Polygon","coordinates":[[[-72.2228,-39.2935],[-72.2224,-39.293],[-72.2235,-39.2923],[-72.224,-39.2927],[-72.223,-39.2935],[-72.2228,-39.2935]]]},"properties":{"OID":225,"MANZENT":9120031002010,"n_per":75,"n_hombres":43,"n_mujeres":32,"n_edad_0_5":1,"n_edad_6_1":4,"n_edad_14_":4,"n_edad_18_":11,"n_edad_25_":21,"n_edad_45_":12,"n_edad_60_":22,"n_transpor":10,"n_transp_1":6,"n_transp_2":7,"n_transp_3":0,"n_transp_4":0,"n_transp_5":0,"n_transp_6":0,"dim_acc":0.694537,"dim_soc":0.799884}},{"type":"Feature","id":226,"geometry":{"type":"Polygon","coordinates":[[[-72.2201,-39.2924],[-72.2202,-39.2923],[-72.2209,-39.293],[-72.2208,-39.2932],[-72.2209,-39.2939],[-72.2207,-39.294],[-72.2207,-39.294],[-72.2208,-39.294],[-72.2209,-39.2945],[-72.2185,-39.2947],[-72.2179,-39.2946],[-72.2168,-39.2943],[-72.2185,-39.2935],[-72.2201,-39.2924]]]},"properties":{"OID":226,"MANZENT":9120031002010,"n_per":54,"n_hombres":28,"n_mujeres":26,"n_edad_0_5":5,"n_edad_6_1":3,"n_edad_14_":5,"n_edad_18_":8,"n_edad_25_":10,"n_edad_45_":14,"n_edad_60_":9,"n_transpor":6,"n_transp_1":5,"n_transp_2":8,"n_transp_3":0,"n_transp_4":0,"n_transp_5":0,"n_transp_6":2,"dim_acc":0.694537,"dim_soc":0.799884}},{"type":"Feature","id":227,"geometry":{"type":"Polygon","coordinates":[[[-72.2257,-39.2928],[-72.2262,-39.2924],[-72.2265,-39.2935],[-72.2255,-39.2939],[-72.2249,-39.2934],[-72.2257,-39.2928]]]},"properties":{"OID":227,"MANZENT":9120031002010,"n_per":42,"n_hombres":21,"n_mujeres":21,"n_edad_0_5":3,"n_edad_6_1":8,"n_edad_14_":0,"n_edad_18_":3,"n_edad_25_":12,"n_edad_45_":6,"n_edad_60_":10,"n_transpor":4,"n_transp_1":4,"n_transp_2":6,"n_transp_3":3,"n_transp_4":0,"n_transp_5":0,"n_transp_6":0,"dim_acc":0.694537,"dim_soc":0.799884}},{"type":"Feature","id":228,"geometry":{"type":"Polygon","coordinates":[[[-72.2227,-39.2937],[-72.2227,-39.2936],[-72.2231,-39.2935],[-72.224,-39.2928],[-72.2248,-39.2934],[-72.2234,-39.2944],[-72.2232,-39.2945],[-72.2228,-39.2943],[-72.223,-39.2942],[-72.2222,-39.2943],[-72.2221,-39.2939],[-72.2233,-39.2938],[-72.2227,-39.2938],[-72.2227,-39.2937]]]},"properties":{"OID":228,"MANZENT":9120031002010,"n_per":150,"n_hombres":82,"n_mujeres":68,"n_edad_0_5":4,"n_edad_6_1":9,"n_edad_14_":9,"n_edad_18_":14,"n_edad_25_":34,"n_edad_45_":32,"n_edad_60_":48,"n_transpor":16,"n_transp_1":12,"n_transp_2":12,"n_transp_3":5,"n_transp_4":0,"n_transp_5":0,"n_transp_6":0,"dim_acc":0.694537,"dim_soc":0.799884}},{"type":"Feature","id":229,"geometry":{"type":"Polygon","coordinates":[[[-72.2221,-39.2938],[-72.222,-39.2931],[-72.2224,-39.293],[-72.2226,-39.2935],[-72.2226,-39.2938],[-72.2221,-39.2938]]]},"properties":{"OID":229,"MANZENT":9120031002010,"n_per":50,"n_hombres":23,"n_mujeres":27,"n_edad_0_5":2,"n_edad_6_1":7,"n_edad_14_":2,"n_edad_18_":5,"n_edad_25_":12,"n_edad_45_":11,"n_edad_60_":11,"n_transpor":5,"n_transp_1":1,"n_transp_2":4,"n_transp_3":0,"n_transp_4":1,"n_transp_5":0,"n_transp_6":0,"dim_acc":0.694537,"dim_soc":0.799884}},{"type":"Feature","id":230,"geometry":{"type":"Polygon","coordinates":[[[-72.222,-39.2939],[-72.2215,-39.2939],[-72.2214,-39.2931],[-72.2219,-39.2931],[-72.222,-39.2939]]]},"properties":{"OID":230,"MANZENT":9120031002010,"n_per":53,"n_hombres":25,"n_mujeres":28,"n_edad_0_5":3,"n_edad_6_1":8,"n_edad_14_":2,"n_edad_18_":2,"n_edad_25_":15,"n_edad_45_":11,"n_edad_60_":12,"n_transpor":0,"n_transp_1":3,"n_transp_2":0,"n_transp_3":1,"n_transp_4":0,"n_transp_5":0,"n_transp_6":0,"dim_acc":0.694537,"dim_soc":0.799884}},{"type":"Feature","id":231,"geometry":{"type":"Polygon","coordinates":[[[-72.2213,-39.2931],[-72.2214,-39.2939],[-72.2209,-39.2939],[-72.2208,-39.2932],[-72.221,-39.2931],[-72.2213,-39.2931]]]},"properties":{"OID":231,"MANZENT":9120031002010,"n_per":50,"n_hombres":24,"n_mujeres":26,"n_edad_0_5":3,"n_edad_6_1":5,"n_edad_14_":0,"n_edad_18_":3,"n_edad_25_":18,"n_edad_45_":9,"n_edad_60_":12,"n_transpor":10,"n_transp_1":2,"n_transp_2":6,"n_transp_3":0,"n_transp_4":0,"n_transp_5":0,"n_transp_6":0,"dim_acc":0.694537,"dim_soc":0.799884}},{"type":"Feature","id":232,"geometry":{"type":"Polygon","coordinates":[[[-72.2238,-39.2942],[-72.2249,-39.2934],[-72.2255,-39.2939],[-72.2246,-39.2943],[-72.2245,-39.2943],[-72.2247,-39.2946],[-72.2236,-39.2945],[-72.2236,-39.2944],[-72.2238,-39.2942]]]},"properties":{"OID":232,"MANZENT":9120031002010,"n_per":67,"n_hombres":36,"n_mujeres":31,"n_edad_0_5":2,"n_edad_6_1":6,"n_edad_14_":3,"n_edad_18_":5,"n_edad_25_":19,"n_edad_45_":12,"n_edad_60_":20,"n_transpor":10,"n_transp_1":4,"n_transp_2":8,"n_transp_3":2,"n_transp_4":0,"n_transp_5":0,"n_transp_6":3,"dim_acc":0.694537,"dim_soc":0.799884}},{"type":"Feature","id":233,"geometry":{"type":"Polygon","coordinates":[[[-72.2267,-39.2944],[-72.2261,-39.2938],[-72.2266,-39.2936],[-72.2271,-39.2941],[-72.2267,-39.2944]]]},"properties":{"OID":233,"MANZENT":9120031002020,"n_per":29,"n_hombres":17,"n_mujeres":12,"n_edad_0_5":2,"n_edad_6_1":5,"n_edad_14_":2,"n_edad_18_":0,"n_edad_25_":6,"n_edad_45_":7,"n_edad_60_":7,"n_transpor":3,"n_transp_1":2,"n_transp_2":3,"n_transp_3":0,"n_transp_4":0,"n_transp_5":0,"n_transp_6":0,"dim_acc":0,"dim_soc":0}},{"type":"Feature","id":234,"geometry":{"type":"Polygon","coordinates":[[[-72.2263,-39.2946],[-72.2256,-39.2939],[-72.2261,-39.2938],[-72.2267,-39.2944],[-72.2263,-39.2946]]]},"properties":{"OID":234,"MANZENT":9120031002020,"n_per":47,"n_hombres":21,"n_mujeres":26,"n_edad_0_5":3,"n_edad_6_1":5,"n_edad_14_":4,"n_edad_18_":4,"n_edad_25_":14,"n_edad_45_":8,"n_edad_60_":9,"n_transpor":6,"n_transp_1":3,"n_transp_2":2,"n_transp_3":0,"n_transp_4":0,"n_transp_5":0,"n_transp_6":1,"dim_acc":0,"dim_soc":0}},{"type":"Feature","id":235,"geometry":{"type":"Polygon","coordinates":[[[-72.2209,-39.294],[-72.222,-39.2939],[-72.2221,-39.2943],[-72.221,-39.2944],[-72.2209,-39.294]]]},"properties":{"OID":235,"MANZENT":9120031002020,"n_per":46,"n_hombres":21,"n_mujeres":25,"n_edad_0_5":6,"n_edad_6_1":5,"n_edad_14_":3,"n_edad_18_":5,"n_edad_25_":12,"n_edad_45_":6,"n_edad_60_":9,"n_transpor":10,"n_transp_1":6,"n_transp_2":0,"n_transp_3":0,"n_transp_4":0,"n_transp_5":0,"n_transp_6":0,"dim_acc":0,"dim_soc":0}},{"type":"Feature","id":236,"geometry":{"type":"Polygon","coordinates":[[[-72.2256,-39.2947],[-72.2251,-39.2941],[-72.2255,-39.294],[-72.2262,-39.2946],[-72.226,-39.2947],[-72.2256,-39.2947]]]},"properties":{"OID":236,"MANZENT":9120031002020,"n_per":52,"n_hombres":28,"n_mujeres":24,"n_edad_0_5":3,"n_edad_6_1":5,"n_edad_14_":1,"n_edad_18_":2,"n_edad_25_":18,"n_edad_45_":10,"n_edad_60_":13,"n_transpor":5,"n_transp_1":3,"n_transp_2":5,"n_transp_3":1,"n_transp_4":0,"n_transp_5":0,"n_transp_6":2,"dim_acc":0,"dim_soc":0}},{"type":"Feature","id":237,"geometry":{"type":"Polygon","coordinates":[[[-72.2267,-39.2945],[-72.2271,-39.2942],[-72.2275,-39.2945],[-72.2265,-39.2949],[-72.2263,-39.2946],[-72.2267,-39.2945]]]},"properties":{"OID":237,"MANZENT":9120031002020,"n_per":19,"n_hombres":9,"n_mujeres":10,"n_edad_0_5":1,"n_edad_6_1":0,"n_edad_14_":0,"n_edad_18_":2,"n_edad_25_":1,"n_edad_45_":4,"n_edad_60_":11,"n_transpor":1,"n_transp_1":2,"n_transp_2":2,"n_transp_3":0,"n_transp_4":0,"n_transp_5":0,"n_transp_6":0,"dim_acc":0,"dim_soc":0}},{"type":"Feature","id":238,"geometry":{"type":"Polygon","coordinates":[[[-72.2248,-39.2946],[-72.2246,-39.2943],[-72.225,-39.2942],[-72.2255,-39.2947],[-72.2248,-39.2946]]]},"properties":{"OID":238,"MANZENT":9120031002020,"n_per":27,"n_hombres":14,"n_mujeres":13,"n_edad_0_5":1,"n_edad_6_1":1,"n_edad_14_":2,"n_edad_18_":2,"n_edad_25_":5,"n_edad_45_":7,"n_edad_60_":9,"n_transpor":3,"n_transp_1":1,"n_transp_2":4,"n_transp_3":1,"n_transp_4":0,"n_transp_5":0,"n_transp_6":0,"dim_acc":0,"dim_soc":0}},{"type":"Feature","id":239,"geometry":{"type":"Polygon","coordinates":[[[-72.2228,-39.2946],[-72.2235,-39.2945],[-72.2236,-39.2949],[-72.2229,-39.295],[-72.2228,-39.2946]]]},"properties":{"OID":239,"MANZENT":9120031002020,"n_per":21,"n_hombres":10,"n_mujeres":11,"n_edad_0_5":2,"n_edad_6_1":1,"n_edad_14_":1,"n_edad_18_":1,"n_edad_25_":6,"n_edad_45_":8,"n_edad_60_":2,"n_transpor":4,"n_transp_1":0,"n_transp_2":5,"n_transp_3":1,"n_transp_4":0,"n_transp_5":0,"n_transp_6":1,"dim_acc":0,"dim_soc":0}},{"type":"Feature","id":240,"geometry":{"type":"Polygon","coordinates":[[[-72.2223,-39.2955],[-72.2222,-39.2946],[-72.2227,-39.2946],[-72.2228,-39.2954],[-72.2223,-39.2955]]]},"properties":{"OID":240,"MANZENT":9120031002020,"n_per":43,"n_hombres":23,"n_mujeres":20,"n_edad_0_5":2,"n_edad_6_1":5,"n_edad_14_":2,"n_edad_18_":3,"n_edad_25_":9,"n_edad_45_":12,"n_edad_60_":10,"n_transpor":3,"n_transp_1":4,"n_transp_2":5,"n_transp_3":1,"n_transp_4":0,"n_transp_5":0,"n_transp_6":1,"dim_acc":0,"dim_soc":0}},{"type":"Feature","id":241,"geometry":{"type":"Polygon","coordinates":[[[-72.224,-39.2946],[-72.2243,-39.2953],[-72.2237,-39.2954],[-72.2236,-39.2946],[-72.224,-39.2946]]]},"properties":{"OID":241,"MANZENT":9120031002020,"n_per":47,"n_hombres":22,"n_mujeres":25,"n_edad_0_5":2,"n_edad_6_1":3,"n_edad_14_":0,"n_edad_18_":6,"n_edad_25_":19,"n_edad_45_":8,"n_edad_60_":9,"n_transpor":4,"n_transp_1":3,"n_transp_2":7,"n_transp_3":1,"n_transp_4":0,"n_transp_5":0,"n_transp_6":1,"dim_acc":0,"dim_soc":0}},{"type":"Feature","id":242,"geometry":{"type":"Polygon","coordinates":[[[-72.2241,-39.2946],[-72.2248,-39.2947],[-72.2253,-39.2954],[-72.2246,-39.2958],[-72.2241,-39.2946]]]},"properties":{"OID":242,"MANZENT":9120031002030,"n_per":58,"n_hombres":27,"n_mujeres":31,"n_edad_0_5":2,"n_edad_6_1":4,"n_edad_14_":1,"n_edad_18_":4,"n_edad_25_":17,"n_edad_45_":13,"n_edad_60_":17,"n_transpor":4,"n_transp_1":12,"n_transp_2":6,"n_transp_3":1,"n_transp_4":0,"n_transp_5":0,"n_transp_6":1,"dim_acc":0.688665,"dim_soc":0.837886}},{"type":"Feature","id":243,"geometry":{"type":"Polygon","coordinates":[[[-72.2221,-39.2946],[-72.2221,-39.295],[-72.2212,-39.2951],[-72.2212,-39.2947],[-72.2221,-39.2946]]]},"properties":{"OID":243,"MANZENT":9120031002030,"n_per":34,"n_hombres":16,"n_mujeres":18,"n_edad_0_5":1,"n_edad_6_1":1,"n_edad_14_":2,"n_edad_18_":2,"n_edad_25_":4,"n_edad_45_":13,"n_edad_60_":11,"n_transpor":2,"n_transp_1":2,"n_transp_2":6,"n_transp_3":0,"n_transp_4":0,"n_transp_5":0,"n_transp_6":1,"dim_acc":0.688665,"dim_soc":0.837886}},{"type":"Feature","id":244,"geometry":{"type":"Polygon","coordinates":[[[-72.2249,-39.2947],[-72.2255,-39.2947],[-72.2262,-39.2946],[-72.2265,-39.2949],[-72.2254,-39.2954],[-72.2249,-39.2947]]]},"properties":{"OID":244,"MANZENT":9120031002030,"n_per":53,"n_hombres":28,"n_mujeres":25,"n_edad_0_5":3,"n_edad_6_1":4,"n_edad_14_":1,"n_edad_18_":3,"n_edad_25_":21,"n_edad_45_":10,"n_edad_60_":11,"n_transpor":7,"n_transp_1":7,"n_transp_2":5,"n_transp_3":1,"n_transp_4":0,"n_transp_5":0,"n_transp_6":1,"dim_acc":0.688665,"dim_soc":0.837886}},{"type":"Feature","id":245,"geometry":{"type":"Polygon","coordinates":[[[-72.2211,-39.2951],[-72.2197,-39.2953],[-72.2195,-39.2947],[-72.221,-39.2947],[-72.2211,-39.2951]]]},"properties":{"OID":245,"MANZENT":9120031002030,"n_per":78,"n_hombres":38,"n_mujeres":40,"n_edad_0_5":3,"n_edad_6_1":15,"n_edad_14_":3,"n_edad_18_":4,"n_edad_25_":25,"n_edad_45_":8,"n_edad_60_":20,"n_transpor":9,"n_transp_1":8,"n_transp_2":7,"n_transp_3":0,"n_transp_4":1,"n_transp_5":0,"n_transp_6":1,"dim_acc":0.688665,"dim_soc":0.837886}},{"type":"Feature","id":246,"geometry":{"type":"Polygon","coordinates":[[[-72.2186,-39.2949],[-72.2186,-39.2948],[-72.219,-39.2947],[-72.2191,-39.295],[-72.2192,-39.295],[-72.2191,-39.2947],[-72.2194,-39.2947],[-72.2195,-39.2953],[-72.219,-39.2953],[-72.219,-39.2954],[-72.2196,-39.2953],[-72.2196,-39.2957],[-72.2191,-39.2957],[-72.2191,-39.2958],[-72.2196,-39.2957],[-72.2197,-39.2961],[-72.2191,-39.2961],[-72.2189,-39.2961],[-72.2186,-39.2949]]]},"properties":{"OID":246,"MANZENT":9120031002030,"n_per":117,"n_hombres":64,"n_mujeres":53,"n_edad_0_5":5,"n_edad_6_1":8,"n_edad_14_":1,"n_edad_18_":7,"n_edad_25_":34,"n_edad_45_":15,"n_edad_60_":47,"n_transpor":16,"n_transp_1":19,"n_transp_2":4,"n_transp_3":3,"n_transp_4":1,"n_transp_5":0,"n_transp_6":1,"dim_acc":0.688665,"dim_soc":0.837886}},{"type":"Feature","id":247,"geometry":{"type":"Polygon","coordinates":[[[-72.2236,-39.2953],[-72.2232,-39.2954],[-72.2231,-39.295],[-72.2236,-39.295],[-72.2236,-39.2953]]]},"properties":{"OID":247,"MANZENT":9120031002030,"n_per":18,"n_hombres":11,"n_mujeres":7,"n_edad_0_5":1,"n_edad_6_1":0,"n_edad_14_":1,"n_edad_18_":1,"n_edad_25_":2,"n_edad_45_":7,"n_edad_60_":6,"n_transpor":2,"n_transp_1":4,"n_transp_2":2,"n_transp_3":0,"n_transp_4":0,"n_transp_5":0,"n_transp_6":0,"dim_acc":0.688665,"dim_soc":0.837886}},{"type":"Feature","id":248,"geometry":{"type":"Polygon","coordinates":[[[-72.2212,-39.2955],[-72.2212,-39.2951],[-72.2222,-39.2951],[-72.2222,-39.2955],[-72.2212,-39.2955]]]},"properties":{"OID":248,"MANZENT":9120031002030,"n_per":50,"n_hombres":28,"n_mujeres":22,"n_edad_0_5":4,"n_edad_6_1":6,"n_edad_14_":3,"n_edad_18_":4,"n_edad_25_":17,"n_edad_45_":6,"n_edad_60_":10,"n_transpor":6,"n_transp_1":2,"n_transp_2":4,"n_transp_3":0,"n_transp_4":0,"n_transp_5":0,"n_transp_6":1,"dim_acc":0.688665,"dim_soc":0.837886}},{"type":"Feature","id":249,"geometry":{"type":"Polygon","coordinates":[[[-72.2211,-39.2952],[-72.2211,-39.2955],[-72.2197,-39.2956],[-72.2197,-39.2953],[-72.2211,-39.2952]]]},"properties":{"OID":249,"MANZENT":9120031002040,"n_per":66,"n_hombres":26,"n_mujeres":40,"n_edad_0_5":6,"n_edad_6_1":5,"n_edad_14_":2,"n_edad_18_":4,"n_edad_25_":16,"n_edad_45_":12,"n_edad_60_":21,"n_transpor":7,"n_transp_1":7,"n_transp_2":7,"n_transp_3":0,"n_transp_4":0,"n_transp_5":0,"n_transp_6":1,"dim_acc":0,"dim_soc":0}},{"type":"Feature","id":250,"geometry":{"type":"Polygon","coordinates":[[[-72.2238,-39.2958],[-72.2237,-39.2954],[-72.2244,-39.2954],[-72.2245,-39.2958],[-72.2238,-39.2958]]]},"properties":{"OID":250,"MANZENT":9120031002040,"n_per":33,"n_hombres":16,"n_mujeres":17,"n_edad_0_5":2,"n_edad_6_1":2,"n_edad_14_":2,"n_edad_18_":3,"n_edad_25_":7,"n_edad_45_":10,"n_edad_60_":7,"n_transpor":6,"n_transp_1":6,"n_transp_2":1,"n_transp_3":0,"n_transp_4":0,"n_transp_5":0,"n_transp_6":1,"dim_acc":0,"dim_soc":0}},{"type":"Feature","id":251,"geometry":{"type":"Polygon","coordinates":[[[-72.2237,-39.2958],[-72.223,-39.2959],[-72.2229,-39.2955],[-72.2236,-39.2954],[-72.2237,-39.2958]]]},"properties":{"OID":251,"MANZENT":9120031002040,"n_per":35,"n_hombres":14,"n_mujeres":21,"n_edad_0_5":0,"n_edad_6_1":4,"n_edad_14_":2,"n_edad_18_":4,"n_edad_25_":10,"n_edad_45_":4,"n_edad_60_":11,"n_transpor":4,"n_transp_1":6,"n_transp_2":2,"n_transp_3":0,"n_transp_4":0,"n_transp_5":0,"n_transp_6":1,"dim_acc":0,"dim_soc":0}},{"type":"Feature","id":252,"geometry":{"type":"Polygon","coordinates":[[[-72.2224,-39.2959],[-72.2223,-39.2955],[-72.2228,-39.2955],[-72.2229,-39.2959],[-72.2224,-39.2959]]]},"properties":{"OID":252,"MANZENT":9120031002040,"n_per":26,"n_hombres":11,"n_mujeres":15,"n_edad_0_5":1,"n_edad_6_1":1,"n_edad_14_":2,"n_edad_18_":3,"n_edad_25_":6,"n_edad_45_":5,"n_edad_60_":8,"n_transpor":1,"n_transp_1":4,"n_transp_2":1,"n_transp_3":0,"n_transp_4":0,"n_transp_5":0,"n_transp_6":2,"dim_acc":0,"dim_soc":0}},{"type":"Feature","id":253,"geometry":{"type":"Polygon","coordinates":[[[-72.2213,-39.296],[-72.2212,-39.2956],[-72.2222,-39.2955],[-72.2222,-39.2959],[-72.2213,-39.296]]]},"properties":{"OID":253,"MANZENT":9120031002040,"n_per":61,"n_hombres":27,"n_mujeres":34,"n_edad_0_5":4,"n_edad_6_1":3,"n_edad_14_":6,"n_edad_18_":8,"n_edad_25_":13,"n_edad_45_":10,"n_edad_60_":17,"n_transpor":1,"n_transp_1":8,"n_transp_2":5,"n_transp_3":0,"n_transp_4":0,"n_transp_5":0,"n_transp_6":0,"dim_acc":0,"dim_soc":0}},{"type":"Feature","id":254,"geometry":{"type":"Polygon","coordinates":[[[-72.2212,-39.2956],[-72.2212,-39.296],[-72.2198,-39.2961],[-72.2198,-39.2957],[-72.2204,-39.2956],[-72.2201,-39.2957],[-72.2201,-39.2958],[-72.2204,-39.2956],[-72.2212,-39.2956]]]},"properties":{"OID":254,"MANZENT":9120031002040,"n_per":95,"n_hombres":41,"n_mujeres":54,"n_edad_0_5":3,"n_edad_6_1":17,"n_edad_14_":3,"n_edad_18_":5,"n_edad_25_":32,"n_edad_45_":10,"n_edad_60_":25,"n_transpor":6,"n_transp_1":10,"n_transp_2":9,"n_transp_3":1,"n_transp_4":0,"n_transp_5":0,"n_transp_6":1,"dim_acc":0,"dim_soc":0}},{"type":"Feature","id":255,"geometry":{"type":"Polygon","coordinates":[[[-72.2378,-39.2833],[-72.2378,-39.2834],[-72.2373,-39.2845],[-72.239,-39.285],[-72.239,-39.2854],[-72.2356,-39.2842],[-72.2358,-39.2841],[-72.2365,-39.2843],[-72.2358,-39.284],[-72.236,-39.2838],[-72.2366,-39.284],[-72.236,-39.2838],[-72.2362,-39.2836],[-72.2367,-39.2838],[-72.2362,-39.2835],[-72.2363,-39.2834],[-72.2368,-39.2835],[-72.2372,-39.2831],[-72.2373,-39.2831],[-72.2371,-39.2833],[-72.2373,-39.2831],[-72.2373,-39.283],[-72.2371,-39.2831],[-72.2367,-39.2835],[-72.2363,-39.2833],[-72.2367,-39.2828],[-72.2366,-39.2828],[-72.2357,-39.2841],[-72.2354,-39.2841],[-72.2368,-39.2823],[-72.2372,-39.2823],[-72.2375,-39.2825],[-72.2378,-39.2833]]]},"properties":{"OID":255,"MANZENT":9120031003000,"n_per":127,"n_hombres":49,"n_mujeres":78,"n_edad_0_5":15,"n_edad_6_1":18,"n_edad_14_":9,"n_edad_18_":5,"n_edad_25_":57,"n_edad_45_":17,"n_edad_60_":6,"n_transpor":28,"n_transp_1":7,"n_transp_2":4,"n_transp_3":0,"n_transp_4":0,"n_transp_5":0,"n_transp_6":1,"dim_acc":0,"dim_soc":0}},{"type":"Feature","id":256,"geometry":{"type":"Polygon","coordinates":[[[-72.2365,-39.2845],[-72.2358,-39.2858],[-72.2349,-39.2853],[-72.2355,-39.2843],[-72.2365,-39.2845]]]},"properties":{"OID":256,"MANZENT":9120031003000,"n_per":116,"n_hombres":59,"n_mujeres":57,"n_edad_0_5":5,"n_edad_6_1":19,"n_edad_14_":10,"n_edad_18_":8,"n_edad_25_":38,"n_edad_45_":20,"n_edad_60_":16,"n_transpor":14,"n_transp_1":5,"n_transp_2":8,"n_transp_3":1,"n_transp_4":0,"n_transp_5":0,"n_transp_6":0,"dim_acc":0,"dim_soc":0}},{"type":"Feature","id":257,"geometry":{"type":"Polygon","coordinates":[[[-72.2367,-39.2848],[-72.2365,-39.2847],[-72.2366,-39.2846],[-72.239,-39.2854],[-72.239,-39.2866],[-72.2381,-39.288],[-72.2378,-39.2897],[-72.2377,-39.2905],[-72.2374,-39.2906],[-72.2372,-39.291],[-72.2367,-39.291],[-72.2362,-39.2912],[-72.2357,-39.292],[-72.2352,-39.2923],[-72.2349,-39.2925],[-72.2361,-39.2906],[-72.2369,-39.2909],[-72.2368,-39.2908],[-72.237,-39.2905],[-72.2373,-39.2903],[-72.237,-39.2904],[-72.2367,-39.2901],[-72.2364,-39.2896],[-72.2368,-39.2896],[-72.2371,-39.2896],[-72.2375,-39.2899],[-72.2372,-39.2896],[-72.2374,-39.2893],[-72.2372,-39.2895],[-72.2368,-39.2896],[-72.2367,-39.2896],[-72.2368,-39.2893],[-72.2366,-39.2896],[-72.236,-39.2894],[-72.236,-39.2892],[-72.2364,-39.289],[-72.2367,-39.2884],[-72.2364,-39.288],[-72.2361,-39.2882],[-72.2356,-39.2892],[-72.2352,-39.2891],[-72.2357,-39.2879],[-72.2357,-39.288],[-72.2351,-39.2878],[-72.2353,-39.2875],[-72.2358,-39.2877],[-72.2353,-39.2875],[-72.2353,-39.2874],[-72.2346,-39.287],[-72.2348,-39.2863],[-72.235,-39.2854],[-72.2365,-39.2862],[-72.2358,-39.2858],[-72.236,-39.2856],[-72.2363,-39.2858],[-72.236,-39.2856],[-72.2361,-39.2854],[-72.2364,-39.2856],[-72.2361,-39.2854],[-72.2362,-39.2852],[-72.2365,-39.2853],[-72.2362,-39.2851],[-72.2363,-39.285],[-72.2366,-39.285],[-72.2363,-39.2849],[-72.2364,-39.2848],[-72.2367,-39.2848]]]},"properties":{"OID":257,"MANZENT":9120031003000,"n_per":506,"n_hombres":229,"n_mujeres":277,"n_edad_0_5":27,"n_edad_6_1":64,"n_edad_14_":25,"n_edad_18_":41,"n_edad_25_":154,"n_edad_45_":94,"n_edad_60_":101,"n_transpor":69,"n_transp_1":29,"n_transp_2":62,"n_transp_3":1,"n_transp_4":0,"n_transp_5":0,"n_transp_6":3,"dim_acc":0,"dim_soc":0}},{"type":"Feature","id":258,"geometry":{"type":"Polygon","coordinates":[[[-72.2344,-39.2872],[-72.233,-39.2868],[-72.233,-39.2868],[-72.2331,-39.2865],[-72.2332,-39.2865],[-72.2332,-39.2864],[-72.2335,-39.2859],[-72.2345,-39.2851],[-72.2349,-39.2854],[-72.2348,-39.2863],[-72.2344,-39.2872]]]},"properties":{"OID":258,"MANZENT":9120031003000,"n_per":174,"n_hombres":76,"n_mujeres":98,"n_edad_0_5":7,"n_edad_6_1":15,"n_edad_14_":14,"n_edad_18_":23,"n_edad_25_":49,"n_edad_45_":44,"n_edad_60_":22,"n_transpor":28,"n_transp_1":11,"n_transp_2":33,"n_transp_3":2,"n_transp_4":0,"n_transp_5":0,"n_transp_6":3,"dim_acc":0,"dim_soc":0}},{"type":"Feature","id":259,"geometry":{"type":"Polygon","coordinates":[[[-72.2345,-39.2888],[-72.2339,-39.2886],[-72.2338,-39.2885],[-72.2346,-39.2871],[-72.2353,-39.2874],[-72.2345,-39.2888]]]},"properties":{"OID":259,"MANZENT":9120031003010,"n_per":90,"n_hombres":44,"n_mujeres":46,"n_edad_0_5":5,"n_edad_6_1":8,"n_edad_14_":5,"n_edad_18_":8,"n_edad_25_":27,"n_edad_45_":15,"n_edad_60_":22,"n_transpor":20,"n_transp_1":3,"n_transp_2":7,"n_transp_3":2,"n_transp_4":0,"n_transp_5":0,"n_transp_6":1,"dim_acc":0.638824,"dim_soc":0.804695}},{"type":"Feature","id":260,"geometry":{"type":"Polygon","coordinates":[[[-72.2351,-39.289],[-72.2346,-39.2888],[-72.2351,-39.2878],[-72.2356,-39.288],[-72.2351,-39.289]]]},"properties":{"OID":260,"MANZENT":9120031003010,"n_per":62,"n_hombres":31,"n_mujeres":31,"n_edad_0_5":4,"n_edad_6_1":9,"n_edad_14_":3,"n_edad_18_":5,"n_edad_25_":19,"n_edad_45_":11,"n_edad_60_":11,"n_transpor":5,"n_transp_1":2,"n_transp_2":7,"n_transp_3":0,"n_transp_4":0,"n_transp_5":0,"n_transp_6":2,"dim_acc":0.638824,"dim_soc":0.804695}},{"type":"Feature","id":261,"geometry":{"type":"Polygon","coordinates":[[[-72.2356,-39.2892],[-72.2361,-39.2882],[-72.2363,-39.2881],[-72.2367,-39.2884],[-72.2364,-39.289],[-72.2359,-39.2893],[-72.2356,-39.2892]]]},"properties":{"OID":261,"MANZENT":9120031003010,"n_per":43,"n_hombres":22,"n_mujeres":21,"n_edad_0_5":1,"n_edad_6_1":2,"n_edad_14_":5,"n_edad_18_":1,"n_edad_25_":14,"n_edad_45_":9,"n_edad_60_":11,"n_transpor":7,"n_transp_1":5,"n_transp_2":4,"n_transp_3":1,"n_transp_4":0,"n_transp_5":0,"n_transp_6":0,"dim_acc":0.638824,"dim_soc":0.804695}},{"type":"Feature","id":262,"geometry":{"type":"Polygon","coordinates":[[[-72.2367,-39.2908],[-72.2361,-39.2905],[-72.2365,-39.2899],[-72.237,-39.2904],[-72.2367,-39.2908]]]},"properties":{"OID":262,"MANZENT":9120031003010,"n_per":39,"n_hombres":20,"n_mujeres":19,"n_edad_0_5":4,"n_edad_6_1":3,"n_edad_14_":4,"n_edad_18_":5,"n_edad_25_":10,"n_edad_45_":7,"n_edad_60_":6,"n_transpor":3,"n_transp_1":1,"n_transp_2":4,"n_transp_3":0,"n_transp_4":0,"n_transp_5":0,"n_transp_6":0,"dim_acc":0.638824,"dim_soc":0.804695}},{"type":"Feature","id":263,"geometry":{"type":"Polygon","coordinates":[[[-72.2349,-39.2929],[-72.2349,-39.2925],[-72.2355,-39.2921],[-72.2374,-39.2937],[-72.2408,-39.2931],[-72.2427,-39.2959],[-72.2413,-39.2967],[-72.2422,-39.2968],[-72.2416,-39.2996],[-72.2383,-39.3003],[-72.2378,-39.2998],[-72.2387,-39.2993],[-72.2391,-39.2993],[-72.239,-39.2997],[-72.2391,-39.2997],[-72.2394,-39.2984],[-72.2406,-39.2986],[-72.2406,-39.2985],[-72.2394,-39.2983],[-72.2394,-39.2981],[-72.2406,-39.2983],[-72.2405,-39.2982],[-72.2409,-39.2968],[-72.2411,-39.2968],[-72.2411,-39.2968],[-72.2407,-39.2967],[-72.2398,-39.2968],[-72.2383,-39.2973],[-72.2366,-39.2983],[-72.2366,-39.2978],[-72.2367,-39.2977],[-72.241,-39.2952],[-72.24,-39.2938],[-72.2369,-39.2942],[-72.2369,-39.2939],[-72.2359,-39.2938],[-72.2359,-39.2935],[-72.2365,-39.2935],[-72.2359,-39.2935],[-72.2359,-39.2933],[-72.2357,-39.2931],[-72.235,-39.2931],[-72.2349,-39.2929]]]},"properties":{"OID":263,"MANZENT":9120031003010,"n_per":368,"n_hombres":176,"n_mujeres":192,"n_edad_0_5":27,"n_edad_6_1":27,"n_edad_14_":19,"n_edad_18_":43,"n_edad_25_":101,"n_edad_45_":83,"n_edad_60_":68,"n_transpor":44,"n_transp_1":49,"n_transp_2":10,"n_transp_3":6,"n_transp_4":1,"n_transp_5":0,"n_transp_6":2,"dim_acc":0.638824,"dim_soc":0.804695}},{"type":"Feature","id":264,"geometry":{"type":"Polygon","coordinates":[[[-72.235,-39.2932],[-72.2357,-39.2931],[-72.2359,-39.2933],[-72.2359,-39.2935],[-72.2351,-39.2934],[-72.235,-39.2932]]]},"properties":{"OID":264,"MANZENT":9120031003010,"n_per":19,"n_hombres":9,"n_mujeres":10,"n_edad_0_5":0,"n_edad_6_1":1,"n_edad_14_":2,"n_edad_18_":2,"n_edad_25_":4,"n_edad_45_":5,"n_edad_60_":5,"n_transpor":0,"n_transp_1":1,"n_transp_2":0,"n_transp_3":0,"n_transp_4":0,"n_transp_5":0,"n_transp_6":0,"dim_acc":0.638824,"dim_soc":0.804695}},{"type":"Feature","id":265,"geometry":{"type":"Polygon","coordinates":[[[-72.235,-39.2938],[-72.2351,-39.2935],[-72.2359,-39.2935],[-72.2358,-39.2938],[-72.235,-39.2938]]]},"properties":{"OID":265,"MANZENT":9120031003010,"n_per":45,"n_hombres":24,"n_mujeres":21,"n_edad_0_5":3,"n_edad_6_1":7,"n_edad_14_":4,"n_edad_18_":4,"n_edad_25_":11,"n_edad_45_":11,"n_edad_60_":5,"n_transpor":9,"n_transp_1":2,"n_transp_2":2,"n_transp_3":0,"n_transp_4":0,"n_transp_5":0,"n_transp_6":3,"dim_acc":0.638824,"dim_soc":0.804695}},{"type":"Feature","id":266,"geometry":{"type":"Polygon","coordinates":[[[-72.2405,-39.2945],[-72.2401,-39.2947],[-72.2396,-39.2939],[-72.2399,-39.2938],[-72.2405,-39.2945]]]},"properties":{"OID":266,"MANZENT":9120031003010,"n_per":59,"n_hombres":24,"n_mujeres":35,"n_edad_0_5":6,"n_edad_6_1":4,"n_edad_14_":1,"n_edad_18_":4,"n_edad_25_":16,"n_edad_45_":12,"n_edad_60_":16,"n_transpor":3,"n_transp_1":11,"n_transp_2":2,"n_transp_3":0,"n_transp_4":0,"n_transp_5":0,"n_transp_6":0,"dim_acc":0.638824,"dim_soc":0.804695}},{"type":"Feature","id":267,"geometry":{"type":"Polygon","coordinates":[[[-72.235,-39.2938],[-72.2358,-39.2939],[-72.2358,-39.2942],[-72.235,-39.2942],[-72.235,-39.2938]]]},"properties":{"OID":267,"MANZENT":9120031003020,"n_per":43,"n_hombres":18,"n_mujeres":25,"n_edad_0_5":2,"n_edad_6_1":4,"n_edad_14_":7,"n_edad_18_":5,"n_edad_25_":10,"n_edad_45_":12,"n_edad_60_":3,"n_transpor":11,"n_transp_1":4,"n_transp_2":4,"n_transp_3":0,"n_transp_4":0,"n_transp_5":0,"n_transp_6":0,"dim_acc":0.594212,"dim_soc":0.724226}},{"type":"Feature","id":268,"geometry":{"type":"Polygon","coordinates":[[[-72.2359,-39.2939],[-72.2368,-39.2939],[-72.2368,-39.2942],[-72.2359,-39.2942],[-72.2359,-39.2939]]]},"properties":{"OID":268,"MANZENT":9120031003020,"n_per":44,"n_hombres":21,"n_mujeres":23,"n_edad_0_5":3,"n_edad_6_1":3,"n_edad_14_":7,"n_edad_18_":4,"n_edad_25_":8,"n_edad_45_":14,"n_edad_60_":5,"n_transpor":6,"n_transp_1":6,"n_transp_2":2,"n_transp_3":0,"n_transp_4":0,"n_transp_5":0,"n_transp_6":3,"dim_acc":0.594212,"dim_soc":0.724226}},{"type":"Feature","id":269,"geometry":{"type":"Polygon","coordinates":[[[-72.2395,-39.2939],[-72.2401,-39.2947],[-72.2398,-39.2949],[-72.2391,-39.294],[-72.2395,-39.2939]]]},"properties":{"OID":269,"MANZENT":9120031003020,"n_per":81,"n_hombres":40,"n_mujeres":41,"n_edad_0_5":8,"n_edad_6_1":5,"n_edad_14_":3,"n_edad_18_":10,"n_edad_25_":24,"n_edad_45_":18,"n_edad_60_":13,"n_transpor":2,"n_transp_1":4,"n_transp_2":2,"n_transp_3":0,"n_transp_4":0,"n_transp_5":0,"n_transp_6":0,"dim_acc":0.594212,"dim_soc":0.724226}},{"type":"Feature","id":270,"geometry":{"type":"Polygon","coordinates":[[[-72.2391,-39.294],[-72.2397,-39.2949],[-72.2394,-39.295],[-72.2389,-39.2943],[-72.2389,-39.294],[-72.2391,-39.294]]]},"properties":{"OID":270,"MANZENT":9120031003020,"n_per":82,"n_hombres":33,"n_mujeres":49,"n_edad_0_5":2,"n_edad_6_1":10,"n_edad_14_":5,"n_edad_18_":9,"n_edad_25_":20,"n_edad_45_":25,"n_edad_60_":11,"n_transpor":12,"n_transp_1":12,"n_transp_2":4,"n_transp_3":0,"n_transp_4":0,"n_transp_5":0,"n_transp_6":1,"dim_acc":0.594212,"dim_soc":0.724226}},{"type":"Feature","id":271,"geometry":{"type":"Polygon","coordinates":[[[-72.2384,-39.2941],[-72.2388,-39.2941],[-72.2387,-39.2951],[-72.2383,-39.2951],[-72.2384,-39.2941]]]},"properties":{"OID":271,"MANZENT":9120031003020,"n_per":72,"n_hombres":33,"n_mujeres":39,"n_edad_0_5":4,"n_edad_6_1":7,"n_edad_14_":2,"n_edad_18_":9,"n_edad_25_":22,"n_edad_45_":12,"n_edad_60_":16,"n_transpor":4,"n_transp_1":12,"n_transp_2":4,"n_transp_3":0,"n_transp_4":1,"n_transp_5":0,"n_transp_6":7,"dim_acc":0.594212,"dim_soc":0.724226}},{"type":"Feature","id":272,"geometry":{"type":"Polygon","coordinates":[[[-72.2384,-39.2941],[-72.2383,-39.2951],[-72.2379,-39.2951],[-72.238,-39.2942],[-72.2384,-39.2941]]]},"properties":{"OID":272,"MANZENT":9120031003020,"n_per":64,"n_hombres":26,"n_mujeres":38,"n_edad_0_5":0,"n_edad_6_1":6,"n_edad_14_":4,"n_edad_18_":7,"n_edad_25_":19,"n_edad_45_":19,"n_edad_60_":9,"n_transpor":9,"n_transp_1":14,"n_transp_2":8,"n_transp_3":1,"n_transp_4":0,"n_transp_5":0,"n_transp_6":1,"dim_acc":0.594212,"dim_soc":0.724226}},{"type":"Feature","id":273,"geometry":{"type":"Polygon","coordinates":[[[-72.2379,-39.2942],[-72.2379,-39.2948],[-72.2374,-39.2948],[-72.2379,-39.2948],[-72.2378,-39.2951],[-72.2369,-39.2951],[-72.237,-39.2943],[-72.2379,-39.2942]]]},"properties":{"OID":273,"MANZENT":9120031003020,"n_per":76,"n_hombres":34,"n_mujeres":42,"n_edad_0_5":6,"n_edad_6_1":9,"n_edad_14_":6,"n_edad_18_":10,"n_edad_25_":21,"n_edad_45_":16,"n_edad_60_":8,"n_transpor":11,"n_transp_1":10,"n_transp_2":6,"n_transp_3":0,"n_transp_4":0,"n_transp_5":0,"n_transp_6":5,"dim_acc":0.594212,"dim_soc":0.724226}},{"type":"Feature","id":274,"geometry":{"type":"Polygon","coordinates":[[[-72.2353,-39.2942],[-72.2354,-39.2943],[-72.2353,-39.295],[-72.2348,-39.295],[-72.2349,-39.2942],[-72.2353,-39.2942]]]},"properties":{"OID":274,"MANZENT":9120031003020,"n_per":20,"n_hombres":11,"n_mujeres":9,"n_edad_0_5":1,"n_edad_6_1":0,"n_edad_14_":1,"n_edad_18_":4,"n_edad_25_":5,"n_edad_45_":5,"n_edad_60_":4,"n_transpor":5,"n_transp_1":0,"n_transp_2":2,"n_transp_3":0,"n_transp_4":0,"n_transp_5":0,"n_transp_6":2,"dim_acc":0.594212,"dim_soc":0.724226}},{"type":"Feature","id":275,"geometry":{"type":"Polygon","coordinates":[[[-72.2358,-39.295],[-72.2354,-39.295],[-72.2355,-39.2942],[-72.2358,-39.2943],[-72.2358,-39.295]]]},"properties":{"OID":275,"MANZENT":9120031003020,"n_per":43,"n_hombres":19,"n_mujeres":24,"n_edad_0_5":2,"n_edad_6_1":4,"n_edad_14_":4,"n_edad_18_":2,"n_edad_25_":11,"n_edad_45_":11,"n_edad_60_":9,"n_transpor":16,"n_transp_1":2,"n_transp_2":4,"n_transp_3":0,"n_transp_4":0,"n_transp_5":0,"n_transp_6":0,"dim_acc":0.594212,"dim_soc":0.724226}},{"type":"Feature","id":276,"geometry":{"type":"Polygon","coordinates":[[[-72.2363,-39.2943],[-72.2363,-39.295],[-72.2358,-39.295],[-72.2359,-39.2943],[-72.2363,-39.2943]]]},"properties":{"OID":276,"MANZENT":9120031003020,"n_per":59,"n_hombres":34,"n_mujeres":25,"n_edad_0_5":3,"n_edad_6_1":7,"n_edad_14_":6,"n_edad_18_":5,"n_edad_25_":14,"n_edad_45_":20,"n_edad_60_":4,"n_transpor":11,"n_transp_1":13,"n_transp_2":2,"n_transp_3":0,"n_transp_4":0,"n_transp_5":0,"n_transp_6":0,"dim_acc":0.594212,"dim_soc":0.724226}},{"type":"Feature","id":277,"geometry":{"type":"Polygon","coordinates":[[[-72.2367,-39.2943],[-72.2367,-39.295],[-72.2363,-39.295],[-72.2364,-39.2943],[-72.2367,-39.2943]]]},"properties":{"OID":277,"MANZENT":9120031003020,"n_per":44,"n_hombres":17,"n_mujeres":27,"n_edad_0_5":4,"n_edad_6_1":5,"n_edad_14_":4,"n_edad_18_":2,"n_edad_25_":17,"n_edad_45_":6,"n_edad_60_":6,"n_transpor":9,"n_transp_1":10,"n_transp_2":0,"n_transp_3":0,"n_transp_4":0,"n_transp_5":0,"n_transp_6":1,"dim_acc":0.594212,"dim_soc":0.724226}},{"type":"Feature","id":278,"geometry":{"type":"Polygon","coordinates":[[[-72.2406,-39.2954],[-72.2402,-39.2948],[-72.2405,-39.2946],[-72.2409,-39.2952],[-72.2406,-39.2954]]]},"properties":{"OID":278,"MANZENT":9120031003030,"n_per":45,"n_hombres":20,"n_mujeres":25,"n_edad_0_5":1,"n_edad_6_1":4,"n_edad_14_":1,"n_edad_18_":8,"n_edad_25_":12,"n_edad_45_":11,"n_edad_60_":8,"n_transpor":2,"n_transp_1":9,"n_transp_2":3,"n_transp_3":0,"n_transp_4":0,"n_transp_5":0,"n_transp_6":0,"dim_acc":0.602109,"dim_soc":0.71848}},{"type":"Feature","id":279,"geometry":{"type":"Polygon","coordinates":[[[-72.2398,-39.2949],[-72.2401,-39.2948],[-72.2405,-39.2954],[-72.2402,-39.2956],[-72.2398,-39.2949]]]},"properties":{"OID":279,"MANZENT":9120031003030,"n_per":55,"n_hombres":31,"n_mujeres":24,"n_edad_0_5":6,"n_edad_6_1":4,"n_edad_14_":3,"n_edad_18_":4,"n_edad_25_":19,"n_edad_45_":8,"n_edad_60_":11,"n_transpor":7,"n_transp_1":8,"n_transp_2":3,"n_transp_3":0,"n_transp_4":0,"n_transp_5":0,"n_transp_6":2,"dim_acc":0.602109,"dim_soc":0.71848}},{"type":"Feature","id":280,"geometry":{"type":"Polygon","coordinates":[[[-72.2394,-39.2951],[-72.2398,-39.295],[-72.2402,-39.2956],[-72.2399,-39.2958],[-72.2394,-39.2951]]]},"properties":{"OID":280,"MANZENT":9120031003030,"n_per":61,"n_hombres":25,"n_mujeres":36,"n_edad_0_5":4,"n_edad_6_1":4,"n_edad_14_":2,"n_edad_18_":12,"n_edad_25_":18,"n_edad_45_":14,"n_edad_60_":7,"n_transpor":9,"n_transp_1":6,"n_transp_2":6,"n_transp_3":1,"n_transp_4":0,"n_transp_5":0,"n_transp_6":4,"dim_acc":0.602109,"dim_soc":0.71848}},{"type":"Feature","id":281,"geometry":{"type":"Polygon","coordinates":[[[-72.2351,-39.2975],[-72.2347,-39.2974],[-72.2349,-39.2951],[-72.2349,-39.295],[-72.2353,-39.2951],[-72.2351,-39.2975]]]},"properties":{"OID":281,"MANZENT":9120031003030,"n_per":149,"n_hombres":79,"n_mujeres":70,"n_edad_0_5":14,"n_edad_6_1":21,"n_edad_14_":11,"n_edad_18_":14,"n_edad_25_":47,"n_edad_45_":26,"n_edad_60_":16,"n_transpor":21,"n_transp_1":7,"n_transp_2":3,"n_transp_3":0,"n_transp_4":0,"n_transp_5":0,"n_transp_6":1,"dim_acc":0.602109,"dim_soc":0.71848}},{"type":"Feature","id":282,"geometry":{"type":"Polygon","coordinates":[[[-72.2354,-39.2951],[-72.2358,-39.2951],[-72.2357,-39.2958],[-72.2353,-39.2958],[-72.2354,-39.2951]]]},"properties":{"OID":282,"MANZENT":9120031003030,"n_per":35,"n_hombres":17,"n_mujeres":18,"n_edad_0_5":1,"n_edad_6_1":3,"n_edad_14_":2,"n_edad_18_":2,"n_edad_25_":12,"n_edad_45_":8,"n_edad_60_":7,"n_transpor":11,"n_transp_1":2,"n_transp_2":2,"n_transp_3":0,"n_transp_4":0,"n_transp_5":0,"n_transp_6":1,"dim_acc":0.602109,"dim_soc":0.71848}},{"type":"Feature","id":283,"geometry":{"type":"Polygon","coordinates":[[[-72.2358,-39.2951],[-72.2362,-39.2951],[-72.2362,-39.2959],[-72.2357,-39.2958],[-72.2358,-39.2951]]]},"properties":{"OID":283,"MANZENT":9120031003030,"n_per":51,"n_hombres":20,"n_mujeres":31,"n_edad_0_5":2,"n_edad_6_1":11,"n_edad_14_":4,"n_edad_18_":5,"n_edad_25_":12,"n_edad_45_":14,"n_edad_60_":3,"n_transpor":8,"n_transp_1":2,"n_transp_2":0,"n_transp_3":0,"n_transp_4":0,"n_transp_5":0,"n_transp_6":2,"dim_acc":0.602109,"dim_soc":0.71848}},{"type":"Feature","id":284,"geometry":{"type":"Polygon","coordinates":[[[-72.2363,-39.2951],[-72.2367,-39.2951],[-72.2366,-39.2959],[-72.2362,-39.2959],[-72.2363,-39.2951]]]},"properties":{"OID":284,"MANZENT":9120031003030,"n_per":47,"n_hombres":23,"n_mujeres":24,"n_edad_0_5":4,"n_edad_6_1":5,"n_edad_14_":4,"n_edad_18_":0,"n_edad_25_":16,"n_edad_45_":8,"n_edad_60_":10,"n_transpor":13,"n_transp_1":1,"n_transp_2":0,"n_transp_3":0,"n_transp_4":0,"n_transp_5":0,"n_transp_6":3,"dim_acc":0.602109,"dim_soc":0.71848}},{"type":"Feature","id":285,"geometry":{"type":"Polygon","coordinates":[[[-72.2394,-39.2951],[-72.2399,-39.2958],[-72.2396,-39.296],[-72.2392,-39.2955],[-72.2388,-39.2955],[-72.2388,-39.2952],[-72.2394,-39.2951]]]},"properties":{"OID":285,"MANZENT":9120031003040,"n_per":91,"n_hombres":45,"n_mujeres":46,"n_edad_0_5":6,"n_edad_6_1":12,"n_edad_14_":5,"n_edad_18_":12,"n_edad_25_":22,"n_edad_45_":22,"n_edad_60_":12,"n_transpor":2,"n_transp_1":11,"n_transp_2":0,"n_transp_3":0,"n_transp_4":0,"n_transp_5":0,"n_transp_6":0,"dim_acc":0.616796,"dim_soc":0.768198}},{"type":"Feature","id":286,"geometry":{"type":"Polygon","coordinates":[[[-72.2369,-39.2952],[-72.2374,-39.2951],[-72.2373,-39.2959],[-72.2368,-39.2959],[-72.2369,-39.2952]]]},"properties":{"OID":286,"MANZENT":9120031003040,"n_per":63,"n_hombres":29,"n_mujeres":34,"n_edad_0_5":4,"n_edad_6_1":10,"n_edad_14_":7,"n_edad_18_":4,"n_edad_25_":21,"n_edad_45_":13,"n_edad_60_":4,"n_transpor":9,"n_transp_1":11,"n_transp_2":1,"n_transp_3":2,"n_transp_4":0,"n_transp_5":0,"n_transp_6":1,"dim_acc":0.616796,"dim_soc":0.768198}},{"type":"Feature","id":287,"geometry":{"type":"Polygon","coordinates":[[[-72.2375,-39.2951],[-72.2379,-39.2952],[-72.2378,-39.2959],[-72.2374,-39.2959],[-72.2375,-39.2951]]]},"properties":{"OID":287,"MANZENT":9120031003040,"n_per":64,"n_hombres":30,"n_mujeres":34,"n_edad_0_5":4,"n_edad_6_1":5,"n_edad_14_":6,"n_edad_18_":11,"n_edad_25_":11,"n_edad_45_":21,"n_edad_60_":6,"n_transpor":7,"n_transp_1":12,"n_transp_2":5,"n_transp_3":0,"n_transp_4":0,"n_transp_5":0,"n_transp_6":2,"dim_acc":0.616796,"dim_soc":0.768198}},{"type":"Feature","id":288,"geometry":{"type":"Polygon","coordinates":[[[-72.2379,-39.2952],[-72.2383,-39.2952],[-72.2382,-39.296],[-72.2378,-39.2959],[-72.2379,-39.2952]]]},"properties":{"OID":288,"MANZENT":9120031003040,"n_per":66,"n_hombres":29,"n_mujeres":37,"n_edad_0_5":1,"n_edad_6_1":8,"n_edad_14_":8,"n_edad_18_":8,"n_edad_25_":16,"n_edad_45_":14,"n_edad_60_":11,"n_transpor":7,"n_transp_1":8,"n_transp_2":7,"n_transp_3":1,"n_transp_4":0,"n_transp_5":0,"n_transp_6":1,"dim_acc":0.616796,"dim_soc":0.768198}},{"type":"Feature","id":289,"geometry":{"type":"Polygon","coordinates":[[[-72.2383,-39.2959],[-72.2383,-39.2952],[-72.2387,-39.2952],[-72.2387,-39.296],[-72.2383,-39.2959]]]},"properties":{"OID":289,"MANZENT":9120031003040,"n_per":85,"n_hombres":42,"n_mujeres":43,"n_edad_0_5":5,"n_edad_6_1":11,"n_edad_14_":7,"n_edad_18_":3,"n_edad_25_":29,"n_edad_45_":21,"n_edad_60_":9,"n_transpor":4,"n_transp_1":10,"n_transp_2":7,"n_transp_3":3,"n_transp_4":0,"n_transp_5":0,"n_transp_6":6,"dim_acc":0.616796,"dim_soc":0.768198}},{"type":"Feature","id":290,"geometry":{"type":"Polygon","coordinates":[[[-72.2388,-39.2955],[-72.2392,-39.2956],[-72.2394,-39.2959],[-72.2388,-39.2958],[-72.2388,-39.2955]]]},"properties":{"OID":290,"MANZENT":9120031003040,"n_per":30,"n_hombres":15,"n_mujeres":15,"n_edad_0_5":2,"n_edad_6_1":1,"n_edad_14_":1,"n_edad_18_":6,"n_edad_25_":6,"n_edad_45_":10,"n_edad_60_":4,"n_transpor":8,"n_transp_1":3,"n_transp_2":3,"n_transp_3":0,"n_transp_4":0,"n_transp_5":0,"n_transp_6":0,"dim_acc":0.616796,"dim_soc":0.768198}},{"type":"Feature","id":291,"geometry":{"type":"Polygon","coordinates":[[[-72.2387,-39.2959],[-72.2394,-39.2959],[-72.2395,-39.296],[-72.2387,-39.2965],[-72.2387,-39.2959]]]},"properties":{"OID":291,"MANZENT":9120031003040,"n_per":50,"n_hombres":22,"n_mujeres":28,"n_edad_0_5":2,"n_edad_6_1":5,"n_edad_14_":4,"n_edad_18_":5,"n_edad_25_":9,"n_edad_45_":14,"n_edad_60_":11,"n_transpor":9,"n_transp_1":3,"n_transp_2":4,"n_transp_3":0,"n_transp_4":1,"n_transp_5":0,"n_transp_6":0,"dim_acc":0.616796,"dim_soc":0.768198}},{"type":"Feature","id":292,"geometry":{"type":"Polygon","coordinates":[[[-72.2353,-39.2967],[-72.2353,-39.2959],[-72.2357,-39.2959],[-72.2356,-39.2967],[-72.2353,-39.2967]]]},"properties":{"OID":292,"MANZENT":9120031003040,"n_per":57,"n_hombres":27,"n_mujeres":30,"n_edad_0_5":1,"n_edad_6_1":9,"n_edad_14_":6,"n_edad_18_":10,"n_edad_25_":9,"n_edad_45_":20,"n_edad_60_":2,"n_transpor":12,"n_transp_1":6,"n_transp_2":1,"n_transp_3":0,"n_transp_4":0,"n_transp_5":0,"n_transp_6":1,"dim_acc":0.616796,"dim_soc":0.768198}},{"type":"Feature","id":293,"geometry":{"type":"Polygon","coordinates":[[[-72.2361,-39.2967],[-72.2357,-39.2967],[-72.2358,-39.2959],[-72.2362,-39.2959],[-72.2361,-39.2967],[-72.2361,-39.2967]]]},"properties":{"OID":293,"MANZENT":9120031003040,"n_per":44,"n_hombres":21,"n_mujeres":23,"n_edad_0_5":0,"n_edad_6_1":4,"n_edad_14_":1,"n_edad_18_":5,"n_edad_25_":11,"n_edad_45_":8,"n_edad_60_":15,"n_transpor":5,"n_transp_1":13,"n_transp_2":0,"n_transp_3":0,"n_transp_4":0,"n_transp_5":0,"n_transp_6":0,"dim_acc":0.616796,"dim_soc":0.768198}},{"type":"Feature","id":294,"geometry":{"type":"Polygon","coordinates":[[[-72.2365,-39.2967],[-72.2362,-39.2967],[-72.2362,-39.2959],[-72.2367,-39.296],[-72.2366,-39.2967],[-72.2365,-39.2967]]]},"properties":{"OID":294,"MANZENT":9120031003040,"n_per":54,"n_hombres":22,"n_mujeres":32,"n_edad_0_5":5,"n_edad_6_1":9,"n_edad_14_":0,"n_edad_18_":7,"n_edad_25_":16,"n_edad_45_":11,"n_edad_60_":6,"n_transpor":8,"n_transp_1":14,"n_transp_2":1,"n_transp_3":0,"n_transp_4":0,"n_transp_5":0,"n_transp_6":0,"dim_acc":0.616796,"dim_soc":0.768198}},{"type":"Feature","id":295,"geometry":{"type":"Polygon","coordinates":[[[-72.2368,-39.2976],[-72.2367,-39.2975],[-72.2368,-39.296],[-72.2373,-39.296],[-72.2373,-39.2973],[-72.2368,-39.2976]]]},"properties":{"OID":295,"MANZENT":9120031003050,"n_per":97,"n_hombres":42,"n_mujeres":55,"n_edad_0_5":4,"n_edad_6_1":14,"n_edad_14_":6,"n_edad_18_":11,"n_edad_25_":26,"n_edad_45_":22,"n_edad_60_":14,"n_transpor":26,"n_transp_1":8,"n_transp_2":5,"n_transp_3":0,"n_transp_4":0,"n_transp_5":0,"n_transp_6":1,"dim_acc":0,"dim_soc":0}},{"type":"Feature","id":296,"geometry":{"type":"Polygon","coordinates":[[[-72.2373,-39.2973],[-72.2374,-39.296],[-72.2378,-39.296],[-72.2377,-39.297],[-72.2373,-39.2973]]]},"properties":{"OID":296,"MANZENT":9120031003050,"n_per":91,"n_hombres":48,"n_mujeres":43,"n_edad_0_5":6,"n_edad_6_1":9,"n_edad_14_":8,"n_edad_18_":6,"n_edad_25_":27,"n_edad_45_":19,"n_edad_60_":16,"n_transpor":12,"n_transp_1":18,"n_transp_2":1,"n_transp_3":0,"n_transp_4":0,"n_transp_5":0,"n_transp_6":4,"dim_acc":0,"dim_soc":0}},{"type":"Feature","id":297,"geometry":{"type":"Polygon","coordinates":[[[-72.2378,-39.297],[-72.2378,-39.296],[-72.2382,-39.296],[-72.2382,-39.2968],[-72.2378,-39.297]]]},"properties":{"OID":297,"MANZENT":9120031003050,"n_per":77,"n_hombres":36,"n_mujeres":41,"n_edad_0_5":7,"n_edad_6_1":7,"n_edad_14_":5,"n_edad_18_":13,"n_edad_25_":22,"n_edad_45_":13,"n_edad_60_":10,"n_transpor":11,"n_transp_1":20,"n_transp_2":3,"n_transp_3":1,"n_transp_4":0,"n_transp_5":0,"n_transp_6":1,"dim_acc":0,"dim_soc":0}},{"type":"Feature","id":298,"geometry":{"type":"Polygon","coordinates":[[[-72.2382,-39.2968],[-72.2383,-39.296],[-72.2386,-39.296],[-72.2386,-39.2965],[-72.2382,-39.2968]]]},"properties":{"OID":298,"MANZENT":9120031003050,"n_per":37,"n_hombres":15,"n_mujeres":22,"n_edad_0_5":3,"n_edad_6_1":2,"n_edad_14_":0,"n_edad_18_":3,"n_edad_25_":14,"n_edad_45_":10,"n_edad_60_":5,"n_transpor":5,"n_transp_1":4,"n_transp_2":2,"n_transp_3":1,"n_transp_4":0,"n_transp_5":0,"n_transp_6":0,"dim_acc":0,"dim_soc":0}},{"type":"Feature","id":299,"geometry":{"type":"Polygon","coordinates":[[[-72.2352,-39.2967],[-72.2356,-39.2967],[-72.2356,-39.2975],[-72.2352,-39.2974],[-72.2352,-39.2967]]]},"properties":{"OID":299,"MANZENT":9120031003050,"n_per":46,"n_hombres":20,"n_mujeres":26,"n_edad_0_5":2,"n_edad_6_1":6,"n_edad_14_":1,"n_edad_18_":3,"n_edad_25_":13,"n_edad_45_":9,"n_edad_60_":12,"n_transpor":7,"n_transp_1":3,"n_transp_2":1,"n_transp_3":0,"n_transp_4":0,"n_transp_5":0,"n_transp_6":2,"dim_acc":0,"dim_soc":0}},{"type":"Feature","id":300,"geometry":{"type":"Polygon","coordinates":[[[-72.2357,-39.2967],[-72.2361,-39.2968],[-72.236,-39.2975],[-72.2356,-39.2975],[-72.2357,-39.2967]]]},"properties":{"OID":300,"MANZENT":9120031003050,"n_per":48,"n_hombres":23,"n_mujeres":25,"n_edad_0_5":2,"n_edad_6_1":5,"n_edad_14_":2,"n_edad_18_":8,"n_edad_25_":16,"n_edad_45_":9,"n_edad_60_":6,"n_transpor":11,"n_transp_1":6,"n_transp_2":4,"n_transp_3":0,"n_transp_4":0,"n_transp_5":0,"n_transp_6":0,"dim_acc":0,"dim_soc":0}},{"type":"Feature","id":301,"geometry":{"type":"Polygon","coordinates":[[[-72.2362,-39.2968],[-72.2366,-39.2968],[-72.2365,-39.2975],[-72.2361,-39.2975],[-72.2362,-39.2968]]]},"properties":{"OID":301,"MANZENT":9120031003050,"n_per":54,"n_hombres":25,"n_mujeres":29,"n_edad_0_5":5,"n_edad_6_1":7,"n_edad_14_":7,"n_edad_18_":7,"n_edad_25_":13,"n_edad_45_":12,"n_edad_60_":3,"n_transpor":10,"n_transp_1":5,"n_transp_2":6,"n_transp_3":0,"n_transp_4":0,"n_transp_5":0,"n_transp_6":0,"dim_acc":0,"dim_soc":0}},{"type":"Feature","id":302,"geometry":{"type":"Polygon","coordinates":[[[-72.2406,-39.2973],[-72.2397,-39.2971],[-72.2397,-39.2969],[-72.2408,-39.2968],[-72.2406,-39.2973]]]},"properties":{"OID":302,"MANZENT":9120031003050,"n_per":0,"n_hombres":0,"n_mujeres":0,"n_edad_0_5":0,"n_edad_6_1":0,"n_edad_14_":0,"n_edad_18_":0,"n_edad_25_":0,"n_edad_45_":0,"n_edad_60_":0,"n_transpor":0,"n_transp_1":0,"n_transp_2":0,"n_transp_3":0,"n_transp_4":0,"n_transp_5":0,"n_transp_6":0,"dim_acc":0,"dim_soc":0}},{"type":"Feature","id":303,"geometry":{"type":"Polygon","coordinates":[[[-72.2383,-39.2974],[-72.2387,-39.2973],[-72.239,-39.2976],[-72.2395,-39.2976],[-72.2394,-39.298],[-72.2389,-39.298],[-72.2383,-39.2974]]]},"properties":{"OID":303,"MANZENT":9120031003060,"n_per":33,"n_hombres":19,"n_mujeres":14,"n_edad_0_5":3,"n_edad_6_1":5,"n_edad_14_":1,"n_edad_18_":0,"n_edad_25_":17,"n_edad_45_":4,"n_edad_60_":3,"n_transpor":15,"n_transp_1":2,"n_transp_2":0,"n_transp_3":0,"n_transp_4":0,"n_transp_5":0,"n_transp_6":0,"dim_acc":0,"dim_soc":0}},{"type":"Feature","id":304,"geometry":{"type":"Polygon","coordinates":[[[-72.2404,-39.2982],[-72.24,-39.2981],[-72.2402,-39.2973],[-72.2407,-39.2974],[-72.2404,-39.2982]]]},"properties":{"OID":304,"MANZENT":9120031003060,"n_per":0,"n_hombres":0,"n_mujeres":0,"n_edad_0_5":0,"n_edad_6_1":0,"n_edad_14_":0,"n_edad_18_":0,"n_edad_25_":0,"n_edad_45_":0,"n_edad_60_":0,"n_transpor":0,"n_transp_1":0,"n_transp_2":0,"n_transp_3":0,"n_transp_4":0,"n_transp_5":0,"n_transp_6":0,"dim_acc":0,"dim_soc":0}},{"type":"Feature","id":305,"geometry":{"type":"Polygon","coordinates":[[[-72.2388,-39.298],[-72.2384,-39.2982],[-72.2379,-39.2976],[-72.2382,-39.2975],[-72.2388,-39.298]]]},"properties":{"OID":305,"MANZENT":9120031003060,"n_per":44,"n_hombres":21,"n_mujeres":23,"n_edad_0_5":9,"n_edad_6_1":7,"n_edad_14_":3,"n_edad_18_":0,"n_edad_25_":21,"n_edad_45_":2,"n_edad_60_":2,"n_transpor":12,"n_transp_1":2,"n_transp_2":3,"n_transp_3":0,"n_transp_4":1,"n_transp_5":0,"n_transp_6":0,"dim_acc":0,"dim_soc":0}},{"type":"Feature","id":306,"geometry":{"type":"Polygon","coordinates":[[[-72.238,-39.2985],[-72.2374,-39.2979],[-72.2378,-39.2977],[-72.2384,-39.2983],[-72.238,-39.2985]]]},"properties":{"OID":306,"MANZENT":9120031003060,"n_per":35,"n_hombres":15,"n_mujeres":20,"n_edad_0_5":3,"n_edad_6_1":4,"n_edad_14_":0,"n_edad_18_":3,"n_edad_25_":18,"n_edad_45_":4,"n_edad_60_":3,"n_transpor":10,"n_transp_1":5,"n_transp_2":0,"n_transp_3":0,"n_transp_4":0,"n_transp_5":0,"n_transp_6":0,"dim_acc":0,"dim_soc":0}},{"type":"Feature","id":307,"geometry":{"type":"Polygon","coordinates":[[[-72.2376,-39.2987],[-72.237,-39.2981],[-72.2374,-39.2979],[-72.238,-39.2985],[-72.2376,-39.2987]]]},"properties":{"OID":307,"MANZENT":9120031003060,"n_per":47,"n_hombres":21,"n_mujeres":26,"n_edad_0_5":2,"n_edad_6_1":10,"n_edad_14_":6,"n_edad_18_":1,"n_edad_25_":24,"n_edad_45_":2,"n_edad_60_":2,"n_transpor":9,"n_transp_1":8,"n_transp_2":3,"n_transp_3":0,"n_transp_4":0,"n_transp_5":0,"n_transp_6":0,"dim_acc":0,"dim_soc":0}},{"type":"Feature","id":308,"geometry":{"type":"Polygon","coordinates":[[[-72.2389,-39.2992],[-72.2387,-39.2991],[-72.2388,-39.2986],[-72.2385,-39.2983],[-72.2388,-39.2981],[-72.2391,-39.2983],[-72.2393,-39.2984],[-72.2391,-39.2992],[-72.2389,-39.2992]]]},"properties":{"OID":308,"MANZENT":9120031003070,"n_per":40,"n_hombres":18,"n_mujeres":22,"n_edad_0_5":3,"n_edad_6_1":8,"n_edad_14_":2,"n_edad_18_":0,"n_edad_25_":15,"n_edad_45_":8,"n_edad_60_":4,"n_transpor":7,"n_transp_1":3,"n_transp_2":0,"n_transp_3":0,"n_transp_4":0,"n_transp_5":0,"n_transp_6":2,"dim_acc":0,"dim_soc":0}},{"type":"Feature","id":309,"geometry":{"type":"Polygon","coordinates":[[[-72.2371,-39.299],[-72.2369,-39.2987],[-72.2367,-39.2985],[-72.2367,-39.2983],[-72.237,-39.2981],[-72.2376,-39.2987],[-72.2371,-39.299]]]},"properties":{"OID":309,"MANZENT":9120031003070,"n_per":47,"n_hombres":25,"n_mujeres":22,"n_edad_0_5":4,"n_edad_6_1":6,"n_edad_14_":3,"n_edad_18_":5,"n_edad_25_":18,"n_edad_45_":9,"n_edad_60_":2,"n_transpor":13,"n_transp_1":5,"n_transp_2":0,"n_transp_3":0,"n_transp_4":0,"n_transp_5":0,"n_transp_6":1,"dim_acc":0,"dim_soc":0}},{"type":"Feature","id":310,"geometry":{"type":"Polygon","coordinates":[[[-72.2386,-39.2991],[-72.2382,-39.2987],[-72.2386,-39.2985],[-72.2387,-39.2986],[-72.2386,-39.2991]]]},"properties":{"OID":310,"MANZENT":9120031003070,"n_per":19,"n_hombres":9,"n_mujeres":10,"n_edad_0_5":1,"n_edad_6_1":2,"n_edad_14_":2,"n_edad_18_":1,"n_edad_25_":10,"n_edad_45_":3,"n_edad_60_":0,"n_transpor":8,"n_transp_1":0,"n_transp_2":0,"n_transp_3":0,"n_transp_4":0,"n_transp_5":0,"n_transp_6":0,"dim_acc":0,"dim_soc":0}},{"type":"Feature","id":311,"geometry":{"type":"Polygon","coordinates":[[[-72.2383,-39.2994],[-72.2377,-39.2988],[-72.238,-39.2986],[-72.2386,-39.2992],[-72.2383,-39.2994]]]},"properties":{"OID":311,"MANZENT":9120031003070,"n_per":41,"n_hombres":23,"n_mujeres":18,"n_edad_0_5":5,"n_edad_6_1":8,"n_edad_14_":1,"n_edad_18_":1,"n_edad_25_":16,"n_edad_45_":5,"n_edad_60_":5,"n_transpor":8,"n_transp_1":4,"n_transp_2":1,"n_transp_3":0,"n_transp_4":0,"n_transp_5":0,"n_transp_6":1,"dim_acc":0,"dim_soc":0}},{"type":"Feature","id":312,"geometry":{"type":"Polygon","coordinates":[[[-72.2378,-39.2997],[-72.2372,-39.2991],[-72.2376,-39.2988],[-72.2382,-39.2995],[-72.2378,-39.2997]]]},"properties":{"OID":312,"MANZENT":9120031003070,"n_per":43,"n_hombres":23,"n_mujeres":20,"n_edad_0_5":9,"n_edad_6_1":4,"n_edad_14_":1,"n_edad_18_":0,"n_edad_25_":24,"n_edad_45_":2,"n_edad_60_":3,"n_transpor":11,"n_transp_1":6,"n_transp_2":0,"n_transp_3":1,"n_transp_4":1,"n_transp_5":0,"n_transp_6":0,"dim_acc":0,"dim_soc":0}},{"type":"Feature","id":313,"geometry":{"type":"MultiPolygon","coordinates":[[[[-72.2399,-39.2981],[-72.2395,-39.298],[-72.2397,-39.2972],[-72.2401,-39.2973],[-72.2399,-39.2981]]],[[[-72.239,-39.2975],[-72.2388,-39.2972],[-72.2396,-39.297],[-72.2396,-39.2973],[-72.239,-39.2975]]]]},"properties":{"OID":313,"MANZENT":9120031003060,"n_per":26,"n_hombres":11,"n_mujeres":15,"n_edad_0_5":3,"n_edad_6_1":5,"n_edad_14_":2,"n_edad_18_":1,"n_edad_25_":14,"n_edad_45_":1,"n_edad_60_":0,"n_transpor":6,"n_transp_1":1,"n_transp_2":0,"n_transp_3":0,"n_transp_4":0,"n_transp_5":0,"n_transp_6":0,"dim_acc":0,"dim_soc":0}},{"type":"Feature","id":314,"geometry":{"type":"Polygon","coordinates":[[[-72.2262,-39.3038],[-72.2261,-39.3036],[-72.2315,-39.3023],[-72.2333,-39.3024],[-72.2327,-39.3057],[-72.2326,-39.3059],[-72.2325,-39.306],[-72.2297,-39.3066],[-72.2285,-39.3039],[-72.2285,-39.3039],[-72.2296,-39.3066],[-72.2293,-39.3067],[-72.2288,-39.3056],[-72.229,-39.3055],[-72.229,-39.3055],[-72.2271,-39.306],[-72.227,-39.3057],[-72.2271,-39.3056],[-72.2269,-39.3056],[-72.2266,-39.3049],[-72.2269,-39.3048],[-72.2268,-39.3047],[-72.2266,-39.3048],[-72.2265,-39.3045],[-72.2267,-39.3044],[-72.2264,-39.3044],[-72.2262,-39.3038]]]},"properties":{"OID":314,"MANZENT":9120031004000,"n_per":36,"n_hombres":19,"n_mujeres":17,"n_edad_0_5":6,"n_edad_6_1":3,"n_edad_14_":1,"n_edad_18_":2,"n_edad_25_":14,"n_edad_45_":5,"n_edad_60_":5,"n_transpor":0,"n_transp_1":2,"n_transp_2":0,"n_transp_3":0,"n_transp_4":0,"n_transp_5":0,"n_transp_6":0,"dim_acc":0,"dim_soc":0}},{"type":"Feature","id":315,"geometry":{"type":"Polygon","coordinates":[[[-72.2253,-39.3047],[-72.2262,-39.3041],[-72.2264,-39.3045],[-72.2253,-39.3047]]]},"properties":{"OID":315,"MANZENT":9120031004000,"n_per":27,"n_hombres":13,"n_mujeres":14,"n_edad_0_5":2,"n_edad_6_1":2,"n_edad_14_":2,"n_edad_18_":3,"n_edad_25_":11,"n_edad_45_":3,"n_edad_60_":4,"n_transpor":6,"n_transp_1":5,"n_transp_2":1,"n_transp_3":0,"n_transp_4":0,"n_transp_5":0,"n_transp_6":0,"dim_acc":0,"dim_soc":0}},{"type":"Feature","id":316,"geometry":{"type":"Polygon","coordinates":[[[-72.2244,-39.3053],[-72.2251,-39.3048],[-72.2264,-39.3045],[-72.2265,-39.3048],[-72.2244,-39.3053]]]},"properties":{"OID":316,"MANZENT":9120031004000,"n_per":68,"n_hombres":28,"n_mujeres":40,"n_edad_0_5":6,"n_edad_6_1":6,"n_edad_14_":4,"n_edad_18_":8,"n_edad_25_":17,"n_edad_45_":21,"n_edad_60_":6,"n_transpor":12,"n_transp_1":8,"n_transp_2":6,"n_transp_3":0,"n_transp_4":2,"n_transp_5":0,"n_transp_6":0,"dim_acc":0,"dim_soc":0}},{"type":"Feature","id":317,"geometry":{"type":"Polygon","coordinates":[[[-72.2265,-39.3057],[-72.2262,-39.305],[-72.2265,-39.3049],[-72.2269,-39.3056],[-72.2265,-39.3057]]]},"properties":{"OID":317,"MANZENT":9120031004000,"n_per":47,"n_hombres":23,"n_mujeres":24,"n_edad_0_5":2,"n_edad_6_1":9,"n_edad_14_":5,"n_edad_18_":3,"n_edad_25_":20,"n_edad_45_":6,"n_edad_60_":2,"n_transpor":5,"n_transp_1":9,"n_transp_2":3,"n_transp_3":0,"n_transp_4":1,"n_transp_5":0,"n_transp_6":0,"dim_acc":0,"dim_soc":0}},{"type":"Feature","id":318,"geometry":{"type":"Polygon","coordinates":[[[-72.2261,-39.3058],[-72.2258,-39.3051],[-72.2261,-39.305],[-72.2264,-39.3057],[-72.2261,-39.3058]]]},"properties":{"OID":318,"MANZENT":9120031004010,"n_per":50,"n_hombres":28,"n_mujeres":22,"n_edad_0_5":2,"n_edad_6_1":10,"n_edad_14_":3,"n_edad_18_":4,"n_edad_25_":17,"n_edad_45_":13,"n_edad_60_":1,"n_transpor":3,"n_transp_1":6,"n_transp_2":0,"n_transp_3":0,"n_transp_4":0,"n_transp_5":0,"n_transp_6":1,"dim_acc":0.582438,"dim_soc":0.887695}},{"type":"Feature","id":319,"geometry":{"type":"Polygon","coordinates":[[[-72.2257,-39.3059],[-72.2253,-39.3052],[-72.2257,-39.3051],[-72.226,-39.3058],[-72.2257,-39.3059]]]},"properties":{"OID":319,"MANZENT":9120031004010,"n_per":48,"n_hombres":22,"n_mujeres":26,"n_edad_0_5":4,"n_edad_6_1":8,"n_edad_14_":3,"n_edad_18_":3,"n_edad_25_":18,"n_edad_45_":8,"n_edad_60_":4,"n_transpor":4,"n_transp_1":3,"n_transp_2":0,"n_transp_3":0,"n_transp_4":0,"n_transp_5":0,"n_transp_6":1,"dim_acc":0.582438,"dim_soc":0.887695}},{"type":"Feature","id":320,"geometry":{"type":"Polygon","coordinates":[[[-72.2253,-39.306],[-72.2249,-39.3053],[-72.2253,-39.3052],[-72.2256,-39.3059],[-72.2253,-39.306]]]},"properties":{"OID":320,"MANZENT":9120031004010,"n_per":49,"n_hombres":23,"n_mujeres":26,"n_edad_0_5":6,"n_edad_6_1":8,"n_edad_14_":5,"n_edad_18_":2,"n_edad_25_":19,"n_edad_45_":6,"n_edad_60_":3,"n_transpor":3,"n_transp_1":1,"n_transp_2":0,"n_transp_3":0,"n_transp_4":0,"n_transp_5":0,"n_transp_6":0,"dim_acc":0.582438,"dim_soc":0.887695}},{"type":"Feature","id":321,"geometry":{"type":"Polygon","coordinates":[[[-72.2248,-39.3061],[-72.2245,-39.3054],[-72.2248,-39.3053],[-72.2252,-39.306],[-72.2248,-39.3061]]]},"properties":{"OID":321,"MANZENT":9120031004010,"n_per":51,"n_hombres":23,"n_mujeres":28,"n_edad_0_5":3,"n_edad_6_1":11,"n_edad_14_":4,"n_edad_18_":7,"n_edad_25_":15,"n_edad_45_":7,"n_edad_60_":4,"n_transpor":9,"n_transp_1":8,"n_transp_2":3,"n_transp_3":0,"n_transp_4":0,"n_transp_5":0,"n_transp_6":2,"dim_acc":0.582438,"dim_soc":0.887695}},{"type":"Feature","id":322,"geometry":{"type":"Polygon","coordinates":[[[-72.2244,-39.3063],[-72.2241,-39.3055],[-72.2244,-39.3054],[-72.2248,-39.3062],[-72.2244,-39.3063]]]},"properties":{"OID":322,"MANZENT":9120031004010,"n_per":43,"n_hombres":15,"n_mujeres":28,"n_edad_0_5":3,"n_edad_6_1":8,"n_edad_14_":4,"n_edad_18_":2,"n_edad_25_":11,"n_edad_45_":7,"n_edad_60_":8,"n_transpor":1,"n_transp_1":1,"n_transp_2":1,"n_transp_3":0,"n_transp_4":0,"n_transp_5":0,"n_transp_6":0,"dim_acc":0.582438,"dim_soc":0.887695}},{"type":"Feature","id":323,"geometry":{"type":"Polygon","coordinates":[[[-72.2221,-39.3067],[-72.2228,-39.3062],[-72.2227,-39.3058],[-72.2239,-39.3056],[-72.2222,-39.3068],[-72.2217,-39.3069],[-72.2214,-39.3062],[-72.2218,-39.3061],[-72.222,-39.3066],[-72.2221,-39.3067]]]},"properties":{"OID":323,"MANZENT":9120031004010,"n_per":47,"n_hombres":25,"n_mujeres":22,"n_edad_0_5":5,"n_edad_6_1":10,"n_edad_14_":4,"n_edad_18_":3,"n_edad_25_":20,"n_edad_45_":4,"n_edad_60_":1,"n_transpor":3,"n_transp_1":1,"n_transp_2":0,"n_transp_3":0,"n_transp_4":0,"n_transp_5":0,"n_transp_6":0,"dim_acc":0.582438,"dim_soc":0.887695}},{"type":"Feature","id":324,"geometry":{"type":"Polygon","coordinates":[[[-72.224,-39.3064],[-72.2237,-39.3058],[-72.224,-39.3056],[-72.2243,-39.3063],[-72.224,-39.3064]]]},"properties":{"OID":324,"MANZENT":9120031004010,"n_per":18,"n_hombres":11,"n_mujeres":7,"n_edad_0_5":2,"n_edad_6_1":3,"n_edad_14_":1,"n_edad_18_":0,"n_edad_25_":9,"n_edad_45_":1,"n_edad_60_":2,"n_transpor":0,"n_transp_1":1,"n_transp_2":0,"n_transp_3":0,"n_transp_4":0,"n_transp_5":0,"n_transp_6":0,"dim_acc":0.582438,"dim_soc":0.887695}},{"type":"Feature","id":325,"geometry":{"type":"Polygon","coordinates":[[[-72.228,-39.3058],[-72.2288,-39.3056],[-72.2289,-39.3059],[-72.2281,-39.3061],[-72.228,-39.3058]]]},"properties":{"OID":325,"MANZENT":9120031004010,"n_per":0,"n_hombres":0,"n_mujeres":0,"n_edad_0_5":0,"n_edad_6_1":0,"n_edad_14_":0,"n_edad_18_":0,"n_edad_25_":0,"n_edad_45_":0,"n_edad_60_":0,"n_transpor":0,"n_transp_1":0,"n_transp_2":0,"n_transp_3":0,"n_transp_4":0,"n_transp_5":0,"n_transp_6":0,"dim_acc":0.582438,"dim_soc":0.887695}},{"type":"Feature","id":326,"geometry":{"type":"Polygon","coordinates":[[[-72.2246,-39.3066],[-72.2244,-39.3063],[-72.2269,-39.3057],[-72.227,-39.306],[-72.2246,-39.3066]]]},"properties":{"OID":326,"MANZENT":9120031004010,"n_per":130,"n_hombres":68,"n_mujeres":62,"n_edad_0_5":11,"n_edad_6_1":20,"n_edad_14_":13,"n_edad_18_":13,"n_edad_25_":55,"n_edad_45_":15,"n_edad_60_":3,"n_transpor":27,"n_transp_1":19,"n_transp_2":4,"n_transp_3":2,"n_transp_4":0,"n_transp_5":0,"n_transp_6":5,"dim_acc":0.582438,"dim_soc":0.887695}},{"type":"Feature","id":327,"geometry":{"type":"Polygon","coordinates":[[[-72.2273,-39.3063],[-72.2271,-39.306],[-72.2279,-39.3058],[-72.2281,-39.3061],[-72.2273,-39.3063]]]},"properties":{"OID":327,"MANZENT":9120031004020,"n_per":0,"n_hombres":0,"n_mujeres":0,"n_edad_0_5":0,"n_edad_6_1":0,"n_edad_14_":0,"n_edad_18_":0,"n_edad_25_":0,"n_edad_45_":0,"n_edad_60_":0,"n_transpor":0,"n_transp_1":0,"n_transp_2":0,"n_transp_3":0,"n_transp_4":0,"n_transp_5":0,"n_transp_6":0,"dim_acc":0.526856,"dim_soc":0.814}},{"type":"Feature","id":328,"geometry":{"type":"Polygon","coordinates":[[[-72.2225,-39.3064],[-72.2223,-39.306],[-72.2226,-39.3059],[-72.2227,-39.3062],[-72.2225,-39.3064]]]},"properties":{"OID":328,"MANZENT":9120031004020,"n_per":23,"n_hombres":9,"n_mujeres":14,"n_edad_0_5":1,"n_edad_6_1":4,"n_edad_14_":2,"n_edad_18_":3,"n_edad_25_":6,"n_edad_45_":7,"n_edad_60_":0,"n_transpor":2,"n_transp_1":0,"n_transp_2":0,"n_transp_3":0,"n_transp_4":0,"n_transp_5":0,"n_transp_6":0,"dim_acc":0.526856,"dim_soc":0.814}},{"type":"Feature","id":329,"geometry":{"type":"Polygon","coordinates":[[[-72.2221,-39.3066],[-72.2218,-39.3061],[-72.2222,-39.306],[-72.2224,-39.3064],[-72.2221,-39.3066]]]},"properties":{"OID":329,"MANZENT":9120031004020,"n_per":34,"n_hombres":14,"n_mujeres":20,"n_edad_0_5":3,"n_edad_6_1":7,"n_edad_14_":2,"n_edad_18_":0,"n_edad_25_":13,"n_edad_45_":7,"n_edad_60_":2,"n_transpor":9,"n_transp_1":1,"n_transp_2":1,"n_transp_3":0,"n_transp_4":0,"n_transp_5":0,"n_transp_6":1,"dim_acc":0.526856,"dim_soc":0.814}},{"type":"Feature","id":330,"geometry":{"type":"Polygon","coordinates":[[[-72.2282,-39.3062],[-72.2281,-39.3062],[-72.2289,-39.306],[-72.2291,-39.3063],[-72.2283,-39.3065],[-72.2282,-39.3062]]]},"properties":{"OID":330,"MANZENT":9120031004020,"n_per":0,"n_hombres":0,"n_mujeres":0,"n_edad_0_5":0,"n_edad_6_1":0,"n_edad_14_":0,"n_edad_18_":0,"n_edad_25_":0,"n_edad_45_":0,"n_edad_60_":0,"n_transpor":0,"n_transp_1":0,"n_transp_2":0,"n_transp_3":0,"n_transp_4":0,"n_transp_5":0,"n_transp_6":0,"dim_acc":0.526856,"dim_soc":0.814}},{"type":"Feature","id":331,"geometry":{"type":"Polygon","coordinates":[[[-72.2247,-39.307],[-72.2246,-39.3067],[-72.2271,-39.3061],[-72.2272,-39.3063],[-72.2247,-39.307]]]},"properties":{"OID":331,"MANZENT":9120031004020,"n_per":64,"n_hombres":28,"n_mujeres":36,"n_edad_0_5":13,"n_edad_6_1":11,"n_edad_14_":2,"n_edad_18_":1,"n_edad_25_":32,"n_edad_45_":5,"n_edad_60_":0,"n_transpor":14,"n_transp_1":10,"n_transp_2":0,"n_transp_3":0,"n_transp_4":0,"n_transp_5":0,"n_transp_6":2,"dim_acc":0.526856,"dim_soc":0.814}},{"type":"Feature","id":332,"geometry":{"type":"Polygon","coordinates":[[[-72.2273,-39.3064],[-72.2281,-39.3062],[-72.2282,-39.3065],[-72.2274,-39.3067],[-72.2273,-39.3064]]]},"properties":{"OID":332,"MANZENT":9120031004030,"n_per":0,"n_hombres":0,"n_mujeres":0,"n_edad_0_5":0,"n_edad_6_1":0,"n_edad_14_":0,"n_edad_18_":0,"n_edad_25_":0,"n_edad_45_":0,"n_edad_60_":0,"n_transpor":0,"n_transp_1":0,"n_transp_2":0,"n_transp_3":0,"n_transp_4":0,"n_transp_5":0,"n_transp_6":0,"dim_acc":0,"dim_soc":0}},{"type":"Feature","id":333,"geometry":{"type":"Polygon","coordinates":[[[-72.2219,-39.3073],[-72.2218,-39.3072],[-72.2222,-39.3069],[-72.2244,-39.3064],[-72.2245,-39.3067],[-72.2219,-39.3073]]]},"properties":{"OID":333,"MANZENT":9120031004030,"n_per":108,"n_hombres":47,"n_mujeres":61,"n_edad_0_5":6,"n_edad_6_1":21,"n_edad_14_":13,"n_edad_18_":1,"n_edad_25_":44,"n_edad_45_":13,"n_edad_60_":10,"n_transpor":13,"n_transp_1":17,"n_transp_2":1,"n_transp_3":0,"n_transp_4":0,"n_transp_5":0,"n_transp_6":0,"dim_acc":0,"dim_soc":0}},{"type":"Feature","id":334,"geometry":{"type":"Polygon","coordinates":[[[-72.2272,-39.3072],[-72.2269,-39.3065],[-72.2272,-39.3064],[-72.2276,-39.3071],[-72.2272,-39.3072]]]},"properties":{"OID":334,"MANZENT":9120031004030,"n_per":24,"n_hombres":14,"n_mujeres":10,"n_edad_0_5":1,"n_edad_6_1":6,"n_edad_14_":1,"n_edad_18_":0,"n_edad_25_":14,"n_edad_45_":1,"n_edad_60_":1,"n_transpor":7,"n_transp_1":1,"n_transp_2":1,"n_transp_3":0,"n_transp_4":0,"n_transp_5":0,"n_transp_6":2,"dim_acc":0,"dim_soc":0}},{"type":"Feature","id":335,"geometry":{"type":"Polygon","coordinates":[[[-72.2268,-39.3073],[-72.2265,-39.3066],[-72.2268,-39.3065],[-72.2272,-39.3072],[-72.2268,-39.3073]]]},"properties":{"OID":335,"MANZENT":9120031004030,"n_per":26,"n_hombres":13,"n_mujeres":13,"n_edad_0_5":5,"n_edad_6_1":2,"n_edad_14_":2,"n_edad_18_":1,"n_edad_25_":16,"n_edad_45_":0,"n_edad_60_":0,"n_transpor":7,"n_transp_1":1,"n_transp_2":0,"n_transp_3":2,"n_transp_4":0,"n_transp_5":0,"n_transp_6":0,"dim_acc":0,"dim_soc":0}},{"type":"Feature","id":336,"geometry":{"type":"Polygon","coordinates":[[[-72.2275,-39.3068],[-72.2282,-39.3066],[-72.2284,-39.3069],[-72.2276,-39.3071],[-72.2275,-39.3068]]]},"properties":{"OID":336,"MANZENT":9120031004030,"n_per":0,"n_hombres":0,"n_mujeres":0,"n_edad_0_5":0,"n_edad_6_1":0,"n_edad_14_":0,"n_edad_18_":0,"n_edad_25_":0,"n_edad_45_":0,"n_edad_60_":0,"n_transpor":0,"n_transp_1":0,"n_transp_2":0,"n_transp_3":0,"n_transp_4":0,"n_transp_5":0,"n_transp_6":0,"dim_acc":0,"dim_soc":0}},{"type":"Feature","id":337,"geometry":{"type":"Polygon","coordinates":[[[-72.2264,-39.3074],[-72.2261,-39.3067],[-72.2264,-39.3066],[-72.2267,-39.3073],[-72.2264,-39.3074]]]},"properties":{"OID":337,"MANZENT":9120031004030,"n_per":30,"n_hombres":18,"n_mujeres":12,"n_edad_0_5":2,"n_edad_6_1":3,"n_edad_14_":1,"n_edad_18_":4,"n_edad_25_":12,"n_edad_45_":4,"n_edad_60_":4,"n_transpor":9,"n_transp_1":0,"n_transp_2":0,"n_transp_3":1,"n_transp_4":0,"n_transp_5":0,"n_transp_6":1,"dim_acc":0,"dim_soc":0}},{"type":"Feature","id":338,"geometry":{"type":"Polygon","coordinates":[[[-72.226,-39.3075],[-72.2257,-39.3068],[-72.226,-39.3067],[-72.2263,-39.3074],[-72.226,-39.3075]]]},"properties":{"OID":338,"MANZENT":9120031004030,"n_per":35,"n_hombres":25,"n_mujeres":10,"n_edad_0_5":4,"n_edad_6_1":6,"n_edad_14_":1,"n_edad_18_":2,"n_edad_25_":17,"n_edad_45_":3,"n_edad_60_":2,"n_transpor":9,"n_transp_1":4,"n_transp_2":0,"n_transp_3":0,"n_transp_4":0,"n_transp_5":0,"n_transp_6":1,"dim_acc":0,"dim_soc":0}},{"type":"Feature","id":339,"geometry":{"type":"Polygon","coordinates":[[[-72.2245,-39.3067],[-72.225,-39.3078],[-72.2246,-39.3079],[-72.2243,-39.3072],[-72.2242,-39.3071],[-72.2225,-39.3075],[-72.2225,-39.3077],[-72.2227,-39.3083],[-72.2223,-39.3084],[-72.2219,-39.3074],[-72.2245,-39.3067]]]},"properties":{"OID":339,"MANZENT":9120031004040,"n_per":268,"n_hombres":120,"n_mujeres":148,"n_edad_0_5":43,"n_edad_6_1":47,"n_edad_14_":22,"n_edad_18_":21,"n_edad_25_":104,"n_edad_45_":22,"n_edad_60_":9,"n_transpor":44,"n_transp_1":37,"n_transp_2":10,"n_transp_3":2,"n_transp_4":1,"n_transp_5":0,"n_transp_6":1,"dim_acc":0.49402,"dim_soc":0.618134}},{"type":"Feature","id":340,"geometry":{"type":"Polygon","coordinates":[[[-72.2247,-39.3071],[-72.2256,-39.3068],[-72.2259,-39.3075],[-72.2256,-39.3076],[-72.2254,-39.3072],[-72.2249,-39.3073],[-72.2247,-39.3071]]]},"properties":{"OID":340,"MANZENT":9120031004040,"n_per":42,"n_hombres":27,"n_mujeres":15,"n_edad_0_5":4,"n_edad_6_1":8,"n_edad_14_":3,"n_edad_18_":0,"n_edad_25_":25,"n_edad_45_":2,"n_edad_60_":0,"n_transpor":12,"n_transp_1":4,"n_transp_2":0,"n_transp_3":0,"n_transp_4":0,"n_transp_5":0,"n_transp_6":0,"dim_acc":0.49402,"dim_soc":0.618134}},{"type":"Feature","id":341,"geometry":{"type":"Polygon","coordinates":[[[-72.2196,-39.3075],[-72.2219,-39.307],[-72.2211,-39.3075],[-72.2171,-39.3085],[-72.2171,-39.3082],[-72.2196,-39.3075]]]},"properties":{"OID":341,"MANZENT":9120031004040,"n_per":245,"n_hombres":120,"n_mujeres":125,"n_edad_0_5":21,"n_edad_6_1":36,"n_edad_14_":28,"n_edad_18_":16,"n_edad_25_":100,"n_edad_45_":23,"n_edad_60_":21,"n_transpor":51,"n_transp_1":19,"n_transp_2":5,"n_transp_3":3,"n_transp_4":0,"n_transp_5":0,"n_transp_6":3,"dim_acc":0.49402,"dim_soc":0.618134}},{"type":"Feature","id":342,"geometry":{"type":"Polygon","coordinates":[[[-72.2277,-39.3073],[-72.2281,-39.3072],[-72.2283,-39.3075],[-72.2279,-39.3076],[-72.2277,-39.3073]]]},"properties":{"OID":342,"MANZENT":9120031004040,"n_per":0,"n_hombres":0,"n_mujeres":0,"n_edad_0_5":0,"n_edad_6_1":0,"n_edad_14_":0,"n_edad_18_":0,"n_edad_25_":0,"n_edad_45_":0,"n_edad_60_":0,"n_transpor":0,"n_transp_1":0,"n_transp_2":0,"n_transp_3":0,"n_transp_4":0,"n_transp_5":0,"n_transp_6":0,"dim_acc":0.49402,"dim_soc":0.618134}},{"type":"Feature","id":343,"geometry":{"type":"Polygon","coordinates":[[[-72.2242,-39.308],[-72.2239,-39.3073],[-72.2242,-39.3072],[-72.2242,-39.3072],[-72.2245,-39.3079],[-72.2242,-39.308]]]},"properties":{"OID":343,"MANZENT":9120031004040,"n_per":47,"n_hombres":17,"n_mujeres":30,"n_edad_0_5":8,"n_edad_6_1":8,"n_edad_14_":5,"n_edad_18_":2,"n_edad_25_":14,"n_edad_45_":8,"n_edad_60_":2,"n_transpor":15,"n_transp_1":5,"n_transp_2":1,"n_transp_3":1,"n_transp_4":0,"n_transp_5":0,"n_transp_6":1,"dim_acc":0.49402,"dim_soc":0.618134}},{"type":"Feature","id":344,"geometry":{"type":"Polygon","coordinates":[[[-72.2217,-39.3081],[-72.2214,-39.3074],[-72.2217,-39.3072],[-72.2221,-39.308],[-72.2217,-39.3081]]]},"properties":{"OID":344,"MANZENT":9120031004040,"n_per":37,"n_hombres":17,"n_mujeres":20,"n_edad_0_5":5,"n_edad_6_1":4,"n_edad_14_":1,"n_edad_18_":3,"n_edad_25_":14,"n_edad_45_":5,"n_edad_60_":5,"n_transpor":8,"n_transp_1":4,"n_transp_2":1,"n_transp_3":1,"n_transp_4":0,"n_transp_5":0,"n_transp_6":0,"dim_acc":0.49402,"dim_soc":0.618134}},{"type":"Feature","id":345,"geometry":{"type":"Polygon","coordinates":[[[-72.2241,-39.308],[-72.2232,-39.3082],[-72.2231,-39.3079],[-72.2233,-39.3078],[-72.2232,-39.3074],[-72.2235,-39.3073],[-72.2237,-39.3077],[-72.2239,-39.3077],[-72.2241,-39.308]]]},"properties":{"OID":345,"MANZENT":9120031004050,"n_per":73,"n_hombres":35,"n_mujeres":38,"n_edad_0_5":11,"n_edad_6_1":10,"n_edad_14_":3,"n_edad_18_":3,"n_edad_25_":35,"n_edad_45_":7,"n_edad_60_":4,"n_transpor":21,"n_transp_1":12,"n_transp_2":2,"n_transp_3":0,"n_transp_4":0,"n_transp_5":0,"n_transp_6":1,"dim_acc":0,"dim_soc":0}},{"type":"Feature","id":346,"geometry":{"type":"Polygon","coordinates":[[[-72.2108,-39.308],[-72.2106,-39.3075],[-72.2109,-39.3074],[-72.2112,-39.3079],[-72.2108,-39.308]]]},"properties":{"OID":346,"MANZENT":9120031004050,"n_per":48,"n_hombres":18,"n_mujeres":30,"n_edad_0_5":0,"n_edad_6_1":9,"n_edad_14_":3,"n_edad_18_":8,"n_edad_25_":13,"n_edad_45_":11,"n_edad_60_":4,"n_transpor":4,"n_transp_1":12,"n_transp_2":2,"n_transp_3":1,"n_transp_4":0,"n_transp_5":0,"n_transp_6":0,"dim_acc":0,"dim_soc":0}},{"type":"Feature","id":347,"geometry":{"type":"Polygon","coordinates":[[[-72.2104,-39.3081],[-72.2101,-39.3076],[-72.2105,-39.3075],[-72.2107,-39.308],[-72.2104,-39.3081]]]},"properties":{"OID":347,"MANZENT":9120031004050,"n_per":48,"n_hombres":24,"n_mujeres":24,"n_edad_0_5":2,"n_edad_6_1":1,"n_edad_14_":5,"n_edad_18_":5,"n_edad_25_":14,"n_edad_45_":16,"n_edad_60_":5,"n_transpor":7,"n_transp_1":11,"n_transp_2":3,"n_transp_3":1,"n_transp_4":0,"n_transp_5":0,"n_transp_6":0,"dim_acc":0,"dim_soc":0}},{"type":"Feature","id":348,"geometry":{"type":"Polygon","coordinates":[[[-72.2213,-39.3082],[-72.2211,-39.3077],[-72.2213,-39.3075],[-72.2216,-39.3081],[-72.2213,-39.3082]]]},"properties":{"OID":348,"MANZENT":9120031004050,"n_per":17,"n_hombres":5,"n_mujeres":12,"n_edad_0_5":3,"n_edad_6_1":4,"n_edad_14_":1,"n_edad_18_":2,"n_edad_25_":4,"n_edad_45_":3,"n_edad_60_":0,"n_transpor":4,"n_transp_1":2,"n_transp_2":0,"n_transp_3":0,"n_transp_4":0,"n_transp_5":0,"n_transp_6":0,"dim_acc":0,"dim_soc":0}},{"type":"Feature","id":349,"geometry":{"type":"Polygon","coordinates":[[[-72.2228,-39.3083],[-72.2225,-39.3076],[-72.2228,-39.3075],[-72.2231,-39.3082],[-72.2228,-39.3083]]]},"properties":{"OID":349,"MANZENT":9120031004050,"n_per":27,"n_hombres":14,"n_mujeres":13,"n_edad_0_5":3,"n_edad_6_1":4,"n_edad_14_":2,"n_edad_18_":3,"n_edad_25_":11,"n_edad_45_":3,"n_edad_60_":1,"n_transpor":7,"n_transp_1":3,"n_transp_2":3,"n_transp_3":0,"n_transp_4":0,"n_transp_5":0,"n_transp_6":0,"dim_acc":0,"dim_soc":0}},{"type":"Feature","id":350,"geometry":{"type":"Polygon","coordinates":[[[-72.21,-39.3082],[-72.2097,-39.3077],[-72.2101,-39.3076],[-72.2103,-39.3081],[-72.21,-39.3082]]]},"properties":{"OID":350,"MANZENT":9120031004060,"n_per":47,"n_hombres":21,"n_mujeres":26,"n_edad_0_5":3,"n_edad_6_1":5,"n_edad_14_":6,"n_edad_18_":9,"n_edad_25_":15,"n_edad_45_":5,"n_edad_60_":4,"n_transpor":8,"n_transp_1":5,"n_transp_2":6,"n_transp_3":0,"n_transp_4":1,"n_transp_5":0,"n_transp_6":1,"dim_acc":0,"dim_soc":0}},{"type":"Feature","id":351,"geometry":{"type":"Polygon","coordinates":[[[-72.2198,-39.3082],[-72.2201,-39.3081],[-72.2201,-39.3078],[-72.2211,-39.3076],[-72.2187,-39.3093],[-72.2176,-39.3099],[-72.2165,-39.3108],[-72.2164,-39.3109],[-72.2161,-39.311],[-72.2162,-39.3107],[-72.2159,-39.31],[-72.2184,-39.3093],[-72.2183,-39.309],[-72.219,-39.3087],[-72.2188,-39.3081],[-72.2192,-39.3081],[-72.2194,-39.3085],[-72.2194,-39.3084],[-72.2193,-39.308],[-72.2196,-39.308],[-72.2198,-39.3082]]]},"properties":{"OID":351,"MANZENT":9120031004060,"n_per":70,"n_hombres":29,"n_mujeres":41,"n_edad_0_5":6,"n_edad_6_1":8,"n_edad_14_":5,"n_edad_18_":12,"n_edad_25_":26,"n_edad_45_":12,"n_edad_60_":1,"n_transpor":16,"n_transp_1":10,"n_transp_2":2,"n_transp_3":1,"n_transp_4":1,"n_transp_5":0,"n_transp_6":0,"dim_acc":0,"dim_soc":0}},{"type":"Feature","id":352,"geometry":{"type":"Polygon","coordinates":[[[-72.2095,-39.3083],[-72.2093,-39.3078],[-72.2096,-39.3077],[-72.2099,-39.3082],[-72.2095,-39.3083]]]},"properties":{"OID":352,"MANZENT":9120031004060,"n_per":42,"n_hombres":21,"n_mujeres":21,"n_edad_0_5":1,"n_edad_6_1":6,"n_edad_14_":1,"n_edad_18_":8,"n_edad_25_":11,"n_edad_45_":10,"n_edad_60_":5,"n_transpor":2,"n_transp_1":10,"n_transp_2":3,"n_transp_3":0,"n_transp_4":0,"n_transp_5":0,"n_transp_6":2,"dim_acc":0,"dim_soc":0}},{"type":"Feature","id":353,"geometry":{"type":"Polygon","coordinates":[[[-72.2199,-39.3086],[-72.221,-39.3078],[-72.2212,-39.3082],[-72.2199,-39.3086]]]},"properties":{"OID":353,"MANZENT":9120031004060,"n_per":38,"n_hombres":18,"n_mujeres":20,"n_edad_0_5":2,"n_edad_6_1":7,"n_edad_14_":1,"n_edad_18_":3,"n_edad_25_":9,"n_edad_45_":11,"n_edad_60_":5,"n_transpor":8,"n_transp_1":1,"n_transp_2":3,"n_transp_3":0,"n_transp_4":0,"n_transp_5":0,"n_transp_6":2,"dim_acc":0,"dim_soc":0}},{"type":"Feature","id":354,"geometry":{"type":"Polygon","coordinates":[[[-72.2091,-39.3084],[-72.2089,-39.3079],[-72.2092,-39.3078],[-72.2095,-39.3083],[-72.2091,-39.3084]]]},"properties":{"OID":354,"MANZENT":9120031004060,"n_per":35,"n_hombres":17,"n_mujeres":18,"n_edad_0_5":0,"n_edad_6_1":4,"n_edad_14_":1,"n_edad_18_":5,"n_edad_25_":10,"n_edad_45_":12,"n_edad_60_":3,"n_transpor":7,"n_transp_1":8,"n_transp_2":6,"n_transp_3":0,"n_transp_4":0,"n_transp_5":0,"n_transp_6":0,"dim_acc":0,"dim_soc":0}},{"type":"Feature","id":355,"geometry":{"type":"Polygon","coordinates":[[[-72.2198,-39.3082],[-72.2197,-39.3079],[-72.22,-39.3078],[-72.2201,-39.3081],[-72.2198,-39.3082]]]},"properties":{"OID":355,"MANZENT":9120031004060,"n_per":10,"n_hombres":4,"n_mujeres":6,"n_edad_0_5":0,"n_edad_6_1":2,"n_edad_14_":0,"n_edad_18_":0,"n_edad_25_":4,"n_edad_45_":2,"n_edad_60_":2,"n_transpor":1,"n_transp_1":0,"n_transp_2":0,"n_transp_3":0,"n_transp_4":0,"n_transp_5":0,"n_transp_6":0,"dim_acc":0,"dim_soc":0}},{"type":"Feature","id":356,"geometry":{"type":"Polygon","coordinates":[[[-72.2088,-39.3088],[-72.2084,-39.308],[-72.2088,-39.3079],[-72.2092,-39.3087],[-72.2088,-39.3088]]]},"properties":{"OID":356,"MANZENT":9120031004060,"n_per":43,"n_hombres":21,"n_mujeres":22,"n_edad_0_5":3,"n_edad_6_1":8,"n_edad_14_":4,"n_edad_18_":1,"n_edad_25_":13,"n_edad_45_":6,"n_edad_60_":8,"n_transpor":3,"n_transp_1":6,"n_transp_2":3,"n_transp_3":0,"n_transp_4":0,"n_transp_5":0,"n_transp_6":0,"dim_acc":0,"dim_soc":0}},{"type":"Feature","id":357,"geometry":{"type":"Polygon","coordinates":[[[-72.2075,-39.3081],[-72.2083,-39.3079],[-72.2078,-39.3081],[-72.2078,-39.3081],[-72.2079,-39.3081],[-72.2083,-39.309],[-72.2082,-39.3091],[-72.2087,-39.3089],[-72.2089,-39.3092],[-72.2084,-39.3093],[-72.2085,-39.3094],[-72.2088,-39.3102],[-72.209,-39.3102],[-72.2093,-39.3102],[-72.2094,-39.3104],[-72.209,-39.3106],[-72.2091,-39.311],[-72.209,-39.3106],[-72.2094,-39.3105],[-72.2096,-39.3111],[-72.2093,-39.3111],[-72.2092,-39.3112],[-72.2096,-39.3123],[-72.2097,-39.3123],[-72.2101,-39.3122],[-72.2102,-39.3124],[-72.2095,-39.3126],[-72.2092,-39.3117],[-72.2072,-39.3122],[-72.2057,-39.3085],[-72.2075,-39.3081]]]},"properties":{"OID":357,"MANZENT":9120031004060,"n_per":181,"n_hombres":92,"n_mujeres":89,"n_edad_0_5":23,"n_edad_6_1":19,"n_edad_14_":14,"n_edad_18_":19,"n_edad_25_":61,"n_edad_45_":22,"n_edad_60_":23,"n_transpor":12,"n_transp_1":34,"n_transp_2":6,"n_transp_3":2,"n_transp_4":1,"n_transp_5":0,"n_transp_6":1,"dim_acc":0,"dim_soc":0}},{"type":"Feature","id":358,"geometry":{"type":"Polygon","coordinates":[[[-72.2084,-39.309],[-72.208,-39.3081],[-72.2084,-39.308],[-72.2087,-39.3089],[-72.2084,-39.309]]]},"properties":{"OID":358,"MANZENT":9120031004070,"n_per":76,"n_hombres":39,"n_mujeres":37,"n_edad_0_5":3,"n_edad_6_1":13,"n_edad_14_":7,"n_edad_18_":8,"n_edad_25_":20,"n_edad_45_":21,"n_edad_60_":4,"n_transpor":8,"n_transp_1":9,"n_transp_2":4,"n_transp_3":0,"n_transp_4":0,"n_transp_5":0,"n_transp_6":8,"dim_acc":0,"dim_soc":0}},{"type":"Feature","id":359,"geometry":{"type":"Polygon","coordinates":[[[-72.2193,-39.3092],[-72.2192,-39.309],[-72.2197,-39.3087],[-72.2221,-39.3081],[-72.2222,-39.3084],[-72.2193,-39.3092]]]},"properties":{"OID":359,"MANZENT":9120031004070,"n_per":124,"n_hombres":55,"n_mujeres":69,"n_edad_0_5":13,"n_edad_6_1":21,"n_edad_14_":8,"n_edad_18_":9,"n_edad_25_":41,"n_edad_45_":24,"n_edad_60_":8,"n_transpor":25,"n_transp_1":22,"n_transp_2":4,"n_transp_3":0,"n_transp_4":0,"n_transp_5":0,"n_transp_6":3,"dim_acc":0,"dim_soc":0}},{"type":"Feature","id":360,"geometry":{"type":"Polygon","coordinates":[[[-72.2186,-39.3088],[-72.2184,-39.3083],[-72.2187,-39.3082],[-72.219,-39.3087],[-72.2186,-39.3088]]]},"properties":{"OID":360,"MANZENT":9120031004070,"n_per":46,"n_hombres":23,"n_mujeres":23,"n_edad_0_5":3,"n_edad_6_1":8,"n_edad_14_":2,"n_edad_18_":6,"n_edad_25_":18,"n_edad_45_":8,"n_edad_60_":1,"n_transpor":2,"n_transp_1":7,"n_transp_2":0,"n_transp_3":0,"n_transp_4":0,"n_transp_5":0,"n_transp_6":0,"dim_acc":0,"dim_soc":0}},{"type":"Feature","id":361,"geometry":{"type":"Polygon","coordinates":[[[-72.2159,-39.3099],[-72.2153,-39.3086],[-72.2169,-39.3082],[-72.2171,-39.3085],[-72.2159,-39.3088],[-72.2163,-39.3098],[-72.2159,-39.3099]]]},"properties":{"OID":361,"MANZENT":9120031004070,"n_per":172,"n_hombres":82,"n_mujeres":90,"n_edad_0_5":14,"n_edad_6_1":30,"n_edad_14_":16,"n_edad_18_":18,"n_edad_25_":64,"n_edad_45_":23,"n_edad_60_":7,"n_transpor":30,"n_transp_1":27,"n_transp_2":7,"n_transp_3":1,"n_transp_4":0,"n_transp_5":0,"n_transp_6":2,"dim_acc":0,"dim_soc":0}},{"type":"Feature","id":362,"geometry":{"type":"Polygon","coordinates":[[[-72.2239,-39.3087],[-72.2235,-39.3088],[-72.2233,-39.3083],[-72.2237,-39.3083],[-72.2239,-39.3087]]]},"properties":{"OID":362,"MANZENT":9120031004070,"n_per":0,"n_hombres":0,"n_mujeres":0,"n_edad_0_5":0,"n_edad_6_1":0,"n_edad_14_":0,"n_edad_18_":0,"n_edad_25_":0,"n_edad_45_":0,"n_edad_60_":0,"n_transpor":0,"n_transp_1":0,"n_transp_2":0,"n_transp_3":0,"n_transp_4":0,"n_transp_5":0,"n_transp_6":0,"dim_acc":0,"dim_soc":0}},{"type":"Feature","id":363,"geometry":{"type":"Polygon","coordinates":[[[-72.209,-39.3092],[-72.2088,-39.3089],[-72.2113,-39.3083],[-72.2114,-39.3086],[-72.209,-39.3092]]]},"properties":{"OID":363,"MANZENT":9120031004070,"n_per":170,"n_hombres":87,"n_mujeres":83,"n_edad_0_5":10,"n_edad_6_1":22,"n_edad_14_":9,"n_edad_18_":22,"n_edad_25_":49,"n_edad_45_":39,"n_edad_60_":19,"n_transpor":25,"n_transp_1":35,"n_transp_2":7,"n_transp_3":1,"n_transp_4":0,"n_transp_5":0,"n_transp_6":4,"dim_acc":0,"dim_soc":0}},{"type":"Feature","id":364,"geometry":{"type":"Polygon","coordinates":[[[-72.2172,-39.3086],[-72.2179,-39.3084],[-72.2181,-39.3087],[-72.2185,-39.3086],[-72.2186,-39.3089],[-72.2179,-39.3091],[-72.2177,-39.3088],[-72.2173,-39.3088],[-72.2172,-39.3086]]]},"properties":{"OID":364,"MANZENT":9120031004070,"n_per":89,"n_hombres":38,"n_mujeres":51,"n_edad_0_5":9,"n_edad_6_1":10,"n_edad_14_":8,"n_edad_18_":11,"n_edad_25_":33,"n_edad_45_":17,"n_edad_60_":1,"n_transpor":15,"n_transp_1":11,"n_transp_2":2,"n_transp_3":0,"n_transp_4":0,"n_transp_5":0,"n_transp_6":1,"dim_acc":0,"dim_soc":0}},{"type":"Feature","id":365,"geometry":{"type":"Polygon","coordinates":[[[-72.2161,-39.3091],[-72.216,-39.3088],[-72.2171,-39.3086],[-72.2172,-39.3089],[-72.2161,-39.3091]]]},"properties":{"OID":365,"MANZENT":9120031004080,"n_per":65,"n_hombres":31,"n_mujeres":34,"n_edad_0_5":8,"n_edad_6_1":12,"n_edad_14_":5,"n_edad_18_":9,"n_edad_25_":24,"n_edad_45_":5,"n_edad_60_":2,"n_transpor":12,"n_transp_1":9,"n_transp_2":1,"n_transp_3":2,"n_transp_4":0,"n_transp_5":0,"n_transp_6":0,"dim_acc":0,"dim_soc":0}},{"type":"Feature","id":366,"geometry":{"type":"Polygon","coordinates":[[[-72.222,-39.3092],[-72.2221,-39.3091],[-72.2219,-39.3087],[-72.2223,-39.3086],[-72.2226,-39.3094],[-72.2201,-39.31],[-72.2198,-39.3092],[-72.2202,-39.3091],[-72.2204,-39.3095],[-72.2205,-39.3096],[-72.2212,-39.3094],[-72.2213,-39.3096],[-72.2214,-39.3095],[-72.2213,-39.3094],[-72.222,-39.3092]]]},"properties":{"OID":366,"MANZENT":9120031004080,"n_per":121,"n_hombres":56,"n_mujeres":65,"n_edad_0_5":11,"n_edad_6_1":12,"n_edad_14_":18,"n_edad_18_":12,"n_edad_25_":48,"n_edad_45_":17,"n_edad_60_":3,"n_transpor":25,"n_transp_1":24,"n_transp_2":4,"n_transp_3":1,"n_transp_4":0,"n_transp_5":0,"n_transp_6":4,"dim_acc":0,"dim_soc":0}},{"type":"Feature","id":367,"geometry":{"type":"Polygon","coordinates":[[[-72.2114,-39.3095],[-72.2111,-39.3087],[-72.2114,-39.3086],[-72.2118,-39.3094],[-72.2114,-39.3095]]]},"properties":{"OID":367,"MANZENT":9120031004080,"n_per":47,"n_hombres":24,"n_mujeres":23,"n_edad_0_5":0,"n_edad_6_1":6,"n_edad_14_":4,"n_edad_18_":3,"n_edad_25_":12,"n_edad_45_":13,"n_edad_60_":9,"n_transpor":9,"n_transp_1":6,"n_transp_2":2,"n_transp_3":1,"n_transp_4":0,"n_transp_5":0,"n_transp_6":3,"dim_acc":0,"dim_soc":0}},{"type":"Feature","id":368,"geometry":{"type":"Polygon","coordinates":[[[-72.2136,-39.309],[-72.2152,-39.3086],[-72.2154,-39.3089],[-72.2148,-39.3091],[-72.2149,-39.3094],[-72.2146,-39.3095],[-72.2144,-39.3092],[-72.2138,-39.3093],[-72.2136,-39.309]]]},"properties":{"OID":368,"MANZENT":9120031004080,"n_per":95,"n_hombres":38,"n_mujeres":57,"n_edad_0_5":5,"n_edad_6_1":14,"n_edad_14_":9,"n_edad_18_":12,"n_edad_25_":35,"n_edad_45_":14,"n_edad_60_":6,"n_transpor":10,"n_transp_1":19,"n_transp_2":0,"n_transp_3":0,"n_transp_4":0,"n_transp_5":0,"n_transp_6":0,"dim_acc":0,"dim_soc":0}},{"type":"Feature","id":369,"geometry":{"type":"Polygon","coordinates":[[[-72.2203,-39.3091],[-72.2218,-39.3087],[-72.222,-39.3091],[-72.2217,-39.3092],[-72.2215,-39.3091],[-72.2208,-39.3093],[-72.2208,-39.3094],[-72.2205,-39.3095],[-72.2203,-39.3091]]]},"properties":{"OID":369,"MANZENT":9120031004080,"n_per":89,"n_hombres":39,"n_mujeres":50,"n_edad_0_5":8,"n_edad_6_1":12,"n_edad_14_":12,"n_edad_18_":6,"n_edad_25_":39,"n_edad_45_":12,"n_edad_60_":0,"n_transpor":19,"n_transp_1":6,"n_transp_2":4,"n_transp_3":1,"n_transp_4":0,"n_transp_5":0,"n_transp_6":4,"dim_acc":0,"dim_soc":0}},{"type":"Feature","id":370,"geometry":{"type":"Polygon","coordinates":[[[-72.2109,-39.3094],[-72.2107,-39.3088],[-72.211,-39.3087],[-72.2112,-39.3093],[-72.2109,-39.3094]]]},"properties":{"OID":370,"MANZENT":9120031004080,"n_per":47,"n_hombres":19,"n_mujeres":28,"n_edad_0_5":3,"n_edad_6_1":6,"n_edad_14_":2,"n_edad_18_":8,"n_edad_25_":12,"n_edad_45_":11,"n_edad_60_":5,"n_transpor":4,"n_transp_1":11,"n_transp_2":4,"n_transp_3":0,"n_transp_4":0,"n_transp_5":0,"n_transp_6":0,"dim_acc":0,"dim_soc":0}},{"type":"Feature","id":371,"geometry":{"type":"Polygon","coordinates":[[[-72.2175,-39.3092],[-72.2173,-39.3089],[-72.2177,-39.3088],[-72.2178,-39.3091],[-72.2175,-39.3092]]]},"properties":{"OID":371,"MANZENT":9120031004080,"n_per":18,"n_hombres":7,"n_mujeres":11,"n_edad_0_5":1,"n_edad_6_1":5,"n_edad_14_":1,"n_edad_18_":0,"n_edad_25_":7,"n_edad_45_":3,"n_edad_60_":1,"n_transpor":1,"n_transp_1":5,"n_transp_2":2,"n_transp_3":0,"n_transp_4":0,"n_transp_5":0,"n_transp_6":0,"dim_acc":0,"dim_soc":0}},{"type":"Feature","id":372,"geometry":{"type":"Polygon","coordinates":[[[-72.2162,-39.3095],[-72.2161,-39.3092],[-72.2173,-39.3089],[-72.2173,-39.3092],[-72.2162,-39.3095]]]},"properties":{"OID":372,"MANZENT":9120031004080,"n_per":61,"n_hombres":24,"n_mujeres":37,"n_edad_0_5":6,"n_edad_6_1":12,"n_edad_14_":1,"n_edad_18_":5,"n_edad_25_":22,"n_edad_45_":12,"n_edad_60_":3,"n_transpor":18,"n_transp_1":3,"n_transp_2":0,"n_transp_3":1,"n_transp_4":0,"n_transp_5":0,"n_transp_6":0,"dim_acc":0,"dim_soc":0}},{"type":"Feature","id":373,"geometry":{"type":"Polygon","coordinates":[[[-72.218,-39.3094],[-72.2179,-39.3091],[-72.2183,-39.3091],[-72.2183,-39.3093],[-72.218,-39.3094]]]},"properties":{"OID":373,"MANZENT":9120031004090,"n_per":12,"n_hombres":6,"n_mujeres":6,"n_edad_0_5":0,"n_edad_6_1":1,"n_edad_14_":1,"n_edad_18_":0,"n_edad_25_":6,"n_edad_45_":4,"n_edad_60_":0,"n_transpor":2,"n_transp_1":2,"n_transp_2":0,"n_transp_3":0,"n_transp_4":0,"n_transp_5":0,"n_transp_6":0,"dim_acc":0,"dim_soc":0}},{"type":"Feature","id":374,"geometry":{"type":"Polygon","coordinates":[[[-72.2119,-39.3095],[-72.2135,-39.3091],[-72.2137,-39.3093],[-72.2131,-39.3095],[-72.2132,-39.3098],[-72.2128,-39.3099],[-72.2127,-39.3096],[-72.2121,-39.3098],[-72.2119,-39.3095]]]},"properties":{"OID":374,"MANZENT":9120031004090,"n_per":107,"n_hombres":48,"n_mujeres":59,"n_edad_0_5":5,"n_edad_6_1":15,"n_edad_14_":10,"n_edad_18_":9,"n_edad_25_":36,"n_edad_45_":22,"n_edad_60_":10,"n_transpor":18,"n_transp_1":8,"n_transp_2":0,"n_transp_3":0,"n_transp_4":0,"n_transp_5":0,"n_transp_6":1,"dim_acc":0,"dim_soc":0}},{"type":"Feature","id":375,"geometry":{"type":"Polygon","coordinates":[[[-72.2094,-39.3101],[-72.2091,-39.3095],[-72.2107,-39.3091],[-72.2108,-39.3094],[-72.2097,-39.3097],[-72.2097,-39.31],[-72.2094,-39.3101]]]},"properties":{"OID":375,"MANZENT":9120031004090,"n_per":124,"n_hombres":52,"n_mujeres":72,"n_edad_0_5":10,"n_edad_6_1":14,"n_edad_14_":11,"n_edad_18_":16,"n_edad_25_":34,"n_edad_45_":24,"n_edad_60_":15,"n_transpor":14,"n_transp_1":29,"n_transp_2":2,"n_transp_3":3,"n_transp_4":0,"n_transp_5":0,"n_transp_6":1,"dim_acc":0,"dim_soc":0}},{"type":"Feature","id":376,"geometry":{"type":"Polygon","coordinates":[[[-72.2176,-39.3095],[-72.2175,-39.3092],[-72.2178,-39.3092],[-72.2179,-39.3094],[-72.2176,-39.3095]]]},"properties":{"OID":376,"MANZENT":9120031004090,"n_per":20,"n_hombres":11,"n_mujeres":9,"n_edad_0_5":4,"n_edad_6_1":2,"n_edad_14_":4,"n_edad_18_":1,"n_edad_25_":6,"n_edad_45_":3,"n_edad_60_":0,"n_transpor":3,"n_transp_1":1,"n_transp_2":0,"n_transp_3":1,"n_transp_4":0,"n_transp_5":0,"n_transp_6":0,"dim_acc":0,"dim_soc":0}},{"type":"Feature","id":377,"geometry":{"type":"Polygon","coordinates":[[[-72.2196,-39.3098],[-72.2194,-39.3093],[-72.2197,-39.3092],[-72.2199,-39.3097],[-72.2196,-39.3098]]]},"properties":{"OID":377,"MANZENT":9120031004090,"n_per":25,"n_hombres":12,"n_mujeres":13,"n_edad_0_5":2,"n_edad_6_1":5,"n_edad_14_":2,"n_edad_18_":1,"n_edad_25_":12,"n_edad_45_":3,"n_edad_60_":0,"n_transpor":9,"n_transp_1":2,"n_transp_2":0,"n_transp_3":0,"n_transp_4":0,"n_transp_5":0,"n_transp_6":0,"dim_acc":0,"dim_soc":0}},{"type":"Feature","id":378,"geometry":{"type":"Polygon","coordinates":[[[-72.2139,-39.3097],[-72.2138,-39.3094],[-72.2144,-39.3092],[-72.2145,-39.3095],[-72.2139,-39.3097]]]},"properties":{"OID":378,"MANZENT":9120031004090,"n_per":15,"n_hombres":6,"n_mujeres":9,"n_edad_0_5":2,"n_edad_6_1":0,"n_edad_14_":1,"n_edad_18_":3,"n_edad_25_":3,"n_edad_45_":2,"n_edad_60_":4,"n_transpor":1,"n_transp_1":0,"n_transp_2":0,"n_transp_3":0,"n_transp_4":0,"n_transp_5":0,"n_transp_6":0,"dim_acc":0,"dim_soc":0}},{"type":"Feature","id":379,"geometry":{"type":"Polygon","coordinates":[[[-72.209,-39.3102],[-72.2085,-39.3094],[-72.2089,-39.3092],[-72.2093,-39.3101],[-72.209,-39.3102]]]},"properties":{"OID":379,"MANZENT":9120031004100,"n_per":40,"n_hombres":17,"n_mujeres":23,"n_edad_0_5":7,"n_edad_6_1":9,"n_edad_14_":1,"n_edad_18_":1,"n_edad_25_":15,"n_edad_45_":7,"n_edad_60_":0,"n_transpor":3,"n_transp_1":6,"n_transp_2":2,"n_transp_3":0,"n_transp_4":0,"n_transp_5":0,"n_transp_6":0,"dim_acc":0,"dim_soc":0}},{"type":"Feature","id":380,"geometry":{"type":"Polygon","coordinates":[[[-72.2164,-39.3098],[-72.2163,-39.3095],[-72.2174,-39.3093],[-72.2175,-39.3095],[-72.2164,-39.3098]]]},"properties":{"OID":380,"MANZENT":9120031004100,"n_per":59,"n_hombres":25,"n_mujeres":34,"n_edad_0_5":5,"n_edad_6_1":12,"n_edad_14_":3,"n_edad_18_":8,"n_edad_25_":26,"n_edad_45_":5,"n_edad_60_":0,"n_transpor":14,"n_transp_1":2,"n_transp_2":2,"n_transp_3":0,"n_transp_4":0,"n_transp_5":0,"n_transp_6":2,"dim_acc":0,"dim_soc":0}},{"type":"Feature","id":381,"geometry":{"type":"Polygon","coordinates":[[[-72.2156,-39.3101],[-72.2152,-39.3094],[-72.2155,-39.3093],[-72.2159,-39.31],[-72.2156,-39.3101]]]},"properties":{"OID":381,"MANZENT":9120031004100,"n_per":40,"n_hombres":20,"n_mujeres":20,"n_edad_0_5":4,"n_edad_6_1":6,"n_edad_14_":2,"n_edad_18_":1,"n_edad_25_":20,"n_edad_45_":4,"n_edad_60_":3,"n_transpor":11,"n_transp_1":5,"n_transp_2":1,"n_transp_3":0,"n_transp_4":0,"n_transp_5":0,"n_transp_6":0,"dim_acc":0,"dim_soc":0}},{"type":"Feature","id":382,"geometry":{"type":"Polygon","coordinates":[[[-72.2192,-39.3099],[-72.219,-39.3094],[-72.2193,-39.3093],[-72.2195,-39.3098],[-72.2192,-39.3099]]]},"properties":{"OID":382,"MANZENT":9120031004100,"n_per":26,"n_hombres":11,"n_mujeres":15,"n_edad_0_5":3,"n_edad_6_1":3,"n_edad_14_":3,"n_edad_18_":2,"n_edad_25_":10,"n_edad_45_":2,"n_edad_60_":3,"n_transpor":8,"n_transp_1":3,"n_transp_2":1,"n_transp_3":0,"n_transp_4":0,"n_transp_5":0,"n_transp_6":0,"dim_acc":0,"dim_soc":0}},{"type":"Feature","id":383,"geometry":{"type":"Polygon","coordinates":[[[-72.2152,-39.3102],[-72.2148,-39.3095],[-72.2151,-39.3094],[-72.2155,-39.3101],[-72.2152,-39.3102]]]},"properties":{"OID":383,"MANZENT":9120031004100,"n_per":46,"n_hombres":26,"n_mujeres":20,"n_edad_0_5":7,"n_edad_6_1":7,"n_edad_14_":6,"n_edad_18_":1,"n_edad_25_":20,"n_edad_45_":3,"n_edad_60_":2,"n_transpor":8,"n_transp_1":6,"n_transp_2":0,"n_transp_3":0,"n_transp_4":0,"n_transp_5":0,"n_transp_6":0,"dim_acc":0,"dim_soc":0}},{"type":"Feature","id":384,"geometry":{"type":"Polygon","coordinates":[[[-72.2188,-39.31],[-72.2186,-39.3096],[-72.2189,-39.3095],[-72.2191,-39.3099],[-72.2188,-39.31]]]},"properties":{"OID":384,"MANZENT":9120031004100,"n_per":21,"n_hombres":8,"n_mujeres":13,"n_edad_0_5":1,"n_edad_6_1":4,"n_edad_14_":2,"n_edad_18_":2,"n_edad_25_":9,"n_edad_45_":3,"n_edad_60_":0,"n_transpor":3,"n_transp_1":3,"n_transp_2":3,"n_transp_3":0,"n_transp_4":0,"n_transp_5":0,"n_transp_6":0,"dim_acc":0,"dim_soc":0}},{"type":"Feature","id":385,"geometry":{"type":"Polygon","coordinates":[[[-72.2095,-39.3104],[-72.2094,-39.3101],[-72.2118,-39.3095],[-72.2119,-39.3098],[-72.2095,-39.3104]]]},"properties":{"OID":385,"MANZENT":9120031004100,"n_per":184,"n_hombres":81,"n_mujeres":103,"n_edad_0_5":14,"n_edad_6_1":32,"n_edad_14_":16,"n_edad_18_":20,"n_edad_25_":52,"n_edad_45_":30,"n_edad_60_":20,"n_transpor":19,"n_transp_1":42,"n_transp_2":4,"n_transp_3":4,"n_transp_4":0,"n_transp_5":0,"n_transp_6":6,"dim_acc":0,"dim_soc":0}},{"type":"Feature","id":386,"geometry":{"type":"Polygon","coordinates":[[[-72.2147,-39.3104],[-72.2144,-39.3096],[-72.2147,-39.3095],[-72.2151,-39.3102],[-72.2147,-39.3104]]]},"properties":{"OID":386,"MANZENT":9120031004100,"n_per":53,"n_hombres":23,"n_mujeres":30,"n_edad_0_5":6,"n_edad_6_1":8,"n_edad_14_":3,"n_edad_18_":5,"n_edad_25_":23,"n_edad_45_":4,"n_edad_60_":4,"n_transpor":6,"n_transp_1":8,"n_transp_2":4,"n_transp_3":2,"n_transp_4":0,"n_transp_5":0,"n_transp_6":1,"dim_acc":0,"dim_soc":0}},{"type":"Feature","id":387,"geometry":{"type":"Polygon","coordinates":[[[-72.2143,-39.3105],[-72.2139,-39.3097],[-72.2143,-39.3096],[-72.2146,-39.3104],[-72.2143,-39.3105]]]},"properties":{"OID":387,"MANZENT":9120031004110,"n_per":38,"n_hombres":17,"n_mujeres":21,"n_edad_0_5":2,"n_edad_6_1":4,"n_edad_14_":3,"n_edad_18_":1,"n_edad_25_":16,"n_edad_45_":4,"n_edad_60_":8,"n_transpor":3,"n_transp_1":5,"n_transp_2":0,"n_transp_3":0,"n_transp_4":0,"n_transp_5":0,"n_transp_6":0,"dim_acc":0,"dim_soc":0}},{"type":"Feature","id":388,"geometry":{"type":"Polygon","coordinates":[[[-72.2122,-39.3101],[-72.2121,-39.3098],[-72.2126,-39.3097],[-72.2127,-39.31],[-72.2122,-39.3101]]]},"properties":{"OID":388,"MANZENT":9120031004110,"n_per":36,"n_hombres":18,"n_mujeres":18,"n_edad_0_5":3,"n_edad_6_1":5,"n_edad_14_":2,"n_edad_18_":4,"n_edad_25_":16,"n_edad_45_":5,"n_edad_60_":1,"n_transpor":9,"n_transp_1":5,"n_transp_2":0,"n_transp_3":1,"n_transp_4":0,"n_transp_5":0,"n_transp_6":1,"dim_acc":0,"dim_soc":0}},{"type":"Feature","id":389,"geometry":{"type":"Polygon","coordinates":[[[-72.2179,-39.3104],[-72.2179,-39.3102],[-72.2199,-39.3097],[-72.2201,-39.31],[-72.218,-39.3105],[-72.2179,-39.3104]]]},"properties":{"OID":389,"MANZENT":9120031004110,"n_per":60,"n_hombres":30,"n_mujeres":30,"n_edad_0_5":5,"n_edad_6_1":6,"n_edad_14_":7,"n_edad_18_":8,"n_edad_25_":20,"n_edad_45_":6,"n_edad_60_":8,"n_transpor":13,"n_transp_1":10,"n_transp_2":1,"n_transp_3":0,"n_transp_4":1,"n_transp_5":0,"n_transp_6":0,"dim_acc":0,"dim_soc":0}},{"type":"Feature","id":390,"geometry":{"type":"Polygon","coordinates":[[[-72.2139,-39.3106],[-72.2135,-39.3098],[-72.2138,-39.3097],[-72.2142,-39.3105],[-72.2139,-39.3106]]]},"properties":{"OID":390,"MANZENT":9120031004110,"n_per":48,"n_hombres":21,"n_mujeres":27,"n_edad_0_5":9,"n_edad_6_1":5,"n_edad_14_":2,"n_edad_18_":3,"n_edad_25_":20,"n_edad_45_":8,"n_edad_60_":1,"n_transpor":0,"n_transp_1":1,"n_transp_2":0,"n_transp_3":0,"n_transp_4":0,"n_transp_5":0,"n_transp_6":0,"dim_acc":0,"dim_soc":0}},{"type":"Feature","id":391,"geometry":{"type":"Polygon","coordinates":[[[-72.2109,-39.3104],[-72.2108,-39.3102],[-72.212,-39.3099],[-72.2121,-39.3101],[-72.2109,-39.3104]]]},"properties":{"OID":391,"MANZENT":9120031004110,"n_per":80,"n_hombres":36,"n_mujeres":44,"n_edad_0_5":5,"n_edad_6_1":12,"n_edad_14_":8,"n_edad_18_":9,"n_edad_25_":22,"n_edad_45_":18,"n_edad_60_":6,"n_transpor":6,"n_transp_1":16,"n_transp_2":6,"n_transp_3":1,"n_transp_4":0,"n_transp_5":0,"n_transp_6":0,"dim_acc":0,"dim_soc":0}},{"type":"Feature","id":392,"geometry":{"type":"Polygon","coordinates":[[[-72.213,-39.3108],[-72.2126,-39.3101],[-72.213,-39.31],[-72.2133,-39.3107],[-72.213,-39.3108]]]},"properties":{"OID":392,"MANZENT":9120031004110,"n_per":55,"n_hombres":27,"n_mujeres":28,"n_edad_0_5":7,"n_edad_6_1":7,"n_edad_14_":5,"n_edad_18_":0,"n_edad_25_":19,"n_edad_45_":9,"n_edad_60_":8,"n_transpor":4,"n_transp_1":2,"n_transp_2":1,"n_transp_3":0,"n_transp_4":0,"n_transp_5":0,"n_transp_6":0,"dim_acc":0,"dim_soc":0}},{"type":"Feature","id":393,"geometry":{"type":"Polygon","coordinates":[[[-72.2125,-39.3109],[-72.2122,-39.3102],[-72.2125,-39.3101],[-72.2129,-39.3108],[-72.2125,-39.3109]]]},"properties":{"OID":393,"MANZENT":9120031004110,"n_per":52,"n_hombres":27,"n_mujeres":25,"n_edad_0_5":5,"n_edad_6_1":7,"n_edad_14_":4,"n_edad_18_":5,"n_edad_25_":19,"n_edad_45_":4,"n_edad_60_":8,"n_transpor":11,"n_transp_1":8,"n_transp_2":1,"n_transp_3":2,"n_transp_4":0,"n_transp_5":0,"n_transp_6":1,"dim_acc":0,"dim_soc":0}},{"type":"Feature","id":394,"geometry":{"type":"Polygon","coordinates":[[[-72.2158,-39.3107],[-72.2156,-39.3102],[-72.2159,-39.3101],[-72.2161,-39.3106],[-72.2158,-39.3107]]]},"properties":{"OID":394,"MANZENT":9120031004120,"n_per":32,"n_hombres":17,"n_mujeres":15,"n_edad_0_5":1,"n_edad_6_1":5,"n_edad_14_":1,"n_edad_18_":7,"n_edad_25_":8,"n_edad_45_":8,"n_edad_60_":2,"n_transpor":2,"n_transp_1":3,"n_transp_2":0,"n_transp_3":0,"n_transp_4":0,"n_transp_5":0,"n_transp_6":0,"dim_acc":0,"dim_soc":0}},{"type":"Feature","id":395,"geometry":{"type":"Polygon","coordinates":[[[-72.2096,-39.3108],[-72.2095,-39.3105],[-72.2107,-39.3102],[-72.2108,-39.3105],[-72.2096,-39.3108]]]},"properties":{"OID":395,"MANZENT":9120031004120,"n_per":97,"n_hombres":43,"n_mujeres":54,"n_edad_0_5":8,"n_edad_6_1":9,"n_edad_14_":13,"n_edad_18_":18,"n_edad_25_":30,"n_edad_45_":17,"n_edad_60_":2,"n_transpor":13,"n_transp_1":17,"n_transp_2":7,"n_transp_3":1,"n_transp_4":1,"n_transp_5":0,"n_transp_6":0,"dim_acc":0,"dim_soc":0}},{"type":"Feature","id":396,"geometry":{"type":"Polygon","coordinates":[[[-72.2124,-39.3109],[-72.2121,-39.311],[-72.2118,-39.3103],[-72.2121,-39.3102],[-72.2124,-39.3109]]]},"properties":{"OID":396,"MANZENT":9120031004120,"n_per":46,"n_hombres":22,"n_mujeres":24,"n_edad_0_5":3,"n_edad_6_1":2,"n_edad_14_":4,"n_edad_18_":3,"n_edad_25_":13,"n_edad_45_":9,"n_edad_60_":12,"n_transpor":4,"n_transp_1":11,"n_transp_2":1,"n_transp_3":1,"n_transp_4":3,"n_transp_5":0,"n_transp_6":1,"dim_acc":0,"dim_soc":0}},{"type":"Feature","id":397,"geometry":{"type":"Polygon","coordinates":[[[-72.2154,-39.3108],[-72.2152,-39.3103],[-72.2155,-39.3102],[-72.2157,-39.3107],[-72.2154,-39.3108]]]},"properties":{"OID":397,"MANZENT":9120031004120,"n_per":27,"n_hombres":17,"n_mujeres":10,"n_edad_0_5":2,"n_edad_6_1":5,"n_edad_14_":0,"n_edad_18_":4,"n_edad_25_":13,"n_edad_45_":3,"n_edad_60_":0,"n_transpor":10,"n_transp_1":5,"n_transp_2":0,"n_transp_3":0,"n_transp_4":0,"n_transp_5":0,"n_transp_6":0,"dim_acc":0,"dim_soc":0}},{"type":"Feature","id":398,"geometry":{"type":"Polygon","coordinates":[[[-72.2178,-39.3103],[-72.218,-39.3105],[-72.2164,-39.3109],[-72.217,-39.3104],[-72.2171,-39.3104],[-72.2169,-39.3106],[-72.2169,-39.3106],[-72.2172,-39.3104],[-72.2178,-39.3103]]]},"properties":{"OID":398,"MANZENT":9120031004120,"n_per":15,"n_hombres":8,"n_mujeres":7,"n_edad_0_5":1,"n_edad_6_1":3,"n_edad_14_":1,"n_edad_18_":2,"n_edad_25_":5,"n_edad_45_":2,"n_edad_60_":1,"n_transpor":3,"n_transp_1":1,"n_transp_2":0,"n_transp_3":1,"n_transp_4":0,"n_transp_5":0,"n_transp_6":2,"dim_acc":0,"dim_soc":0}},{"type":"Feature","id":399,"geometry":{"type":"Polygon","coordinates":[[[-72.212,-39.311],[-72.2117,-39.3112],[-72.2114,-39.3104],[-72.2117,-39.3103],[-72.212,-39.311]]]},"properties":{"OID":399,"MANZENT":9120031004120,"n_per":51,"n_hombres":22,"n_mujeres":29,"n_edad_0_5":3,"n_edad_6_1":4,"n_edad_14_":3,"n_edad_18_":6,"n_edad_25_":14,"n_edad_45_":13,"n_edad_60_":8,"n_transpor":3,"n_transp_1":10,"n_transp_2":0,"n_transp_3":0,"n_transp_4":0,"n_transp_5":0,"n_transp_6":0,"dim_acc":0,"dim_soc":0}},{"type":"Feature","id":400,"geometry":{"type":"Polygon","coordinates":[[[-72.2116,-39.3111],[-72.2112,-39.3112],[-72.2109,-39.3105],[-72.2113,-39.3104],[-72.2116,-39.3111]]]},"properties":{"OID":400,"MANZENT":9120031004120,"n_per":49,"n_hombres":25,"n_mujeres":24,"n_edad_0_5":8,"n_edad_6_1":11,"n_edad_14_":6,"n_edad_18_":1,"n_edad_25_":20,"n_edad_45_":3,"n_edad_60_":0,"n_transpor":5,"n_transp_1":10,"n_transp_2":0,"n_transp_3":0,"n_transp_4":0,"n_transp_5":0,"n_transp_6":1,"dim_acc":0,"dim_soc":0}},{"type":"Feature","id":401,"geometry":{"type":"Polygon","coordinates":[[[-72.2145,-39.311],[-72.2143,-39.3105],[-72.2146,-39.3104],[-72.2149,-39.3109],[-72.2145,-39.311]]]},"properties":{"OID":401,"MANZENT":9120031004120,"n_per":41,"n_hombres":17,"n_mujeres":24,"n_edad_0_5":8,"n_edad_6_1":6,"n_edad_14_":2,"n_edad_18_":2,"n_edad_25_":14,"n_edad_45_":6,"n_edad_60_":3,"n_transpor":6,"n_transp_1":5,"n_transp_2":0,"n_transp_3":0,"n_transp_4":0,"n_transp_5":0,"n_transp_6":1,"dim_acc":0,"dim_soc":0}},{"type":"Feature","id":402,"geometry":{"type":"Polygon","coordinates":[[[-72.2112,-39.3113],[-72.2108,-39.3113],[-72.2105,-39.3106],[-72.2108,-39.3105],[-72.2112,-39.3113]]]},"properties":{"OID":402,"MANZENT":9120031004120,"n_per":31,"n_hombres":16,"n_mujeres":15,"n_edad_0_5":2,"n_edad_6_1":4,"n_edad_14_":4,"n_edad_18_":4,"n_edad_25_":8,"n_edad_45_":6,"n_edad_60_":3,"n_transpor":1,"n_transp_1":2,"n_transp_2":2,"n_transp_3":0,"n_transp_4":0,"n_transp_5":0,"n_transp_6":0,"dim_acc":0,"dim_soc":0}},{"type":"Feature","id":403,"geometry":{"type":"Polygon","coordinates":[[[-72.2141,-39.3112],[-72.2139,-39.3107],[-72.2142,-39.3106],[-72.2144,-39.3111],[-72.2141,-39.3112]]]},"properties":{"OID":403,"MANZENT":9120031004120,"n_per":32,"n_hombres":17,"n_mujeres":15,"n_edad_0_5":4,"n_edad_6_1":5,"n_edad_14_":2,"n_edad_18_":3,"n_edad_25_":12,"n_edad_45_":5,"n_edad_60_":1,"n_transpor":4,"n_transp_1":1,"n_transp_2":0,"n_transp_3":0,"n_transp_4":0,"n_transp_5":0,"n_transp_6":0,"dim_acc":0,"dim_soc":0}},{"type":"Feature","id":404,"geometry":{"type":"Polygon","coordinates":[[[-72.2108,-39.3114],[-72.2104,-39.3114],[-72.2101,-39.3107],[-72.2104,-39.3106],[-72.2108,-39.3114]]]},"properties":{"OID":404,"MANZENT":9120031004130,"n_per":47,"n_hombres":15,"n_mujeres":32,"n_edad_0_5":4,"n_edad_6_1":13,"n_edad_14_":4,"n_edad_18_":2,"n_edad_25_":17,"n_edad_45_":3,"n_edad_60_":4,"n_transpor":10,"n_transp_1":4,"n_transp_2":0,"n_transp_3":1,"n_transp_4":0,"n_transp_5":0,"n_transp_6":2,"dim_acc":0,"dim_soc":0}},{"type":"Feature","id":405,"geometry":{"type":"Polygon","coordinates":[[[-72.2137,-39.3113],[-72.2134,-39.3108],[-72.2138,-39.3107],[-72.214,-39.3112],[-72.2137,-39.3113]]]},"properties":{"OID":405,"MANZENT":9120031004130,"n_per":28,"n_hombres":14,"n_mujeres":14,"n_edad_0_5":4,"n_edad_6_1":3,"n_edad_14_":1,"n_edad_18_":1,"n_edad_25_":10,"n_edad_45_":4,"n_edad_60_":5,"n_transpor":1,"n_transp_1":0,"n_transp_2":0,"n_transp_3":0,"n_transp_4":0,"n_transp_5":0,"n_transp_6":1,"dim_acc":0,"dim_soc":0}},{"type":"Feature","id":406,"geometry":{"type":"Polygon","coordinates":[[[-72.2146,-39.3113],[-72.2145,-39.3111],[-72.2161,-39.3107],[-72.2161,-39.311],[-72.2146,-39.3113],[-72.2146,-39.3113]]]},"properties":{"OID":406,"MANZENT":9120031004130,"n_per":35,"n_hombres":13,"n_mujeres":22,"n_edad_0_5":2,"n_edad_6_1":4,"n_edad_14_":7,"n_edad_18_":2,"n_edad_25_":15,"n_edad_45_":5,"n_edad_60_":0,"n_transpor":7,"n_transp_1":6,"n_transp_2":0,"n_transp_3":0,"n_transp_4":0,"n_transp_5":0,"n_transp_6":1,"dim_acc":0,"dim_soc":0}},{"type":"Feature","id":407,"geometry":{"type":"Polygon","coordinates":[[[-72.2103,-39.3115],[-72.2099,-39.3116],[-72.2097,-39.3108],[-72.21,-39.3107],[-72.2103,-39.3115]]]},"properties":{"OID":407,"MANZENT":9120031004130,"n_per":44,"n_hombres":16,"n_mujeres":28,"n_edad_0_5":1,"n_edad_6_1":7,"n_edad_14_":6,"n_edad_18_":5,"n_edad_25_":18,"n_edad_45_":3,"n_edad_60_":4,"n_transpor":3,"n_transp_1":9,"n_transp_2":2,"n_transp_3":0,"n_transp_4":0,"n_transp_5":0,"n_transp_6":0,"dim_acc":0,"dim_soc":0}},{"type":"Feature","id":408,"geometry":{"type":"Polygon","coordinates":[[[-72.2132,-39.3114],[-72.213,-39.3109],[-72.2133,-39.3108],[-72.2136,-39.3113],[-72.2132,-39.3114]]]},"properties":{"OID":408,"MANZENT":9120031004130,"n_per":39,"n_hombres":18,"n_mujeres":21,"n_edad_0_5":3,"n_edad_6_1":8,"n_edad_14_":3,"n_edad_18_":4,"n_edad_25_":11,"n_edad_45_":7,"n_edad_60_":3,"n_transpor":3,"n_transp_1":3,"n_transp_2":1,"n_transp_3":1,"n_transp_4":0,"n_transp_5":0,"n_transp_6":0,"dim_acc":0,"dim_soc":0}},{"type":"Feature","id":409,"geometry":{"type":"Polygon","coordinates":[[[-72.2123,-39.3116],[-72.2121,-39.3111],[-72.2125,-39.311],[-72.2127,-39.3115],[-72.2123,-39.3116]]]},"properties":{"OID":409,"MANZENT":9120031004130,"n_per":22,"n_hombres":12,"n_mujeres":10,"n_edad_0_5":1,"n_edad_6_1":3,"n_edad_14_":1,"n_edad_18_":3,"n_edad_25_":10,"n_edad_45_":4,"n_edad_60_":0,"n_transpor":5,"n_transp_1":2,"n_transp_2":0,"n_transp_3":0,"n_transp_4":0,"n_transp_5":0,"n_transp_6":0,"dim_acc":0,"dim_soc":0}},{"type":"Feature","id":410,"geometry":{"type":"Polygon","coordinates":[[[-72.2098,-39.3116],[-72.2094,-39.3117],[-72.2092,-39.3112],[-72.2097,-39.3111],[-72.2098,-39.3116]]]},"properties":{"OID":410,"MANZENT":9120031004130,"n_per":45,"n_hombres":23,"n_mujeres":22,"n_edad_0_5":2,"n_edad_6_1":8,"n_edad_14_":4,"n_edad_18_":4,"n_edad_25_":16,"n_edad_45_":7,"n_edad_60_":4,"n_transpor":5,"n_transp_1":7,"n_transp_2":1,"n_transp_3":1,"n_transp_4":0,"n_transp_5":0,"n_transp_6":0,"dim_acc":0,"dim_soc":0}},{"type":"Feature","id":411,"geometry":{"type":"Polygon","coordinates":[[[-72.2128,-39.3117],[-72.2128,-39.3115],[-72.2144,-39.3111],[-72.2146,-39.3113],[-72.2129,-39.3118],[-72.2128,-39.3117]]]},"properties":{"OID":411,"MANZENT":9120031004130,"n_per":42,"n_hombres":21,"n_mujeres":21,"n_edad_0_5":6,"n_edad_6_1":5,"n_edad_14_":6,"n_edad_18_":3,"n_edad_25_":16,"n_edad_45_":5,"n_edad_60_":1,"n_transpor":7,"n_transp_1":2,"n_transp_2":0,"n_transp_3":1,"n_transp_4":0,"n_transp_5":0,"n_transp_6":0,"dim_acc":0,"dim_soc":0}},{"type":"Feature","id":412,"geometry":{"type":"Polygon","coordinates":[[[-72.2104,-39.3116],[-72.212,-39.3111],[-72.2122,-39.3116],[-72.2119,-39.3117],[-72.2117,-39.3115],[-72.211,-39.3117],[-72.211,-39.3119],[-72.2107,-39.312],[-72.2104,-39.3116]]]},"properties":{"OID":412,"MANZENT":9120031004140,"n_per":124,"n_hombres":64,"n_mujeres":60,"n_edad_0_5":16,"n_edad_6_1":19,"n_edad_14_":7,"n_edad_18_":13,"n_edad_25_":48,"n_edad_45_":13,"n_edad_60_":8,"n_transpor":16,"n_transp_1":28,"n_transp_2":5,"n_transp_3":1,"n_transp_4":1,"n_transp_5":0,"n_transp_6":3,"dim_acc":0,"dim_soc":0}},{"type":"Feature","id":413,"geometry":{"type":"Polygon","coordinates":[[[-72.2102,-39.3122],[-72.21,-39.3117],[-72.2104,-39.3116],[-72.2106,-39.312],[-72.2102,-39.3122]]]},"properties":{"OID":413,"MANZENT":9120031004140,"n_per":22,"n_hombres":10,"n_mujeres":12,"n_edad_0_5":1,"n_edad_6_1":1,"n_edad_14_":2,"n_edad_18_":6,"n_edad_25_":5,"n_edad_45_":6,"n_edad_60_":1,"n_transpor":2,"n_transp_1":0,"n_transp_2":1,"n_transp_3":0,"n_transp_4":0,"n_transp_5":0,"n_transp_6":1,"dim_acc":0,"dim_soc":0}},{"type":"Feature","id":414,"geometry":{"type":"Polygon","coordinates":[[[-72.2103,-39.3124],[-72.2102,-39.3122],[-72.2127,-39.3116],[-72.2129,-39.3118],[-72.2103,-39.3124]]]},"properties":{"OID":414,"MANZENT":9120031004140,"n_per":76,"n_hombres":37,"n_mujeres":39,"n_edad_0_5":7,"n_edad_6_1":13,"n_edad_14_":6,"n_edad_18_":9,"n_edad_25_":32,"n_edad_45_":7,"n_edad_60_":2,"n_transpor":8,"n_transp_1":8,"n_transp_2":2,"n_transp_3":0,"n_transp_4":0,"n_transp_5":0,"n_transp_6":3,"dim_acc":0,"dim_soc":0}},{"type":"Feature","id":415,"geometry":{"type":"Polygon","coordinates":[[[-72.2101,-39.3121],[-72.2097,-39.3123],[-72.2095,-39.3118],[-72.2099,-39.3117],[-72.2101,-39.3121]]]},"properties":{"OID":415,"MANZENT":9120031004140,"n_per":42,"n_hombres":20,"n_mujeres":22,"n_edad_0_5":5,"n_edad_6_1":8,"n_edad_14_":4,"n_edad_18_":3,"n_edad_25_":13,"n_edad_45_":9,"n_edad_60_":0,"n_transpor":6,"n_transp_1":9,"n_transp_2":2,"n_transp_3":0,"n_transp_4":0,"n_transp_5":0,"n_transp_6":0,"dim_acc":0,"dim_soc":0}},{"type":"Feature","id":416,"geometry":{"type":"MultiPolygon","coordinates":[[[[-72.2224,-39.3086],[-72.2232,-39.3084],[-72.2234,-39.3088],[-72.223,-39.3089],[-72.2229,-39.3086],[-72.2229,-39.3089],[-72.2226,-39.309],[-72.2224,-39.3086]]],[[[-72.2296,-39.3074],[-72.2294,-39.3068],[-72.2297,-39.3068],[-72.2301,-39.3076],[-72.2226,-39.3094],[-72.2226,-39.3091],[-72.2252,-39.3084],[-72.2253,-39.3085],[-72.2253,-39.3084],[-72.2278,-39.3077],[-72.2279,-39.3078],[-72.2279,-39.3077],[-72.2295,-39.3073],[-72.2296,-39.3074]]]]},"properties":{"OID":416,"MANZENT":9120031004040,"n_per":16,"n_hombres":8,"n_mujeres":8,"n_edad_0_5":2,"n_edad_6_1":3,"n_edad_14_":0,"n_edad_18_":1,"n_edad_25_":10,"n_edad_45_":0,"n_edad_60_":0,"n_transpor":4,"n_transp_1":1,"n_transp_2":0,"n_transp_3":0,"n_transp_4":0,"n_transp_5":0,"n_transp_6":0,"dim_acc":0.49402,"dim_soc":0.618134}},{"type":"Feature","id":417,"geometry":{"type":"MultiPolygon","coordinates":[[[[-72.224,-39.3087],[-72.2238,-39.3082],[-72.2251,-39.3079],[-72.2252,-39.3083],[-72.224,-39.3087]]],[[[-72.2253,-39.3083],[-72.2251,-39.3079],[-72.2276,-39.3073],[-72.2278,-39.3077],[-72.2253,-39.3083]]]]},"properties":{"OID":417,"MANZENT":9120031004050,"n_per":37,"n_hombres":16,"n_mujeres":21,"n_edad_0_5":3,"n_edad_6_1":10,"n_edad_14_":0,"n_edad_18_":0,"n_edad_25_":21,"n_edad_45_":1,"n_edad_60_":2,"n_transpor":10,"n_transp_1":3,"n_transp_2":1,"n_transp_3":0,"n_transp_4":0,"n_transp_5":0,"n_transp_6":0,"dim_acc":0,"dim_soc":0}},{"type":"Feature","id":418,"geometry":{"type":"Polygon","coordinates":[[[-72.2183,-39.2954],[-72.2181,-39.2953],[-72.2182,-39.295],[-72.2166,-39.2945],[-72.2166,-39.2944],[-72.2167,-39.2943],[-72.2178,-39.2947],[-72.2185,-39.2948],[-72.2187,-39.2958],[-72.218,-39.2956],[-72.2178,-39.2959],[-72.2165,-39.2957],[-72.2161,-39.2955],[-72.2163,-39.2945],[-72.2165,-39.2945],[-72.2165,-39.2945],[-72.2167,-39.295],[-72.2169,-39.2947],[-72.2173,-39.2948],[-72.2171,-39.2952],[-72.2174,-39.2948],[-72.2177,-39.2949],[-72.2176,-39.2952],[-72.2176,-39.2952],[-72.2183,-39.2954]]]},"properties":{"OID":418,"MANZENT":9120031005000,"n_per":172,"n_hombres":84,"n_mujeres":88,"n_edad_0_5":12,"n_edad_6_1":28,"n_edad_14_":11,"n_edad_18_":11,"n_edad_25_":57,"n_edad_45_":32,"n_edad_60_":21,"n_transpor":29,"n_transp_1":16,"n_transp_2":8,"n_transp_3":2,"n_transp_4":0,"n_transp_5":0,"n_transp_6":8,"dim_acc":0,"dim_soc":0}},{"type":"Feature","id":419,"geometry":{"type":"Polygon","coordinates":[[[-72.2266,-39.295],[-72.2276,-39.2945],[-72.2279,-39.2948],[-72.2281,-39.2953],[-72.2271,-39.2957],[-72.2266,-39.295]]]},"properties":{"OID":419,"MANZENT":9120031005000,"n_per":84,"n_hombres":46,"n_mujeres":38,"n_edad_0_5":7,"n_edad_6_1":10,"n_edad_14_":8,"n_edad_18_":8,"n_edad_25_":25,"n_edad_45_":16,"n_edad_60_":10,"n_transpor":9,"n_transp_1":6,"n_transp_2":9,"n_transp_3":1,"n_transp_4":0,"n_transp_5":0,"n_transp_6":1,"dim_acc":0,"dim_soc":0}},{"type":"Feature","id":420,"geometry":{"type":"Polygon","coordinates":[[[-72.2272,-39.2962],[-72.226,-39.2963],[-72.2255,-39.2954],[-72.2265,-39.295],[-72.2272,-39.2959],[-72.2272,-39.2962]]]},"properties":{"OID":420,"MANZENT":9120031005010,"n_per":116,"n_hombres":55,"n_mujeres":61,"n_edad_0_5":6,"n_edad_6_1":9,"n_edad_14_":3,"n_edad_18_":13,"n_edad_25_":27,"n_edad_45_":23,"n_edad_60_":35,"n_transpor":15,"n_transp_1":10,"n_transp_2":11,"n_transp_3":1,"n_transp_4":0,"n_transp_5":0,"n_transp_6":2,"dim_acc":0.644553,"dim_soc":0.700649}},{"type":"Feature","id":421,"geometry":{"type":"Polygon","coordinates":[[[-72.2283,-39.2956],[-72.2288,-39.2966],[-72.2278,-39.2972],[-72.2271,-39.2974],[-72.2269,-39.2971],[-72.227,-39.2974],[-72.2263,-39.2976],[-72.2262,-39.297],[-72.2271,-39.2967],[-72.2261,-39.2969],[-72.226,-39.2964],[-72.2273,-39.2963],[-72.2274,-39.2962],[-72.2272,-39.2958],[-72.2281,-39.2954],[-72.2282,-39.2955],[-72.2283,-39.2956]]]},"properties":{"OID":421,"MANZENT":9120031005010,"n_per":164,"n_hombres":71,"n_mujeres":93,"n_edad_0_5":11,"n_edad_6_1":12,"n_edad_14_":14,"n_edad_18_":17,"n_edad_25_":40,"n_edad_45_":33,"n_edad_60_":37,"n_transpor":18,"n_transp_1":14,"n_transp_2":7,"n_transp_3":1,"n_transp_4":0,"n_transp_5":0,"n_transp_6":2,"dim_acc":0.644553,"dim_soc":0.700649}},{"type":"Feature","id":422,"geometry":{"type":"Polygon","coordinates":[[[-72.2259,-39.2964],[-72.2249,-39.2964],[-72.2246,-39.2958],[-72.2254,-39.2955],[-72.2258,-39.2961],[-72.2259,-39.2964]]]},"properties":{"OID":422,"MANZENT":9120031005010,"n_per":61,"n_hombres":31,"n_mujeres":30,"n_edad_0_5":4,"n_edad_6_1":4,"n_edad_14_":6,"n_edad_18_":7,"n_edad_25_":15,"n_edad_45_":6,"n_edad_60_":19,"n_transpor":2,"n_transp_1":9,"n_transp_2":6,"n_transp_3":0,"n_transp_4":0,"n_transp_5":0,"n_transp_6":2,"dim_acc":0.644553,"dim_soc":0.700649}},{"type":"Feature","id":423,"geometry":{"type":"Polygon","coordinates":[[[-72.2175,-39.298],[-72.2171,-39.2979],[-72.2153,-39.2983],[-72.2156,-39.2978],[-72.2158,-39.2977],[-72.2164,-39.2978],[-72.2158,-39.2977],[-72.2155,-39.2978],[-72.2151,-39.2977],[-72.2153,-39.2974],[-72.2157,-39.2973],[-72.2163,-39.2968],[-72.2162,-39.2964],[-72.2159,-39.296],[-72.216,-39.2955],[-72.2166,-39.2957],[-72.2178,-39.2959],[-72.2176,-39.2962],[-72.218,-39.2979],[-72.2181,-39.2978],[-72.218,-39.2976],[-72.2184,-39.2975],[-72.2186,-39.2976],[-72.2187,-39.2979],[-72.2185,-39.2975],[-72.218,-39.2975],[-72.2179,-39.2972],[-72.2184,-39.2971],[-72.2179,-39.2971],[-72.2178,-39.2968],[-72.219,-39.2966],[-72.219,-39.2969],[-72.2185,-39.297],[-72.2191,-39.297],[-72.2191,-39.2972],[-72.2186,-39.2973],[-72.2192,-39.2972],[-72.2192,-39.2975],[-72.219,-39.2978],[-72.219,-39.298],[-72.2194,-39.2989],[-72.2189,-39.2994],[-72.2166,-39.2996],[-72.2161,-39.2997],[-72.2151,-39.2993],[-72.2153,-39.2984],[-72.2162,-39.2982],[-72.2164,-39.2985],[-72.2158,-39.2987],[-72.2158,-39.2987],[-72.2175,-39.2983],[-72.2176,-39.2982],[-72.2175,-39.298]]]},"properties":{"OID":423,"MANZENT":9120031005010,"n_per":371,"n_hombres":194,"n_mujeres":177,"n_edad_0_5":22,"n_edad_6_1":30,"n_edad_14_":23,"n_edad_18_":19,"n_edad_25_":123,"n_edad_45_":66,"n_edad_60_":88,"n_transpor":67,"n_transp_1":24,"n_transp_2":10,"n_transp_3":3,"n_transp_4":0,"n_transp_5":0,"n_transp_6":4,"dim_acc":0.644553,"dim_soc":0.700649}},{"type":"Feature","id":424,"geometry":{"type":"Polygon","coordinates":[[[-72.2197,-39.2961],[-72.2198,-39.2965],[-72.2191,-39.2966],[-72.219,-39.2963],[-72.2188,-39.2963],[-72.2184,-39.2964],[-72.2189,-39.2963],[-72.219,-39.2966],[-72.2178,-39.2967],[-72.2177,-39.2964],[-72.2183,-39.2962],[-72.2177,-39.2963],[-72.2177,-39.2961],[-72.2179,-39.296],[-72.218,-39.2957],[-72.2187,-39.2958],[-72.2188,-39.2961],[-72.219,-39.2961],[-72.2196,-39.2962],[-72.2197,-39.2961]]]},"properties":{"OID":424,"MANZENT":9120031005010,"n_per":140,"n_hombres":63,"n_mujeres":77,"n_edad_0_5":8,"n_edad_6_1":13,"n_edad_14_":7,"n_edad_18_":9,"n_edad_25_":33,"n_edad_45_":23,"n_edad_60_":47,"n_transpor":18,"n_transp_1":24,"n_transp_2":6,"n_transp_3":0,"n_transp_4":0,"n_transp_5":0,"n_transp_6":0,"dim_acc":0.644553,"dim_soc":0.700649}},{"type":"Feature","id":425,"geometry":{"type":"Polygon","coordinates":[[[-72.2246,-39.2959],[-72.2249,-39.297],[-72.2244,-39.2971],[-72.2242,-39.2963],[-72.223,-39.2963],[-72.223,-39.2959],[-72.2245,-39.2958],[-72.2246,-39.2959]]]},"properties":{"OID":425,"MANZENT":9120031005010,"n_per":194,"n_hombres":99,"n_mujeres":95,"n_edad_0_5":13,"n_edad_6_1":24,"n_edad_14_":13,"n_edad_18_":10,"n_edad_25_":60,"n_edad_45_":29,"n_edad_60_":45,"n_transpor":25,"n_transp_1":30,"n_transp_2":12,"n_transp_3":0,"n_transp_4":2,"n_transp_5":0,"n_transp_6":2,"dim_acc":0.644553,"dim_soc":0.700649}},{"type":"Feature","id":426,"geometry":{"type":"Polygon","coordinates":[[[-72.2225,-39.2974],[-72.2223,-39.296],[-72.2229,-39.2959],[-72.223,-39.2967],[-72.2229,-39.2969],[-72.2229,-39.2973],[-72.2225,-39.2974]]]},"properties":{"OID":426,"MANZENT":9120031005010,"n_per":90,"n_hombres":39,"n_mujeres":51,"n_edad_0_5":7,"n_edad_6_1":8,"n_edad_14_":4,"n_edad_18_":8,"n_edad_25_":21,"n_edad_45_":17,"n_edad_60_":25,"n_transpor":2,"n_transp_1":1,"n_transp_2":0,"n_transp_3":0,"n_transp_4":0,"n_transp_5":0,"n_transp_6":0,"dim_acc":0.644553,"dim_soc":0.700649}},{"type":"Feature","id":427,"geometry":{"type":"Polygon","coordinates":[[[-72.2213,-39.2964],[-72.2213,-39.2961],[-72.2223,-39.296],[-72.2224,-39.2967],[-72.222,-39.2967],[-72.222,-39.2965],[-72.222,-39.2973],[-72.222,-39.2968],[-72.2224,-39.2968],[-72.2225,-39.2974],[-72.2223,-39.2976],[-72.2227,-39.2976],[-72.2227,-39.2975],[-72.2224,-39.2975],[-72.2225,-39.2974],[-72.2229,-39.2974],[-72.223,-39.2979],[-72.2233,-39.2981],[-72.2234,-39.2985],[-72.2234,-39.2988],[-72.2228,-39.2988],[-72.2227,-39.2988],[-72.2228,-39.2989],[-72.2234,-39.2988],[-72.2234,-39.2991],[-72.2225,-39.2992],[-72.2223,-39.2994],[-72.2216,-39.2993],[-72.2198,-39.2996],[-72.2193,-39.2995],[-72.2187,-39.2997],[-72.2186,-39.2995],[-72.2189,-39.2994],[-72.2203,-39.2992],[-72.2189,-39.2994],[-72.2194,-39.2988],[-72.219,-39.298],[-72.2191,-39.2976],[-72.2193,-39.2975],[-72.2192,-39.2972],[-72.2195,-39.2972],[-72.2196,-39.2974],[-72.2196,-39.2972],[-72.22,-39.2971],[-72.2201,-39.2974],[-72.2201,-39.2974],[-72.2201,-39.2971],[-72.2207,-39.297],[-72.22,-39.2971],[-72.22,-39.2968],[-72.2207,-39.2966],[-72.22,-39.2967],[-72.2199,-39.2962],[-72.2212,-39.2961],[-72.2214,-39.2972],[-72.221,-39.2972],[-72.221,-39.2973],[-72.2214,-39.2972],[-72.2214,-39.2974],[-72.2219,-39.2973],[-72.2215,-39.2973],[-72.2213,-39.2964]]]},"properties":{"OID":427,"MANZENT":9120031005010,"n_per":426,"n_hombres":210,"n_mujeres":216,"n_edad_0_5":33,"n_edad_6_1":63,"n_edad_14_":17,"n_edad_18_":26,"n_edad_25_":145,"n_edad_45_":66,"n_edad_60_":76,"n_transpor":48,"n_transp_1":37,"n_transp_2":52,"n_transp_3":7,"n_transp_4":0,"n_transp_5":0,"n_transp_6":22,"dim_acc":0.644553,"dim_soc":0.700649}},{"type":"Feature","id":428,"geometry":{"type":"Polygon","coordinates":[[[-72.2231,-39.2964],[-72.2241,-39.2963],[-72.2242,-39.2965],[-72.2231,-39.2966],[-72.2231,-39.2964]]]},"properties":{"OID":428,"MANZENT":9120031005010,"n_per":66,"n_hombres":31,"n_mujeres":35,"n_edad_0_5":6,"n_edad_6_1":6,"n_edad_14_":5,"n_edad_18_":5,"n_edad_25_":19,"n_edad_45_":12,"n_edad_60_":13,"n_transpor":1,"n_transp_1":2,"n_transp_2":2,"n_transp_3":0,"n_transp_4":0,"n_transp_5":0,"n_transp_6":0,"dim_acc":0.644553,"dim_soc":0.700649}},{"type":"Feature","id":429,"geometry":{"type":"Polygon","coordinates":[[[-72.2249,-39.2966],[-72.2249,-39.2965],[-72.2259,-39.2964],[-72.2263,-39.2977],[-72.2252,-39.2981],[-72.2243,-39.2982],[-72.2245,-39.2983],[-72.2247,-39.299],[-72.2235,-39.299],[-72.2234,-39.2983],[-72.2231,-39.2979],[-72.223,-39.2974],[-72.2238,-39.2973],[-72.225,-39.2971],[-72.225,-39.2972],[-72.2251,-39.2972],[-72.225,-39.2969],[-72.2254,-39.2968],[-72.225,-39.2968],[-72.2249,-39.2966]]]},"properties":{"OID":429,"MANZENT":9120031005020,"n_per":193,"n_hombres":101,"n_mujeres":92,"n_edad_0_5":10,"n_edad_6_1":12,"n_edad_14_":15,"n_edad_18_":27,"n_edad_25_":57,"n_edad_45_":33,"n_edad_60_":39,"n_transpor":33,"n_transp_1":17,"n_transp_2":14,"n_transp_3":5,"n_transp_4":0,"n_transp_5":0,"n_transp_6":0,"dim_acc":0.65894,"dim_soc":0.707574}},{"type":"Feature","id":430,"geometry":{"type":"Polygon","coordinates":[[[-72.2199,-39.2968],[-72.2191,-39.2969],[-72.2191,-39.2966],[-72.2198,-39.2965],[-72.2199,-39.2968]]]},"properties":{"OID":430,"MANZENT":9120031005020,"n_per":38,"n_hombres":17,"n_mujeres":21,"n_edad_0_5":1,"n_edad_6_1":2,"n_edad_14_":1,"n_edad_18_":6,"n_edad_25_":11,"n_edad_45_":3,"n_edad_60_":14,"n_transpor":7,"n_transp_1":5,"n_transp_2":3,"n_transp_3":0,"n_transp_4":0,"n_transp_5":0,"n_transp_6":4,"dim_acc":0.65894,"dim_soc":0.707574}},{"type":"Feature","id":431,"geometry":{"type":"Polygon","coordinates":[[[-72.2231,-39.2968],[-72.2231,-39.2967],[-72.2242,-39.2966],[-72.2242,-39.2967],[-72.2231,-39.2968]]]},"properties":{"OID":431,"MANZENT":9120031005020,"n_per":55,"n_hombres":25,"n_mujeres":30,"n_edad_0_5":1,"n_edad_6_1":4,"n_edad_14_":2,"n_edad_18_":8,"n_edad_25_":10,"n_edad_45_":8,"n_edad_60_":22,"n_transpor":7,"n_transp_1":9,"n_transp_2":5,"n_transp_3":0,"n_transp_4":0,"n_transp_5":0,"n_transp_6":1,"dim_acc":0.65894,"dim_soc":0.707574}},{"type":"Feature","id":432,"geometry":{"type":"Polygon","coordinates":[[[-72.2289,-39.2998],[-72.2281,-39.2981],[-72.2285,-39.2979],[-72.2279,-39.2972],[-72.2289,-39.2966],[-72.2294,-39.2972],[-72.2293,-39.2973],[-72.2293,-39.2973],[-72.2299,-39.2979],[-72.2304,-39.2982],[-72.2312,-39.299],[-72.2304,-39.2982],[-72.2298,-39.2978],[-72.2294,-39.2973],[-72.2299,-39.2978],[-72.231,-39.2985],[-72.2319,-39.2995],[-72.231,-39.2998],[-72.2308,-39.2999],[-72.2306,-39.2997],[-72.2301,-39.2991],[-72.2298,-39.299],[-72.23,-39.2991],[-72.2312,-39.3006],[-72.2308,-39.3],[-72.2319,-39.2996],[-72.2328,-39.3007],[-72.2309,-39.3013],[-72.2307,-39.3009],[-72.2309,-39.3013],[-72.2328,-39.3007],[-72.2333,-39.3012],[-72.2334,-39.3016],[-72.2309,-39.3023],[-72.2305,-39.3017],[-72.2304,-39.3016],[-72.2298,-39.3018],[-72.229,-39.3003],[-72.2292,-39.3002],[-72.2289,-39.2998]]]},"properties":{"OID":432,"MANZENT":9120031005020,"n_per":259,"n_hombres":124,"n_mujeres":135,"n_edad_0_5":22,"n_edad_6_1":28,"n_edad_14_":20,"n_edad_18_":19,"n_edad_25_":80,"n_edad_45_":41,"n_edad_60_":49,"n_transpor":45,"n_transp_1":29,"n_transp_2":10,"n_transp_3":1,"n_transp_4":0,"n_transp_5":0,"n_transp_6":5,"dim_acc":0.65894,"dim_soc":0.707574}},{"type":"Feature","id":433,"geometry":{"type":"Polygon","coordinates":[[[-72.2236,-39.2973],[-72.2234,-39.2968],[-72.2242,-39.2968],[-72.2243,-39.2971],[-72.2236,-39.2973]]]},"properties":{"OID":433,"MANZENT":9120031005020,"n_per":54,"n_hombres":26,"n_mujeres":28,"n_edad_0_5":3,"n_edad_6_1":5,"n_edad_14_":1,"n_edad_18_":5,"n_edad_25_":15,"n_edad_45_":9,"n_edad_60_":16,"n_transpor":5,"n_transp_1":10,"n_transp_2":7,"n_transp_3":0,"n_transp_4":0,"n_transp_5":0,"n_transp_6":0,"dim_acc":0.65894,"dim_soc":0.707574}},{"type":"Feature","id":434,"geometry":{"type":"Polygon","coordinates":[[[-72.2199,-39.2968],[-72.22,-39.2971],[-72.2192,-39.2972],[-72.2191,-39.2969],[-72.2199,-39.2968]]]},"properties":{"OID":434,"MANZENT":9120031005020,"n_per":45,"n_hombres":16,"n_mujeres":29,"n_edad_0_5":1,"n_edad_6_1":9,"n_edad_14_":1,"n_edad_18_":3,"n_edad_25_":11,"n_edad_45_":5,"n_edad_60_":15,"n_transpor":7,"n_transp_1":5,"n_transp_2":5,"n_transp_3":2,"n_transp_4":0,"n_transp_5":0,"n_transp_6":1,"dim_acc":0.65894,"dim_soc":0.707574}},{"type":"Feature","id":435,"geometry":{"type":"Polygon","coordinates":[[[-72.223,-39.2973],[-72.223,-39.2969],[-72.2233,-39.2968],[-72.2234,-39.2973],[-72.223,-39.2973]]]},"properties":{"OID":435,"MANZENT":9120031005020,"n_per":20,"n_hombres":9,"n_mujeres":11,"n_edad_0_5":1,"n_edad_6_1":3,"n_edad_14_":0,"n_edad_18_":3,"n_edad_25_":8,"n_edad_45_":0,"n_edad_60_":5,"n_transpor":2,"n_transp_1":5,"n_transp_2":2,"n_transp_3":0,"n_transp_4":0,"n_transp_5":0,"n_transp_6":0,"dim_acc":0.65894,"dim_soc":0.707574}},{"type":"Feature","id":436,"geometry":{"type":"Polygon","coordinates":[[[-72.2258,-39.2979],[-72.2278,-39.2972],[-72.2285,-39.2979],[-72.2281,-39.2981],[-72.228,-39.2979],[-72.2281,-39.2982],[-72.2276,-39.2984],[-72.227,-39.2982],[-72.2266,-39.2983],[-72.2266,-39.2985],[-72.2267,-39.2986],[-72.2266,-39.2987],[-72.2268,-39.2986],[-72.2266,-39.2985],[-72.2267,-39.2983],[-72.227,-39.2982],[-72.2276,-39.2985],[-72.2281,-39.2982],[-72.2285,-39.2991],[-72.2279,-39.2993],[-72.2285,-39.2991],[-72.2286,-39.2995],[-72.2281,-39.2997],[-72.2287,-39.2995],[-72.2288,-39.2998],[-72.2282,-39.3],[-72.2288,-39.2998],[-72.229,-39.3002],[-72.2283,-39.3004],[-72.2282,-39.3004],[-72.2279,-39.3002],[-72.228,-39.3],[-72.2276,-39.2993],[-72.2275,-39.2992],[-72.2268,-39.2995],[-72.2267,-39.2996],[-72.227,-39.3001],[-72.2264,-39.3003],[-72.2264,-39.3003],[-72.2266,-39.3004],[-72.2269,-39.301],[-72.227,-39.3011],[-72.2281,-39.3008],[-72.2282,-39.3005],[-72.2284,-39.3005],[-72.2286,-39.3007],[-72.2291,-39.3006],[-72.2301,-39.3025],[-72.2291,-39.3027],[-72.2285,-39.3013],[-72.2284,-39.3013],[-72.2288,-39.3022],[-72.2283,-39.3023],[-72.2288,-39.3023],[-72.229,-39.3027],[-72.2278,-39.303],[-72.2274,-39.3013],[-72.2273,-39.3013],[-72.2274,-39.3014],[-72.227,-39.3015],[-72.2274,-39.3014],[-72.2275,-39.3017],[-72.2271,-39.3018],[-72.2275,-39.3018],[-72.2275,-39.3021],[-72.2273,-39.3021],[-72.2275,-39.3021],[-72.2276,-39.3024],[-72.2274,-39.3024],[-72.2276,-39.3024],[-72.2278,-39.3031],[-72.2269,-39.3033],[-72.2268,-39.3029],[-72.2273,-39.3028],[-72.2268,-39.3029],[-72.2266,-39.3026],[-72.2272,-39.3025],[-72.2271,-39.3025],[-72.2266,-39.3026],[-72.2265,-39.3023],[-72.227,-39.3022],[-72.2265,-39.3023],[-72.2264,-39.302],[-72.2269,-39.3019],[-72.2264,-39.302],[-72.2262,-39.3017],[-72.2267,-39.3016],[-72.2266,-39.3016],[-72.2258,-39.3018],[-72.2258,-39.3018],[-72.2262,-39.3017],[-72.2263,-39.302],[-72.2259,-39.3021],[-72.226,-39.3021],[-72.2263,-39.3021],[-72.2264,-39.3023],[-72.2261,-39.3024],[-72.2264,-39.3024],[-72.2265,-39.3026],[-72.2262,-39.3027],[-72.2262,-39.3028],[-72.2266,-39.3027],[-72.2267,-39.3029],[-72.2264,-39.303],[-72.2266,-39.3033],[-72.2262,-39.3034],[-72.2253,-39.3015],[-72.2259,-39.3013],[-72.2253,-39.3015],[-72.2254,-39.3012],[-72.2254,-39.3009],[-72.2254,-39.3009],[-72.2253,-39.3013],[-72.2253,-39.3012],[-72.2251,-39.301],[-72.224,-39.3008],[-72.2237,-39.2996],[-72.224,-39.2995],[-72.2241,-39.2999],[-72.224,-39.2995],[-72.2247,-39.2995],[-72.2248,-39.2998],[-72.2249,-39.2996],[-72.226,-39.2995],[-72.226,-39.2994],[-72.2249,-39.2996],[-72.2248,-39.2995],[-72.2248,-39.2991],[-72.2253,-39.299],[-72.2253,-39.2988],[-72.2257,-39.2988],[-72.2253,-39.2988],[-72.2252,-39.2984],[-72.2256,-39.2984],[-72.2252,-39.2984],[-72.2251,-39.2981],[-72.2256,-39.298],[-72.2259,-39.2983],[-72.2257,-39.298],[-72.2258,-39.2979]]]},"properties":{"OID":436,"MANZENT":9120031005020,"n_per":887,"n_hombres":421,"n_mujeres":466,"n_edad_0_5":54,"n_edad_6_1":124,"n_edad_14_":72,"n_edad_18_":69,"n_edad_25_":273,"n_edad_45_":176,"n_edad_60_":119,"n_transpor":136,"n_transp_1":95,"n_transp_2":32,"n_transp_3":6,"n_transp_4":1,"n_transp_5":0,"n_transp_6":13,"dim_acc":0.65894,"dim_soc":0.707574}},{"type":"Feature","id":437,"geometry":{"type":"Polygon","coordinates":[[[-72.2147,-39.2993],[-72.2145,-39.2989],[-72.2145,-39.2986],[-72.2146,-39.2979],[-72.2148,-39.2975],[-72.2155,-39.2979],[-72.215,-39.299],[-72.215,-39.2993],[-72.2147,-39.2993]]]},"properties":{"OID":437,"MANZENT":9120031005020,"n_per":15,"n_hombres":6,"n_mujeres":9,"n_edad_0_5":0,"n_edad_6_1":1,"n_edad_14_":0,"n_edad_18_":1,"n_edad_25_":7,"n_edad_45_":2,"n_edad_60_":4,"n_transpor":7,"n_transp_1":0,"n_transp_2":0,"n_transp_3":0,"n_transp_4":0,"n_transp_5":0,"n_transp_6":0,"dim_acc":0.65894,"dim_soc":0.707574}},{"type":"Feature","id":438,"geometry":{"type":"Polygon","coordinates":[[[-72.2164,-39.2983],[-72.2163,-39.2981],[-72.2171,-39.2979],[-72.2174,-39.298],[-72.2176,-39.2982],[-72.2175,-39.2983],[-72.2164,-39.2985],[-72.2164,-39.2983]]]},"properties":{"OID":438,"MANZENT":9120031005020,"n_per":29,"n_hombres":13,"n_mujeres":16,"n_edad_0_5":1,"n_edad_6_1":4,"n_edad_14_":0,"n_edad_18_":2,"n_edad_25_":9,"n_edad_45_":4,"n_edad_60_":9,"n_transpor":10,"n_transp_1":5,"n_transp_2":0,"n_transp_3":0,"n_transp_4":0,"n_transp_5":0,"n_transp_6":2,"dim_acc":0.65894,"dim_soc":0.707574}},{"type":"Feature","id":439,"geometry":{"type":"Polygon","coordinates":[[[-72.2248,-39.299],[-72.2246,-39.2982],[-72.225,-39.2981],[-72.2253,-39.2989],[-72.2248,-39.299]]]},"properties":{"OID":439,"MANZENT":9120031005020,"n_per":31,"n_hombres":10,"n_mujeres":21,"n_edad_0_5":2,"n_edad_6_1":2,"n_edad_14_":2,"n_edad_18_":2,"n_edad_25_":8,"n_edad_45_":9,"n_edad_60_":6,"n_transpor":7,"n_transp_1":2,"n_transp_2":2,"n_transp_3":0,"n_transp_4":0,"n_transp_5":0,"n_transp_6":0,"dim_acc":0.65894,"dim_soc":0.707574}},{"type":"Feature","id":440,"geometry":{"type":"Polygon","coordinates":[[[-72.2237,-39.2995],[-72.2236,-39.2991],[-72.2247,-39.2991],[-72.2247,-39.2994],[-72.2237,-39.2995]]]},"properties":{"OID":440,"MANZENT":9120031005030,"n_per":46,"n_hombres":24,"n_mujeres":22,"n_edad_0_5":4,"n_edad_6_1":7,"n_edad_14_":1,"n_edad_18_":5,"n_edad_25_":14,"n_edad_45_":5,"n_edad_60_":10,"n_transpor":11,"n_transp_1":4,"n_transp_2":1,"n_transp_3":1,"n_transp_4":0,"n_transp_5":0,"n_transp_6":1,"dim_acc":0,"dim_soc":0}},{"type":"Feature","id":441,"geometry":{"type":"Polygon","coordinates":[[[-72.2236,-39.2996],[-72.223,-39.2997],[-72.2229,-39.2992],[-72.2235,-39.2991],[-72.2236,-39.2996]]]},"properties":{"OID":441,"MANZENT":9120031005030,"n_per":21,"n_hombres":10,"n_mujeres":11,"n_edad_0_5":0,"n_edad_6_1":1,"n_edad_14_":2,"n_edad_18_":2,"n_edad_25_":5,"n_edad_45_":6,"n_edad_60_":5,"n_transpor":1,"n_transp_1":5,"n_transp_2":2,"n_transp_3":0,"n_transp_4":0,"n_transp_5":0,"n_transp_6":1,"dim_acc":0,"dim_soc":0}},{"type":"Feature","id":442,"geometry":{"type":"Polygon","coordinates":[[[-72.2228,-39.2992],[-72.2231,-39.3002],[-72.2238,-39.3001],[-72.224,-39.3008],[-72.225,-39.301],[-72.2252,-39.3013],[-72.2252,-39.3014],[-72.2236,-39.3017],[-72.2239,-39.3025],[-72.2237,-39.3026],[-72.2237,-39.3026],[-72.2248,-39.3024],[-72.2253,-39.3037],[-72.223,-39.3042],[-72.2223,-39.3024],[-72.2227,-39.3023],[-72.2217,-39.2994],[-72.2225,-39.2993],[-72.2228,-39.3005],[-72.2231,-39.301],[-72.2232,-39.3016],[-72.2237,-39.3028],[-72.2232,-39.3016],[-72.2231,-39.301],[-72.2228,-39.3005],[-72.2225,-39.2993],[-72.2228,-39.2992]]]},"properties":{"OID":442,"MANZENT":9120031005030,"n_per":475,"n_hombres":221,"n_mujeres":254,"n_edad_0_5":46,"n_edad_6_1":79,"n_edad_14_":32,"n_edad_18_":44,"n_edad_25_":188,"n_edad_45_":52,"n_edad_60_":34,"n_transpor":69,"n_transp_1":56,"n_transp_2":31,"n_transp_3":5,"n_transp_4":0,"n_transp_5":0,"n_transp_6":5,"dim_acc":0,"dim_soc":0}},{"type":"Feature","id":443,"geometry":{"type":"Polygon","coordinates":[[[-72.2275,-39.2999],[-72.2272,-39.2994],[-72.2275,-39.2993],[-72.2276,-39.2993],[-72.2278,-39.2999],[-72.2275,-39.2999]]]},"properties":{"OID":443,"MANZENT":9120031005030,"n_per":34,"n_hombres":13,"n_mujeres":21,"n_edad_0_5":2,"n_edad_6_1":3,"n_edad_14_":1,"n_edad_18_":3,"n_edad_25_":22,"n_edad_45_":2,"n_edad_60_":1,"n_transpor":9,"n_transp_1":7,"n_transp_2":2,"n_transp_3":0,"n_transp_4":0,"n_transp_5":0,"n_transp_6":0,"dim_acc":0,"dim_soc":0}},{"type":"Feature","id":444,"geometry":{"type":"Polygon","coordinates":[[[-72.2268,-39.2996],[-72.2268,-39.2995],[-72.2271,-39.2994],[-72.2274,-39.2999],[-72.2279,-39.2999],[-72.2279,-39.3001],[-72.2271,-39.3002],[-72.2268,-39.2996]]]},"properties":{"OID":444,"MANZENT":9120031005030,"n_per":38,"n_hombres":12,"n_mujeres":26,"n_edad_0_5":5,"n_edad_6_1":11,"n_edad_14_":2,"n_edad_18_":2,"n_edad_25_":12,"n_edad_45_":2,"n_edad_60_":4,"n_transpor":7,"n_transp_1":3,"n_transp_2":2,"n_transp_3":0,"n_transp_4":1,"n_transp_5":0,"n_transp_6":0,"dim_acc":0,"dim_soc":0}},{"type":"Feature","id":445,"geometry":{"type":"Polygon","coordinates":[[[-72.2238,-39.3001],[-72.2232,-39.3002],[-72.223,-39.2998],[-72.2237,-39.2997],[-72.2238,-39.3001]]]},"properties":{"OID":445,"MANZENT":9120031005030,"n_per":32,"n_hombres":13,"n_mujeres":19,"n_edad_0_5":1,"n_edad_6_1":4,"n_edad_14_":3,"n_edad_18_":4,"n_edad_25_":10,"n_edad_45_":4,"n_edad_60_":6,"n_transpor":0,"n_transp_1":0,"n_transp_2":0,"n_transp_3":0,"n_transp_4":0,"n_transp_5":0,"n_transp_6":0,"dim_acc":0,"dim_soc":0}},{"type":"Feature","id":446,"geometry":{"type":"Polygon","coordinates":[[[-72.2281,-39.3007],[-72.2278,-39.3008],[-72.2276,-39.3002],[-72.2278,-39.3002],[-72.2281,-39.3004],[-72.2281,-39.3007]]]},"properties":{"OID":446,"MANZENT":9120031005030,"n_per":35,"n_hombres":19,"n_mujeres":16,"n_edad_0_5":6,"n_edad_6_1":5,"n_edad_14_":1,"n_edad_18_":2,"n_edad_25_":19,"n_edad_45_":0,"n_edad_60_":2,"n_transpor":11,"n_transp_1":4,"n_transp_2":1,"n_transp_3":0,"n_transp_4":0,"n_transp_5":0,"n_transp_6":1,"dim_acc":0,"dim_soc":0}},{"type":"Feature","id":447,"geometry":{"type":"Polygon","coordinates":[[[-72.2274,-39.3009],[-72.2271,-39.3002],[-72.2275,-39.3002],[-72.2277,-39.3008],[-72.2274,-39.3009]]]},"properties":{"OID":447,"MANZENT":9120031005030,"n_per":43,"n_hombres":21,"n_mujeres":22,"n_edad_0_5":2,"n_edad_6_1":9,"n_edad_14_":4,"n_edad_18_":1,"n_edad_25_":17,"n_edad_45_":3,"n_edad_60_":7,"n_transpor":8,"n_transp_1":6,"n_transp_2":2,"n_transp_3":1,"n_transp_4":0,"n_transp_5":0,"n_transp_6":0,"dim_acc":0,"dim_soc":0}},{"type":"Feature","id":448,"geometry":{"type":"Polygon","coordinates":[[[-72.227,-39.301],[-72.2269,-39.301],[-72.2267,-39.3003],[-72.227,-39.3002],[-72.2273,-39.301],[-72.227,-39.301]]]},"properties":{"OID":448,"MANZENT":9120031005030,"n_per":53,"n_hombres":27,"n_mujeres":26,"n_edad_0_5":6,"n_edad_6_1":8,"n_edad_14_":1,"n_edad_18_":7,"n_edad_25_":22,"n_edad_45_":6,"n_edad_60_":3,"n_transpor":17,"n_transp_1":8,"n_transp_2":2,"n_transp_3":0,"n_transp_4":0,"n_transp_5":0,"n_transp_6":0,"dim_acc":0,"dim_soc":0}},{"type":"Feature","id":449,"geometry":{"type":"Polygon","coordinates":[[[-72.2287,-39.3007],[-72.2285,-39.3004],[-72.2289,-39.3003],[-72.229,-39.3006],[-72.2287,-39.3007]]]},"properties":{"OID":449,"MANZENT":9120031005040,"n_per":19,"n_hombres":12,"n_mujeres":7,"n_edad_0_5":2,"n_edad_6_1":3,"n_edad_14_":3,"n_edad_18_":2,"n_edad_25_":8,"n_edad_45_":0,"n_edad_60_":1,"n_transpor":4,"n_transp_1":2,"n_transp_2":2,"n_transp_3":0,"n_transp_4":0,"n_transp_5":0,"n_transp_6":0,"dim_acc":0,"dim_soc":0}},{"type":"Feature","id":450,"geometry":{"type":"Polygon","coordinates":[[[-72.2238,-39.3021],[-72.2237,-39.3017],[-72.2252,-39.3014],[-72.2253,-39.3018],[-72.2238,-39.3021]]]},"properties":{"OID":450,"MANZENT":9120031005040,"n_per":121,"n_hombres":59,"n_mujeres":62,"n_edad_0_5":6,"n_edad_6_1":16,"n_edad_14_":9,"n_edad_18_":11,"n_edad_25_":38,"n_edad_45_":23,"n_edad_60_":18,"n_transpor":1,"n_transp_1":7,"n_transp_2":3,"n_transp_3":0,"n_transp_4":0,"n_transp_5":0,"n_transp_6":0,"dim_acc":0,"dim_soc":0}},{"type":"Feature","id":451,"geometry":{"type":"Polygon","coordinates":[[[-72.23,-39.3021],[-72.2298,-39.3019],[-72.2304,-39.3017],[-72.2305,-39.3017],[-72.2306,-39.3019],[-72.23,-39.3021]]]},"properties":{"OID":451,"MANZENT":9120031005040,"n_per":25,"n_hombres":13,"n_mujeres":12,"n_edad_0_5":4,"n_edad_6_1":2,"n_edad_14_":2,"n_edad_18_":2,"n_edad_25_":9,"n_edad_45_":2,"n_edad_60_":4,"n_transpor":3,"n_transp_1":5,"n_transp_2":0,"n_transp_3":0,"n_transp_4":1,"n_transp_5":0,"n_transp_6":0,"dim_acc":0,"dim_soc":0}},{"type":"Feature","id":452,"geometry":{"type":"Polygon","coordinates":[[[-72.224,-39.3025],[-72.2239,-39.3021],[-72.2254,-39.3018],[-72.2255,-39.3021],[-72.2254,-39.3021],[-72.224,-39.3025]]]},"properties":{"OID":452,"MANZENT":9120031005040,"n_per":108,"n_hombres":43,"n_mujeres":65,"n_edad_0_5":8,"n_edad_6_1":17,"n_edad_14_":14,"n_edad_18_":13,"n_edad_25_":24,"n_edad_45_":17,"n_edad_60_":15,"n_transpor":0,"n_transp_1":3,"n_transp_2":0,"n_transp_3":0,"n_transp_4":0,"n_transp_5":0,"n_transp_6":1,"dim_acc":0,"dim_soc":0}},{"type":"Feature","id":453,"geometry":{"type":"Polygon","coordinates":[[[-72.2073,-39.3035],[-72.212,-39.3023],[-72.2125,-39.3035],[-72.2134,-39.3033],[-72.2137,-39.3043],[-72.2143,-39.3042],[-72.2144,-39.3043],[-72.2223,-39.3024],[-72.223,-39.3042],[-72.2148,-39.3062],[-72.2145,-39.3062],[-72.2144,-39.3062],[-72.2136,-39.3046],[-72.2136,-39.3046],[-72.2142,-39.3061],[-72.2142,-39.3061],[-72.2136,-39.3049],[-72.2134,-39.3043],[-72.2133,-39.3043],[-72.2135,-39.305],[-72.2141,-39.3063],[-72.2139,-39.3065],[-72.2123,-39.3069],[-72.2122,-39.3066],[-72.2125,-39.3065],[-72.2122,-39.3065],[-72.2121,-39.3063],[-72.2125,-39.3062],[-72.2121,-39.3062],[-72.212,-39.306],[-72.2123,-39.3059],[-72.2119,-39.3059],[-72.2118,-39.3057],[-72.2122,-39.3056],[-72.2118,-39.3056],[-72.2117,-39.3053],[-72.2122,-39.3052],[-72.2121,-39.3052],[-72.2088,-39.3061],[-72.2084,-39.3056],[-72.2087,-39.3054],[-72.2083,-39.3055],[-72.2082,-39.3051],[-72.2085,-39.305],[-72.2082,-39.3051],[-72.208,-39.3047],[-72.2084,-39.3046],[-72.208,-39.3047],[-72.2079,-39.3043],[-72.2082,-39.3042],[-72.2078,-39.3043],[-72.2077,-39.3042],[-72.207,-39.3043],[-72.207,-39.3044],[-72.2077,-39.3042],[-72.2079,-39.3045],[-72.2072,-39.3047],[-72.2079,-39.3046],[-72.208,-39.3049],[-72.207,-39.3052],[-72.2067,-39.3048],[-72.2069,-39.3053],[-72.2065,-39.3055],[-72.2063,-39.3051],[-72.2065,-39.3055],[-72.206,-39.3056],[-72.2058,-39.3053],[-72.2057,-39.3053],[-72.2059,-39.3056],[-72.2062,-39.3059],[-72.2071,-39.3082],[-72.2057,-39.3085],[-72.2038,-39.3043],[-72.2073,-39.3035]]]},"properties":{"OID":453,"MANZENT":9120031006000,"n_per":1059,"n_hombres":491,"n_mujeres":568,"n_edad_0_5":102,"n_edad_6_1":141,"n_edad_14_":43,"n_edad_18_":77,"n_edad_25_":460,"n_edad_45_":140,"n_edad_60_":96,"n_transpor":195,"n_transp_1":135,"n_transp_2":41,"n_transp_3":9,"n_transp_4":1,"n_transp_5":0,"n_transp_6":14,"dim_acc":0,"dim_soc":0}},{"type":"Feature","id":454,"geometry":{"type":"Polygon","coordinates":[[[-72.2255,-39.3042],[-72.2254,-39.3038],[-72.226,-39.3036],[-72.2262,-39.304],[-72.2241,-39.3054],[-72.2183,-39.3069],[-72.2178,-39.3056],[-72.2182,-39.3056],[-72.2186,-39.3065],[-72.2245,-39.305],[-72.2248,-39.3047],[-72.2246,-39.304],[-72.2249,-39.3039],[-72.2251,-39.3044],[-72.225,-39.3039],[-72.2253,-39.3038],[-72.2255,-39.3042]]]},"properties":{"OID":454,"MANZENT":9120031006000,"n_per":505,"n_hombres":233,"n_mujeres":272,"n_edad_0_5":39,"n_edad_6_1":66,"n_edad_14_":40,"n_edad_18_":53,"n_edad_25_":151,"n_edad_45_":104,"n_edad_60_":52,"n_transpor":72,"n_transp_1":57,"n_transp_2":29,"n_transp_3":5,"n_transp_4":1,"n_transp_5":0,"n_transp_6":9,"dim_acc":0,"dim_soc":0}},{"type":"Feature","id":455,"geometry":{"type":"Polygon","coordinates":[[[-72.2239,-39.3051],[-72.2235,-39.3042],[-72.2239,-39.3041],[-72.2242,-39.305],[-72.2239,-39.3051]]]},"properties":{"OID":455,"MANZENT":9120031006010,"n_per":62,"n_hombres":27,"n_mujeres":35,"n_edad_0_5":4,"n_edad_6_1":7,"n_edad_14_":4,"n_edad_18_":5,"n_edad_25_":10,"n_edad_45_":23,"n_edad_60_":9,"n_transpor":8,"n_transp_1":4,"n_transp_2":2,"n_transp_3":0,"n_transp_4":0,"n_transp_5":0,"n_transp_6":1,"dim_acc":0.512281,"dim_soc":0.587731}},{"type":"Feature","id":456,"geometry":{"type":"Polygon","coordinates":[[[-72.2235,-39.3052],[-72.2231,-39.3044],[-72.2234,-39.3042],[-72.2238,-39.3051],[-72.2235,-39.3052]]]},"properties":{"OID":456,"MANZENT":9120031006010,"n_per":61,"n_hombres":29,"n_mujeres":32,"n_edad_0_5":2,"n_edad_6_1":5,"n_edad_14_":4,"n_edad_18_":8,"n_edad_25_":15,"n_edad_45_":17,"n_edad_60_":10,"n_transpor":7,"n_transp_1":14,"n_transp_2":6,"n_transp_3":2,"n_transp_4":0,"n_transp_5":0,"n_transp_6":2,"dim_acc":0.512281,"dim_soc":0.587731}},{"type":"Feature","id":457,"geometry":{"type":"Polygon","coordinates":[[[-72.2231,-39.3053],[-72.2227,-39.3044],[-72.223,-39.3044],[-72.2234,-39.3052],[-72.2231,-39.3053]]]},"properties":{"OID":457,"MANZENT":9120031006010,"n_per":66,"n_hombres":31,"n_mujeres":35,"n_edad_0_5":6,"n_edad_6_1":6,"n_edad_14_":2,"n_edad_18_":9,"n_edad_25_":20,"n_edad_45_":15,"n_edad_60_":8,"n_transpor":0,"n_transp_1":0,"n_transp_2":0,"n_transp_3":0,"n_transp_4":0,"n_transp_5":0,"n_transp_6":0,"dim_acc":0.512281,"dim_soc":0.587731}},{"type":"Feature","id":458,"geometry":{"type":"Polygon","coordinates":[[[-72.2226,-39.3054],[-72.2222,-39.3045],[-72.2226,-39.3044],[-72.223,-39.3053],[-72.2226,-39.3054]]]},"properties":{"OID":458,"MANZENT":9120031006010,"n_per":67,"n_hombres":31,"n_mujeres":36,"n_edad_0_5":8,"n_edad_6_1":6,"n_edad_14_":3,"n_edad_18_":3,"n_edad_25_":20,"n_edad_45_":15,"n_edad_60_":12,"n_transpor":0,"n_transp_1":2,"n_transp_2":0,"n_transp_3":0,"n_transp_4":0,"n_transp_5":0,"n_transp_6":0,"dim_acc":0.512281,"dim_soc":0.587731}},{"type":"Feature","id":459,"geometry":{"type":"Polygon","coordinates":[[[-72.2222,-39.3055],[-72.2218,-39.3046],[-72.2222,-39.3045],[-72.2225,-39.3054],[-72.2222,-39.3055]]]},"properties":{"OID":459,"MANZENT":9120031006010,"n_per":59,"n_hombres":28,"n_mujeres":31,"n_edad_0_5":5,"n_edad_6_1":5,"n_edad_14_":3,"n_edad_18_":7,"n_edad_25_":12,"n_edad_45_":17,"n_edad_60_":10,"n_transpor":2,"n_transp_1":8,"n_transp_2":0,"n_transp_3":0,"n_transp_4":0,"n_transp_5":0,"n_transp_6":1,"dim_acc":0.512281,"dim_soc":0.587731}},{"type":"Feature","id":460,"geometry":{"type":"Polygon","coordinates":[[[-72.2218,-39.3056],[-72.2214,-39.3048],[-72.2217,-39.3047],[-72.2221,-39.3055],[-72.2218,-39.3056]]]},"properties":{"OID":460,"MANZENT":9120031006020,"n_per":90,"n_hombres":41,"n_mujeres":49,"n_edad_0_5":13,"n_edad_6_1":7,"n_edad_14_":4,"n_edad_18_":8,"n_edad_25_":29,"n_edad_45_":17,"n_edad_60_":12,"n_transpor":3,"n_transp_1":4,"n_transp_2":2,"n_transp_3":0,"n_transp_4":0,"n_transp_5":0,"n_transp_6":1,"dim_acc":0.529177,"dim_soc":0.610357}},{"type":"Feature","id":461,"geometry":{"type":"Polygon","coordinates":[[[-72.2213,-39.3057],[-72.221,-39.3049],[-72.2213,-39.3048],[-72.2217,-39.3056],[-72.2213,-39.3057]]]},"properties":{"OID":461,"MANZENT":9120031006020,"n_per":70,"n_hombres":30,"n_mujeres":40,"n_edad_0_5":4,"n_edad_6_1":10,"n_edad_14_":6,"n_edad_18_":6,"n_edad_25_":24,"n_edad_45_":9,"n_edad_60_":11,"n_transpor":8,"n_transp_1":11,"n_transp_2":5,"n_transp_3":3,"n_transp_4":0,"n_transp_5":0,"n_transp_6":0,"dim_acc":0.529177,"dim_soc":0.610357}},{"type":"Feature","id":462,"geometry":{"type":"Polygon","coordinates":[[[-72.221,-39.3058],[-72.2206,-39.305],[-72.2209,-39.3049],[-72.2213,-39.3057],[-72.221,-39.3058]]]},"properties":{"OID":462,"MANZENT":9120031006020,"n_per":51,"n_hombres":20,"n_mujeres":31,"n_edad_0_5":2,"n_edad_6_1":7,"n_edad_14_":2,"n_edad_18_":4,"n_edad_25_":17,"n_edad_45_":9,"n_edad_60_":10,"n_transpor":1,"n_transp_1":15,"n_transp_2":3,"n_transp_3":1,"n_transp_4":0,"n_transp_5":0,"n_transp_6":0,"dim_acc":0.529177,"dim_soc":0.610357}},{"type":"Feature","id":463,"geometry":{"type":"Polygon","coordinates":[[[-72.2206,-39.3059],[-72.2202,-39.305],[-72.2205,-39.305],[-72.2209,-39.3058],[-72.2206,-39.3059]]]},"properties":{"OID":463,"MANZENT":9120031006020,"n_per":64,"n_hombres":25,"n_mujeres":39,"n_edad_0_5":7,"n_edad_6_1":6,"n_edad_14_":4,"n_edad_18_":9,"n_edad_25_":16,"n_edad_45_":13,"n_edad_60_":9,"n_transpor":7,"n_transp_1":12,"n_transp_2":2,"n_transp_3":0,"n_transp_4":0,"n_transp_5":0,"n_transp_6":2,"dim_acc":0.529177,"dim_soc":0.610357}},{"type":"Feature","id":464,"geometry":{"type":"Polygon","coordinates":[[[-72.2068,-39.3055],[-72.2068,-39.3054],[-72.2072,-39.3052],[-72.2081,-39.305],[-72.2082,-39.3053],[-72.2075,-39.3055],[-72.2082,-39.3054],[-72.2084,-39.3057],[-72.2077,-39.3059],[-72.2084,-39.3058],[-72.2086,-39.3059],[-72.2087,-39.3061],[-72.2071,-39.3066],[-72.2076,-39.308],[-72.2072,-39.3081],[-72.2064,-39.3062],[-72.2073,-39.3059],[-72.2064,-39.3062],[-72.2061,-39.3057],[-72.2067,-39.3054],[-72.2068,-39.3056],[-72.2072,-39.3055],[-72.2069,-39.3056],[-72.2068,-39.3055]]]},"properties":{"OID":464,"MANZENT":9120031006020,"n_per":165,"n_hombres":77,"n_mujeres":88,"n_edad_0_5":10,"n_edad_6_1":27,"n_edad_14_":16,"n_edad_18_":13,"n_edad_25_":49,"n_edad_45_":28,"n_edad_60_":22,"n_transpor":33,"n_transp_1":17,"n_transp_2":10,"n_transp_3":1,"n_transp_4":1,"n_transp_5":0,"n_transp_6":7,"dim_acc":0.529177,"dim_soc":0.610357}},{"type":"Feature","id":465,"geometry":{"type":"Polygon","coordinates":[[[-72.2202,-39.306],[-72.2199,-39.3051],[-72.2202,-39.305],[-72.2205,-39.3059],[-72.2202,-39.306]]]},"properties":{"OID":465,"MANZENT":9120031006020,"n_per":75,"n_hombres":40,"n_mujeres":35,"n_edad_0_5":4,"n_edad_6_1":10,"n_edad_14_":5,"n_edad_18_":5,"n_edad_25_":28,"n_edad_45_":16,"n_edad_60_":7,"n_transpor":10,"n_transp_1":8,"n_transp_2":2,"n_transp_3":2,"n_transp_4":0,"n_transp_5":0,"n_transp_6":2,"dim_acc":0.529177,"dim_soc":0.610357}},{"type":"Feature","id":466,"geometry":{"type":"Polygon","coordinates":[[[-72.2198,-39.3061],[-72.2195,-39.3052],[-72.2198,-39.3051],[-72.2201,-39.306],[-72.2198,-39.3061]]]},"properties":{"OID":466,"MANZENT":9120031006020,"n_per":40,"n_hombres":21,"n_mujeres":19,"n_edad_0_5":1,"n_edad_6_1":4,"n_edad_14_":1,"n_edad_18_":4,"n_edad_25_":12,"n_edad_45_":6,"n_edad_60_":12,"n_transpor":3,"n_transp_1":6,"n_transp_2":2,"n_transp_3":0,"n_transp_4":0,"n_transp_5":0,"n_transp_6":0,"dim_acc":0.529177,"dim_soc":0.610357}},{"type":"Feature","id":467,"geometry":{"type":"Polygon","coordinates":[[[-72.2186,-39.3055],[-72.2194,-39.3052],[-72.2197,-39.3061],[-72.2193,-39.3062],[-72.219,-39.3056],[-72.2193,-39.3062],[-72.219,-39.3063],[-72.2186,-39.3055]]]},"properties":{"OID":467,"MANZENT":9120031006020,"n_per":48,"n_hombres":26,"n_mujeres":22,"n_edad_0_5":3,"n_edad_6_1":5,"n_edad_14_":1,"n_edad_18_":4,"n_edad_25_":18,"n_edad_45_":10,"n_edad_60_":7,"n_transpor":7,"n_transp_1":4,"n_transp_2":1,"n_transp_3":0,"n_transp_4":0,"n_transp_5":0,"n_transp_6":1,"dim_acc":0.529177,"dim_soc":0.610357}},{"type":"Feature","id":468,"geometry":{"type":"Polygon","coordinates":[[[-72.2118,-39.307],[-72.2112,-39.3055],[-72.2116,-39.3054],[-72.2122,-39.3069],[-72.2118,-39.307]]]},"properties":{"OID":468,"MANZENT":9120031006020,"n_per":57,"n_hombres":28,"n_mujeres":29,"n_edad_0_5":5,"n_edad_6_1":8,"n_edad_14_":2,"n_edad_18_":2,"n_edad_25_":22,"n_edad_45_":8,"n_edad_60_":10,"n_transpor":5,"n_transp_1":8,"n_transp_2":5,"n_transp_3":0,"n_transp_4":1,"n_transp_5":0,"n_transp_6":2,"dim_acc":0.529177,"dim_soc":0.610357}},{"type":"Feature","id":469,"geometry":{"type":"Polygon","coordinates":[[[-72.2186,-39.3064],[-72.2182,-39.3056],[-72.2185,-39.3055],[-72.2189,-39.3064],[-72.2186,-39.3064]]]},"properties":{"OID":469,"MANZENT":9120031006030,"n_per":60,"n_hombres":34,"n_mujeres":26,"n_edad_0_5":6,"n_edad_6_1":4,"n_edad_14_":4,"n_edad_18_":8,"n_edad_25_":19,"n_edad_45_":16,"n_edad_60_":3,"n_transpor":6,"n_transp_1":6,"n_transp_2":3,"n_transp_3":1,"n_transp_4":0,"n_transp_5":0,"n_transp_6":1,"dim_acc":0.554767,"dim_soc":0.765432}},{"type":"Feature","id":470,"geometry":{"type":"Polygon","coordinates":[[[-72.2112,-39.3071],[-72.2106,-39.3056],[-72.2111,-39.3055],[-72.2117,-39.307],[-72.2112,-39.3071]]]},"properties":{"OID":470,"MANZENT":9120031006030,"n_per":9,"n_hombres":4,"n_mujeres":5,"n_edad_0_5":0,"n_edad_6_1":3,"n_edad_14_":1,"n_edad_18_":0,"n_edad_25_":2,"n_edad_45_":2,"n_edad_60_":1,"n_transpor":0,"n_transp_1":1,"n_transp_2":0,"n_transp_3":0,"n_transp_4":0,"n_transp_5":0,"n_transp_6":0,"dim_acc":0.554767,"dim_soc":0.765432}},{"type":"Feature","id":471,"geometry":{"type":"Polygon","coordinates":[[[-72.209,-39.3065],[-72.2102,-39.3062],[-72.2101,-39.3058],[-72.2106,-39.3056],[-72.2111,-39.3071],[-72.2107,-39.3073],[-72.2104,-39.3066],[-72.2101,-39.3066],[-72.2104,-39.3066],[-72.2106,-39.3073],[-72.2094,-39.3076],[-72.2093,-39.3073],[-72.2099,-39.3071],[-72.2093,-39.3073],[-72.2092,-39.3069],[-72.2097,-39.3067],[-72.2091,-39.3069],[-72.209,-39.3065]]]},"properties":{"OID":471,"MANZENT":9120031006030,"n_per":76,"n_hombres":37,"n_mujeres":39,"n_edad_0_5":6,"n_edad_6_1":7,"n_edad_14_":4,"n_edad_18_":8,"n_edad_25_":21,"n_edad_45_":15,"n_edad_60_":15,"n_transpor":9,"n_transp_1":11,"n_transp_2":8,"n_transp_3":1,"n_transp_4":0,"n_transp_5":0,"n_transp_6":0,"dim_acc":0.554767,"dim_soc":0.765432}},{"type":"Feature","id":472,"geometry":{"type":"Polygon","coordinates":[[[-72.218,-39.307],[-72.2174,-39.3058],[-72.2178,-39.3057],[-72.2183,-39.3069],[-72.218,-39.307]]]},"properties":{"OID":472,"MANZENT":9120031006030,"n_per":96,"n_hombres":40,"n_mujeres":56,"n_edad_0_5":2,"n_edad_6_1":15,"n_edad_14_":13,"n_edad_18_":10,"n_edad_25_":30,"n_edad_45_":16,"n_edad_60_":10,"n_transpor":4,"n_transp_1":4,"n_transp_2":1,"n_transp_3":0,"n_transp_4":0,"n_transp_5":0,"n_transp_6":0,"dim_acc":0.554767,"dim_soc":0.765432}},{"type":"Feature","id":473,"geometry":{"type":"Polygon","coordinates":[[[-72.209,-39.3065],[-72.2088,-39.3061],[-72.2101,-39.3058],[-72.2102,-39.3062],[-72.209,-39.3065]]]},"properties":{"OID":473,"MANZENT":9120031006040,"n_per":23,"n_hombres":11,"n_mujeres":12,"n_edad_0_5":3,"n_edad_6_1":5,"n_edad_14_":0,"n_edad_18_":1,"n_edad_25_":8,"n_edad_45_":3,"n_edad_60_":3,"n_transpor":3,"n_transp_1":6,"n_transp_2":1,"n_transp_3":0,"n_transp_4":0,"n_transp_5":0,"n_transp_6":0,"dim_acc":0.581692,"dim_soc":0.683623}},{"type":"Feature","id":474,"geometry":{"type":"Polygon","coordinates":[[[-72.2153,-39.3063],[-72.2161,-39.3061],[-72.2161,-39.3063],[-72.2157,-39.3065],[-72.2162,-39.3064],[-72.2163,-39.3066],[-72.2158,-39.3068],[-72.2163,-39.3067],[-72.2164,-39.3069],[-72.2156,-39.3071],[-72.2153,-39.3063]]]},"properties":{"OID":474,"MANZENT":9120031006040,"n_per":134,"n_hombres":62,"n_mujeres":72,"n_edad_0_5":13,"n_edad_6_1":14,"n_edad_14_":9,"n_edad_18_":17,"n_edad_25_":43,"n_edad_45_":24,"n_edad_60_":14,"n_transpor":11,"n_transp_1":14,"n_transp_2":4,"n_transp_3":0,"n_transp_4":0,"n_transp_5":0,"n_transp_6":4,"dim_acc":0.581692,"dim_soc":0.683623}},{"type":"Feature","id":475,"geometry":{"type":"Polygon","coordinates":[[[-72.2086,-39.3078],[-72.2081,-39.3064],[-72.2087,-39.3062],[-72.2094,-39.3076],[-72.2086,-39.3078]]]},"properties":{"OID":475,"MANZENT":9120031006040,"n_per":43,"n_hombres":24,"n_mujeres":19,"n_edad_0_5":3,"n_edad_6_1":5,"n_edad_14_":2,"n_edad_18_":5,"n_edad_25_":10,"n_edad_45_":9,"n_edad_60_":9,"n_transpor":6,"n_transp_1":3,"n_transp_2":1,"n_transp_3":0,"n_transp_4":0,"n_transp_5":0,"n_transp_6":1,"dim_acc":0.581692,"dim_soc":0.683623}},{"type":"Feature","id":476,"geometry":{"type":"Polygon","coordinates":[[[-72.2213,-39.3071],[-72.2209,-39.3063],[-72.2213,-39.3062],[-72.2216,-39.3069],[-72.2213,-39.3071]]]},"properties":{"OID":476,"MANZENT":9120031006040,"n_per":61,"n_hombres":31,"n_mujeres":30,"n_edad_0_5":4,"n_edad_6_1":10,"n_edad_14_":5,"n_edad_18_":5,"n_edad_25_":27,"n_edad_45_":7,"n_edad_60_":3,"n_transpor":2,"n_transp_1":6,"n_transp_2":1,"n_transp_3":0,"n_transp_4":0,"n_transp_5":0,"n_transp_6":0,"dim_acc":0.581692,"dim_soc":0.683623}},{"type":"Feature","id":477,"geometry":{"type":"Polygon","coordinates":[[[-72.2208,-39.3072],[-72.2205,-39.3064],[-72.2208,-39.3063],[-72.2212,-39.3071],[-72.2208,-39.3072]]]},"properties":{"OID":477,"MANZENT":9120031006040,"n_per":57,"n_hombres":23,"n_mujeres":34,"n_edad_0_5":6,"n_edad_6_1":9,"n_edad_14_":1,"n_edad_18_":5,"n_edad_25_":28,"n_edad_45_":5,"n_edad_60_":3,"n_transpor":19,"n_transp_1":5,"n_transp_2":1,"n_transp_3":0,"n_transp_4":1,"n_transp_5":0,"n_transp_6":2,"dim_acc":0.581692,"dim_soc":0.683623}},{"type":"Feature","id":478,"geometry":{"type":"Polygon","coordinates":[[[-72.2152,-39.3072],[-72.2149,-39.3064],[-72.2152,-39.3063],[-72.2156,-39.3071],[-72.2152,-39.3072]]]},"properties":{"OID":478,"MANZENT":9120031006040,"n_per":53,"n_hombres":24,"n_mujeres":29,"n_edad_0_5":6,"n_edad_6_1":4,"n_edad_14_":4,"n_edad_18_":10,"n_edad_25_":10,"n_edad_45_":11,"n_edad_60_":8,"n_transpor":7,"n_transp_1":2,"n_transp_2":2,"n_transp_3":0,"n_transp_4":0,"n_transp_5":0,"n_transp_6":0,"dim_acc":0.581692,"dim_soc":0.683623}},{"type":"Feature","id":479,"geometry":{"type":"Polygon","coordinates":[[[-72.2077,-39.308],[-72.2071,-39.3066],[-72.208,-39.3064],[-72.2085,-39.3078],[-72.2077,-39.308]]]},"properties":{"OID":479,"MANZENT":9120031006040,"n_per":34,"n_hombres":15,"n_mujeres":19,"n_edad_0_5":2,"n_edad_6_1":2,"n_edad_14_":0,"n_edad_18_":2,"n_edad_25_":10,"n_edad_45_":10,"n_edad_60_":8,"n_transpor":2,"n_transp_1":0,"n_transp_2":0,"n_transp_3":0,"n_transp_4":0,"n_transp_5":0,"n_transp_6":1,"dim_acc":0.581692,"dim_soc":0.683623}},{"type":"Feature","id":480,"geometry":{"type":"Polygon","coordinates":[[[-72.2148,-39.3073],[-72.2144,-39.3065],[-72.2148,-39.3064],[-72.2151,-39.3072],[-72.2148,-39.3073]]]},"properties":{"OID":480,"MANZENT":9120031006050,"n_per":36,"n_hombres":12,"n_mujeres":24,"n_edad_0_5":3,"n_edad_6_1":3,"n_edad_14_":1,"n_edad_18_":3,"n_edad_25_":7,"n_edad_45_":11,"n_edad_60_":8,"n_transpor":1,"n_transp_1":5,"n_transp_2":0,"n_transp_3":0,"n_transp_4":0,"n_transp_5":0,"n_transp_6":0,"dim_acc":0.553938,"dim_soc":0.751145}},{"type":"Feature","id":481,"geometry":{"type":"Polygon","coordinates":[[[-72.2204,-39.3073],[-72.2201,-39.3065],[-72.2204,-39.3064],[-72.2207,-39.3072],[-72.2204,-39.3073]]]},"properties":{"OID":481,"MANZENT":9120031006050,"n_per":65,"n_hombres":31,"n_mujeres":34,"n_edad_0_5":5,"n_edad_6_1":14,"n_edad_14_":5,"n_edad_18_":2,"n_edad_25_":26,"n_edad_45_":9,"n_edad_60_":4,"n_transpor":13,"n_transp_1":7,"n_transp_2":3,"n_transp_3":1,"n_transp_4":0,"n_transp_5":0,"n_transp_6":2,"dim_acc":0.553938,"dim_soc":0.751145}},{"type":"Feature","id":482,"geometry":{"type":"Polygon","coordinates":[[[-72.2175,-39.3071],[-72.2172,-39.3065],[-72.2176,-39.3064],[-72.2179,-39.307],[-72.2175,-39.3071]]]},"properties":{"OID":482,"MANZENT":9120031006050,"n_per":33,"n_hombres":14,"n_mujeres":19,"n_edad_0_5":2,"n_edad_6_1":7,"n_edad_14_":1,"n_edad_18_":3,"n_edad_25_":10,"n_edad_45_":5,"n_edad_60_":5,"n_transpor":0,"n_transp_1":1,"n_transp_2":0,"n_transp_3":0,"n_transp_4":0,"n_transp_5":0,"n_transp_6":0,"dim_acc":0.553938,"dim_soc":0.751145}},{"type":"Feature","id":483,"geometry":{"type":"Polygon","coordinates":[[[-72.2142,-39.3072],[-72.214,-39.3066],[-72.2144,-39.3065],[-72.2146,-39.3071],[-72.2142,-39.3072]]]},"properties":{"OID":483,"MANZENT":9120031006050,"n_per":25,"n_hombres":10,"n_mujeres":15,"n_edad_0_5":1,"n_edad_6_1":1,"n_edad_14_":1,"n_edad_18_":4,"n_edad_25_":3,"n_edad_45_":11,"n_edad_60_":4,"n_transpor":0,"n_transp_1":5,"n_transp_2":4,"n_transp_3":2,"n_transp_4":0,"n_transp_5":0,"n_transp_6":1,"dim_acc":0.553938,"dim_soc":0.751145}},{"type":"Feature","id":484,"geometry":{"type":"Polygon","coordinates":[[[-72.22,-39.3074],[-72.2196,-39.3066],[-72.22,-39.3065],[-72.2203,-39.3073],[-72.22,-39.3074]]]},"properties":{"OID":484,"MANZENT":9120031006050,"n_per":43,"n_hombres":11,"n_mujeres":32,"n_edad_0_5":2,"n_edad_6_1":3,"n_edad_14_":4,"n_edad_18_":9,"n_edad_25_":11,"n_edad_45_":10,"n_edad_60_":4,"n_transpor":2,"n_transp_1":2,"n_transp_2":1,"n_transp_3":0,"n_transp_4":0,"n_transp_5":0,"n_transp_6":1,"dim_acc":0.553938,"dim_soc":0.751145}},{"type":"Feature","id":485,"geometry":{"type":"Polygon","coordinates":[[[-72.2171,-39.3072],[-72.2168,-39.3066],[-72.2172,-39.3065],[-72.2174,-39.3071],[-72.2171,-39.3072]]]},"properties":{"OID":485,"MANZENT":9120031006050,"n_per":42,"n_hombres":19,"n_mujeres":23,"n_edad_0_5":3,"n_edad_6_1":7,"n_edad_14_":2,"n_edad_18_":1,"n_edad_25_":21,"n_edad_45_":6,"n_edad_60_":2,"n_transpor":0,"n_transp_1":2,"n_transp_2":1,"n_transp_3":0,"n_transp_4":0,"n_transp_5":0,"n_transp_6":0,"dim_acc":0.553938,"dim_soc":0.751145}},{"type":"Feature","id":486,"geometry":{"type":"Polygon","coordinates":[[[-72.2138,-39.3073],[-72.2136,-39.3067],[-72.2139,-39.3066],[-72.2141,-39.3072],[-72.2138,-39.3073]]]},"properties":{"OID":486,"MANZENT":9120031006050,"n_per":45,"n_hombres":21,"n_mujeres":24,"n_edad_0_5":3,"n_edad_6_1":3,"n_edad_14_":2,"n_edad_18_":4,"n_edad_25_":16,"n_edad_45_":10,"n_edad_60_":7,"n_transpor":2,"n_transp_1":4,"n_transp_2":0,"n_transp_3":0,"n_transp_4":0,"n_transp_5":0,"n_transp_6":0,"dim_acc":0.553938,"dim_soc":0.751145}},{"type":"Feature","id":487,"geometry":{"type":"Polygon","coordinates":[[[-72.2167,-39.3073],[-72.2164,-39.3067],[-72.2167,-39.3066],[-72.217,-39.3072],[-72.2167,-39.3073]]]},"properties":{"OID":487,"MANZENT":9120031006050,"n_per":36,"n_hombres":14,"n_mujeres":22,"n_edad_0_5":1,"n_edad_6_1":4,"n_edad_14_":2,"n_edad_18_":6,"n_edad_25_":8,"n_edad_45_":11,"n_edad_60_":4,"n_transpor":0,"n_transp_1":1,"n_transp_2":0,"n_transp_3":0,"n_transp_4":0,"n_transp_5":0,"n_transp_6":1,"dim_acc":0.553938,"dim_soc":0.751145}},{"type":"Feature","id":488,"geometry":{"type":"Polygon","coordinates":[[[-72.2196,-39.3075],[-72.2192,-39.3067],[-72.2195,-39.3066],[-72.2199,-39.3074],[-72.2196,-39.3075]]]},"properties":{"OID":488,"MANZENT":9120031006060,"n_per":65,"n_hombres":35,"n_mujeres":30,"n_edad_0_5":2,"n_edad_6_1":12,"n_edad_14_":5,"n_edad_18_":6,"n_edad_25_":25,"n_edad_45_":10,"n_edad_60_":5,"n_transpor":13,"n_transp_1":13,"n_transp_2":2,"n_transp_3":0,"n_transp_4":1,"n_transp_5":0,"n_transp_6":0,"dim_acc":0.529984,"dim_soc":0.867501}},{"type":"Feature","id":489,"geometry":{"type":"Polygon","coordinates":[[[-72.2134,-39.3074],[-72.2131,-39.3068],[-72.2135,-39.3067],[-72.2137,-39.3073],[-72.2134,-39.3074]]]},"properties":{"OID":489,"MANZENT":9120031006060,"n_per":45,"n_hombres":22,"n_mujeres":23,"n_edad_0_5":2,"n_edad_6_1":4,"n_edad_14_":2,"n_edad_18_":6,"n_edad_25_":13,"n_edad_45_":11,"n_edad_60_":7,"n_transpor":4,"n_transp_1":12,"n_transp_2":4,"n_transp_3":0,"n_transp_4":0,"n_transp_5":0,"n_transp_6":0,"dim_acc":0.529984,"dim_soc":0.867501}},{"type":"Feature","id":490,"geometry":{"type":"Polygon","coordinates":[[[-72.2192,-39.3076],[-72.2188,-39.3068],[-72.2191,-39.3067],[-72.2195,-39.3075],[-72.2192,-39.3076]]]},"properties":{"OID":490,"MANZENT":9120031006060,"n_per":50,"n_hombres":24,"n_mujeres":26,"n_edad_0_5":2,"n_edad_6_1":8,"n_edad_14_":5,"n_edad_18_":3,"n_edad_25_":15,"n_edad_45_":11,"n_edad_60_":6,"n_transpor":6,"n_transp_1":7,"n_transp_2":0,"n_transp_3":0,"n_transp_4":0,"n_transp_5":0,"n_transp_6":1,"dim_acc":0.529984,"dim_soc":0.867501}},{"type":"Feature","id":491,"geometry":{"type":"Polygon","coordinates":[[[-72.213,-39.3075],[-72.2127,-39.3069],[-72.213,-39.3068],[-72.2133,-39.3074],[-72.213,-39.3075]]]},"properties":{"OID":491,"MANZENT":9120031006060,"n_per":50,"n_hombres":26,"n_mujeres":24,"n_edad_0_5":4,"n_edad_6_1":7,"n_edad_14_":1,"n_edad_18_":5,"n_edad_25_":11,"n_edad_45_":11,"n_edad_60_":11,"n_transpor":4,"n_transp_1":7,"n_transp_2":4,"n_transp_3":1,"n_transp_4":0,"n_transp_5":0,"n_transp_6":1,"dim_acc":0.529984,"dim_soc":0.867501}},{"type":"Feature","id":492,"geometry":{"type":"Polygon","coordinates":[[[-72.2188,-39.3077],[-72.2184,-39.3069],[-72.2187,-39.3068],[-72.2191,-39.3076],[-72.2188,-39.3077]]]},"properties":{"OID":492,"MANZENT":9120031006060,"n_per":52,"n_hombres":22,"n_mujeres":30,"n_edad_0_5":2,"n_edad_6_1":8,"n_edad_14_":9,"n_edad_18_":6,"n_edad_25_":21,"n_edad_45_":4,"n_edad_60_":2,"n_transpor":6,"n_transp_1":6,"n_transp_2":3,"n_transp_3":1,"n_transp_4":0,"n_transp_5":0,"n_transp_6":2,"dim_acc":0.529984,"dim_soc":0.867501}},{"type":"Feature","id":493,"geometry":{"type":"Polygon","coordinates":[[[-72.2126,-39.3079],[-72.2123,-39.307],[-72.2126,-39.3069],[-72.213,-39.3078],[-72.2126,-39.3079]]]},"properties":{"OID":493,"MANZENT":9120031006060,"n_per":44,"n_hombres":20,"n_mujeres":24,"n_edad_0_5":2,"n_edad_6_1":4,"n_edad_14_":2,"n_edad_18_":4,"n_edad_25_":13,"n_edad_45_":14,"n_edad_60_":5,"n_transpor":0,"n_transp_1":2,"n_transp_2":0,"n_transp_3":0,"n_transp_4":0,"n_transp_5":0,"n_transp_6":0,"dim_acc":0.529984,"dim_soc":0.867501}},{"type":"Feature","id":494,"geometry":{"type":"Polygon","coordinates":[[[-72.2183,-39.3078],[-72.218,-39.3071],[-72.2183,-39.307],[-72.2187,-39.3077],[-72.2183,-39.3078]]]},"properties":{"OID":494,"MANZENT":9120031006060,"n_per":53,"n_hombres":25,"n_mujeres":28,"n_edad_0_5":2,"n_edad_6_1":6,"n_edad_14_":3,"n_edad_18_":5,"n_edad_25_":19,"n_edad_45_":12,"n_edad_60_":6,"n_transpor":5,"n_transp_1":11,"n_transp_2":1,"n_transp_3":0,"n_transp_4":0,"n_transp_5":0,"n_transp_6":1,"dim_acc":0.529984,"dim_soc":0.867501}},{"type":"Feature","id":495,"geometry":{"type":"Polygon","coordinates":[[[-72.215,-39.3077],[-72.2148,-39.3074],[-72.2165,-39.307],[-72.2165,-39.3073],[-72.215,-39.3077]]]},"properties":{"OID":495,"MANZENT":9120031006060,"n_per":120,"n_hombres":59,"n_mujeres":61,"n_edad_0_5":12,"n_edad_6_1":14,"n_edad_14_":9,"n_edad_18_":14,"n_edad_25_":38,"n_edad_45_":24,"n_edad_60_":9,"n_transpor":10,"n_transp_1":14,"n_transp_2":7,"n_transp_3":1,"n_transp_4":0,"n_transp_5":0,"n_transp_6":4,"dim_acc":0.529984,"dim_soc":0.867501}},{"type":"Feature","id":496,"geometry":{"type":"Polygon","coordinates":[[[-72.2122,-39.308],[-72.2118,-39.3071],[-72.2122,-39.307],[-72.2125,-39.3079],[-72.2122,-39.308]]]},"properties":{"OID":496,"MANZENT":9120031006060,"n_per":57,"n_hombres":26,"n_mujeres":31,"n_edad_0_5":2,"n_edad_6_1":5,"n_edad_14_":0,"n_edad_18_":10,"n_edad_25_":17,"n_edad_45_":18,"n_edad_60_":5,"n_transpor":1,"n_transp_1":4,"n_transp_2":2,"n_transp_3":0,"n_transp_4":0,"n_transp_5":0,"n_transp_6":0,"dim_acc":0.529984,"dim_soc":0.867501}},{"type":"Feature","id":497,"geometry":{"type":"Polygon","coordinates":[[[-72.2118,-39.3081],[-72.2114,-39.3072],[-72.2118,-39.3071],[-72.2121,-39.308],[-72.2118,-39.3081]]]},"properties":{"OID":497,"MANZENT":9120031006070,"n_per":58,"n_hombres":26,"n_mujeres":32,"n_edad_0_5":3,"n_edad_6_1":7,"n_edad_14_":4,"n_edad_18_":13,"n_edad_25_":11,"n_edad_45_":17,"n_edad_60_":3,"n_transpor":5,"n_transp_1":20,"n_transp_2":2,"n_transp_3":2,"n_transp_4":0,"n_transp_5":0,"n_transp_6":0,"dim_acc":0,"dim_soc":0}},{"type":"Feature","id":498,"geometry":{"type":"Polygon","coordinates":[[[-72.2175,-39.308],[-72.2171,-39.3073],[-72.2174,-39.3072],[-72.2178,-39.3079],[-72.2175,-39.308]]]},"properties":{"OID":498,"MANZENT":9120031006070,"n_per":48,"n_hombres":19,"n_mujeres":29,"n_edad_0_5":5,"n_edad_6_1":6,"n_edad_14_":4,"n_edad_18_":2,"n_edad_25_":16,"n_edad_45_":11,"n_edad_60_":4,"n_transpor":4,"n_transp_1":0,"n_transp_2":2,"n_transp_3":1,"n_transp_4":0,"n_transp_5":0,"n_transp_6":0,"dim_acc":0,"dim_soc":0}},{"type":"Feature","id":499,"geometry":{"type":"Polygon","coordinates":[[[-72.2114,-39.3082],[-72.211,-39.3073],[-72.2114,-39.3072],[-72.2117,-39.3081],[-72.2114,-39.3082]]]},"properties":{"OID":499,"MANZENT":9120031006070,"n_per":55,"n_hombres":25,"n_mujeres":30,"n_edad_0_5":5,"n_edad_6_1":8,"n_edad_14_":5,"n_edad_18_":1,"n_edad_25_":15,"n_edad_45_":9,"n_edad_60_":12,"n_transpor":8,"n_transp_1":14,"n_transp_2":0,"n_transp_3":2,"n_transp_4":0,"n_transp_5":0,"n_transp_6":0,"dim_acc":0,"dim_soc":0}},{"type":"Feature","id":500,"geometry":{"type":"Polygon","coordinates":[[[-72.217,-39.3081],[-72.2167,-39.3074],[-72.217,-39.3073],[-72.2174,-39.308],[-72.217,-39.3081]]]},"properties":{"OID":500,"MANZENT":9120031006070,"n_per":47,"n_hombres":21,"n_mujeres":26,"n_edad_0_5":3,"n_edad_6_1":9,"n_edad_14_":4,"n_edad_18_":4,"n_edad_25_":17,"n_edad_45_":6,"n_edad_60_":4,"n_transpor":3,"n_transp_1":5,"n_transp_2":0,"n_transp_3":0,"n_transp_4":0,"n_transp_5":0,"n_transp_6":0,"dim_acc":0,"dim_soc":0}},{"type":"Feature","id":501,"geometry":{"type":"Polygon","coordinates":[[[-72.2166,-39.3082],[-72.2162,-39.3075],[-72.2166,-39.3074],[-72.2169,-39.3081],[-72.2166,-39.3082]]]},"properties":{"OID":501,"MANZENT":9120031006070,"n_per":43,"n_hombres":21,"n_mujeres":22,"n_edad_0_5":1,"n_edad_6_1":1,"n_edad_14_":7,"n_edad_18_":6,"n_edad_25_":11,"n_edad_45_":12,"n_edad_60_":5,"n_transpor":4,"n_transp_1":8,"n_transp_2":2,"n_transp_3":0,"n_transp_4":0,"n_transp_5":0,"n_transp_6":1,"dim_acc":0,"dim_soc":0}},{"type":"Feature","id":502,"geometry":{"type":"Polygon","coordinates":[[[-72.2132,-39.3081],[-72.2131,-39.3078],[-72.2147,-39.3074],[-72.2148,-39.3077],[-72.2132,-39.3081]]]},"properties":{"OID":502,"MANZENT":9120031006070,"n_per":103,"n_hombres":52,"n_mujeres":51,"n_edad_0_5":8,"n_edad_6_1":13,"n_edad_14_":8,"n_edad_18_":15,"n_edad_25_":33,"n_edad_45_":16,"n_edad_60_":10,"n_transpor":10,"n_transp_1":11,"n_transp_2":4,"n_transp_3":3,"n_transp_4":0,"n_transp_5":0,"n_transp_6":2,"dim_acc":0,"dim_soc":0}},{"type":"Feature","id":503,"geometry":{"type":"Polygon","coordinates":[[[-72.2162,-39.3083],[-72.2158,-39.3076],[-72.2162,-39.3075],[-72.2165,-39.3082],[-72.2162,-39.3083]]]},"properties":{"OID":503,"MANZENT":9120031006070,"n_per":55,"n_hombres":27,"n_mujeres":28,"n_edad_0_5":3,"n_edad_6_1":9,"n_edad_14_":9,"n_edad_18_":4,"n_edad_25_":14,"n_edad_45_":13,"n_edad_60_":3,"n_transpor":9,"n_transp_1":11,"n_transp_2":0,"n_transp_3":0,"n_transp_4":0,"n_transp_5":0,"n_transp_6":4,"dim_acc":0,"dim_soc":0}},{"type":"Feature","id":504,"geometry":{"type":"Polygon","coordinates":[[[-72.2158,-39.3084],[-72.2154,-39.3077],[-72.2157,-39.3076],[-72.2161,-39.3083],[-72.2158,-39.3084]]]},"properties":{"OID":504,"MANZENT":9120031006070,"n_per":65,"n_hombres":31,"n_mujeres":34,"n_edad_0_5":5,"n_edad_6_1":12,"n_edad_14_":5,"n_edad_18_":7,"n_edad_25_":22,"n_edad_45_":11,"n_edad_60_":3,"n_transpor":10,"n_transp_1":9,"n_transp_2":4,"n_transp_3":1,"n_transp_4":0,"n_transp_5":0,"n_transp_6":2,"dim_acc":0,"dim_soc":0}},{"type":"Feature","id":505,"geometry":{"type":"Polygon","coordinates":[[[-72.2153,-39.3085],[-72.215,-39.3078],[-72.2153,-39.3077],[-72.2157,-39.3084],[-72.2153,-39.3085]]]},"properties":{"OID":505,"MANZENT":9120031006080,"n_per":60,"n_hombres":31,"n_mujeres":29,"n_edad_0_5":3,"n_edad_6_1":5,"n_edad_14_":9,"n_edad_18_":6,"n_edad_25_":12,"n_edad_45_":20,"n_edad_60_":5,"n_transpor":13,"n_transp_1":8,"n_transp_2":4,"n_transp_3":0,"n_transp_4":0,"n_transp_5":0,"n_transp_6":3,"dim_acc":0,"dim_soc":0}},{"type":"Feature","id":506,"geometry":{"type":"Polygon","coordinates":[[[-72.2115,-39.3085],[-72.2114,-39.3082],[-72.213,-39.3078],[-72.2131,-39.3081],[-72.2115,-39.3085]]]},"properties":{"OID":506,"MANZENT":9120031006080,"n_per":107,"n_hombres":38,"n_mujeres":69,"n_edad_0_5":8,"n_edad_6_1":14,"n_edad_14_":4,"n_edad_18_":13,"n_edad_25_":29,"n_edad_45_":21,"n_edad_60_":18,"n_transpor":7,"n_transp_1":11,"n_transp_2":2,"n_transp_3":0,"n_transp_4":0,"n_transp_5":0,"n_transp_6":1,"dim_acc":0,"dim_soc":0}},{"type":"Feature","id":507,"geometry":{"type":"Polygon","coordinates":[[[-72.2145,-39.3088],[-72.2141,-39.308],[-72.2144,-39.3079],[-72.2148,-39.3087],[-72.2145,-39.3088]]]},"properties":{"OID":507,"MANZENT":9120031006080,"n_per":50,"n_hombres":25,"n_mujeres":25,"n_edad_0_5":2,"n_edad_6_1":5,"n_edad_14_":8,"n_edad_18_":6,"n_edad_25_":13,"n_edad_45_":12,"n_edad_60_":4,"n_transpor":4,"n_transp_1":7,"n_transp_2":3,"n_transp_3":0,"n_transp_4":0,"n_transp_5":0,"n_transp_6":2,"dim_acc":0,"dim_soc":0}},{"type":"Feature","id":508,"geometry":{"type":"Polygon","coordinates":[[[-72.214,-39.3089],[-72.2137,-39.3081],[-72.214,-39.308],[-72.2144,-39.3088],[-72.214,-39.3089]]]},"properties":{"OID":508,"MANZENT":9120031006080,"n_per":49,"n_hombres":27,"n_mujeres":22,"n_edad_0_5":4,"n_edad_6_1":5,"n_edad_14_":4,"n_edad_18_":6,"n_edad_25_":14,"n_edad_45_":9,"n_edad_60_":7,"n_transpor":9,"n_transp_1":12,"n_transp_2":2,"n_transp_3":1,"n_transp_4":0,"n_transp_5":0,"n_transp_6":2,"dim_acc":0,"dim_soc":0}},{"type":"Feature","id":509,"geometry":{"type":"Polygon","coordinates":[[[-72.2136,-39.309],[-72.2133,-39.3082],[-72.2136,-39.3081],[-72.2139,-39.3089],[-72.2136,-39.309]]]},"properties":{"OID":509,"MANZENT":9120031006080,"n_per":49,"n_hombres":28,"n_mujeres":21,"n_edad_0_5":5,"n_edad_6_1":5,"n_edad_14_":6,"n_edad_18_":7,"n_edad_25_":14,"n_edad_45_":8,"n_edad_60_":4,"n_transpor":11,"n_transp_1":5,"n_transp_2":3,"n_transp_3":0,"n_transp_4":0,"n_transp_5":0,"n_transp_6":2,"dim_acc":0,"dim_soc":0}},{"type":"Feature","id":510,"geometry":{"type":"Polygon","coordinates":[[[-72.2115,-39.3086],[-72.2119,-39.3085],[-72.2121,-39.3088],[-72.2128,-39.3086],[-72.2131,-39.3091],[-72.2127,-39.3092],[-72.2125,-39.3089],[-72.2127,-39.3092],[-72.2123,-39.3093],[-72.2122,-39.309],[-72.2122,-39.3093],[-72.2119,-39.3094],[-72.2115,-39.3086]]]},"properties":{"OID":510,"MANZENT":9120031006080,"n_per":149,"n_hombres":66,"n_mujeres":83,"n_edad_0_5":6,"n_edad_6_1":22,"n_edad_14_":13,"n_edad_18_":13,"n_edad_25_":34,"n_edad_45_":35,"n_edad_60_":26,"n_transpor":18,"n_transp_1":27,"n_transp_2":6,"n_transp_3":3,"n_transp_4":1,"n_transp_5":0,"n_transp_6":5,"dim_acc":0,"dim_soc":0}},{"type":"Feature","id":511,"geometry":{"type":"MultiPolygon","coordinates":[[[[-72.2121,-39.3087],[-72.2119,-39.3085],[-72.2127,-39.3083],[-72.2128,-39.3085],[-72.2121,-39.3087]]],[[[-72.2132,-39.3091],[-72.2128,-39.3083],[-72.2131,-39.3082],[-72.2135,-39.309],[-72.2132,-39.3091]]]]},"properties":{"OID":511,"MANZENT":9120031006080,"n_per":79,"n_hombres":39,"n_mujeres":40,"n_edad_0_5":2,"n_edad_6_1":12,"n_edad_14_":6,"n_edad_18_":12,"n_edad_25_":21,"n_edad_45_":22,"n_edad_60_":4,"n_transpor":2,"n_transp_1":5,"n_transp_2":2,"n_transp_3":0,"n_transp_4":0,"n_transp_5":0,"n_transp_6":3,"dim_acc":0,"dim_soc":0}},{"type":"Feature","id":512,"geometry":{"type":"Polygon","coordinates":[[[-72.2048,-39.3089],[-72.2049,-39.3088],[-72.2057,-39.3085],[-72.2072,-39.3122],[-72.2051,-39.3127],[-72.204,-39.3101],[-72.2039,-39.31],[-72.2031,-39.3102],[-72.2028,-39.3093],[-72.2037,-39.3091],[-72.2048,-39.3116],[-72.2049,-39.3117],[-72.2054,-39.3116],[-72.2057,-39.3124],[-72.2057,-39.3123],[-72.2067,-39.312],[-72.2069,-39.3121],[-72.2064,-39.3109],[-72.2057,-39.311],[-72.2055,-39.3106],[-72.2056,-39.3105],[-72.2055,-39.3106],[-72.2052,-39.3097],[-72.2053,-39.3097],[-72.2053,-39.3096],[-72.2051,-39.3097],[-72.2048,-39.3089]]]},"properties":{"OID":512,"MANZENT":9120051001000,"n_per":199,"n_hombres":89,"n_mujeres":110,"n_edad_0_5":13,"n_edad_6_1":38,"n_edad_14_":20,"n_edad_18_":19,"n_edad_25_":70,"n_edad_45_":25,"n_edad_60_":14,"n_transpor":24,"n_transp_1":24,"n_transp_2":5,"n_transp_3":1,"n_transp_4":0,"n_transp_5":0,"n_transp_6":2,"dim_acc":0,"dim_soc":0}},{"type":"Feature","id":513,"geometry":{"type":"Polygon","coordinates":[[[-72.2047,-39.3097],[-72.2044,-39.309],[-72.2047,-39.3089],[-72.2051,-39.3097],[-72.2047,-39.3097]]]},"properties":{"OID":513,"MANZENT":9120051001000,"n_per":76,"n_hombres":33,"n_mujeres":43,"n_edad_0_5":11,"n_edad_6_1":17,"n_edad_14_":4,"n_edad_18_":6,"n_edad_25_":32,"n_edad_45_":5,"n_edad_60_":1,"n_transpor":2,"n_transp_1":1,"n_transp_2":0,"n_transp_3":0,"n_transp_4":0,"n_transp_5":0,"n_transp_6":0,"dim_acc":0,"dim_soc":0}},{"type":"Feature","id":514,"geometry":{"type":"Polygon","coordinates":[[[-72.2043,-39.309],[-72.2046,-39.3098],[-72.2041,-39.3099],[-72.2038,-39.3091],[-72.2043,-39.309]]]},"properties":{"OID":514,"MANZENT":9120051001000,"n_per":52,"n_hombres":24,"n_mujeres":28,"n_edad_0_5":8,"n_edad_6_1":6,"n_edad_14_":4,"n_edad_18_":2,"n_edad_25_":24,"n_edad_45_":4,"n_edad_60_":4,"n_transpor":10,"n_transp_1":6,"n_transp_2":0,"n_transp_3":1,"n_transp_4":1,"n_transp_5":0,"n_transp_6":1,"dim_acc":0,"dim_soc":0}},{"type":"Feature","id":515,"geometry":{"type":"Polygon","coordinates":[[[-72.2051,-39.3106],[-72.2047,-39.3098],[-72.2051,-39.3097],[-72.2054,-39.3105],[-72.2051,-39.3106]]]},"properties":{"OID":515,"MANZENT":9120051001000,"n_per":91,"n_hombres":36,"n_mujeres":55,"n_edad_0_5":10,"n_edad_6_1":19,"n_edad_14_":14,"n_edad_18_":10,"n_edad_25_":27,"n_edad_45_":8,"n_edad_60_":3,"n_transpor":9,"n_transp_1":11,"n_transp_2":0,"n_transp_3":0,"n_transp_4":0,"n_transp_5":0,"n_transp_6":0,"dim_acc":0,"dim_soc":0}},{"type":"Feature","id":516,"geometry":{"type":"Polygon","coordinates":[[[-72.2051,-39.3116],[-72.2048,-39.3116],[-72.2041,-39.31],[-72.2042,-39.3099],[-72.2046,-39.3099],[-72.2053,-39.3115],[-72.2051,-39.3116]]]},"properties":{"OID":516,"MANZENT":9120051001010,"n_per":110,"n_hombres":42,"n_mujeres":68,"n_edad_0_5":10,"n_edad_6_1":20,"n_edad_14_":6,"n_edad_18_":13,"n_edad_25_":38,"n_edad_45_":18,"n_edad_60_":5,"n_transpor":20,"n_transp_1":20,"n_transp_2":1,"n_transp_3":1,"n_transp_4":1,"n_transp_5":0,"n_transp_6":1,"dim_acc":0,"dim_soc":0}},{"type":"Feature","id":517,"geometry":{"type":"Polygon","coordinates":[[[-72.2054,-39.3115],[-72.2051,-39.3107],[-72.2055,-39.3106],[-72.2058,-39.3114],[-72.2054,-39.3115]]]},"properties":{"OID":517,"MANZENT":9120051001010,"n_per":42,"n_hombres":19,"n_mujeres":23,"n_edad_0_5":5,"n_edad_6_1":10,"n_edad_14_":5,"n_edad_18_":4,"n_edad_25_":13,"n_edad_45_":5,"n_edad_60_":0,"n_transpor":0,"n_transp_1":0,"n_transp_2":0,"n_transp_3":0,"n_transp_4":0,"n_transp_5":0,"n_transp_6":0,"dim_acc":0,"dim_soc":0}},{"type":"Feature","id":518,"geometry":{"type":"Polygon","coordinates":[[[-72.2059,-39.3114],[-72.2057,-39.311],[-72.2063,-39.3109],[-72.2065,-39.3113],[-72.2059,-39.3114]]]},"properties":{"OID":518,"MANZENT":9120051001010,"n_per":20,"n_hombres":8,"n_mujeres":12,"n_edad_0_5":1,"n_edad_6_1":3,"n_edad_14_":4,"n_edad_18_":1,"n_edad_25_":9,"n_edad_45_":2,"n_edad_60_":0,"n_transpor":6,"n_transp_1":2,"n_transp_2":0,"n_transp_3":0,"n_transp_4":0,"n_transp_5":0,"n_transp_6":0,"dim_acc":0,"dim_soc":0}},{"type":"Feature","id":519,"geometry":{"type":"Polygon","coordinates":[[[-72.2056,-39.3119],[-72.2054,-39.3117],[-72.2056,-39.3115],[-72.2065,-39.3113],[-72.2066,-39.3116],[-72.2056,-39.3119]]]},"properties":{"OID":519,"MANZENT":9120051001010,"n_per":88,"n_hombres":42,"n_mujeres":46,"n_edad_0_5":7,"n_edad_6_1":20,"n_edad_14_":7,"n_edad_18_":7,"n_edad_25_":34,"n_edad_45_":11,"n_edad_60_":2,"n_transpor":18,"n_transp_1":14,"n_transp_2":3,"n_transp_3":1,"n_transp_4":0,"n_transp_5":0,"n_transp_6":1,"dim_acc":0,"dim_soc":0}},{"type":"Feature","id":520,"geometry":{"type":"Polygon","coordinates":[[[-72.2057,-39.3122],[-72.2056,-39.3119],[-72.2066,-39.3117],[-72.2067,-39.3119],[-72.2067,-39.312],[-72.2057,-39.3122]]]},"properties":{"OID":520,"MANZENT":9120051001010,"n_per":71,"n_hombres":28,"n_mujeres":43,"n_edad_0_5":7,"n_edad_6_1":20,"n_edad_14_":5,"n_edad_18_":4,"n_edad_25_":27,"n_edad_45_":7,"n_edad_60_":1,"n_transpor":8,"n_transp_1":11,"n_transp_2":2,"n_transp_3":0,"n_transp_4":0,"n_transp_5":0,"n_transp_6":2,"dim_acc":0,"dim_soc":0}},{"type":"Feature","id":521,"geometry":{"type":"Polygon","coordinates":[[[-72.2264,-39.2927],[-72.2263,-39.2924],[-72.2265,-39.2922],[-72.2268,-39.2925],[-72.2264,-39.2927]]]},"properties":{"OID":521,"MANZENT":9120031001020,"n_per":0,"n_hombres":0,"n_mujeres":0,"n_edad_0_5":0,"n_edad_6_1":0,"n_edad_14_":0,"n_edad_18_":0,"n_edad_25_":0,"n_edad_45_":0,"n_edad_60_":0,"n_transpor":0,"n_transp_1":0,"n_transp_2":0,"n_transp_3":0,"n_transp_4":0,"n_transp_5":0,"n_transp_6":0,"dim_acc":0,"dim_soc":0}},{"type":"Feature","id":522,"geometry":{"type":"Polygon","coordinates":[[[-72.2327,-39.2954],[-72.2327,-39.2954],[-72.2328,-39.2953],[-72.2328,-39.2954],[-72.2327,-39.2954]]]},"properties":{"OID":522,"MANZENT":9120031001030,"n_per":0,"n_hombres":0,"n_mujeres":0,"n_edad_0_5":0,"n_edad_6_1":0,"n_edad_14_":0,"n_edad_18_":0,"n_edad_25_":0,"n_edad_45_":0,"n_edad_60_":0,"n_transpor":0,"n_transp_1":0,"n_transp_2":0,"n_transp_3":0,"n_transp_4":0,"n_transp_5":0,"n_transp_6":0,"dim_acc":0.619891,"dim_soc":0.894268}},{"type":"Feature","id":523,"geometry":{"type":"Polygon","coordinates":[[[-72.2336,-39.297],[-72.2342,-39.2966],[-72.2341,-39.297],[-72.2336,-39.297]]]},"properties":{"OID":523,"MANZENT":9120031001030,"n_per":0,"n_hombres":0,"n_mujeres":0,"n_edad_0_5":0,"n_edad_6_1":0,"n_edad_14_":0,"n_edad_18_":0,"n_edad_25_":0,"n_edad_45_":0,"n_edad_60_":0,"n_transpor":0,"n_transp_1":0,"n_transp_2":0,"n_transp_3":0,"n_transp_4":0,"n_transp_5":0,"n_transp_6":0,"dim_acc":0.619891,"dim_soc":0.894268}},{"type":"Feature","id":524,"geometry":{"type":"Polygon","coordinates":[[[-72.2324,-39.297],[-72.2319,-39.2968],[-72.2325,-39.2971],[-72.2324,-39.297]]]},"properties":{"OID":524,"MANZENT":9120031001040,"n_per":0,"n_hombres":0,"n_mujeres":0,"n_edad_0_5":0,"n_edad_6_1":0,"n_edad_14_":0,"n_edad_18_":0,"n_edad_25_":0,"n_edad_45_":0,"n_edad_60_":0,"n_transpor":0,"n_transp_1":0,"n_transp_2":0,"n_transp_3":0,"n_transp_4":0,"n_transp_5":0,"n_transp_6":0,"dim_acc":0,"dim_soc":0}},{"type":"Feature","id":525,"geometry":{"type":"Polygon","coordinates":[[[-72.2331,-39.2973],[-72.2326,-39.2971],[-72.2331,-39.2973],[-72.2331,-39.2973]]]},"properties":{"OID":525,"MANZENT":9120031001040,"n_per":0,"n_hombres":0,"n_mujeres":0,"n_edad_0_5":0,"n_edad_6_1":0,"n_edad_14_":0,"n_edad_18_":0,"n_edad_25_":0,"n_edad_45_":0,"n_edad_60_":0,"n_transpor":0,"n_transp_1":0,"n_transp_2":0,"n_transp_3":0,"n_transp_4":0,"n_transp_5":0,"n_transp_6":0,"dim_acc":0,"dim_soc":0}},{"type":"Feature","id":526,"geometry":{"type":"Polygon","coordinates":[[[-72.2345,-39.2975],[-72.2335,-39.2975],[-72.2332,-39.2973],[-72.2335,-39.2974],[-72.2345,-39.2975]]]},"properties":{"OID":526,"MANZENT":9120031001040,"n_per":0,"n_hombres":0,"n_mujeres":0,"n_edad_0_5":0,"n_edad_6_1":0,"n_edad_14_":0,"n_edad_18_":0,"n_edad_25_":0,"n_edad_45_":0,"n_edad_60_":0,"n_transpor":0,"n_transp_1":0,"n_transp_2":0,"n_transp_3":0,"n_transp_4":0,"n_transp_5":0,"n_transp_6":0,"dim_acc":0,"dim_soc":0}},{"type":"Feature","id":527,"geometry":{"type":"Polygon","coordinates":[[[-72.2346,-39.299],[-72.2345,-39.2989],[-72.2346,-39.2988],[-72.2348,-39.2989],[-72.2346,-39.299]]]},"properties":{"OID":527,"MANZENT":9120031001040,"n_per":0,"n_hombres":0,"n_mujeres":0,"n_edad_0_5":0,"n_edad_6_1":0,"n_edad_14_":0,"n_edad_18_":0,"n_edad_25_":0,"n_edad_45_":0,"n_edad_60_":0,"n_transpor":0,"n_transp_1":0,"n_transp_2":0,"n_transp_3":0,"n_transp_4":0,"n_transp_5":0,"n_transp_6":0,"dim_acc":0,"dim_soc":0}},{"type":"Feature","id":528,"geometry":{"type":"Polygon","coordinates":[[[-72.2349,-39.2992],[-72.2348,-39.299],[-72.2349,-39.2991],[-72.2349,-39.2992]]]},"properties":{"OID":528,"MANZENT":9120031001050,"n_per":0,"n_hombres":0,"n_mujeres":0,"n_edad_0_5":0,"n_edad_6_1":0,"n_edad_14_":0,"n_edad_18_":0,"n_edad_25_":0,"n_edad_45_":0,"n_edad_60_":0,"n_transpor":0,"n_transp_1":0,"n_transp_2":0,"n_transp_3":0,"n_transp_4":0,"n_transp_5":0,"n_transp_6":0,"dim_acc":0,"dim_soc":0}},{"type":"Feature","id":529,"geometry":{"type":"Polygon","coordinates":[[[-72.2362,-39.2999],[-72.236,-39.2997],[-72.2366,-39.2994],[-72.2367,-39.2996],[-72.2362,-39.2999]]]},"properties":{"OID":529,"MANZENT":9120031001050,"n_per":0,"n_hombres":0,"n_mujeres":0,"n_edad_0_5":0,"n_edad_6_1":0,"n_edad_14_":0,"n_edad_18_":0,"n_edad_25_":0,"n_edad_45_":0,"n_edad_60_":0,"n_transpor":0,"n_transp_1":0,"n_transp_2":0,"n_transp_3":0,"n_transp_4":0,"n_transp_5":0,"n_transp_6":0,"dim_acc":0,"dim_soc":0}},{"type":"Feature","id":530,"geometry":{"type":"Polygon","coordinates":[[[-72.2222,-39.2945],[-72.2222,-39.2943],[-72.2227,-39.2943],[-72.2232,-39.2945],[-72.2222,-39.2945]]]},"properties":{"OID":530,"MANZENT":9120031002020,"n_per":0,"n_hombres":0,"n_mujeres":0,"n_edad_0_5":0,"n_edad_6_1":0,"n_edad_14_":0,"n_edad_18_":0,"n_edad_25_":0,"n_edad_45_":0,"n_edad_60_":0,"n_transpor":0,"n_transp_1":0,"n_transp_2":0,"n_transp_3":0,"n_transp_4":0,"n_transp_5":0,"n_transp_6":0,"dim_acc":0,"dim_soc":0}},{"type":"Feature","id":531,"geometry":{"type":"Polygon","coordinates":[[[-72.222,-39.2944],[-72.2221,-39.2944],[-72.2221,-39.2946],[-72.221,-39.2946],[-72.2211,-39.2944],[-72.222,-39.2944]]]},"properties":{"OID":531,"MANZENT":9120031002020,"n_per":0,"n_hombres":0,"n_mujeres":0,"n_edad_0_5":0,"n_edad_6_1":0,"n_edad_14_":0,"n_edad_18_":0,"n_edad_25_":0,"n_edad_45_":0,"n_edad_60_":0,"n_transpor":0,"n_transp_1":0,"n_transp_2":0,"n_transp_3":0,"n_transp_4":0,"n_transp_5":0,"n_transp_6":0,"dim_acc":0,"dim_soc":0}},{"type":"Feature","id":532,"geometry":{"type":"Polygon","coordinates":[[[-72.2204,-39.2946],[-72.2209,-39.2946],[-72.2199,-39.2947],[-72.2204,-39.2946]]]},"properties":{"OID":532,"MANZENT":9120031002030,"n_per":0,"n_hombres":0,"n_mujeres":0,"n_edad_0_5":0,"n_edad_6_1":0,"n_edad_14_":0,"n_edad_18_":0,"n_edad_25_":0,"n_edad_45_":0,"n_edad_60_":0,"n_transpor":0,"n_transp_1":0,"n_transp_2":0,"n_transp_3":0,"n_transp_4":0,"n_transp_5":0,"n_transp_6":0,"dim_acc":0.688665,"dim_soc":0.837886}},{"type":"Feature","id":533,"geometry":{"type":"Polygon","coordinates":[[[-72.2231,-39.2954],[-72.2229,-39.2954],[-72.2229,-39.295],[-72.2231,-39.295],[-72.2231,-39.2954]]]},"properties":{"OID":533,"MANZENT":9120031002030,"n_per":0,"n_hombres":0,"n_mujeres":0,"n_edad_0_5":0,"n_edad_6_1":0,"n_edad_14_":0,"n_edad_18_":0,"n_edad_25_":0,"n_edad_45_":0,"n_edad_60_":0,"n_transpor":0,"n_transp_1":0,"n_transp_2":0,"n_transp_3":0,"n_transp_4":0,"n_transp_5":0,"n_transp_6":0,"dim_acc":0.688665,"dim_soc":0.837886}},{"type":"Feature","id":534,"geometry":{"type":"Polygon","coordinates":[[[-72.2337,-39.2871],[-72.233,-39.2869],[-72.2339,-39.2871],[-72.2337,-39.2871]]]},"properties":{"OID":534,"MANZENT":9120031003000,"n_per":0,"n_hombres":0,"n_mujeres":0,"n_edad_0_5":0,"n_edad_6_1":0,"n_edad_14_":0,"n_edad_18_":0,"n_edad_25_":0,"n_edad_45_":0,"n_edad_60_":0,"n_transpor":0,"n_transp_1":0,"n_transp_2":0,"n_transp_3":0,"n_transp_4":0,"n_transp_5":0,"n_transp_6":0,"dim_acc":0,"dim_soc":0}},{"type":"Feature","id":535,"geometry":{"type":"Polygon","coordinates":[[[-72.2339,-39.2872],[-72.234,-39.2872],[-72.2343,-39.2873],[-72.2339,-39.2872]]]},"properties":{"OID":535,"MANZENT":9120031003010,"n_per":0,"n_hombres":0,"n_mujeres":0,"n_edad_0_5":0,"n_edad_6_1":0,"n_edad_14_":0,"n_edad_18_":0,"n_edad_25_":0,"n_edad_45_":0,"n_edad_60_":0,"n_transpor":0,"n_transp_1":0,"n_transp_2":0,"n_transp_3":0,"n_transp_4":0,"n_transp_5":0,"n_transp_6":0,"dim_acc":0.638824,"dim_soc":0.804695}},{"type":"Feature","id":536,"geometry":{"type":"Polygon","coordinates":[[[-72.2368,-39.2951],[-72.2369,-39.2943],[-72.2368,-39.295],[-72.2368,-39.2951]]]},"properties":{"OID":536,"MANZENT":9120031003030,"n_per":0,"n_hombres":0,"n_mujeres":0,"n_edad_0_5":0,"n_edad_6_1":0,"n_edad_14_":0,"n_edad_18_":0,"n_edad_25_":0,"n_edad_45_":0,"n_edad_60_":0,"n_transpor":0,"n_transp_1":0,"n_transp_2":0,"n_transp_3":0,"n_transp_4":0,"n_transp_5":0,"n_transp_6":0,"dim_acc":0.602109,"dim_soc":0.71848}},{"type":"Feature","id":537,"geometry":{"type":"Polygon","coordinates":[[[-72.2389,-39.2944],[-72.2393,-39.295],[-72.239,-39.2952],[-72.2388,-39.2951],[-72.2389,-39.2944]]]},"properties":{"OID":537,"MANZENT":9120031003030,"n_per":0,"n_hombres":0,"n_mujeres":0,"n_edad_0_5":0,"n_edad_6_1":0,"n_edad_14_":0,"n_edad_18_":0,"n_edad_25_":0,"n_edad_45_":0,"n_edad_60_":0,"n_transpor":0,"n_transp_1":0,"n_transp_2":0,"n_transp_3":0,"n_transp_4":0,"n_transp_5":0,"n_transp_6":0,"dim_acc":0.602109,"dim_soc":0.71848}},{"type":"Feature","id":538,"geometry":{"type":"Polygon","coordinates":[[[-72.2368,-39.2959],[-72.2368,-39.2951],[-72.2368,-39.2951],[-72.2368,-39.2959]]]},"properties":{"OID":538,"MANZENT":9120031003040,"n_per":0,"n_hombres":0,"n_mujeres":0,"n_edad_0_5":0,"n_edad_6_1":0,"n_edad_14_":0,"n_edad_18_":0,"n_edad_25_":0,"n_edad_45_":0,"n_edad_60_":0,"n_transpor":0,"n_transp_1":0,"n_transp_2":0,"n_transp_3":0,"n_transp_4":0,"n_transp_5":0,"n_transp_6":0,"dim_acc":0.616796,"dim_soc":0.768198}},{"type":"Feature","id":539,"geometry":{"type":"Polygon","coordinates":[[[-72.2366,-39.2975],[-72.2366,-39.2972],[-72.2367,-39.296],[-72.2366,-39.2975]]]},"properties":{"OID":539,"MANZENT":9120031003050,"n_per":0,"n_hombres":0,"n_mujeres":0,"n_edad_0_5":0,"n_edad_6_1":0,"n_edad_14_":0,"n_edad_18_":0,"n_edad_25_":0,"n_edad_45_":0,"n_edad_60_":0,"n_transpor":0,"n_transp_1":0,"n_transp_2":0,"n_transp_3":0,"n_transp_4":0,"n_transp_5":0,"n_transp_6":0,"dim_acc":0,"dim_soc":0}},{"type":"Feature","id":540,"geometry":{"type":"Polygon","coordinates":[[[-72.2394,-39.2974],[-72.2395,-39.2974],[-72.2395,-39.2976],[-72.2391,-39.2976],[-72.2394,-39.2974]]]},"properties":{"OID":540,"MANZENT":9120031003060,"n_per":0,"n_hombres":0,"n_mujeres":0,"n_edad_0_5":0,"n_edad_6_1":0,"n_edad_14_":0,"n_edad_18_":0,"n_edad_25_":0,"n_edad_45_":0,"n_edad_60_":0,"n_transpor":0,"n_transp_1":0,"n_transp_2":0,"n_transp_3":0,"n_transp_4":0,"n_transp_5":0,"n_transp_6":0,"dim_acc":0,"dim_soc":0}},{"type":"Feature","id":541,"geometry":{"type":"Polygon","coordinates":[[[-72.2347,-39.2975],[-72.2351,-39.2975],[-72.2348,-39.2975],[-72.2347,-39.2975]]]},"properties":{"OID":541,"MANZENT":9120031003060,"n_per":0,"n_hombres":0,"n_mujeres":0,"n_edad_0_5":0,"n_edad_6_1":0,"n_edad_14_":0,"n_edad_18_":0,"n_edad_25_":0,"n_edad_45_":0,"n_edad_60_":0,"n_transpor":0,"n_transp_1":0,"n_transp_2":0,"n_transp_3":0,"n_transp_4":0,"n_transp_5":0,"n_transp_6":0,"dim_acc":0,"dim_soc":0}},{"type":"Feature","id":542,"geometry":{"type":"Polygon","coordinates":[[[-72.2364,-39.2976],[-72.2353,-39.2975],[-72.2365,-39.2976],[-72.2364,-39.2976]]]},"properties":{"OID":542,"MANZENT":9120031003060,"n_per":0,"n_hombres":0,"n_mujeres":0,"n_edad_0_5":0,"n_edad_6_1":0,"n_edad_14_":0,"n_edad_18_":0,"n_edad_25_":0,"n_edad_45_":0,"n_edad_60_":0,"n_transpor":0,"n_transp_1":0,"n_transp_2":0,"n_transp_3":0,"n_transp_4":0,"n_transp_5":0,"n_transp_6":0,"dim_acc":0,"dim_soc":0}},{"type":"Feature","id":543,"geometry":{"type":"Polygon","coordinates":[[[-72.2392,-39.2983],[-72.239,-39.2981],[-72.2393,-39.2981],[-72.2393,-39.2983],[-72.2392,-39.2983]]]},"properties":{"OID":543,"MANZENT":9120031003060,"n_per":0,"n_hombres":0,"n_mujeres":0,"n_edad_0_5":0,"n_edad_6_1":0,"n_edad_14_":0,"n_edad_18_":0,"n_edad_25_":0,"n_edad_45_":0,"n_edad_60_":0,"n_transpor":0,"n_transp_1":0,"n_transp_2":0,"n_transp_3":0,"n_transp_4":0,"n_transp_5":0,"n_transp_6":0,"dim_acc":0,"dim_soc":0}},{"type":"Feature","id":544,"geometry":{"type":"Polygon","coordinates":[[[-72.2382,-39.2986],[-72.2381,-39.2985],[-72.2385,-39.2983],[-72.2385,-39.2984],[-72.2382,-39.2986]]]},"properties":{"OID":544,"MANZENT":9120031003070,"n_per":0,"n_hombres":0,"n_mujeres":0,"n_edad_0_5":0,"n_edad_6_1":0,"n_edad_14_":0,"n_edad_18_":0,"n_edad_25_":0,"n_edad_45_":0,"n_edad_60_":0,"n_transpor":0,"n_transp_1":0,"n_transp_2":0,"n_transp_3":0,"n_transp_4":0,"n_transp_5":0,"n_transp_6":0,"dim_acc":0,"dim_soc":0}},{"type":"Feature","id":545,"geometry":{"type":"Polygon","coordinates":[[[-72.2312,-39.3023],[-72.2334,-39.3017],[-72.2333,-39.3024],[-72.2314,-39.3023],[-72.2261,-39.3036],[-72.2312,-39.3023]]]},"properties":{"OID":545,"MANZENT":9120031004000,"n_per":0,"n_hombres":0,"n_mujeres":0,"n_edad_0_5":0,"n_edad_6_1":0,"n_edad_14_":0,"n_edad_18_":0,"n_edad_25_":0,"n_edad_45_":0,"n_edad_60_":0,"n_transpor":0,"n_transp_1":0,"n_transp_2":0,"n_transp_3":0,"n_transp_4":0,"n_transp_5":0,"n_transp_6":0,"dim_acc":0,"dim_soc":0}},{"type":"Feature","id":546,"geometry":{"type":"Polygon","coordinates":[[[-72.2225,-39.3067],[-72.2224,-39.3067],[-72.2237,-39.3058],[-72.2239,-39.3064],[-72.2225,-39.3067]]]},"properties":{"OID":546,"MANZENT":9120031004020,"n_per":0,"n_hombres":0,"n_mujeres":0,"n_edad_0_5":0,"n_edad_6_1":0,"n_edad_14_":0,"n_edad_18_":0,"n_edad_25_":0,"n_edad_45_":0,"n_edad_60_":0,"n_transpor":0,"n_transp_1":0,"n_transp_2":0,"n_transp_3":0,"n_transp_4":0,"n_transp_5":0,"n_transp_6":0,"dim_acc":0.526856,"dim_soc":0.814}},{"type":"Feature","id":547,"geometry":{"type":"Polygon","coordinates":[[[-72.2326,-39.306],[-72.2327,-39.3058],[-72.2327,-39.306],[-72.2326,-39.306]]]},"properties":{"OID":547,"MANZENT":9120031004020,"n_per":0,"n_hombres":0,"n_mujeres":0,"n_edad_0_5":0,"n_edad_6_1":0,"n_edad_14_":0,"n_edad_18_":0,"n_edad_25_":0,"n_edad_45_":0,"n_edad_60_":0,"n_transpor":0,"n_transp_1":0,"n_transp_2":0,"n_transp_3":0,"n_transp_4":0,"n_transp_5":0,"n_transp_6":0,"dim_acc":0.526856,"dim_soc":0.814}},{"type":"Feature","id":548,"geometry":{"type":"Polygon","coordinates":[[[-72.232,-39.3061],[-72.2327,-39.306],[-72.2322,-39.3061],[-72.232,-39.3061]]]},"properties":{"OID":548,"MANZENT":9120031004020,"n_per":0,"n_hombres":0,"n_mujeres":0,"n_edad_0_5":0,"n_edad_6_1":0,"n_edad_14_":0,"n_edad_18_":0,"n_edad_25_":0,"n_edad_45_":0,"n_edad_60_":0,"n_transpor":0,"n_transp_1":0,"n_transp_2":0,"n_transp_3":0,"n_transp_4":0,"n_transp_5":0,"n_transp_6":0,"dim_acc":0.526856,"dim_soc":0.814}},{"type":"Feature","id":549,"geometry":{"type":"Polygon","coordinates":[[[-72.2326,-39.3062],[-72.2325,-39.3061],[-72.2327,-39.3061],[-72.2326,-39.3062]]]},"properties":{"OID":549,"MANZENT":9120031004020,"n_per":0,"n_hombres":0,"n_mujeres":0,"n_edad_0_5":0,"n_edad_6_1":0,"n_edad_14_":0,"n_edad_18_":0,"n_edad_25_":0,"n_edad_45_":0,"n_edad_60_":0,"n_transpor":0,"n_transp_1":0,"n_transp_2":0,"n_transp_3":0,"n_transp_4":0,"n_transp_5":0,"n_transp_6":0,"dim_acc":0.526856,"dim_soc":0.814}},{"type":"Feature","id":550,"geometry":{"type":"Polygon","coordinates":[[[-72.2301,-39.3075],[-72.2298,-39.3068],[-72.2323,-39.3061],[-72.2325,-39.3061],[-72.2327,-39.3062],[-72.2327,-39.3069],[-72.2301,-39.3075]]]},"properties":{"OID":550,"MANZENT":9120031004020,"n_per":0,"n_hombres":0,"n_mujeres":0,"n_edad_0_5":0,"n_edad_6_1":0,"n_edad_14_":0,"n_edad_18_":0,"n_edad_25_":0,"n_edad_45_":0,"n_edad_60_":0,"n_transpor":0,"n_transp_1":0,"n_transp_2":0,"n_transp_3":0,"n_transp_4":0,"n_transp_5":0,"n_transp_6":0,"dim_acc":0.526856,"dim_soc":0.814}},{"type":"Feature","id":551,"geometry":{"type":"Polygon","coordinates":[[[-72.2297,-39.3067],[-72.2319,-39.3061],[-72.2321,-39.3061],[-72.2297,-39.3067]]]},"properties":{"OID":551,"MANZENT":9120031004020,"n_per":0,"n_hombres":0,"n_mujeres":0,"n_edad_0_5":0,"n_edad_6_1":0,"n_edad_14_":0,"n_edad_18_":0,"n_edad_25_":0,"n_edad_45_":0,"n_edad_60_":0,"n_transpor":0,"n_transp_1":0,"n_transp_2":0,"n_transp_3":0,"n_transp_4":0,"n_transp_5":0,"n_transp_6":0,"dim_acc":0.526856,"dim_soc":0.814}},{"type":"Feature","id":552,"geometry":{"type":"Polygon","coordinates":[[[-72.2284,-39.3068],[-72.2283,-39.3066],[-72.2291,-39.3064],[-72.2293,-39.3067],[-72.2285,-39.3069],[-72.2284,-39.3068]]]},"properties":{"OID":552,"MANZENT":9120031004030,"n_per":0,"n_hombres":0,"n_mujeres":0,"n_edad_0_5":0,"n_edad_6_1":0,"n_edad_14_":0,"n_edad_18_":0,"n_edad_25_":0,"n_edad_45_":0,"n_edad_60_":0,"n_transpor":0,"n_transp_1":0,"n_transp_2":0,"n_transp_3":0,"n_transp_4":0,"n_transp_5":0,"n_transp_6":0,"dim_acc":0,"dim_soc":0}},{"type":"Feature","id":553,"geometry":{"type":"Polygon","coordinates":[[[-72.2293,-39.3067],[-72.2296,-39.3067],[-72.2297,-39.3067],[-72.2294,-39.3068],[-72.2293,-39.3067]]]},"properties":{"OID":553,"MANZENT":9120031004030,"n_per":0,"n_hombres":0,"n_mujeres":0,"n_edad_0_5":0,"n_edad_6_1":0,"n_edad_14_":0,"n_edad_18_":0,"n_edad_25_":0,"n_edad_45_":0,"n_edad_60_":0,"n_transpor":0,"n_transp_1":0,"n_transp_2":0,"n_transp_3":0,"n_transp_4":0,"n_transp_5":0,"n_transp_6":0,"dim_acc":0,"dim_soc":0}},{"type":"Feature","id":554,"geometry":{"type":"Polygon","coordinates":[[[-72.2277,-39.3072],[-72.2293,-39.3068],[-72.2293,-39.3068],[-72.2277,-39.3072]]]},"properties":{"OID":554,"MANZENT":9120031004040,"n_per":0,"n_hombres":0,"n_mujeres":0,"n_edad_0_5":0,"n_edad_6_1":0,"n_edad_14_":0,"n_edad_18_":0,"n_edad_25_":0,"n_edad_45_":0,"n_edad_60_":0,"n_transpor":0,"n_transp_1":0,"n_transp_2":0,"n_transp_3":0,"n_transp_4":0,"n_transp_5":0,"n_transp_6":0,"dim_acc":0.49402,"dim_soc":0.618134}},{"type":"Feature","id":555,"geometry":{"type":"Polygon","coordinates":[[[-72.2282,-39.3071],[-72.2293,-39.3069],[-72.2295,-39.3072],[-72.2284,-39.3075],[-72.2282,-39.3071]]]},"properties":{"OID":555,"MANZENT":9120031004040,"n_per":0,"n_hombres":0,"n_mujeres":0,"n_edad_0_5":0,"n_edad_6_1":0,"n_edad_14_":0,"n_edad_18_":0,"n_edad_25_":0,"n_edad_45_":0,"n_edad_60_":0,"n_transpor":0,"n_transp_1":0,"n_transp_2":0,"n_transp_3":0,"n_transp_4":0,"n_transp_5":0,"n_transp_6":0,"dim_acc":0.49402,"dim_soc":0.618134}},{"type":"Feature","id":556,"geometry":{"type":"Polygon","coordinates":[[[-72.2251,-39.3079],[-72.2251,-39.3078],[-72.2276,-39.3072],[-72.2251,-39.3079]]]},"properties":{"OID":556,"MANZENT":9120031004040,"n_per":0,"n_hombres":0,"n_mujeres":0,"n_edad_0_5":0,"n_edad_6_1":0,"n_edad_14_":0,"n_edad_18_":0,"n_edad_25_":0,"n_edad_45_":0,"n_edad_60_":0,"n_transpor":0,"n_transp_1":0,"n_transp_2":0,"n_transp_3":0,"n_transp_4":0,"n_transp_5":0,"n_transp_6":0,"dim_acc":0.49402,"dim_soc":0.618134}},{"type":"Feature","id":557,"geometry":{"type":"Polygon","coordinates":[[[-72.2251,-39.3078],[-72.2249,-39.3074],[-72.2253,-39.3073],[-72.2255,-39.3077],[-72.2251,-39.3078]]]},"properties":{"OID":557,"MANZENT":9120031004040,"n_per":0,"n_hombres":0,"n_mujeres":0,"n_edad_0_5":0,"n_edad_6_1":0,"n_edad_14_":0,"n_edad_18_":0,"n_edad_25_":0,"n_edad_45_":0,"n_edad_60_":0,"n_transpor":0,"n_transp_1":0,"n_transp_2":0,"n_transp_3":0,"n_transp_4":0,"n_transp_5":0,"n_transp_6":0,"dim_acc":0.49402,"dim_soc":0.618134}},{"type":"Feature","id":558,"geometry":{"type":"Polygon","coordinates":[[[-72.2084,-39.3079],[-72.2084,-39.3079],[-72.2109,-39.3073],[-72.2084,-39.3079]]]},"properties":{"OID":558,"MANZENT":9120031004050,"n_per":0,"n_hombres":0,"n_mujeres":0,"n_edad_0_5":0,"n_edad_6_1":0,"n_edad_14_":0,"n_edad_18_":0,"n_edad_25_":0,"n_edad_45_":0,"n_edad_60_":0,"n_transpor":0,"n_transp_1":0,"n_transp_2":0,"n_transp_3":0,"n_transp_4":0,"n_transp_5":0,"n_transp_6":0,"dim_acc":0,"dim_soc":0}},{"type":"Feature","id":559,"geometry":{"type":"Polygon","coordinates":[[[-72.2237,-39.3076],[-72.2236,-39.3073],[-72.2238,-39.3073],[-72.2239,-39.3076],[-72.2237,-39.3076]]]},"properties":{"OID":559,"MANZENT":9120031004050,"n_per":0,"n_hombres":0,"n_mujeres":0,"n_edad_0_5":0,"n_edad_6_1":0,"n_edad_14_":0,"n_edad_18_":0,"n_edad_25_":0,"n_edad_45_":0,"n_edad_60_":0,"n_transpor":0,"n_transp_1":0,"n_transp_2":0,"n_transp_3":0,"n_transp_4":0,"n_transp_5":0,"n_transp_6":0,"dim_acc":0,"dim_soc":0}},{"type":"Feature","id":560,"geometry":{"type":"Polygon","coordinates":[[[-72.2231,-39.3078],[-72.2229,-39.3075],[-72.2231,-39.3074],[-72.2232,-39.3077],[-72.2231,-39.3078]]]},"properties":{"OID":560,"MANZENT":9120031004050,"n_per":0,"n_hombres":0,"n_mujeres":0,"n_edad_0_5":0,"n_edad_6_1":0,"n_edad_14_":0,"n_edad_18_":0,"n_edad_25_":0,"n_edad_45_":0,"n_edad_60_":0,"n_transpor":0,"n_transp_1":0,"n_transp_2":0,"n_transp_3":0,"n_transp_4":0,"n_transp_5":0,"n_transp_6":0,"dim_acc":0,"dim_soc":0}},{"type":"Feature","id":561,"geometry":{"type":"Polygon","coordinates":[[[-72.225,-39.3078],[-72.225,-39.3079],[-72.2223,-39.3085],[-72.225,-39.3078]]]},"properties":{"OID":561,"MANZENT":9120031004060,"n_per":0,"n_hombres":0,"n_mujeres":0,"n_edad_0_5":0,"n_edad_6_1":0,"n_edad_14_":0,"n_edad_18_":0,"n_edad_25_":0,"n_edad_45_":0,"n_edad_60_":0,"n_transpor":0,"n_transp_1":0,"n_transp_2":0,"n_transp_3":0,"n_transp_4":0,"n_transp_5":0,"n_transp_6":0,"dim_acc":0,"dim_soc":0}},{"type":"Feature","id":562,"geometry":{"type":"Polygon","coordinates":[[[-72.2092,-39.3087],[-72.2091,-39.3085],[-72.2112,-39.308],[-72.2113,-39.3082],[-72.2092,-39.3087]]]},"properties":{"OID":562,"MANZENT":9120031004060,"n_per":0,"n_hombres":0,"n_mujeres":0,"n_edad_0_5":0,"n_edad_6_1":0,"n_edad_14_":0,"n_edad_18_":0,"n_edad_25_":0,"n_edad_45_":0,"n_edad_60_":0,"n_transpor":0,"n_transp_1":0,"n_transp_2":0,"n_transp_3":0,"n_transp_4":0,"n_transp_5":0,"n_transp_6":0,"dim_acc":0,"dim_soc":0}},{"type":"Feature","id":563,"geometry":{"type":"Polygon","coordinates":[[[-72.2182,-39.3087],[-72.218,-39.3084],[-72.2183,-39.3083],[-72.2184,-39.3086],[-72.2182,-39.3087]]]},"properties":{"OID":563,"MANZENT":9120031004070,"n_per":0,"n_hombres":0,"n_mujeres":0,"n_edad_0_5":0,"n_edad_6_1":0,"n_edad_14_":0,"n_edad_18_":0,"n_edad_25_":0,"n_edad_45_":0,"n_edad_60_":0,"n_transpor":0,"n_transp_1":0,"n_transp_2":0,"n_transp_3":0,"n_transp_4":0,"n_transp_5":0,"n_transp_6":0,"dim_acc":0,"dim_soc":0}},{"type":"Feature","id":564,"geometry":{"type":"Polygon","coordinates":[[[-72.2198,-39.3091],[-72.2198,-39.3091],[-72.2223,-39.3085],[-72.2198,-39.3091]]]},"properties":{"OID":564,"MANZENT":9120031004080,"n_per":0,"n_hombres":0,"n_mujeres":0,"n_edad_0_5":0,"n_edad_6_1":0,"n_edad_14_":0,"n_edad_18_":0,"n_edad_25_":0,"n_edad_45_":0,"n_edad_60_":0,"n_transpor":0,"n_transp_1":0,"n_transp_2":0,"n_transp_3":0,"n_transp_4":0,"n_transp_5":0,"n_transp_6":0,"dim_acc":0,"dim_soc":0}},{"type":"Feature","id":565,"geometry":{"type":"Polygon","coordinates":[[[-72.2091,-39.3095],[-72.209,-39.3092],[-72.2106,-39.3088],[-72.2107,-39.3091],[-72.2091,-39.3095]]]},"properties":{"OID":565,"MANZENT":9120031004080,"n_per":0,"n_hombres":0,"n_mujeres":0,"n_edad_0_5":0,"n_edad_6_1":0,"n_edad_14_":0,"n_edad_18_":0,"n_edad_25_":0,"n_edad_45_":0,"n_edad_60_":0,"n_transpor":0,"n_transp_1":0,"n_transp_2":0,"n_transp_3":0,"n_transp_4":0,"n_transp_5":0,"n_transp_6":0,"dim_acc":0,"dim_soc":0}},{"type":"Feature","id":566,"geometry":{"type":"Polygon","coordinates":[[[-72.215,-39.3094],[-72.2148,-39.3091],[-72.2154,-39.309],[-72.2155,-39.3093],[-72.215,-39.3094]]]},"properties":{"OID":566,"MANZENT":9120031004080,"n_per":0,"n_hombres":0,"n_mujeres":0,"n_edad_0_5":0,"n_edad_6_1":0,"n_edad_14_":0,"n_edad_18_":0,"n_edad_25_":0,"n_edad_45_":0,"n_edad_60_":0,"n_transpor":0,"n_transp_1":0,"n_transp_2":0,"n_transp_3":0,"n_transp_4":0,"n_transp_5":0,"n_transp_6":0,"dim_acc":0,"dim_soc":0}},{"type":"Feature","id":567,"geometry":{"type":"Polygon","coordinates":[[[-72.2192,-39.3091],[-72.2192,-39.3092],[-72.2189,-39.3093],[-72.2192,-39.3091]]]},"properties":{"OID":567,"MANZENT":9120031004090,"n_per":0,"n_hombres":0,"n_mujeres":0,"n_edad_0_5":0,"n_edad_6_1":0,"n_edad_14_":0,"n_edad_18_":0,"n_edad_25_":0,"n_edad_45_":0,"n_edad_60_":0,"n_transpor":0,"n_transp_1":0,"n_transp_2":0,"n_transp_3":0,"n_transp_4":0,"n_transp_5":0,"n_transp_6":0,"dim_acc":0,"dim_soc":0}},{"type":"Feature","id":568,"geometry":{"type":"Polygon","coordinates":[[[-72.2189,-39.3094],[-72.2189,-39.3093],[-72.2197,-39.3091],[-72.2189,-39.3094]]]},"properties":{"OID":568,"MANZENT":9120031004090,"n_per":0,"n_hombres":0,"n_mujeres":0,"n_edad_0_5":0,"n_edad_6_1":0,"n_edad_14_":0,"n_edad_18_":0,"n_edad_25_":0,"n_edad_45_":0,"n_edad_60_":0,"n_transpor":0,"n_transp_1":0,"n_transp_2":0,"n_transp_3":0,"n_transp_4":0,"n_transp_5":0,"n_transp_6":0,"dim_acc":0,"dim_soc":0}},{"type":"Feature","id":569,"geometry":{"type":"Polygon","coordinates":[[[-72.2209,-39.3094],[-72.2209,-39.3093],[-72.2216,-39.3092],[-72.2216,-39.3092],[-72.2209,-39.3094]]]},"properties":{"OID":569,"MANZENT":9120031004090,"n_per":0,"n_hombres":0,"n_mujeres":0,"n_edad_0_5":0,"n_edad_6_1":0,"n_edad_14_":0,"n_edad_18_":0,"n_edad_25_":0,"n_edad_45_":0,"n_edad_60_":0,"n_transpor":0,"n_transp_1":0,"n_transp_2":0,"n_transp_3":0,"n_transp_4":0,"n_transp_5":0,"n_transp_6":0,"dim_acc":0,"dim_soc":0}},{"type":"Feature","id":570,"geometry":{"type":"Polygon","coordinates":[[[-72.2098,-39.31],[-72.2097,-39.3097],[-72.2113,-39.3093],[-72.2113,-39.3096],[-72.2098,-39.31]]]},"properties":{"OID":570,"MANZENT":9120031004100,"n_per":0,"n_hombres":0,"n_mujeres":0,"n_edad_0_5":0,"n_edad_6_1":0,"n_edad_14_":0,"n_edad_18_":0,"n_edad_25_":0,"n_edad_45_":0,"n_edad_60_":0,"n_transpor":0,"n_transp_1":0,"n_transp_2":0,"n_transp_3":0,"n_transp_4":0,"n_transp_5":0,"n_transp_6":0,"dim_acc":0,"dim_soc":0}},{"type":"Feature","id":571,"geometry":{"type":"Polygon","coordinates":[[[-72.2172,-39.3103],[-72.2171,-39.3103],[-72.2178,-39.3098],[-72.2189,-39.3094],[-72.2179,-39.3099],[-72.2172,-39.3103]]]},"properties":{"OID":571,"MANZENT":9120031004100,"n_per":0,"n_hombres":0,"n_mujeres":0,"n_edad_0_5":0,"n_edad_6_1":0,"n_edad_14_":0,"n_edad_18_":0,"n_edad_25_":0,"n_edad_45_":0,"n_edad_60_":0,"n_transpor":0,"n_transp_1":0,"n_transp_2":0,"n_transp_3":0,"n_transp_4":0,"n_transp_5":0,"n_transp_6":0,"dim_acc":0,"dim_soc":0}},{"type":"Feature","id":572,"geometry":{"type":"Polygon","coordinates":[[[-72.2133,-39.3098],[-72.2131,-39.3095],[-72.2137,-39.3094],[-72.2138,-39.3097],[-72.2133,-39.3098]]]},"properties":{"OID":572,"MANZENT":9120031004100,"n_per":0,"n_hombres":0,"n_mujeres":0,"n_edad_0_5":0,"n_edad_6_1":0,"n_edad_14_":0,"n_edad_18_":0,"n_edad_25_":0,"n_edad_45_":0,"n_edad_60_":0,"n_transpor":0,"n_transp_1":0,"n_transp_2":0,"n_transp_3":0,"n_transp_4":0,"n_transp_5":0,"n_transp_6":0,"dim_acc":0,"dim_soc":0}},{"type":"Feature","id":573,"geometry":{"type":"Polygon","coordinates":[[[-72.2174,-39.3103],[-72.2178,-39.31],[-72.2185,-39.3096],[-72.2186,-39.31],[-72.2174,-39.3103]]]},"properties":{"OID":573,"MANZENT":9120031004110,"n_per":0,"n_hombres":0,"n_mujeres":0,"n_edad_0_5":0,"n_edad_6_1":0,"n_edad_14_":0,"n_edad_18_":0,"n_edad_25_":0,"n_edad_45_":0,"n_edad_60_":0,"n_transpor":0,"n_transp_1":0,"n_transp_2":0,"n_transp_3":0,"n_transp_4":0,"n_transp_5":0,"n_transp_6":0,"dim_acc":0,"dim_soc":0}},{"type":"Feature","id":574,"geometry":{"type":"Polygon","coordinates":[[[-72.2134,-39.3107],[-72.2131,-39.31],[-72.2134,-39.3098],[-72.2138,-39.3106],[-72.2134,-39.3107]]]},"properties":{"OID":574,"MANZENT":9120031004110,"n_per":0,"n_hombres":0,"n_mujeres":0,"n_edad_0_5":0,"n_edad_6_1":0,"n_edad_14_":0,"n_edad_18_":0,"n_edad_25_":0,"n_edad_45_":0,"n_edad_60_":0,"n_transpor":0,"n_transp_1":0,"n_transp_2":0,"n_transp_3":0,"n_transp_4":0,"n_transp_5":0,"n_transp_6":0,"dim_acc":0,"dim_soc":0}},{"type":"Feature","id":575,"geometry":{"type":"Polygon","coordinates":[[[-72.215,-39.3109],[-72.2147,-39.3104],[-72.2151,-39.3103],[-72.2153,-39.3108],[-72.215,-39.3109]]]},"properties":{"OID":575,"MANZENT":9120031004120,"n_per":0,"n_hombres":0,"n_mujeres":0,"n_edad_0_5":0,"n_edad_6_1":0,"n_edad_14_":0,"n_edad_18_":0,"n_edad_25_":0,"n_edad_45_":0,"n_edad_60_":0,"n_transpor":0,"n_transp_1":0,"n_transp_2":0,"n_transp_3":0,"n_transp_4":0,"n_transp_5":0,"n_transp_6":0,"dim_acc":0,"dim_soc":0}},{"type":"Feature","id":576,"geometry":{"type":"Polygon","coordinates":[[[-72.2128,-39.3115],[-72.2125,-39.311],[-72.2129,-39.3109],[-72.2131,-39.3114],[-72.2128,-39.3115]]]},"properties":{"OID":576,"MANZENT":9120031004130,"n_per":0,"n_hombres":0,"n_mujeres":0,"n_edad_0_5":0,"n_edad_6_1":0,"n_edad_14_":0,"n_edad_18_":0,"n_edad_25_":0,"n_edad_45_":0,"n_edad_60_":0,"n_transpor":0,"n_transp_1":0,"n_transp_2":0,"n_transp_3":0,"n_transp_4":0,"n_transp_5":0,"n_transp_6":0,"dim_acc":0,"dim_soc":0}},{"type":"Feature","id":577,"geometry":{"type":"Polygon","coordinates":[[[-72.2111,-39.3119],[-72.211,-39.3118],[-72.2118,-39.3116],[-72.2118,-39.3117],[-72.2111,-39.3119]]]},"properties":{"OID":577,"MANZENT":9120031004140,"n_per":0,"n_hombres":0,"n_mujeres":0,"n_edad_0_5":0,"n_edad_6_1":0,"n_edad_14_":0,"n_edad_18_":0,"n_edad_25_":0,"n_edad_45_":0,"n_edad_60_":0,"n_transpor":0,"n_transp_1":0,"n_transp_2":0,"n_transp_3":0,"n_transp_4":0,"n_transp_5":0,"n_transp_6":0,"dim_acc":0,"dim_soc":0}},{"type":"Feature","id":578,"geometry":{"type":"Polygon","coordinates":[[[-72.2106,-39.2946],[-72.2106,-39.2945],[-72.2115,-39.2946],[-72.2147,-39.2946],[-72.2158,-39.2946],[-72.2162,-39.2945],[-72.2162,-39.2948],[-72.2159,-39.296],[-72.2161,-39.2964],[-72.2162,-39.2968],[-72.2157,-39.2973],[-72.2153,-39.2974],[-72.2151,-39.2977],[-72.2148,-39.2975],[-72.2151,-39.2973],[-72.2154,-39.2972],[-72.2157,-39.297],[-72.2134,-39.2967],[-72.2136,-39.2961],[-72.2105,-39.296],[-72.2106,-39.2946]]]},"properties":{"OID":578,"MANZENT":9120031005000,"n_per":0,"n_hombres":0,"n_mujeres":0,"n_edad_0_5":0,"n_edad_6_1":0,"n_edad_14_":0,"n_edad_18_":0,"n_edad_25_":0,"n_edad_45_":0,"n_edad_60_":0,"n_transpor":0,"n_transp_1":0,"n_transp_2":0,"n_transp_3":0,"n_transp_4":0,"n_transp_5":0,"n_transp_6":0,"dim_acc":0,"dim_soc":0}},{"type":"Feature","id":579,"geometry":{"type":"Polygon","coordinates":[[[-72.2167,-39.2949],[-72.2166,-39.2946],[-72.2168,-39.2947],[-72.2167,-39.2949]]]},"properties":{"OID":579,"MANZENT":9120031005000,"n_per":0,"n_hombres":0,"n_mujeres":0,"n_edad_0_5":0,"n_edad_6_1":0,"n_edad_14_":0,"n_edad_18_":0,"n_edad_25_":0,"n_edad_45_":0,"n_edad_60_":0,"n_transpor":0,"n_transp_1":0,"n_transp_2":0,"n_transp_3":0,"n_transp_4":0,"n_transp_5":0,"n_transp_6":0,"dim_acc":0,"dim_soc":0}},{"type":"Feature","id":580,"geometry":{"type":"Polygon","coordinates":[[[-72.218,-39.2953],[-72.2177,-39.2952],[-72.2178,-39.2949],[-72.2182,-39.295],[-72.218,-39.2953]]]},"properties":{"OID":580,"MANZENT":9120031005000,"n_per":0,"n_hombres":0,"n_mujeres":0,"n_edad_0_5":0,"n_edad_6_1":0,"n_edad_14_":0,"n_edad_18_":0,"n_edad_25_":0,"n_edad_45_":0,"n_edad_60_":0,"n_transpor":0,"n_transp_1":0,"n_transp_2":0,"n_transp_3":0,"n_transp_4":0,"n_transp_5":0,"n_transp_6":0,"dim_acc":0,"dim_soc":0}},{"type":"Feature","id":581,"geometry":{"type":"Polygon","coordinates":[[[-72.2302,-39.3025],[-72.23,-39.3022],[-72.2307,-39.302],[-72.2308,-39.3023],[-72.2302,-39.3025]]]},"properties":{"OID":581,"MANZENT":9120031005040,"n_per":0,"n_hombres":0,"n_mujeres":0,"n_edad_0_5":0,"n_edad_6_1":0,"n_edad_14_":0,"n_edad_18_":0,"n_edad_25_":0,"n_edad_45_":0,"n_edad_60_":0,"n_transpor":0,"n_transp_1":0,"n_transp_2":0,"n_transp_3":0,"n_transp_4":0,"n_transp_5":0,"n_transp_6":0,"dim_acc":0,"dim_soc":0}},{"type":"Feature","id":582,"geometry":{"type":"Polygon","coordinates":[[[-72.2261,-39.3035],[-72.2254,-39.3036],[-72.2249,-39.3023],[-72.2256,-39.3022],[-72.2261,-39.3035]]]},"properties":{"OID":582,"MANZENT":9120031005040,"n_per":0,"n_hombres":0,"n_mujeres":0,"n_edad_0_5":0,"n_edad_6_1":0,"n_edad_14_":0,"n_edad_18_":0,"n_edad_25_":0,"n_edad_45_":0,"n_edad_60_":0,"n_transpor":0,"n_transp_1":0,"n_transp_2":0,"n_transp_3":0,"n_transp_4":0,"n_transp_5":0,"n_transp_6":0,"dim_acc":0,"dim_soc":0}},{"type":"Feature","id":583,"geometry":{"type":"Polygon","coordinates":[[[-72.2265,-39.3032],[-72.2265,-39.303],[-72.2267,-39.303],[-72.2268,-39.3033],[-72.2266,-39.3033],[-72.2265,-39.3032]]]},"properties":{"OID":583,"MANZENT":9120031005040,"n_per":0,"n_hombres":0,"n_mujeres":0,"n_edad_0_5":0,"n_edad_6_1":0,"n_edad_14_":0,"n_edad_18_":0,"n_edad_25_":0,"n_edad_45_":0,"n_edad_60_":0,"n_transpor":0,"n_transp_1":0,"n_transp_2":0,"n_transp_3":0,"n_transp_4":0,"n_transp_5":0,"n_transp_6":0,"dim_acc":0,"dim_soc":0}},{"type":"Feature","id":584,"geometry":{"type":"Polygon","coordinates":[[[-72.2254,-39.3037],[-72.226,-39.3036],[-72.226,-39.3036],[-72.2254,-39.3037]]]},"properties":{"OID":584,"MANZENT":9120031006000,"n_per":0,"n_hombres":0,"n_mujeres":0,"n_edad_0_5":0,"n_edad_6_1":0,"n_edad_14_":0,"n_edad_18_":0,"n_edad_25_":0,"n_edad_45_":0,"n_edad_60_":0,"n_transpor":0,"n_transp_1":0,"n_transp_2":0,"n_transp_3":0,"n_transp_4":0,"n_transp_5":0,"n_transp_6":0,"dim_acc":0,"dim_soc":0}},{"type":"Feature","id":585,"geometry":{"type":"Polygon","coordinates":[[[-72.2249,-39.3038],[-72.2253,-39.3037],[-72.2253,-39.3038],[-72.2249,-39.3038]]]},"properties":{"OID":585,"MANZENT":9120031006000,"n_per":0,"n_hombres":0,"n_mujeres":0,"n_edad_0_5":0,"n_edad_6_1":0,"n_edad_14_":0,"n_edad_18_":0,"n_edad_25_":0,"n_edad_45_":0,"n_edad_60_":0,"n_transpor":0,"n_transp_1":0,"n_transp_2":0,"n_transp_3":0,"n_transp_4":0,"n_transp_5":0,"n_transp_6":0,"dim_acc":0,"dim_soc":0}},{"type":"Feature","id":586,"geometry":{"type":"Polygon","coordinates":[[[-72.2246,-39.3039],[-72.2249,-39.3038],[-72.2249,-39.3039],[-72.2246,-39.3039]]]},"properties":{"OID":586,"MANZENT":9120031006000,"n_per":0,"n_hombres":0,"n_mujeres":0,"n_edad_0_5":0,"n_edad_6_1":0,"n_edad_14_":0,"n_edad_18_":0,"n_edad_25_":0,"n_edad_45_":0,"n_edad_60_":0,"n_transpor":0,"n_transp_1":0,"n_transp_2":0,"n_transp_3":0,"n_transp_4":0,"n_transp_5":0,"n_transp_6":0,"dim_acc":0,"dim_soc":0}},{"type":"Feature","id":587,"geometry":{"type":"Polygon","coordinates":[[[-72.2244,-39.305],[-72.224,-39.3041],[-72.2245,-39.3039],[-72.2248,-39.3047],[-72.2244,-39.305]]]},"properties":{"OID":587,"MANZENT":9120031006010,"n_per":0,"n_hombres":0,"n_mujeres":0,"n_edad_0_5":0,"n_edad_6_1":0,"n_edad_14_":0,"n_edad_18_":0,"n_edad_25_":0,"n_edad_45_":0,"n_edad_60_":0,"n_transpor":0,"n_transp_1":0,"n_transp_2":0,"n_transp_3":0,"n_transp_4":0,"n_transp_5":0,"n_transp_6":0,"dim_acc":0.512281,"dim_soc":0.587731}},{"type":"Feature","id":588,"geometry":{"type":"Polygon","coordinates":[[[-72.2219,-39.3045],[-72.2236,-39.3041],[-72.223,-39.3043],[-72.2219,-39.3045]]]},"properties":{"OID":588,"MANZENT":9120031006010,"n_per":0,"n_hombres":0,"n_mujeres":0,"n_edad_0_5":0,"n_edad_6_1":0,"n_edad_14_":0,"n_edad_18_":0,"n_edad_25_":0,"n_edad_45_":0,"n_edad_60_":0,"n_transpor":0,"n_transp_1":0,"n_transp_2":0,"n_transp_3":0,"n_transp_4":0,"n_transp_5":0,"n_transp_6":0,"dim_acc":0.512281,"dim_soc":0.587731}},{"type":"Feature","id":589,"geometry":{"type":"Polygon","coordinates":[[[-72.2216,-39.3046],[-72.2218,-39.3046],[-72.2216,-39.3046],[-72.2216,-39.3046]]]},"properties":{"OID":589,"MANZENT":9120031006010,"n_per":0,"n_hombres":0,"n_mujeres":0,"n_edad_0_5":0,"n_edad_6_1":0,"n_edad_14_":0,"n_edad_18_":0,"n_edad_25_":0,"n_edad_45_":0,"n_edad_60_":0,"n_transpor":0,"n_transp_1":0,"n_transp_2":0,"n_transp_3":0,"n_transp_4":0,"n_transp_5":0,"n_transp_6":0,"dim_acc":0.512281,"dim_soc":0.587731}},{"type":"Feature","id":590,"geometry":{"type":"Polygon","coordinates":[[[-72.2198,-39.3051],[-72.2215,-39.3046],[-72.2215,-39.3047],[-72.2198,-39.3051]]]},"properties":{"OID":590,"MANZENT":9120031006010,"n_per":0,"n_hombres":0,"n_mujeres":0,"n_edad_0_5":0,"n_edad_6_1":0,"n_edad_14_":0,"n_edad_18_":0,"n_edad_25_":0,"n_edad_45_":0,"n_edad_60_":0,"n_transpor":0,"n_transp_1":0,"n_transp_2":0,"n_transp_3":0,"n_transp_4":0,"n_transp_5":0,"n_transp_6":0,"dim_acc":0.512281,"dim_soc":0.587731}},{"type":"Feature","id":591,"geometry":{"type":"Polygon","coordinates":[[[-72.2198,-39.3051],[-72.2195,-39.3052],[-72.2197,-39.3051],[-72.2198,-39.3051]]]},"properties":{"OID":591,"MANZENT":9120031006020,"n_per":0,"n_hombres":0,"n_mujeres":0,"n_edad_0_5":0,"n_edad_6_1":0,"n_edad_14_":0,"n_edad_18_":0,"n_edad_25_":0,"n_edad_45_":0,"n_edad_60_":0,"n_transpor":0,"n_transp_1":0,"n_transp_2":0,"n_transp_3":0,"n_transp_4":0,"n_transp_5":0,"n_transp_6":0,"dim_acc":0.529177,"dim_soc":0.610357}},{"type":"Feature","id":592,"geometry":{"type":"Polygon","coordinates":[[[-72.2194,-39.3052],[-72.2186,-39.3054],[-72.2186,-39.3054],[-72.2194,-39.3052]]]},"properties":{"OID":592,"MANZENT":9120031006020,"n_per":0,"n_hombres":0,"n_mujeres":0,"n_edad_0_5":0,"n_edad_6_1":0,"n_edad_14_":0,"n_edad_18_":0,"n_edad_25_":0,"n_edad_45_":0,"n_edad_60_":0,"n_transpor":0,"n_transp_1":0,"n_transp_2":0,"n_transp_3":0,"n_transp_4":0,"n_transp_5":0,"n_transp_6":0,"dim_acc":0.529177,"dim_soc":0.610357}},{"type":"Feature","id":593,"geometry":{"type":"Polygon","coordinates":[[[-72.2185,-39.3054],[-72.2182,-39.3055],[-72.2185,-39.3054],[-72.2185,-39.3054]]]},"properties":{"OID":593,"MANZENT":9120031006030,"n_per":0,"n_hombres":0,"n_mujeres":0,"n_edad_0_5":0,"n_edad_6_1":0,"n_edad_14_":0,"n_edad_18_":0,"n_edad_25_":0,"n_edad_45_":0,"n_edad_60_":0,"n_transpor":0,"n_transp_1":0,"n_transp_2":0,"n_transp_3":0,"n_transp_4":0,"n_transp_5":0,"n_transp_6":0,"dim_acc":0.554767,"dim_soc":0.765432}},{"type":"Feature","id":594,"geometry":{"type":"Polygon","coordinates":[[[-72.2181,-39.3055],[-72.2178,-39.3056],[-72.2181,-39.3055],[-72.2181,-39.3055]]]},"properties":{"OID":594,"MANZENT":9120031006030,"n_per":0,"n_hombres":0,"n_mujeres":0,"n_edad_0_5":0,"n_edad_6_1":0,"n_edad_14_":0,"n_edad_18_":0,"n_edad_25_":0,"n_edad_45_":0,"n_edad_60_":0,"n_transpor":0,"n_transp_1":0,"n_transp_2":0,"n_transp_3":0,"n_transp_4":0,"n_transp_5":0,"n_transp_6":0,"dim_acc":0.554767,"dim_soc":0.765432}},{"type":"Feature","id":595,"geometry":{"type":"Polygon","coordinates":[[[-72.2174,-39.3057],[-72.2174,-39.3057],[-72.2178,-39.3056],[-72.2174,-39.3057]]]},"properties":{"OID":595,"MANZENT":9120031006030,"n_per":0,"n_hombres":0,"n_mujeres":0,"n_edad_0_5":0,"n_edad_6_1":0,"n_edad_14_":0,"n_edad_18_":0,"n_edad_25_":0,"n_edad_45_":0,"n_edad_60_":0,"n_transpor":0,"n_transp_1":0,"n_transp_2":0,"n_transp_3":0,"n_transp_4":0,"n_transp_5":0,"n_transp_6":0,"dim_acc":0.554767,"dim_soc":0.765432}},{"type":"Feature","id":596,"geometry":{"type":"Polygon","coordinates":[[[-72.2161,-39.306],[-72.2173,-39.3057],[-72.2161,-39.306],[-72.2161,-39.306]]]},"properties":{"OID":596,"MANZENT":9120031006030,"n_per":0,"n_hombres":0,"n_mujeres":0,"n_edad_0_5":0,"n_edad_6_1":0,"n_edad_14_":0,"n_edad_18_":0,"n_edad_25_":0,"n_edad_45_":0,"n_edad_60_":0,"n_transpor":0,"n_transp_1":0,"n_transp_2":0,"n_transp_3":0,"n_transp_4":0,"n_transp_5":0,"n_transp_6":0,"dim_acc":0.554767,"dim_soc":0.765432}},{"type":"Feature","id":597,"geometry":{"type":"Polygon","coordinates":[[[-72.2164,-39.3066],[-72.2161,-39.3061],[-72.2173,-39.3058],[-72.2176,-39.3064],[-72.2164,-39.3066]]]},"properties":{"OID":597,"MANZENT":9120031006030,"n_per":0,"n_hombres":0,"n_mujeres":0,"n_edad_0_5":0,"n_edad_6_1":0,"n_edad_14_":0,"n_edad_18_":0,"n_edad_25_":0,"n_edad_45_":0,"n_edad_60_":0,"n_transpor":0,"n_transp_1":0,"n_transp_2":0,"n_transp_3":0,"n_transp_4":0,"n_transp_5":0,"n_transp_6":0,"dim_acc":0.554767,"dim_soc":0.765432}},{"type":"Feature","id":598,"geometry":{"type":"Polygon","coordinates":[[[-72.216,-39.306],[-72.2144,-39.3064],[-72.2144,-39.3064],[-72.216,-39.306]]]},"properties":{"OID":598,"MANZENT":9120031006040,"n_per":0,"n_hombres":0,"n_mujeres":0,"n_edad_0_5":0,"n_edad_6_1":0,"n_edad_14_":0,"n_edad_18_":0,"n_edad_25_":0,"n_edad_45_":0,"n_edad_60_":0,"n_transpor":0,"n_transp_1":0,"n_transp_2":0,"n_transp_3":0,"n_transp_4":0,"n_transp_5":0,"n_transp_6":0,"dim_acc":0.581692,"dim_soc":0.683623}},{"type":"Feature","id":599,"geometry":{"type":"Polygon","coordinates":[[[-72.2142,-39.3062],[-72.2142,-39.3061],[-72.2143,-39.3061],[-72.2143,-39.3063],[-72.2142,-39.3062]]]},"properties":{"OID":599,"MANZENT":9120031006040,"n_per":0,"n_hombres":0,"n_mujeres":0,"n_edad_0_5":0,"n_edad_6_1":0,"n_edad_14_":0,"n_edad_18_":0,"n_edad_25_":0,"n_edad_45_":0,"n_edad_60_":0,"n_transpor":0,"n_transp_1":0,"n_transp_2":0,"n_transp_3":0,"n_transp_4":0,"n_transp_5":0,"n_transp_6":0,"dim_acc":0.581692,"dim_soc":0.683623}},{"type":"Feature","id":600,"geometry":{"type":"Polygon","coordinates":[[[-72.2143,-39.3062],[-72.2145,-39.3063],[-72.2144,-39.3063],[-72.2143,-39.3062]]]},"properties":{"OID":600,"MANZENT":9120031006040,"n_per":0,"n_hombres":0,"n_mujeres":0,"n_edad_0_5":0,"n_edad_6_1":0,"n_edad_14_":0,"n_edad_18_":0,"n_edad_25_":0,"n_edad_45_":0,"n_edad_60_":0,"n_transpor":0,"n_transp_1":0,"n_transp_2":0,"n_transp_3":0,"n_transp_4":0,"n_transp_5":0,"n_transp_6":0,"dim_acc":0.581692,"dim_soc":0.683623}},{"type":"Feature","id":601,"geometry":{"type":"Polygon","coordinates":[[[-72.2141,-39.3064],[-72.2142,-39.3062],[-72.2142,-39.3063],[-72.2141,-39.3064]]]},"properties":{"OID":601,"MANZENT":9120031006040,"n_per":0,"n_hombres":0,"n_mujeres":0,"n_edad_0_5":0,"n_edad_6_1":0,"n_edad_14_":0,"n_edad_18_":0,"n_edad_25_":0,"n_edad_45_":0,"n_edad_60_":0,"n_transpor":0,"n_transp_1":0,"n_transp_2":0,"n_transp_3":0,"n_transp_4":0,"n_transp_5":0,"n_transp_6":0,"dim_acc":0.581692,"dim_soc":0.683623}},{"type":"Feature","id":602,"geometry":{"type":"Polygon","coordinates":[[[-72.2127,-39.3069],[-72.2127,-39.3068],[-72.2143,-39.3064],[-72.2127,-39.3069]]]},"properties":{"OID":602,"MANZENT":9120031006050,"n_per":0,"n_hombres":0,"n_mujeres":0,"n_edad_0_5":0,"n_edad_6_1":0,"n_edad_14_":0,"n_edad_18_":0,"n_edad_25_":0,"n_edad_45_":0,"n_edad_60_":0,"n_transpor":0,"n_transp_1":0,"n_transp_2":0,"n_transp_3":0,"n_transp_4":0,"n_transp_5":0,"n_transp_6":0,"dim_acc":0.553938,"dim_soc":0.751145}},{"type":"Feature","id":603,"geometry":{"type":"Polygon","coordinates":[[[-72.211,-39.3073],[-72.211,-39.3072],[-72.2126,-39.3069],[-72.211,-39.3073]]]},"properties":{"OID":603,"MANZENT":9120031006060,"n_per":0,"n_hombres":0,"n_mujeres":0,"n_edad_0_5":0,"n_edad_6_1":0,"n_edad_14_":0,"n_edad_18_":0,"n_edad_25_":0,"n_edad_45_":0,"n_edad_60_":0,"n_transpor":0,"n_transp_1":0,"n_transp_2":0,"n_transp_3":0,"n_transp_4":0,"n_transp_5":0,"n_transp_6":0,"dim_acc":0.529984,"dim_soc":0.867501}},{"type":"Feature","id":604,"geometry":{"type":"Polygon","coordinates":[[[-72.2179,-39.3079],[-72.2175,-39.3072],[-72.2179,-39.3071],[-72.2182,-39.3078],[-72.2179,-39.3079]]]},"properties":{"OID":604,"MANZENT":9120031006060,"n_per":0,"n_hombres":0,"n_mujeres":0,"n_edad_0_5":0,"n_edad_6_1":0,"n_edad_14_":0,"n_edad_18_":0,"n_edad_25_":0,"n_edad_45_":0,"n_edad_60_":0,"n_transpor":0,"n_transp_1":0,"n_transp_2":0,"n_transp_3":0,"n_transp_4":0,"n_transp_5":0,"n_transp_6":0,"dim_acc":0.529984,"dim_soc":0.867501}},{"type":"Feature","id":605,"geometry":{"type":"Polygon","coordinates":[[[-72.2131,-39.3077],[-72.213,-39.3075],[-72.2146,-39.3071],[-72.2147,-39.3073],[-72.2131,-39.3077]]]},"properties":{"OID":605,"MANZENT":9120031006070,"n_per":0,"n_hombres":0,"n_mujeres":0,"n_edad_0_5":0,"n_edad_6_1":0,"n_edad_14_":0,"n_edad_18_":0,"n_edad_25_":0,"n_edad_45_":0,"n_edad_60_":0,"n_transpor":0,"n_transp_1":0,"n_transp_2":0,"n_transp_3":0,"n_transp_4":0,"n_transp_5":0,"n_transp_6":0,"dim_acc":0,"dim_soc":0}},{"type":"Feature","id":606,"geometry":{"type":"Polygon","coordinates":[[[-72.2149,-39.3087],[-72.2145,-39.3079],[-72.2149,-39.3078],[-72.2152,-39.3085],[-72.2149,-39.3087]]]},"properties":{"OID":606,"MANZENT":9120031006080,"n_per":0,"n_hombres":0,"n_mujeres":0,"n_edad_0_5":0,"n_edad_6_1":0,"n_edad_14_":0,"n_edad_18_":0,"n_edad_25_":0,"n_edad_45_":0,"n_edad_60_":0,"n_transpor":0,"n_transp_1":0,"n_transp_2":0,"n_transp_3":0,"n_transp_4":0,"n_transp_5":0,"n_transp_6":0,"dim_acc":0,"dim_soc":0}},{"type":"Feature","id":607,"geometry":{"type":"Polygon","coordinates":[[[-72.2038,-39.309],[-72.2047,-39.3088],[-72.2047,-39.3088],[-72.2038,-39.309]]]},"properties":{"OID":607,"MANZENT":9120051001000,"n_per":0,"n_hombres":0,"n_mujeres":0,"n_edad_0_5":0,"n_edad_6_1":0,"n_edad_14_":0,"n_edad_18_":0,"n_edad_25_":0,"n_edad_45_":0,"n_edad_60_":0,"n_transpor":0,"n_transp_1":0,"n_transp_2":0,"n_transp_3":0,"n_transp_4":0,"n_transp_5":0,"n_transp_6":0,"dim_acc":0,"dim_soc":0}},{"type":"Feature","id":608,"geometry":{"type":"Polygon","coordinates":[[[-72.3136,-39.2766],[-72.3136,-39.2765],[-72.3151,-39.276],[-72.3154,-39.2762],[-72.3156,-39.2765],[-72.3162,-39.2766],[-72.3166,-39.277],[-72.3166,-39.2775],[-72.3167,-39.2777],[-72.3167,-39.2779],[-72.3166,-39.278],[-72.3162,-39.2768],[-72.3168,-39.2788],[-72.3168,-39.279],[-72.3157,-39.2792],[-72.3155,-39.2783],[-72.3157,-39.2792],[-72.3145,-39.2793],[-72.3136,-39.2766]]]},"properties":{"OID":608,"MANZENT":9120091001000,"n_per":12,"n_hombres":5,"n_mujeres":7,"n_edad_0_5":0,"n_edad_6_1":1,"n_edad_14_":0,"n_edad_18_":0,"n_edad_25_":4,"n_edad_45_":3,"n_edad_60_":4,"n_transpor":4,"n_transp_1":0,"n_transp_2":0,"n_transp_3":0,"n_transp_4":0,"n_transp_5":0,"n_transp_6":0,"dim_acc":0,"dim_soc":0}},{"type":"Feature","id":609,"geometry":{"type":"Polygon","coordinates":[[[-72.3116,-39.2782],[-72.3114,-39.2774],[-72.3135,-39.2766],[-72.3145,-39.2793],[-72.3142,-39.2794],[-72.3139,-39.2786],[-72.3141,-39.2794],[-72.3121,-39.2797],[-72.3116,-39.2782]]]},"properties":{"OID":609,"MANZENT":9120091001000,"n_per":53,"n_hombres":29,"n_mujeres":24,"n_edad_0_5":4,"n_edad_6_1":9,"n_edad_14_":1,"n_edad_18_":4,"n_edad_25_":13,"n_edad_45_":13,"n_edad_60_":9,"n_transpor":9,"n_transp_1":8,"n_transp_2":0,"n_transp_3":0,"n_transp_4":0,"n_transp_5":0,"n_transp_6":1,"dim_acc":0,"dim_soc":0}},{"type":"Feature","id":610,"geometry":{"type":"Polygon","coordinates":[[[-72.3095,-39.28],[-72.3089,-39.2799],[-72.3084,-39.2798],[-72.3093,-39.2793],[-72.3099,-39.2779],[-72.3113,-39.2774],[-72.312,-39.2797],[-72.3101,-39.28],[-72.3095,-39.28]]]},"properties":{"OID":610,"MANZENT":9120091001000,"n_per":19,"n_hombres":10,"n_mujeres":9,"n_edad_0_5":2,"n_edad_6_1":4,"n_edad_14_":0,"n_edad_18_":1,"n_edad_25_":7,"n_edad_45_":1,"n_edad_60_":4,"n_transpor":6,"n_transp_1":2,"n_transp_2":1,"n_transp_3":0,"n_transp_4":0,"n_transp_5":0,"n_transp_6":1,"dim_acc":0,"dim_soc":0}},{"type":"Feature","id":611,"geometry":{"type":"Polygon","coordinates":[[[-72.3115,-39.2799],[-72.3116,-39.2798],[-72.3168,-39.2791],[-72.3168,-39.2793],[-72.3165,-39.2797],[-72.3165,-39.28],[-72.3164,-39.2801],[-72.3161,-39.2801],[-72.3159,-39.2802],[-72.316,-39.2807],[-72.3165,-39.2808],[-72.3164,-39.2813],[-72.316,-39.2816],[-72.3152,-39.2816],[-72.3152,-39.2819],[-72.315,-39.282],[-72.3149,-39.2824],[-72.3146,-39.2825],[-72.3144,-39.2826],[-72.3141,-39.283],[-72.314,-39.2834],[-72.3133,-39.2837],[-72.3127,-39.2841],[-72.3102,-39.2844],[-72.3097,-39.2844],[-72.3092,-39.2846],[-72.309,-39.2845],[-72.3088,-39.2844],[-72.3082,-39.2829],[-72.3089,-39.2827],[-72.3106,-39.2823],[-72.3109,-39.2829],[-72.311,-39.283],[-72.3109,-39.2829],[-72.3106,-39.2823],[-72.3089,-39.2826],[-72.3089,-39.2824],[-72.3087,-39.2817],[-72.3113,-39.2812],[-72.3117,-39.2822],[-72.3113,-39.2812],[-72.3127,-39.2808],[-72.313,-39.2816],[-72.3129,-39.2817],[-72.313,-39.2817],[-72.3131,-39.2819],[-72.313,-39.282],[-72.314,-39.2818],[-72.3141,-39.2819],[-72.314,-39.2815],[-72.3143,-39.2814],[-72.3144,-39.2817],[-72.3143,-39.2814],[-72.315,-39.2813],[-72.3147,-39.2806],[-72.3145,-39.2804],[-72.3119,-39.2809],[-72.3115,-39.2799]]]},"properties":{"OID":611,"MANZENT":9120091001000,"n_per":186,"n_hombres":90,"n_mujeres":96,"n_edad_0_5":12,"n_edad_6_1":12,"n_edad_14_":10,"n_edad_18_":29,"n_edad_25_":37,"n_edad_45_":35,"n_edad_60_":51,"n_transpor":9,"n_transp_1":22,"n_transp_2":2,"n_transp_3":0,"n_transp_4":0,"n_transp_5":0,"n_transp_6":2,"dim_acc":0,"dim_soc":0}},{"type":"Feature","id":612,"geometry":{"type":"Polygon","coordinates":[[[-72.3071,-39.2798],[-72.3073,-39.2795],[-72.3081,-39.2798],[-72.3081,-39.28],[-72.3072,-39.2799],[-72.307,-39.2808],[-72.3061,-39.2809],[-72.3043,-39.2806],[-72.304,-39.2807],[-72.303,-39.2813],[-72.3031,-39.2816],[-72.303,-39.2818],[-72.3032,-39.2821],[-72.3026,-39.282],[-72.3023,-39.2818],[-72.3022,-39.2816],[-72.3022,-39.2814],[-72.3028,-39.2813],[-72.304,-39.2806],[-72.3045,-39.2805],[-72.3047,-39.2805],[-72.3053,-39.2807],[-72.3059,-39.2809],[-72.3069,-39.2808],[-72.307,-39.2807],[-72.3069,-39.2804],[-72.3071,-39.2798]]]},"properties":{"OID":612,"MANZENT":9120091001010,"n_per":0,"n_hombres":0,"n_mujeres":0,"n_edad_0_5":0,"n_edad_6_1":0,"n_edad_14_":0,"n_edad_18_":0,"n_edad_25_":0,"n_edad_45_":0,"n_edad_60_":0,"n_transpor":0,"n_transp_1":0,"n_transp_2":0,"n_transp_3":0,"n_transp_4":0,"n_transp_5":0,"n_transp_6":0,"dim_acc":0.479132,"dim_soc":0.713072}},{"type":"Feature","id":613,"geometry":{"type":"Polygon","coordinates":[[[-72.3098,-39.2801],[-72.3114,-39.2799],[-72.3118,-39.281],[-72.3108,-39.2812],[-72.3107,-39.2809],[-72.3106,-39.2809],[-72.3104,-39.2809],[-72.3106,-39.2809],[-72.3107,-39.2813],[-72.3087,-39.2817],[-72.3082,-39.28],[-72.3083,-39.2799],[-72.3091,-39.28],[-72.3098,-39.2801]]]},"properties":{"OID":613,"MANZENT":9120091001010,"n_per":59,"n_hombres":25,"n_mujeres":34,"n_edad_0_5":3,"n_edad_6_1":11,"n_edad_14_":3,"n_edad_18_":2,"n_edad_25_":16,"n_edad_45_":5,"n_edad_60_":19,"n_transpor":8,"n_transp_1":9,"n_transp_2":2,"n_transp_3":1,"n_transp_4":0,"n_transp_5":0,"n_transp_6":0,"dim_acc":0.479132,"dim_soc":0.713072}},{"type":"Feature","id":614,"geometry":{"type":"Polygon","coordinates":[[[-72.3081,-39.2801],[-72.3086,-39.2816],[-72.3079,-39.2818],[-72.3077,-39.2814],[-72.3078,-39.2818],[-72.3073,-39.2819],[-72.3072,-39.2815],[-72.3073,-39.2819],[-72.3062,-39.2821],[-72.3069,-39.2815],[-72.3061,-39.2821],[-72.3059,-39.2819],[-72.3069,-39.2812],[-72.3067,-39.2812],[-72.3067,-39.2809],[-72.3069,-39.2809],[-72.3071,-39.2808],[-72.3071,-39.2805],[-72.3072,-39.2799],[-72.3081,-39.2801]]]},"properties":{"OID":614,"MANZENT":9120091001010,"n_per":125,"n_hombres":59,"n_mujeres":66,"n_edad_0_5":4,"n_edad_6_1":14,"n_edad_14_":5,"n_edad_18_":11,"n_edad_25_":27,"n_edad_45_":29,"n_edad_60_":35,"n_transpor":11,"n_transp_1":23,"n_transp_2":6,"n_transp_3":1,"n_transp_4":0,"n_transp_5":0,"n_transp_6":1,"dim_acc":0.479132,"dim_soc":0.713072}},{"type":"Feature","id":615,"geometry":{"type":"Polygon","coordinates":[[[-72.3149,-39.2812],[-72.3146,-39.2813],[-72.3143,-39.2805],[-72.3145,-39.2805],[-72.3147,-39.2806],[-72.3149,-39.2812]]]},"properties":{"OID":615,"MANZENT":9120091001010,"n_per":41,"n_hombres":20,"n_mujeres":21,"n_edad_0_5":2,"n_edad_6_1":0,"n_edad_14_":2,"n_edad_18_":5,"n_edad_25_":11,"n_edad_45_":10,"n_edad_60_":11,"n_transpor":6,"n_transp_1":8,"n_transp_2":1,"n_transp_3":0,"n_transp_4":0,"n_transp_5":0,"n_transp_6":0,"dim_acc":0.479132,"dim_soc":0.713072}},{"type":"Feature","id":616,"geometry":{"type":"Polygon","coordinates":[[[-72.3146,-39.2813],[-72.3143,-39.2814],[-72.314,-39.2805],[-72.3143,-39.2805],[-72.3146,-39.2813]]]},"properties":{"OID":616,"MANZENT":9120091001010,"n_per":53,"n_hombres":27,"n_mujeres":26,"n_edad_0_5":2,"n_edad_6_1":4,"n_edad_14_":1,"n_edad_18_":5,"n_edad_25_":18,"n_edad_45_":10,"n_edad_60_":13,"n_transpor":9,"n_transp_1":11,"n_transp_2":4,"n_transp_3":0,"n_transp_4":0,"n_transp_5":0,"n_transp_6":4,"dim_acc":0.479132,"dim_soc":0.713072}},{"type":"Feature","id":617,"geometry":{"type":"Polygon","coordinates":[[[-72.3143,-39.2814],[-72.314,-39.2814],[-72.3137,-39.2806],[-72.314,-39.2806],[-72.3143,-39.2814]]]},"properties":{"OID":617,"MANZENT":9120091001010,"n_per":59,"n_hombres":30,"n_mujeres":29,"n_edad_0_5":3,"n_edad_6_1":9,"n_edad_14_":5,"n_edad_18_":7,"n_edad_25_":17,"n_edad_45_":7,"n_edad_60_":11,"n_transpor":6,"n_transp_1":7,"n_transp_2":2,"n_transp_3":0,"n_transp_4":0,"n_transp_5":0,"n_transp_6":1,"dim_acc":0.479132,"dim_soc":0.713072}},{"type":"Feature","id":618,"geometry":{"type":"Polygon","coordinates":[[[-72.3049,-39.2821],[-72.3038,-39.282],[-72.3035,-39.2811],[-72.3041,-39.2807],[-72.3045,-39.2807],[-72.3046,-39.2807],[-72.305,-39.2821],[-72.3049,-39.2821]]]},"properties":{"OID":618,"MANZENT":9120091001010,"n_per":63,"n_hombres":30,"n_mujeres":33,"n_edad_0_5":4,"n_edad_6_1":6,"n_edad_14_":4,"n_edad_18_":5,"n_edad_25_":18,"n_edad_45_":14,"n_edad_60_":12,"n_transpor":10,"n_transp_1":11,"n_transp_2":5,"n_transp_3":0,"n_transp_4":0,"n_transp_5":0,"n_transp_6":0,"dim_acc":0.479132,"dim_soc":0.713072}},{"type":"Feature","id":619,"geometry":{"type":"Polygon","coordinates":[[[-72.3136,-39.2807],[-72.3137,-39.2809],[-72.3128,-39.2811],[-72.3128,-39.2808],[-72.3136,-39.2807]]]},"properties":{"OID":619,"MANZENT":9120091001010,"n_per":39,"n_hombres":18,"n_mujeres":21,"n_edad_0_5":0,"n_edad_6_1":8,"n_edad_14_":1,"n_edad_18_":1,"n_edad_25_":10,"n_edad_45_":7,"n_edad_60_":12,"n_transpor":2,"n_transp_1":1,"n_transp_2":0,"n_transp_3":0,"n_transp_4":0,"n_transp_5":0,"n_transp_6":0,"dim_acc":0.479132,"dim_soc":0.713072}},{"type":"Feature","id":620,"geometry":{"type":"Polygon","coordinates":[[[-72.3047,-39.2807],[-72.3047,-39.2807],[-72.3062,-39.2809],[-72.3063,-39.2816],[-72.3057,-39.2821],[-72.3051,-39.2821],[-72.3047,-39.2807]]]},"properties":{"OID":620,"MANZENT":9120091001010,"n_per":66,"n_hombres":31,"n_mujeres":35,"n_edad_0_5":6,"n_edad_6_1":10,"n_edad_14_":3,"n_edad_18_":4,"n_edad_25_":20,"n_edad_45_":11,"n_edad_60_":12,"n_transpor":9,"n_transp_1":7,"n_transp_2":2,"n_transp_3":0,"n_transp_4":0,"n_transp_5":0,"n_transp_6":0,"dim_acc":0.479132,"dim_soc":0.713072}},{"type":"Feature","id":621,"geometry":{"type":"Polygon","coordinates":[[[-72.3063,-39.2809],[-72.3066,-39.2809],[-72.3067,-39.2813],[-72.3064,-39.2815],[-72.3063,-39.2809]]]},"properties":{"OID":621,"MANZENT":9120091001020,"n_per":18,"n_hombres":9,"n_mujeres":9,"n_edad_0_5":0,"n_edad_6_1":1,"n_edad_14_":1,"n_edad_18_":0,"n_edad_25_":4,"n_edad_45_":5,"n_edad_60_":7,"n_transpor":4,"n_transp_1":1,"n_transp_2":0,"n_transp_3":0,"n_transp_4":0,"n_transp_5":0,"n_transp_6":0,"dim_acc":0.474527,"dim_soc":0.623642}},{"type":"Feature","id":622,"geometry":{"type":"Polygon","coordinates":[[[-72.3137,-39.2809],[-72.3138,-39.2812],[-72.313,-39.2813],[-72.3129,-39.2811],[-72.3137,-39.2809]]]},"properties":{"OID":622,"MANZENT":9120091001020,"n_per":38,"n_hombres":16,"n_mujeres":22,"n_edad_0_5":4,"n_edad_6_1":4,"n_edad_14_":2,"n_edad_18_":5,"n_edad_25_":7,"n_edad_45_":11,"n_edad_60_":5,"n_transpor":0,"n_transp_1":4,"n_transp_2":0,"n_transp_3":0,"n_transp_4":0,"n_transp_5":0,"n_transp_6":0,"dim_acc":0.474527,"dim_soc":0.623642}},{"type":"Feature","id":623,"geometry":{"type":"Polygon","coordinates":[[[-72.3036,-39.2821],[-72.3032,-39.282],[-72.303,-39.2818],[-72.3031,-39.2816],[-72.303,-39.2813],[-72.3034,-39.2811],[-72.3037,-39.282],[-72.3036,-39.2821]]]},"properties":{"OID":623,"MANZENT":9120091001020,"n_per":37,"n_hombres":20,"n_mujeres":17,"n_edad_0_5":2,"n_edad_6_1":5,"n_edad_14_":2,"n_edad_18_":3,"n_edad_25_":11,"n_edad_45_":6,"n_edad_60_":8,"n_transpor":3,"n_transp_1":5,"n_transp_2":0,"n_transp_3":1,"n_transp_4":0,"n_transp_5":0,"n_transp_6":0,"dim_acc":0.474527,"dim_soc":0.623642}},{"type":"Feature","id":624,"geometry":{"type":"Polygon","coordinates":[[[-72.3138,-39.2812],[-72.3139,-39.2814],[-72.313,-39.2816],[-72.313,-39.2814],[-72.3138,-39.2812]]]},"properties":{"OID":624,"MANZENT":9120091001020,"n_per":51,"n_hombres":24,"n_mujeres":27,"n_edad_0_5":5,"n_edad_6_1":3,"n_edad_14_":5,"n_edad_18_":7,"n_edad_25_":11,"n_edad_45_":17,"n_edad_60_":3,"n_transpor":0,"n_transp_1":1,"n_transp_2":0,"n_transp_3":0,"n_transp_4":0,"n_transp_5":0,"n_transp_6":0,"dim_acc":0.474527,"dim_soc":0.623642}},{"type":"Feature","id":625,"geometry":{"type":"Polygon","coordinates":[[[-72.3139,-39.2815],[-72.314,-39.2817],[-72.3131,-39.2819],[-72.3131,-39.2817],[-72.3139,-39.2815]]]},"properties":{"OID":625,"MANZENT":9120091001020,"n_per":33,"n_hombres":15,"n_mujeres":18,"n_edad_0_5":2,"n_edad_6_1":2,"n_edad_14_":2,"n_edad_18_":3,"n_edad_25_":8,"n_edad_45_":9,"n_edad_60_":7,"n_transpor":4,"n_transp_1":1,"n_transp_2":2,"n_transp_3":0,"n_transp_4":1,"n_transp_5":0,"n_transp_6":0,"dim_acc":0.474527,"dim_soc":0.623642}},{"type":"Feature","id":626,"geometry":{"type":"Polygon","coordinates":[[[-72.3081,-39.2818],[-72.3087,-39.2818],[-72.3089,-39.2825],[-72.3087,-39.2827],[-72.3062,-39.2833],[-72.3054,-39.2832],[-72.3051,-39.2822],[-72.3057,-39.2821],[-72.3059,-39.2819],[-72.3061,-39.2821],[-72.3081,-39.2818]]]},"properties":{"OID":626,"MANZENT":9120091001020,"n_per":110,"n_hombres":57,"n_mujeres":53,"n_edad_0_5":9,"n_edad_6_1":9,"n_edad_14_":8,"n_edad_18_":10,"n_edad_25_":32,"n_edad_45_":14,"n_edad_60_":28,"n_transpor":10,"n_transp_1":15,"n_transp_2":4,"n_transp_3":1,"n_transp_4":0,"n_transp_5":0,"n_transp_6":4,"dim_acc":0.474527,"dim_soc":0.623642}},{"type":"Feature","id":627,"geometry":{"type":"Polygon","coordinates":[[[-72.3054,-39.2832],[-72.3041,-39.2832],[-72.3038,-39.2821],[-72.3051,-39.2822],[-72.3054,-39.2832]]]},"properties":{"OID":627,"MANZENT":9120091001020,"n_per":49,"n_hombres":22,"n_mujeres":27,"n_edad_0_5":4,"n_edad_6_1":5,"n_edad_14_":2,"n_edad_18_":1,"n_edad_25_":8,"n_edad_45_":10,"n_edad_60_":19,"n_transpor":12,"n_transp_1":3,"n_transp_2":4,"n_transp_3":0,"n_transp_4":0,"n_transp_5":0,"n_transp_6":0,"dim_acc":0.474527,"dim_soc":0.623642}},{"type":"Feature","id":628,"geometry":{"type":"Polygon","coordinates":[[[-72.3087,-39.2846],[-72.3066,-39.2844],[-72.3066,-39.2843],[-72.3077,-39.2842],[-72.3065,-39.2843],[-72.3063,-39.2835],[-72.3063,-39.2833],[-72.3065,-39.2833],[-72.3082,-39.2829],[-72.3088,-39.2845],[-72.3087,-39.2846]]]},"properties":{"OID":628,"MANZENT":9120091001020,"n_per":69,"n_hombres":27,"n_mujeres":42,"n_edad_0_5":4,"n_edad_6_1":8,"n_edad_14_":3,"n_edad_18_":7,"n_edad_25_":20,"n_edad_45_":12,"n_edad_60_":15,"n_transpor":11,"n_transp_1":13,"n_transp_2":6,"n_transp_3":0,"n_transp_4":0,"n_transp_5":0,"n_transp_6":0,"dim_acc":0.474527,"dim_soc":0.623642}},{"type":"Feature","id":629,"geometry":{"type":"Polygon","coordinates":[[[-72.2996,-39.2835],[-72.2997,-39.2834],[-72.2999,-39.2834],[-72.3009,-39.2836],[-72.3026,-39.2836],[-72.3037,-39.2837],[-72.3037,-39.2841],[-72.3033,-39.2841],[-72.3027,-39.2843],[-72.3015,-39.2841],[-72.3025,-39.2842],[-72.3031,-39.2845],[-72.3033,-39.2845],[-72.3032,-39.2849],[-72.3033,-39.2846],[-72.3047,-39.2847],[-72.3047,-39.2849],[-72.3048,-39.2847],[-72.3061,-39.2848],[-72.3065,-39.2847],[-72.3068,-39.2854],[-72.306,-39.2855],[-72.3068,-39.2855],[-72.307,-39.286],[-72.3043,-39.2862],[-72.3054,-39.2862],[-72.3055,-39.2866],[-72.2982,-39.2859],[-72.2992,-39.2849],[-72.2995,-39.2843],[-72.301,-39.2844],[-72.301,-39.2841],[-72.3009,-39.2844],[-72.2995,-39.2842],[-72.2996,-39.2838],[-72.2998,-39.2838],[-72.2996,-39.2837],[-72.2996,-39.2835]]]},"properties":{"OID":629,"MANZENT":9120091001020,"n_per":95,"n_hombres":52,"n_mujeres":43,"n_edad_0_5":5,"n_edad_6_1":10,"n_edad_14_":8,"n_edad_18_":8,"n_edad_25_":28,"n_edad_45_":21,"n_edad_60_":15,"n_transpor":8,"n_transp_1":17,"n_transp_2":7,"n_transp_3":0,"n_transp_4":0,"n_transp_5":0,"n_transp_6":0,"dim_acc":0.474527,"dim_soc":0.623642}},{"type":"Feature","id":630,"geometry":{"type":"MultiPolygon","coordinates":[[[[-72.3031,-39.2845],[-72.3027,-39.2843],[-72.3033,-39.2842],[-72.3037,-39.2842],[-72.3036,-39.2846],[-72.3031,-39.2845]]],[[[-72.3038,-39.2837],[-72.3039,-39.2837],[-72.3061,-39.2839],[-72.3063,-39.2839],[-72.3065,-39.2846],[-72.3061,-39.2848],[-72.3036,-39.2846],[-72.3037,-39.2842],[-72.3062,-39.2844],[-72.3037,-39.2841],[-72.3038,-39.2837]]]]},"properties":{"OID":630,"MANZENT":9120091001030,"n_per":66,"n_hombres":38,"n_mujeres":28,"n_edad_0_5":3,"n_edad_6_1":10,"n_edad_14_":2,"n_edad_18_":5,"n_edad_25_":18,"n_edad_45_":12,"n_edad_60_":16,"n_transpor":7,"n_transp_1":9,"n_transp_2":1,"n_transp_3":0,"n_transp_4":0,"n_transp_5":0,"n_transp_6":2,"dim_acc":0,"dim_soc":0}},{"type":"Feature","id":631,"geometry":{"type":"MultiPolygon","coordinates":[[[[-72.3072,-39.2868],[-72.3055,-39.2866],[-72.3054,-39.2862],[-72.3071,-39.286],[-72.3072,-39.2868]]],[[[-72.3066,-39.2846],[-72.3066,-39.2845],[-72.3067,-39.2845],[-72.3083,-39.2846],[-72.3088,-39.2846],[-72.3089,-39.2846],[-72.3092,-39.2846],[-72.309,-39.2851],[-72.3095,-39.2863],[-72.3088,-39.2863],[-72.3082,-39.2869],[-72.3073,-39.2868],[-72.3066,-39.2846]]]]},"properties":{"OID":631,"MANZENT":9120091001030,"n_per":20,"n_hombres":7,"n_mujeres":13,"n_edad_0_5":0,"n_edad_6_1":1,"n_edad_14_":1,"n_edad_18_":2,"n_edad_25_":4,"n_edad_45_":8,"n_edad_60_":4,"n_transpor":3,"n_transp_1":1,"n_transp_2":2,"n_transp_3":0,"n_transp_4":0,"n_transp_5":0,"n_transp_6":0,"dim_acc":0,"dim_soc":0}},{"type":"Feature","id":632,"geometry":{"type":"MultiPolygon","coordinates":[[[[-72.3061,-39.2839],[-72.3056,-39.2838],[-72.3055,-39.2833],[-72.3062,-39.2834],[-72.3063,-39.2838],[-72.3061,-39.2839]]],[[[-72.3027,-39.2821],[-72.3026,-39.282],[-72.3033,-39.2821],[-72.3033,-39.2822],[-72.3033,-39.2821],[-72.3037,-39.2821],[-72.3041,-39.2832],[-72.3054,-39.2833],[-72.3056,-39.2838],[-72.3026,-39.2836],[-72.3008,-39.2836],[-72.3,-39.2834],[-72.2997,-39.2834],[-72.2996,-39.2835],[-72.2994,-39.2843],[-72.2992,-39.2848],[-72.2981,-39.2859],[-72.2982,-39.2856],[-72.2989,-39.285],[-72.2993,-39.2839],[-72.2993,-39.2835],[-72.2994,-39.283],[-72.2998,-39.283],[-72.3003,-39.2833],[-72.3006,-39.2834],[-72.3008,-39.2834],[-72.301,-39.2835],[-72.3016,-39.2835],[-72.3017,-39.2834],[-72.3019,-39.2835],[-72.3024,-39.2834],[-72.3034,-39.2834],[-72.3037,-39.2833],[-72.3038,-39.2831],[-72.3036,-39.2829],[-72.3027,-39.2821]]]]},"properties":{"OID":632,"MANZENT":9120091001020,"n_per":59,"n_hombres":31,"n_mujeres":28,"n_edad_0_5":4,"n_edad_6_1":12,"n_edad_14_":2,"n_edad_18_":6,"n_edad_25_":14,"n_edad_45_":7,"n_edad_60_":14,"n_transpor":7,"n_transp_1":4,"n_transp_2":3,"n_transp_3":0,"n_transp_4":0,"n_transp_5":0,"n_transp_6":0,"dim_acc":0.474527,"dim_soc":0.623642}},{"type":"Feature","id":633,"geometry":{"type":"Polygon","coordinates":[[[-72.3168,-39.279],[-72.3169,-39.2788],[-72.3166,-39.278],[-72.3168,-39.2779],[-72.3169,-39.2785],[-72.3168,-39.279]]]},"properties":{"OID":633,"MANZENT":9120091001000,"n_per":0,"n_hombres":0,"n_mujeres":0,"n_edad_0_5":0,"n_edad_6_1":0,"n_edad_14_":0,"n_edad_18_":0,"n_edad_25_":0,"n_edad_45_":0,"n_edad_60_":0,"n_transpor":0,"n_transp_1":0,"n_transp_2":0,"n_transp_3":0,"n_transp_4":0,"n_transp_5":0,"n_transp_6":0,"dim_acc":0,"dim_soc":0}},{"type":"Feature","id":634,"geometry":{"type":"Polygon","coordinates":[[[-72.2461,-39.309],[-72.2458,-39.3082],[-72.2462,-39.3081],[-72.2466,-39.3091],[-72.2462,-39.3092],[-72.2461,-39.309]]]},"properties":{"OID":634,"MANZENT":9120053010000,"n_per":11,"n_hombres":7,"n_mujeres":4,"n_edad_0_5":0,"n_edad_6_1":0,"n_edad_14_":1,"n_edad_18_":0,"n_edad_25_":3,"n_edad_45_":5,"n_edad_60_":2,"n_transpor":3,"n_transp_1":0,"n_transp_2":1,"n_transp_3":1,"n_transp_4":0,"n_transp_5":0,"n_transp_6":0,"dim_acc":0,"dim_soc":0}},{"type":"Feature","id":635,"geometry":{"type":"Polygon","coordinates":[[[-72.2448,-39.3088],[-72.2447,-39.3085],[-72.2458,-39.3082],[-72.2458,-39.3085],[-72.2448,-39.3088]]]},"properties":{"OID":635,"MANZENT":9120053010000,"n_per":6,"n_hombres":4,"n_mujeres":2,"n_edad_0_5":0,"n_edad_6_1":0,"n_edad_14_":0,"n_edad_18_":0,"n_edad_25_":1,"n_edad_45_":3,"n_edad_60_":2,"n_transpor":1,"n_transp_1":0,"n_transp_2":0,"n_transp_3":0,"n_transp_4":0,"n_transp_5":0,"n_transp_6":0,"dim_acc":0,"dim_soc":0}},{"type":"Feature","id":636,"geometry":{"type":"Polygon","coordinates":[[[-72.2451,-39.3095],[-72.2448,-39.3088],[-72.2458,-39.3086],[-72.2461,-39.3092],[-72.2451,-39.3095]]]},"properties":{"OID":636,"MANZENT":9120053010000,"n_per":35,"n_hombres":12,"n_mujeres":23,"n_edad_0_5":2,"n_edad_6_1":4,"n_edad_14_":5,"n_edad_18_":5,"n_edad_25_":6,"n_edad_45_":6,"n_edad_60_":7,"n_transpor":2,"n_transp_1":1,"n_transp_2":2,"n_transp_3":0,"n_transp_4":0,"n_transp_5":0,"n_transp_6":2,"dim_acc":0,"dim_soc":0}},{"type":"Feature","id":637,"geometry":{"type":"Polygon","coordinates":[[[-72.2451,-39.3095],[-72.2471,-39.309],[-72.2473,-39.3099],[-72.247,-39.31],[-72.2456,-39.3112],[-72.2455,-39.3107],[-72.2458,-39.3105],[-72.2455,-39.3107],[-72.2452,-39.3099],[-72.2459,-39.3098],[-72.2452,-39.3099],[-72.2451,-39.3095]]]},"properties":{"OID":637,"MANZENT":9120053010000,"n_per":75,"n_hombres":44,"n_mujeres":31,"n_edad_0_5":6,"n_edad_6_1":11,"n_edad_14_":2,"n_edad_18_":6,"n_edad_25_":24,"n_edad_45_":13,"n_edad_60_":13,"n_transpor":12,"n_transp_1":3,"n_transp_2":4,"n_transp_3":1,"n_transp_4":1,"n_transp_5":0,"n_transp_6":0,"dim_acc":0,"dim_soc":0}},{"type":"Feature","id":638,"geometry":{"type":"Polygon","coordinates":[[[-72.2471,-39.3101],[-72.2474,-39.3099],[-72.2482,-39.3097],[-72.2484,-39.3101],[-72.2493,-39.31],[-72.2495,-39.3103],[-72.2498,-39.3109],[-72.2502,-39.3121],[-72.2495,-39.3123],[-72.2485,-39.3121],[-72.2496,-39.3119],[-72.2485,-39.312],[-72.2484,-39.3116],[-72.2494,-39.3115],[-72.2484,-39.3116],[-72.2484,-39.3113],[-72.2496,-39.3112],[-72.2484,-39.3113],[-72.2482,-39.3109],[-72.2493,-39.3108],[-72.2494,-39.3107],[-72.2493,-39.3103],[-72.2491,-39.3103],[-72.248,-39.3104],[-72.2481,-39.3109],[-72.2475,-39.3109],[-72.2474,-39.3107],[-72.247,-39.3108],[-72.2474,-39.3108],[-72.2475,-39.3109],[-72.2482,-39.3109],[-72.2483,-39.3113],[-72.2477,-39.3114],[-72.2483,-39.3113],[-72.2484,-39.3118],[-72.2478,-39.3118],[-72.2484,-39.3118],[-72.2485,-39.3121],[-72.247,-39.3117],[-72.2466,-39.3116],[-72.2464,-39.3109],[-72.2467,-39.3108],[-72.2464,-39.3109],[-72.2465,-39.3116],[-72.2457,-39.3116],[-72.2456,-39.3113],[-72.2471,-39.3101]]]},"properties":{"OID":638,"MANZENT":9120053010010,"n_per":100,"n_hombres":49,"n_mujeres":51,"n_edad_0_5":11,"n_edad_6_1":11,"n_edad_14_":3,"n_edad_18_":8,"n_edad_25_":39,"n_edad_45_":11,"n_edad_60_":17,"n_transpor":14,"n_transp_1":1,"n_transp_2":2,"n_transp_3":0,"n_transp_4":0,"n_transp_5":0,"n_transp_6":1,"dim_acc":0,"dim_soc":0}},{"type":"Feature","id":639,"geometry":{"type":"Polygon","coordinates":[[[-72.2481,-39.3106],[-72.2481,-39.3104],[-72.2491,-39.3103],[-72.2493,-39.3103],[-72.2494,-39.3107],[-72.2482,-39.3109],[-72.2481,-39.3106]]]},"properties":{"OID":639,"MANZENT":9120053010010,"n_per":15,"n_hombres":7,"n_mujeres":8,"n_edad_0_5":0,"n_edad_6_1":2,"n_edad_14_":1,"n_edad_18_":1,"n_edad_25_":3,"n_edad_45_":4,"n_edad_60_":4,"n_transpor":0,"n_transp_1":0,"n_transp_2":0,"n_transp_3":0,"n_transp_4":0,"n_transp_5":0,"n_transp_6":0,"dim_acc":0,"dim_soc":0}},{"type":"Feature","id":640,"geometry":{"type":"Polygon","coordinates":[[[-72.2457,-39.3119],[-72.2457,-39.3116],[-72.2463,-39.3116],[-72.2469,-39.3127],[-72.2467,-39.3123],[-72.2463,-39.3116],[-72.2471,-39.3118],[-72.2475,-39.3127],[-72.2472,-39.3118],[-72.2479,-39.312],[-72.2481,-39.3125],[-72.2479,-39.312],[-72.2492,-39.3123],[-72.2495,-39.3123],[-72.2502,-39.3122],[-72.2502,-39.3123],[-72.25,-39.3126],[-72.2497,-39.3128],[-72.2494,-39.3128],[-72.2481,-39.3129],[-72.2476,-39.3131],[-72.2473,-39.3134],[-72.246,-39.3127],[-72.2457,-39.3119]]]},"properties":{"OID":640,"MANZENT":9120053010010,"n_per":70,"n_hombres":35,"n_mujeres":35,"n_edad_0_5":5,"n_edad_6_1":13,"n_edad_14_":3,"n_edad_18_":4,"n_edad_25_":23,"n_edad_45_":8,"n_edad_60_":14,"n_transpor":13,"n_transp_1":2,"n_transp_2":4,"n_transp_3":1,"n_transp_4":2,"n_transp_5":0,"n_transp_6":1,"dim_acc":0,"dim_soc":0}},{"type":"Feature","id":641,"geometry":{"type":"MultiPolygon","coordinates":[[[[-72.2441,-39.3101],[-72.2444,-39.3101],[-72.2446,-39.3107],[-72.2443,-39.3108],[-72.2441,-39.3101]]],[[[-72.2437,-39.3065],[-72.2444,-39.306],[-72.2448,-39.3061],[-72.2449,-39.3066],[-72.246,-39.3063],[-72.247,-39.309],[-72.2467,-39.3091],[-72.2463,-39.308],[-72.2447,-39.3085],[-72.2444,-39.3074],[-72.2449,-39.3072],[-72.2451,-39.3071],[-72.245,-39.3066],[-72.2451,-39.307],[-72.2449,-39.3072],[-72.2443,-39.3074],[-72.2443,-39.3075],[-72.2454,-39.3105],[-72.2447,-39.3107],[-72.2435,-39.3074],[-72.2444,-39.31],[-72.244,-39.3101],[-72.2443,-39.3108],[-72.2436,-39.311],[-72.2424,-39.3113],[-72.2419,-39.3097],[-72.243,-39.3094],[-72.2418,-39.3096],[-72.2417,-39.3092],[-72.2429,-39.3089],[-72.2417,-39.3092],[-72.2415,-39.3086],[-72.2429,-39.3083],[-72.243,-39.3085],[-72.2431,-39.3085],[-72.243,-39.3085],[-72.2429,-39.3083],[-72.2415,-39.3086],[-72.2412,-39.3077],[-72.2429,-39.3073],[-72.2427,-39.3069],[-72.2432,-39.3068],[-72.2437,-39.3065]]]]},"properties":{"OID":641,"MANZENT":9120053010000,"n_per":99,"n_hombres":49,"n_mujeres":50,"n_edad_0_5":5,"n_edad_6_1":18,"n_edad_14_":4,"n_edad_18_":9,"n_edad_25_":33,"n_edad_45_":17,"n_edad_60_":13,"n_transpor":7,"n_transp_1":4,"n_transp_2":2,"n_transp_3":0,"n_transp_4":0,"n_transp_5":0,"n_transp_6":1,"dim_acc":0,"dim_soc":0}},{"type":"Feature","id":642,"geometry":{"type":"Polygon","coordinates":[[[-72.2328,-39.3098],[-72.2335,-39.3095],[-72.2335,-39.3105],[-72.2328,-39.3104],[-72.2328,-39.3098]]]},"properties":{"OID":642,"MANZENT":9120053098000,"n_per":12,"n_hombres":4,"n_mujeres":8,"n_edad_0_5":0,"n_edad_6_1":2,"n_edad_14_":1,"n_edad_18_":0,"n_edad_25_":6,"n_edad_45_":2,"n_edad_60_":1,"n_transpor":4,"n_transp_1":0,"n_transp_2":0,"n_transp_3":0,"n_transp_4":1,"n_transp_5":0,"n_transp_6":0,"dim_acc":0,"dim_soc":0}},{"type":"Feature","id":643,"geometry":{"type":"Polygon","coordinates":[[[-72.2294,-39.311],[-72.2301,-39.3106],[-72.2317,-39.3102],[-72.2327,-39.3098],[-72.2327,-39.3101],[-72.2308,-39.3107],[-72.2299,-39.3113],[-72.2294,-39.311]]]},"properties":{"OID":643,"MANZENT":9120053098000,"n_per":15,"n_hombres":7,"n_mujeres":8,"n_edad_0_5":0,"n_edad_6_1":3,"n_edad_14_":0,"n_edad_18_":2,"n_edad_25_":2,"n_edad_45_":5,"n_edad_60_":3,"n_transpor":2,"n_transp_1":1,"n_transp_2":2,"n_transp_3":0,"n_transp_4":0,"n_transp_5":0,"n_transp_6":0,"dim_acc":0,"dim_soc":0}},{"type":"Feature","id":644,"geometry":{"type":"Polygon","coordinates":[[[-72.23,-39.3113],[-72.2309,-39.3108],[-72.2327,-39.3102],[-72.2326,-39.3105],[-72.2319,-39.3119],[-72.2311,-39.3116],[-72.23,-39.3113]]]},"properties":{"OID":644,"MANZENT":9120053098000,"n_per":49,"n_hombres":23,"n_mujeres":26,"n_edad_0_5":3,"n_edad_6_1":5,"n_edad_14_":2,"n_edad_18_":1,"n_edad_25_":17,"n_edad_45_":6,"n_edad_60_":15,"n_transpor":2,"n_transp_1":0,"n_transp_2":0,"n_transp_3":0,"n_transp_4":0,"n_transp_5":0,"n_transp_6":0,"dim_acc":0,"dim_soc":0}},{"type":"Feature","id":645,"geometry":{"type":"Polygon","coordinates":[[[-72.2324,-39.3111],[-72.2327,-39.3105],[-72.2335,-39.3106],[-72.2333,-39.3116],[-72.233,-39.3114],[-72.2325,-39.3122],[-72.2342,-39.3123],[-72.2363,-39.3155],[-72.235,-39.3158],[-72.2357,-39.3167],[-72.2343,-39.317],[-72.2329,-39.3159],[-72.2349,-39.3155],[-72.2355,-39.3153],[-72.2349,-39.3155],[-72.2342,-39.3146],[-72.235,-39.3144],[-72.2351,-39.3143],[-72.235,-39.3141],[-72.235,-39.3144],[-72.2342,-39.3145],[-72.234,-39.3142],[-72.2349,-39.314],[-72.2351,-39.3139],[-72.2339,-39.3141],[-72.2337,-39.3138],[-72.2348,-39.3135],[-72.2346,-39.3132],[-72.2345,-39.3132],[-72.232,-39.3138],[-72.2321,-39.3141],[-72.2336,-39.3138],[-72.2339,-39.3141],[-72.2323,-39.3146],[-72.2323,-39.3147],[-72.2324,-39.3146],[-72.2339,-39.3141],[-72.2348,-39.3155],[-72.2343,-39.3156],[-72.2338,-39.315],[-72.2342,-39.3156],[-72.2329,-39.3159],[-72.2318,-39.3151],[-72.2314,-39.3145],[-72.2312,-39.314],[-72.2319,-39.3136],[-72.2319,-39.3134],[-72.2331,-39.3131],[-72.2332,-39.3129],[-72.2338,-39.3129],[-72.2343,-39.3127],[-72.2334,-39.3129],[-72.2315,-39.3127],[-72.2333,-39.3128],[-72.2332,-39.3124],[-72.2328,-39.3124],[-72.2332,-39.3125],[-72.2332,-39.3128],[-72.2316,-39.3126],[-72.2324,-39.3111]]]},"properties":{"OID":645,"MANZENT":9120053098000,"n_per":243,"n_hombres":120,"n_mujeres":123,"n_edad_0_5":20,"n_edad_6_1":24,"n_edad_14_":14,"n_edad_18_":18,"n_edad_25_":65,"n_edad_45_":46,"n_edad_60_":56,"n_transpor":4,"n_transp_1":3,"n_transp_2":2,"n_transp_3":0,"n_transp_4":0,"n_transp_5":0,"n_transp_6":2,"dim_acc":0,"dim_soc":0}},{"type":"Feature","id":646,"geometry":{"type":"Polygon","coordinates":[[[-72.2312,-39.3139],[-72.2311,-39.3136],[-72.2315,-39.3127],[-72.2332,-39.3129],[-72.2331,-39.3131],[-72.2319,-39.3134],[-72.2318,-39.3135],[-72.2315,-39.3138],[-72.2312,-39.3139]]]},"properties":{"OID":646,"MANZENT":9120053098000,"n_per":28,"n_hombres":12,"n_mujeres":16,"n_edad_0_5":2,"n_edad_6_1":2,"n_edad_14_":0,"n_edad_18_":1,"n_edad_25_":7,"n_edad_45_":6,"n_edad_60_":10,"n_transpor":0,"n_transp_1":1,"n_transp_2":0,"n_transp_3":0,"n_transp_4":0,"n_transp_5":0,"n_transp_6":0,"dim_acc":0,"dim_soc":0}},{"type":"Feature","id":647,"geometry":{"type":"Polygon","coordinates":[[[-72.2327,-39.317],[-72.2326,-39.3165],[-72.2327,-39.3164],[-72.2327,-39.3163],[-72.2326,-39.3157],[-72.2333,-39.3163],[-72.2331,-39.3164],[-72.2336,-39.3179],[-72.2334,-39.318],[-72.2339,-39.3179],[-72.2336,-39.3179],[-72.2335,-39.3177],[-72.2348,-39.3174],[-72.2353,-39.3178],[-72.2334,-39.3182],[-72.2334,-39.3183],[-72.2326,-39.3189],[-72.2314,-39.3175],[-72.2318,-39.3171],[-72.2321,-39.3174],[-72.2327,-39.3186],[-72.2322,-39.3174],[-72.2319,-39.3171],[-72.2325,-39.3165],[-72.2331,-39.3184],[-72.2327,-39.317]]]},"properties":{"OID":647,"MANZENT":9120053098010,"n_per":152,"n_hombres":74,"n_mujeres":78,"n_edad_0_5":9,"n_edad_6_1":16,"n_edad_14_":6,"n_edad_18_":17,"n_edad_25_":41,"n_edad_45_":27,"n_edad_60_":36,"n_transpor":20,"n_transp_1":10,"n_transp_2":3,"n_transp_3":2,"n_transp_4":0,"n_transp_5":0,"n_transp_6":1,"dim_acc":0,"dim_soc":0}},{"type":"Feature","id":648,"geometry":{"type":"Polygon","coordinates":[[[-72.2357,-39.3167],[-72.2361,-39.3166],[-72.2369,-39.3172],[-72.235,-39.3175],[-72.2343,-39.317],[-72.2357,-39.3167]]]},"properties":{"OID":648,"MANZENT":9120053098010,"n_per":42,"n_hombres":18,"n_mujeres":24,"n_edad_0_5":3,"n_edad_6_1":5,"n_edad_14_":4,"n_edad_18_":5,"n_edad_25_":9,"n_edad_45_":10,"n_edad_60_":6,"n_transpor":0,"n_transp_1":0,"n_transp_2":0,"n_transp_3":0,"n_transp_4":0,"n_transp_5":0,"n_transp_6":0,"dim_acc":0,"dim_soc":0}},{"type":"Feature","id":649,"geometry":{"type":"Polygon","coordinates":[[[-72.2354,-39.3178],[-72.2351,-39.3175],[-72.2369,-39.3172],[-72.2372,-39.3174],[-72.2354,-39.3178]]]},"properties":{"OID":649,"MANZENT":9120053098010,"n_per":26,"n_hombres":12,"n_mujeres":14,"n_edad_0_5":4,"n_edad_6_1":6,"n_edad_14_":2,"n_edad_18_":0,"n_edad_25_":11,"n_edad_45_":1,"n_edad_60_":2,"n_transpor":2,"n_transp_1":1,"n_transp_2":0,"n_transp_3":0,"n_transp_4":0,"n_transp_5":0,"n_transp_6":0,"dim_acc":0,"dim_soc":0}},{"type":"Feature","id":650,"geometry":{"type":"MultiPolygon","coordinates":[[[[-72.232,-39.3138],[-72.2335,-39.3135],[-72.2336,-39.3138],[-72.2321,-39.3141],[-72.232,-39.3138]]],[[[-72.2337,-39.3138],[-72.2335,-39.3135],[-72.2336,-39.3134],[-72.2345,-39.3132],[-72.2348,-39.3135],[-72.2337,-39.3138]]]]},"properties":{"OID":650,"MANZENT":9120053098010,"n_per":28,"n_hombres":14,"n_mujeres":14,"n_edad_0_5":2,"n_edad_6_1":4,"n_edad_14_":1,"n_edad_18_":2,"n_edad_25_":13,"n_edad_45_":4,"n_edad_60_":2,"n_transpor":1,"n_transp_1":0,"n_transp_2":0,"n_transp_3":0,"n_transp_4":0,"n_transp_5":0,"n_transp_6":0,"dim_acc":0,"dim_soc":0}},{"type":"Feature","id":651,"geometry":{"type":"MultiPolygon","coordinates":[[[[-72.2333,-39.3169],[-72.234,-39.3168],[-72.2347,-39.3174],[-72.2335,-39.3177],[-72.2333,-39.3169]]],[[[-72.2331,-39.3164],[-72.2333,-39.3163],[-72.2339,-39.3168],[-72.2333,-39.3169],[-72.2331,-39.3164]]]]},"properties":{"OID":651,"MANZENT":9120053098010,"n_per":46,"n_hombres":28,"n_mujeres":18,"n_edad_0_5":4,"n_edad_6_1":7,"n_edad_14_":2,"n_edad_18_":3,"n_edad_25_":9,"n_edad_45_":13,"n_edad_60_":8,"n_transpor":1,"n_transp_1":4,"n_transp_2":0,"n_transp_3":0,"n_transp_4":0,"n_transp_5":0,"n_transp_6":0,"dim_acc":0,"dim_soc":0}}]}